id,subreddit,degree,community_id
098f6bcd4621d373,098f6bcd4621d373,1,49
0________0,0________0,1,3
1000thworldproblems,1000thworldproblems,3,16
100yearsago,100yearsago,23,3
10cloverfieldlane,10cloverfieldlane,12,3
10yearsofreddit,10yearsofreddit,2,1263
112263hulu,112263hulu,3,40
1200isplenty,1200isplenty,14,13
1233h,1233h,1,40
13thage,13thage,3,160
1509,1509,1,132
18bfriendzonest,18bfriendzonest,5,3
1940s,1940s,10,40
195,195,34,132
1950s,1950s,5,5
1960s,1960s,7,40
1984,1984,1,3
1984isreality,1984isreality,18,1263
19thworldproblems,19thworldproblems,1,49
1fcnuernberg,1fcnuernberg,1,1321
1n1billionaznfilter,1n1billionaznfilter,1,49
2014,2014,1,3
2016_elections,2016_elections,13,1263
2016saninsen,2016saninsen,2,1695
2017isdope,2017isdope,1,3
2048,2048,5,5
2112,2112,3,49
221bbakerst,221bbakerst,1,40
23andme,23andme,3,5
24hoursupport,24hoursupport,6,5
2b2t,2b2t,13,264
2chainz,2chainz,1,40
2cool4reddit,2cool4reddit,2,1263
2deep4u,2deep4u,1,3
2edgy4me,2edgy4me,3,1263
2jejobsjusticeeconomy,2jejobsjusticeeconomy,5,3
2me4meirl,2me4meirl,1,49
2meirl4meirl,2meirl4meirl,43,3
2ndintelligentspecies,2ndintelligentspecies,16,1263
2spooky4me,2spooky4me,7,160
2xchromosones,2xchromosones,1,40
30rock,30rock,16,3
311,311,1,3
321,321,5,40
333,333,4,67
357,357,2,160
360vr,360vr,1,132
3agl,3agl,1,49
3amjokes,3amjokes,16,1263
3ch,3ch,1,49
3d6,3d6,5,160
3ds,3ds,86,132
3dshacks,3dshacks,40,132
3dsmax,3dsmax,9,5
3gun,3gun,5,7
40k,40k,2,16
40klore,40klore,18,160
40korkscience,40korkscience,6,160
40something,40something,4,132
421elite,421elite,1,132
422,422,1,132
423fags,423fags,1,3
444,444,1,49
49ers,49ers,47,6
4b4t,4b4t,5,95
4chanmeta,4chanmeta,13,1263
4hourbodyslowcarb,4hourbodyslowcarb,5,13
4panelcringe,4panelcringe,10,1
4runner,4runner,6,40
4x4,4x4,30,40
4xgaming,4xgaming,12,132
501st,501st,6,40
505nerds,505nerds,2,2380
50_50_sfw,50_50_sfw,2,5172
518circlejerk,518circlejerk,9,6
52in52,52in52,1,3
5555555,5555555,81,1263
5555555_5555555,5555555_5555555,3,1263
57north,57north,6,5
5by5dlc,5by5dlc,9,132
5yearcomcastjudgment,5yearcomcastjudgment,1,49
600euro,600euro,5,2167
633hd,633hd,1,3
6thform,6thform,8,3
7kglobal,7kglobal,4,99
7x3stuff,7x3stuff,1,40
80s,80s,7,3
85h750plus,85h750plus,1,1321
89yearoldfootballers,89yearoldfootballers,1,3
8bitleakage,8bitleakage,1,40
8bitworld,8bitworld,1,132
8chan,8chan,11,1263
8tracks,8tracks,3,2380
9000sins,9000sins,1,1263
90s,90s,7,40
90sbabes,90sbabes,1,3
90sdesign,90sdesign,8,3
90sjerk,90sjerk,2,3
90terabytes,90terabytes,1,49
911,911,1,3
911calls,911calls,4,1321
911dispatchers,911dispatchers,8,13
911truth,911truth,33,1263
984519685419685321,984519685419685321,7,1263
98rock,98rock,3,3
99gamers2,99gamers2,1,132
99percentinvisible,99percentinvisible,1,2380
9gag,9gag,13,132
9m9h9e9,9m9h9e9,32,160
a10thunderbolt,a10thunderbolt,2,3
a_irsoft,a_irsoft,29,132
a_roo_journal,a_roo_journal,4,67
aa_cups,aa_cups,2,1263
aaaaaatheismmmmmmmmmm,aaaaaatheismmmmmmmmmm,2,49
aarhus,aarhus,3,132
aaroncarter,aaroncarter,1,2380
aasports,aasports,1,40
abandonedbodyporn,abandonedbodyporn,1,40
abandonedporn,abandonedporn,70,3
abbey_well,abbey_well,5,2167
abcdcirclejerk,abcdcirclejerk,8,1263
abcdesis,abcdesis,87,1263
abcqwerty123,abcqwerty123,24,3
abdl,abdl,36,1263
abe_lincoln_fanfic,abe_lincoln_fanfic,1,3
aberdeen,aberdeen,5,1
aberoth,aberoth,4,5172
aberystwyth,aberystwyth,2,3
abilene,abilene,3,40
abletonlive,abletonlive,7,2380
abolish,abolish,4,1263
abovethelaw,abovethelaw,3,1263
aboxofroo,aboxofroo,1,3
abrathatfits,abrathatfits,12,1263
absenceofcontext,absenceofcontext,1,49
absolutelynotme_irl,absolutelynotme_irl,15,1263
absolutelynotmeirl,absolutelynotmeirl,8,3
abusedmen,abusedmen,1,49
abuseinterrupted,abuseinterrupted,81,1263
acab,acab,1,1263
academicanimals,academicanimals,1,1263
academicbiblical,academicbiblical,23,1263
academicghostwriting,academicghostwriting,1,2380
academicphilosophy,academicphilosophy,10,1263
acadiana,acadiana,11,40
acappella,acappella,5,1321
acceptancespeech,acceptancespeech,3,132
accesscenter,accesscenter,1,1321
accidental3rdreich,accidental3rdreich,1,49
accidentalbandnames,accidentalbandnames,1,49
accidentalblowjob,accidentalblowjob,2,40
accidentalcamouflage,accidentalcamouflage,2,3
accidentalcomedy,accidentalcomedy,15,3
accidentalinsight,accidentalinsight,6,3
accidentaljabroni,accidentaljabroni,2,3
accidentaljedi,accidentaljedi,1,40
accidentalkinks,accidentalkinks,1,49
accidentallyhilarious,accidentallyhilarious,1,49
accidentallyracist,accidentallyracist,1,3
accidentallyyoda,accidentallyyoda,1,49
accidentalpentameter,accidentalpentameter,8,13
accidentalphilosopher,accidentalphilosopher,3,132
accidentalrenaissance,accidentalrenaissance,56,1263
accidentalswastika,accidentalswastika,6,3
accounting,accounting,68,5
accountinghumor,accountinghumor,3,5
accountt1234,accountt1234,29,1263
accuratepredictions,accuratepredictions,3,6
aceattorney,aceattorney,34,132
aceattorneycirclejerk,aceattorneycirclejerk,13,132
acecombat,acecombat,16,132
achewood,achewood,3,1263
achievement_hunter,achievement_hunter,6,132
achromatopsia,achromatopsia,1,1321
acidreflux,acidreflux,1,3
acl,acl,1,1263
aclockworkolive,aclockworkolive,3,5
aclu,aclu,3,1263
acon_support,acon_support,1,49
acroyoga,acroyoga,1,40
acting,acting,11,2380
actionfigures,actionfigures,25,99
activemeasures,activemeasures,2,132
activism,activism,12,1263
actlikeyoubelong,actlikeyoubelong,23,5
actressesgossip,actressesgossip,1,3
actualanswer,actualanswer,2,40
actualconspiracies,actualconspiracies,26,1263
actualeagles,actualeagles,1,3
actuallesbians,actuallesbians,90,1263
actuallyfunny,actuallyfunny,6,172
actuallyitshitler,actuallyitshitler,1,49
actuallymadlads,actuallymadlads,1,3
actualmadlads,actualmadlads,1,3
actualwomen,actualwomen,3,1263
actuary,actuary,9,1263
acupuncture,acupuncture,1,3
adamcarolla,adamcarolla,37,3
adamruinseverything,adamruinseverything,2,2380
adamsavage,adamsavage,1,3
adblockplus,adblockplus,4,5
addiction,addiction,9,13
adelaide,adelaide,24,2167
adequaterevenge,adequaterevenge,1,49
adesignwork,adesignwork,1,40
adhd,adhd,25,67
adiposeamigos,adiposeamigos,4,1263
adirondacks,adirondacks,1,3
adjectivenoun,adjectivenoun,1,40
admincraft,admincraft,17,264
adminhate,adminhate,1,1263
adminmythos,adminmythos,15,1263
adollarforchange,adollarforchange,1,1263
adopted,adopted,2,1321
adoption,adoption,16,1321
adorableporn,adorableporn,29,40
adorablyracist,adorablyracist,1,49
adrenaline,adrenaline,1,2380
adrenalineporn,adrenalineporn,7,2380
ads,ads,34,4042
adtr,adtr,7,2380
adultery,adultery,13,1263
adultinglifestuff,adultinglifestuff,1,49
adultswim,adultswim,36,3
adulttantrums,adulttantrums,1,1321
advancedentrepreneur,advancedentrepreneur,5,5
advancedfitness,advancedfitness,24,13
advancedproduction,advancedproduction,13,2380
advancedrunning,advancedrunning,18,13
adventuregames,adventuregames,4,132
adventureguild,adventureguild,5,3
adventureracing,adventureracing,4,13
adventuresofedgar,adventuresofedgar,1,49
adventuretime,adventuretime,44,3
advertising,advertising,25,5
advice,advice,74,1263
adviceanimals,adviceanimals,770,1263
adviceanlmals,adviceanlmals,2,1
adviceatheists,adviceatheists,5,1263
advicefromsociopaths,advicefromsociopaths,3,1263
advicefromtheinternet,advicefromtheinternet,2,40
advicehell,advicehell,5,3
adviceklanimals,adviceklanimals,1,1263
adviceof,adviceof,38,1263
adwords,adwords,3,5
aerials,aerials,2,13
aeroponics,aeroponics,3,67
aerosmith,aerosmith,1,3
aerospace,aerospace,16,5
aesthetics,aesthetics,3,40
aevannsprofile,aevannsprofile,1,3
afghanistan,afghanistan,7,1263
afip,afip,5,99
afl,afl,47,2167
aflcirclejerk,aflcirclejerk,7,2167
aflvote,aflvote,5,2167
afpwwtkwsmawtlotgt,afpwwtkwsmawtlotgt,1,49
africa,africa,33,1263
africanamerican,africanamerican,6,1263
aftereffects,aftereffects,18,5
afterlodge,afterlodge,5,3
aftermath1231,aftermath1231,12,132
afwcomics,afwcomics,18,5172
against_r_tmbs,against_r_tmbs,3,1
againstactualhatesubs,againstactualhatesubs,5,1263
againstallarchons,againstallarchons,3,1
againstgamergate,againstgamergate,18,1263
againstmarijuana,againstmarijuana,12,1263
againstmeansubreddits,againstmeansubreddits,8,1263
againstsocialjustice,againstsocialjustice,17,1263
againstthechimpire,againstthechimpire,7,1263
agario,agario,27,132
agdq,agdq,2,132
agendaposting,agendaposting,2,1263
agentsofdoubt,agentsofdoubt,9,1263
ageofmythology,ageofmythology,6,132
ageofsigmar,ageofsigmar,4,160
aggies,aggies,22,1910
agingpsychometrists,agingpsychometrists,1,1321
agivis,agivis,3,132
agmarketplace,agmarketplace,10,1
agnostic,agnostic,9,1263
agorism,agorism,20,1263
agpolitic,agpolitic,3,1263
agriculture,agriculture,11,2380
agroindustrialcomplex,agroindustrialcomplex,1,1263
agt,agt,1,2380
aher,aher,4,5
ahmadiyya,ahmadiyya,35,1263
ahodesign,ahodesign,2,3
aidcirclejerk,aidcirclejerk,1,3
aidsskrillex,aidsskrillex,1,1263
aiethics,aiethics,4,1263
aikido,aikido,5,1910
ainbowroad,ainbowroad,22,132
aiphilosophy,aiphilosophy,1,1263
airasiaqz8501,airasiaqz8501,1,1263
airbnb,airbnb,16,1263
aircrashinvestigation,aircrashinvestigation,1,3
airforce,airforce,62,1263
airmc,airmc,1,2380
airmech,airmech,1,132
airplanes,airplanes,7,3
airquality,airquality,2,1263
airshows,airshows,1,1263
airsoft,airsoft,34,132
airstream,airstream,1,40
airz23,airz23,3,3
ak47,ak47,17,7
akb48,akb48,3,1695
akira,akira,2,99
akron,akron,6,6
al_irl,al_irl,7,3
alabama,alabama,22,1263
alanpartridge,alanpartridge,7,13
alaska,alaska,18,40
albania,albania,19,1263
albany,albany,29,3
albanyga,albanyga,1,3
alberta,alberta,36,1263
alberteinstein,alberteinstein,9,3
albertobarbosa,albertobarbosa,2,2167
albiononline,albiononline,3,132
albumartporn,albumartporn,3,3
albuquerque,albuquerque,24,2380
alcohol,alcohol,16,13
alcoholism,alcoholism,11,67
alcoholorstroke,alcoholorstroke,4,95
ald52,ald52,1,2380
aleague,aleague,32,2167
alex,alex,10,160
alexandra007,alexandra007,5,5
algeria,algeria,7,2167
alhenaraps,alhenaraps,1,1263
alienagenda,alienagenda,2,67
alienblue,alienblue,41,5
alienmasterrace,alienmasterrace,1,132
alienpumaspacetrain,alienpumaspacetrain,2,40
aliens,aliens,28,3
aliensamongus,aliensamongus,6,3
alisonbrie,alisonbrie,4,5172
all,all,1,1263
allcapsmotivation,allcapsmotivation,6,67
allergies,allergies,7,67
allergy,allergy,1,2380
allhailcitizenguy,allhailcitizenguy,1,3
allies,allies,19,1263
allisonroadgame,allisonroadgame,1,132
alliteration,alliteration,3,3
allofthebutts,allofthebutts,3,5172
alltheleft,alltheleft,20,1263
allthesciences,allthesciences,3,3
allthingsfood,allthingsfood,1,40
almosthomeless,almosthomeless,5,1263
almostretiredgif,almostretiredgif,1,40
alonetogether,alonetogether,2,49
alot,alot,4,1301
alpha,alpha,4,67
alphacentauri,alphacentauri,1,132
alphathea,alphathea,1,49
alpinism,alpinism,8,40
alreadyred,alreadyred,4,1263
als,als,8,67
altcoin,altcoin,35,1
altcomix,altcomix,5,160
altcountry,altcountry,2,2380
alternativeart,alternativeart,13,99
alternativehealth,alternativehealth,9,67
alternativehistory,alternativehistory,48,67
altfacts,altfacts,3,1263
altgonewild,altgonewild,6,5172
altislife,altislife,2,132
altmicrobiology,altmicrobiology,3,67
altnews,altnews,2,1
altnewz,altnewz,46,1263
altoona,altoona,2,67
altrap,altrap,4,2380
altright,altright,85,1263
altrightseattle,altrightseattle,3,1263
altsocialmedia,altsocialmedia,8,5
alzheimers,alzheimers,7,67
alzheimerscanada,alzheimerscanada,5,67
amaar,amaar,1,49
amadisasters,amadisasters,30,1263
amafail,amafail,1,2380
amateurarchives,amateurarchives,17,5172
amateurphotography,amateurphotography,8,40
amateurradio,amateurradio,95,5
amateurrandalls,amateurrandalls,1,49
amazingprojects,amazingprojects,20,67
amazingtechnology,amazingtechnology,2,40
amazonecho,amazonecho,21,5
amazonflexdrivers,amazonflexdrivers,1,3
amazonseller,amazonseller,2,5
amazonwtf,amazonwtf,6,3
ambien,ambien,9,1321
ambientmusic,ambientmusic,10,2380
ambigrams,ambigrams,2,3
amblyopia,amblyopia,5,2380
amd,amd,92,132
america,america,3,5
americaisbad,americaisbad,7,2380
americandad,americandad,15,4042
americanflaginplace,americanflaginplace,8,99
americanhorrorstory,americanhorrorstory,16,132
americanpegasus,americanpegasus,12,1
americanpirateparty,americanpirateparty,2,1263
americanpolitics,americanpolitics,13,1263
americanpsycho,americanpsycho,1,49
americansarecowards,americansarecowards,1,1263
americanstasi,americanstasi,1,1263
americanu,americanu,2,40
americunts,americunts,2,40
amerikkkawatch,amerikkkawatch,1,1263
ameristralia,ameristralia,5,2167
amfad,amfad,7,132
amibeingdetained,amibeingdetained,32,1263
amifreetogo,amifreetogo,50,1263
amihot,amihot,5,1263
amiibo,amiibo,88,132
amipretty,amipretty,2,40
amisexy,amisexy,9,1263
amishadowbanned,amishadowbanned,2,5
amitheasshole,amitheasshole,21,1263
amiugly,amiugly,43,1263
amiwrong,amiwrong,3,1
amosyee,amosyee,1,1263
ampart,ampart,1,49
amputee,amputee,4,40
amrmythos,amrmythos,8,1263
amrsucks,amrsucks,43,1263
amry,amry,13,1263
amsterdam,amsterdam,16,2167
amv,amv,5,99
anabaptism,anabaptism,1,3
anaheimducks,anaheimducks,16,6
anal,anal,28,5172
analog,analog,30,40
analogygifs,analogygifs,4,3
analogyking,analogyking,13,3
anarchie,anarchie,1,2380
anarchismonline,anarchismonline,41,1263
anarchistnews,anarchistnews,22,1263
anarcho_primitivism,anarcho_primitivism,7,1263
anarcho_reaction,anarcho_reaction,7,1263
anarchocapitalism,anarchocapitalism,15,1263
anarchogaming,anarchogaming,2,132
anarchomemes,anarchomemes,4,1263
anarchotranshumanist,anarchotranshumanist,7,1263
anarchy,anarchy,13,1263
anarchy101,anarchy101,23,1263
anarchychess,anarchychess,8,132
anathem,anathem,1,40
anchorman,anchorman,3,3
ancientbeast,ancientbeast,2,5
ancientcivilizations,ancientcivilizations,1,40
ancientcoins,ancientcoins,11,1
ancientgiants,ancientgiants,1,1263
ancientrome,ancientrome,18,5
andhisnameis,andhisnameis,1,49
andr3wsky,andr3wsky,2,3
andrew,andrew,2,3
andrewmcmahon,andrewmcmahon,1,40
andrewwk,andrewwk,1,2380
androgynoushotties,androgynoushotties,3,5172
androidanything,androidanything,2,5
androidapps,androidapps,85,5
androiddev,androiddev,46,5
androidgaming,androidgaming,69,132
androidmasterrace,androidmasterrace,50,5
androidquestions,androidquestions,39,5
androidthemes,androidthemes,30,132
androidtv,androidtv,13,5
androidwear,androidwear,40,5
andromeda,andromeda,1,2380
andromeda321,andromeda321,3,132
andy,andy,3,4042
andydugan,andydugan,1,3
anecdote,anecdote,4,1263
anexcusetocomplain,anexcusetocomplain,8,3
angel,angel,3,3
angelawhite,angelawhite,2,5172
angelsbaseball,angelsbaseball,14,6
anger,anger,7,67
angievaronalegal,angievaronalegal,2,5172
angry,angry,13,1263
angryarabs,angryarabs,2,40
angryasianmen,angryasianmen,5,1263
angryblackladies,angryblackladies,12,1263
angrybrds,angrybrds,15,1263
angryirishreddit,angryirishreddit,5,1321
angrymail,angrymail,5,1263
angularjs,angularjs,18,5
animal,animal,1,1321
animalbehavior,animalbehavior,3,1263
animalbloopers,animalbloopers,3,3
animalcollective,animalcollective,13,2380
animalcrossing,animalcrossing,36,132
animalgore,animalgore,2,3
animalporn,animalporn,6,40
animalrescues,animalrescues,1,40
animalresearch,animalresearch,1,2380
animalrights,animalrights,44,1263
animals,animals,25,3
animalsandmirrors,animalsandmirrors,1,3
animalsbeingbros,animalsbeingbros,48,3
animalsbeingderps,animalsbeingderps,12,3
animalsbeinggeniuses,animalsbeinggeniuses,2,3
animalsbeingjerks,animalsbeingjerks,60,3
animalsonreddit,animalsonreddit,2,40
animalsounds,animalsounds,1,1321
animalswithoutnecks,animalswithoutnecks,3,3
animaltextgifs,animaltextgifs,13,3
animalwelfarescience,animalwelfarescience,2,40
animation,animation,48,99
anime_irl,anime_irl,31,1263
animecirclejerk,animecirclejerk,11,99
animedubs,animedubs,4,99
animefigures,animefigures,22,99
animenews,animenews,1,2380
animenocontext,animenocontext,6,5
animorphs,animorphs,11,3
anna_faith,anna_faith,2,5172
annamasterrace,annamasterrace,8,49
annapolis,annapolis,4,40
annarbor,annarbor,18,40
announcements,announcements,49,1263
annoydonaldtrump,annoydonaldtrump,1,1263
anofir,anofir,1,49
anomaliesunleashed,anomaliesunleashed,4,40
anomaly11c,anomaly11c,1,40
anonabox,anonabox,2,5
anonymous,anonymous,28,1263
anonymous123421,anonymous123421,4,3
anonymousphilosophy,anonymousphilosophy,5,1263
anormaldayforralphie,anormaldayforralphie,1,40
anormaldayinamerica,anormaldayinamerica,12,1263
anormaldayinrussia,anormaldayinrussia,80,3
anosmia,anosmia,1,2380
anotherdocobvious,anotherdocobvious,3,13
anotherperiodtv,anotherperiodtv,2,99
anotherperspective,anotherperspective,6,1263
answeredbykarma,answeredbykarma,1,1321
answermarket,answermarket,1,1263
answers,answers,44,5
antarctica,antarctica,3,3
antarcticanomalies,antarcticanomalies,1,1263
anteaters,anteaters,1,3
antenna,antenna,3,16
antfarmkeyboard,antfarmkeyboard,5,1321
anthonybourdain,anthonybourdain,2,40
anthropology,anthropology,39,1263
anti300sjw,anti300sjw,2,2167
anti_establishment,anti_establishment,1,1263
anti_jidf,anti_jidf,3,1263
anti_left,anti_left,3,1263
anti_trump,anti_trump,1,1263
antiagentlamewatch,antiagentlamewatch,5,1263
antiagingaddiction,antiagingaddiction,1,1263
antiantijokes,antiantijokes,10,1263
antiatheismwatch,antiatheismwatch,45,1263
anticat,anticat,1,3
anticonsumption,anticonsumption,71,40
antidrug,antidrug,5,3
antifa,antifa,18,1263
antifrugal,antifrugal,1,1263
antifunnywatch,antifunnywatch,1,40
antihatesubs,antihatesubs,2,1263
antiichthusalliance,antiichthusalliance,2,264
antiisis,antiisis,1,1263
antijakes,antijakes,9,3
antijapancirclejerk,antijapancirclejerk,7,1263
antijokes,antijokes,23,3
antilogic,antilogic,1,49
antimemewatch,antimemewatch,38,1263
antimwmwatch,antimwmwatch,10,2380
antinatalism,antinatalism,52,1263
antipoaching,antipoaching,4,40
antipsychiatry,antipsychiatry,16,1263
antiques,antiques,21,1
antiredpillwatch,antiredpillwatch,1,1263
antisemitism,antisemitism,3,1263
antisemitismwatch,antisemitismwatch,63,1263
antisjweuropean,antisjweuropean,2,1263
antisrs,antisrs,13,1263
antisrswatch,antisrswatch,1,1263
antistemitism,antistemitism,5,1263
antitrumpalliance,antitrumpalliance,21,1263
antivax,antivax,8,40
antiwar,antiwar,6,1263
antiwork,antiwork,5,5
antm,antm,3,1263
antoniofanclub,antoniofanclub,9,1263
ants,ants,4,3
antwerp,antwerp,1,1263
anw,anw,2,13
anxiety,anxiety,81,67
anybodybutbernie,anybodybutbernie,2,1263
anybodybuthillary,anybodybuthillary,16,1263
anyonebutsanders,anyonebutsanders,1,40
anystories,anystories,1,1263
anythinggoes,anythinggoes,1,49
anythinggoesnews,anythinggoesnews,95,1263
anythinggoesnorules,anythinggoesnorules,1,1263
anythingmayhappen,anythingmayhappen,48,3
anyworldnews,anyworldnews,1,49
aoe,aoe,4,132
aoe2,aoe2,26,132
aoe3,aoe3,3,132
aphextwin,aphextwin,5,2380
apocalympics2016,apocalympics2016,22,1263
apocalypse,apocalypse,6,40
apocalypsenowthegame,apocalypsenowthegame,1,2380
apollo,apollo,8,16
apollo11,apollo11,2,16
apolonia,apolonia,2,5
apostrophepatrol,apostrophepatrol,97,40
appalachiantrail,appalachiantrail,21,40
apphookup,apphookup,24,5
applecirclejerk,applecirclejerk,20,5
applehelp,applehelp,20,5
apples,apples,3,40
applesucks,applesucks,17,5
applewatch,applewatch,38,5
applyingtocollege,applyingtocollege,24,67
apppromotion,apppromotion,1,1263
apps,apps,12,5
appstate,appstate,7,6
april30th2015,april30th2015,12,4042
aprilfoolday2016,aprilfoolday2016,1,3
aprilfools,aprilfools,5,160
aprilknights,aprilknights,5,4042
apstudents,apstudents,6,3
aquajail,aquajail,4,3
aquaponics,aquaponics,19,40
aquariums,aquariums,80,40
aquasarfseasfun,aquasarfseasfun,2,172
ar15,ar15,39,7
ar777,ar777,1,40
araan,araan,1,49
arab,arab,2,1321
arabic,arabic,9,1263
arabisraeliconflict,arabisraeliconflict,6,1263
arabs,arabs,94,1263
araragi,araragi,9,99
arboretum,arboretum,1,40
arcade,arcade,3,132
arcades,arcades,2,132
archaeology,archaeology,23,1263
archeage,archeage,27,132
archerfx,archerfx,63,3
archery,archery,27,40
architecture,architecture,55,40
architectureporn,architectureporn,9,160
archivaltest,archivaltest,1,49
archiveteam,archiveteam,8,5
archiveusers,archiveusers,1,1263
archonclan,archonclan,1,40
arcteryx,arcteryx,7,40
arcticgate,arcticgate,1,1263
arcticmonkeys,arcticmonkeys,9,3
ardidos,ardidos,6,2167
arduino,arduino,57,5
areaman,areaman,1,49
areyoufuckingsorry,areyoufuckingsorry,1,3
areyoutheone,areyoutheone,1,3
arg,arg,44,40
argaming,argaming,8,5
argentos,argentos,2,3
argsociety,argsociety,5,3
arguments,arguments,2,5
arianagrande,arianagrande,4,5172
arizona,arizona,30,40
ark,ark,24,132
arkansas,arkansas,24,40
arma,arma,49,132
armadillo,armadillo,2,3
armawasteland,armawasteland,2,132
armenia,armenia,46,1263
armenian,armenian,4,40
armoredwarfare,armoredwarfare,10,132
armoredwomen,armoredwomen,6,3
armyaviation,armyaviation,5,40
armycirclejerk,armycirclejerk,12,1263
armygirls,armygirls,1,40
arnhem,arnhem,2,40
arnoldschwarzenegger,arnoldschwarzenegger,8,99
arresteddevelopment,arresteddevelopment,37,6
arrogantshitdick,arrogantshitdick,1,1321
arrow,arrow,76,99
artconservation,artconservation,1,2380
artefactporn,artefactporn,49,40
arthistory,arthistory,28,160
arthistorycirclejerk,arthistorycirclejerk,5,160
arthurdid911,arthurdid911,1,132
articles,articles,2,3
articlesilike,articlesilike,6,132
artielange,artielange,1,2380
artificial,artificial,54,5
artisanvideos,artisanvideos,46,40
artistlounge,artistlounge,15,160
artists,artists,5,40
artrequests,artrequests,1,3
artstore,artstore,11,1
arumba07,arumba07,11,132
aryanskynet,aryanskynet,1,1263
as_a_german,as_a_german,3,1263
asajew,asajew,1,1263
asaliberal,asaliberal,2,6
asanamerican,asanamerican,7,1263
asatru,asatru,17,49
ascendingkarma,ascendingkarma,15,3
asexual,asexual,9,1263
asexuality,asexuality,33,1263
ashens,ashens,21,3
asheronscall,asheronscall,3,132
asheville,asheville,21,1
ashkan_irl,ashkan_irl,1,3
ashvsevildead,ashvsevildead,3,3
asiakaspalvelu,asiakaspalvelu,4,1263
asian,asian,15,1263
asianascendance,asianascendance,1,1263
asianbeauty,asianbeauty,43,95
asianbros,asianbros,12,1263
asiangirlsbeingcute,asiangirlsbeingcute,3,3
asianmasculinity,asianmasculinity,62,1263
asianmasculinity2,asianmasculinity2,6,1263
asianparentstories,asianparentstories,15,1263
asiantwox,asiantwox,25,1263
ask_politics,ask_politics,25,1263
askabrit,askabrit,1,40
askacademia,askacademia,14,5
askaconservative,askaconservative,14,1263
askacountry,askacountry,5,1321
askaginger,askaginger,1,49
askanamerican,askanamerican,64,1263
askandthink,askandthink,11,1263
askanthropology,askanthropology,30,1263
askaperture,askaperture,1,49
askbablo,askbablo,9,3
askberniesupporters,askberniesupporters,7,1263
askcarsales,askcarsales,17,40
askculinary,askculinary,31,13
askdocs,askdocs,38,67
askdoctors,askdoctors,3,40
askdoctorsmeeee,askdoctorsmeeee,16,67
askeconomics,askeconomics,7,1263
askelectronics,askelectronics,22,5
askengineers,askengineers,57,5
askeurope,askeurope,33,1263
askfeminists,askfeminists,33,1263
askfrance,askfrance,1,2167
askfuneraldirectors,askfuneraldirectors,1,1263
askgaybros,askgaybros,82,1263
askgirlkissers,askgirlkissers,12,1263
askhillarysupporters,askhillarysupporters,9,1263
askhistory,askhistory,11,1263
askle,askle,9,213
askleo,askleo,11,1263
asklgbt,asklgbt,3,1263
asklinguistics,asklinguistics,9,1321
askliterarystudies,askliterarystudies,7,1263
asklosangeles,asklosangeles,10,40
askmarketing,askmarketing,13,5
askmath,askmath,23,5
askmenover30,askmenover30,11,1263
askmoderators,askmoderators,5,1
askmusic,askmusic,3,3
asknetsec,asknetsec,23,5
asknils,asknils,1,49
asknyc,asknyc,23,40
askoldpeople,askoldpeople,1,49
askouija,askouija,65,3
askphilosophy,askphilosophy,80,1263
askphysics,askphysics,20,5
askprogramming,askprogramming,12,5
askreddit,askreddit,3301,49
askredditafterdark,askredditafterdark,8,3
asksciencediscussion,asksciencediscussion,32,1263
asksciencefiction,asksciencefiction,98,1263
asksf,asksf,5,3404
askshittyscience,askshittyscience,2,132
asksocialscience,asksocialscience,61,1263
askstrawfeminists,askstrawfeminists,5,1263
askswitzerland,askswitzerland,12,2167
askthe_donald,askthe_donald,22,1263
askto,askto,8,1263
asktransgender,asktransgender,67,1263
asktrollx,asktrollx,10,1263
asktrp,asktrp,33,1263
asktrumpsupporters,asktrumpsupporters,48,1263
askuk,askuk,37,1263
askvet,askvet,19,3
askwitchdoctor,askwitchdoctor,2,1321
askwomenover30,askwomenover30,11,1263
asl,asl,9,2380
asmr,asmr,36,3
asoiaf_cosplay,asoiaf_cosplay,1,40
asoiafcirclejerk,asoiafcirclejerk,34,3
asongofmemesandrage,asongofmemesandrage,11,3
asoue,asoue,8,3
asozialesnetzwerk,asozialesnetzwerk,7,2167
aspergers,aspergers,42,1263
aspie,aspie,1,49
asroma,asroma,6,2167
ass,ass,21,5172
assangeproofoflife,assangeproofoflife,1,1263
assassinscirclejerk,assassinscirclejerk,3,132
assassinscreed,assassinscreed,28,132
asscredit,asscredit,2,132
assemblymasterrace,assemblymasterrace,1,132
assert_your_rights,assert_your_rights,3,1263
assholeoftoday,assholeoftoday,1,1263
assholes,assholes,28,1263
assignedmale,assignedmale,6,1263
assignmenthelpers,assignmenthelpers,1,1263
assstabbing,assstabbing,1,3
asstastic,asstastic,11,5172
assyria,assyria,7,1321
astacology,astacology,1,3
asteroidcountdown,asteroidcountdown,1,49
asteroidventures,asteroidventures,2,5
asthma,asthma,3,1910
astoria,astoria,14,40
astoriaqueens,astoriaqueens,2,40
astralprojection,astralprojection,9,67
astrobiology,astrobiology,2,160
astronomy,astronomy,66,16
astrophotography,astrophotography,23,16
astrophysics,astrophysics,8,1263
astros,astros,10,6
astrovikings,astrovikings,4,3
asu,asu,10,6
atahop,atahop,3,132
atari,atari,7,132
atari2600,atari2600,5,132
atari8bit,atari8bit,4,132
atc,atc,3,40
atemywords,atemywords,4,2167
atethepasta,atethepasta,53,1263
atheismcomedy,atheismcomedy,5,1263
atheismcringe,atheismcringe,1,3
atheismindia,atheismindia,3,1263
atheismplus,atheismplus,8,1263
atheismrebooted,atheismrebooted,31,1263
atheisttwelvesteppers,atheisttwelvesteppers,5,13
atheistvids,atheistvids,11,1263
athensohio,athensohio,2,6
athiesm,athiesm,4,1263
athleticgirls,athleticgirls,3,13
atlantahawks,atlantahawks,19,6
atlasreactor,atlasreactor,2,132
atlassian,atlassian,2,2380
atlbeer,atlbeer,7,40
atleastonehundred,atleastonehundred,6,3
atltrees,atltrees,8,67
atmidnight,atmidnight,17,2380
atmidnightcc,atmidnightcc,2,2380
atoptics,atoptics,5,1321
atot,atot,2,1
atreyu,atreyu,1,2380
attackontitangame,attackontitangame,2,40
atwar,atwar,1,2380
auckland,auckland,9,1
audi,audi,16,40
audible,audible,4,160
audio,audio,13,5
audiobooks,audiobooks,10,160
audiobooksonyoutube,audiobooksonyoutube,1,40
audiodrama,audiodrama,8,1
audioengineering,audioengineering,46,2380
audiojerk,audiojerk,9,5
audiology,audiology,1,1263
audiomemes,audiomemes,4,5
audiophile,audiophile,57,5
audiopost,audiopost,8,2380
aufbafexperiments,aufbafexperiments,2,132
aug2016event,aug2016event,3,1263
auntbessy,auntbessy,3,1263
ausbeer,ausbeer,5,40
ausents,ausents,4,67
ausfinance,ausfinance,14,1263
auslaw,auslaw,25,1263
ausprogressive,ausprogressive,2,1
austinpetersen,austinpetersen,1,2380
austinpowers,austinpowers,1,40
austinstartups,austinstartups,3,1910
austiz,austiz,1,1321
australiancattledog,australiancattledog,4,3
australianfilm,australianfilm,5,99
australianfreespeech,australianfreespeech,3,1263
australiangreens,australiangreens,1,2380
australianpolitics,australianpolitics,15,1263
austria,austria,56,2167
austrian_economics,austrian_economics,25,1263
autelec,autelec,1,49
author,author,1,2380
autism,autism,41,13
autist,autist,1,1263
autisticatheistgamers,autisticatheistgamers,3,132
autisticconversation,autisticconversation,1,1263
autistoftheday,autistoftheday,2,3
autocorrect,autocorrect,5,40
autocorrekt,autocorrekt,3,132
autodetailing,autodetailing,33,40
automate,automate,42,1263
automoderator,automoderator,20,1
automotive,automotive,3,40
autonewspaper,autonewspaper,5,1263
autos,autos,49,40
autotldr,autotldr,9,1263
autotypepoetry,autotypepoetry,1,40
autowikibot,autowikibot,4,3
autozone,autozone,1,3
avatartlabconspiracy,avatartlabconspiracy,1,132
avengedsevenfold,avengedsevenfold,5,2380
avengersacademygame,avengersacademygame,2,49
aves,aves,34,2380
aviationmaintenance,aviationmaintenance,8,40
avoid5,avoid5,27,132
awakened,awakened,30,67
awanbrothers,awanbrothers,1,1263
awards,awards,1,1263
awardspeechedits,awardspeechedits,6,132
awardtravel,awardtravel,4,2380
awesome,awesome,27,3
awesomenauts,awesomenauts,6,132
awesomesaucephil,awesomesaucephil,10,1263
awfuleverything,awfuleverything,4,2380
awfuleyebrows,awfuleyebrows,8,3
awfullypunchablefaces,awfullypunchablefaces,2,1910
awip,awip,3,6
awkwardmtv,awkwardmtv,1,2380
awkwardtheturtle,awkwardtheturtle,2,3
awolnation,awolnation,3,2380
awpgod1337,awpgod1337,1,1263
aws,aws,20,5
aww_gifs,aww_gifs,2,3
awwducational,awwducational,45,3
awwnderwater,awwnderwater,3,3
awwnverts,awwnverts,14,3
awwtf,awwtf,4,3
awww,awww,14,3
awwwtf,awwwtf,17,3
awwwwhellyeah,awwwwhellyeah,1,40
axecraft,axecraft,4,40
axethrowing,axethrowing,1,3
axew,axew,6,132
axiomverge,axiomverge,1,2380
axl456,axl456,1,1321
axolotls,axolotls,2,40
ayahuasca,ayahuasca,11,67
ayelmao,ayelmao,1,49
ayylmao,ayylmao,20,3
ayylmao2dongerbot,ayylmao2dongerbot,4,3
ayymd,ayymd,75,132
azad_pakistan,azad_pakistan,3,1263
azcardinals,azcardinals,23,6
azdiamondbacks,azdiamondbacks,11,6
aznidentity,aznidentity,87,1263
aznlivesmatter,aznlivesmatter,10,1263
aznperil,aznperil,2,1263
azores,azores,1,3
aztrosist,aztrosist,1,2380
baadermeinhof,baadermeinhof,3,3
babblenerds,babblenerds,1,1263
babesintoaliens,babesintoaliens,1,1263
babies,babies,2,40
babybump,babybump,3,1321
babybumps,babybumps,82,1321
babyelephantgifs,babyelephantgifs,17,1263
babygroothate,babygroothate,2,99
babylon5,babylon5,7,160
babyloss,babyloss,2,40
babymetal,babymetal,23,1695
babyrhinoappreciation,babyrhinoappreciation,1,3
backcountry,backcountry,7,40
backpacking,backpacking,31,40
backpropaganda,backpropaganda,2,3
backtothefuture,backtothefuture,15,160
backup,backup,1,1263
backyardchickens,backyardchickens,23,3
bacon,bacon,16,1321
baconit,baconit,5,5
baconreader,baconreader,18,5
bad_religion,bad_religion,65,1263
badai,badai,1,3
badanalogies,badanalogies,10,1263
badanthropology,badanthropology,12,1263
badartcriticism,badartcriticism,2,3
badarthistory,badarthistory,36,1263
badass,badass,1,3
badatheism,badatheism,29,1263
badbios,badbios,31,5
badcode,badcode,5,1263
badcomputerscience,badcomputerscience,12,1263
baddragon,baddragon,13,132
badeasternphilosophy,badeasternphilosophy,80,1263
badenergy,badenergy,1,1263
badeverything,badeverything,46,1263
badfallacy,badfallacy,36,1263
badfirefighternoxbox,badfirefighternoxbox,2,1910
badgeography,badgeography,8,1263
badgovnofreedom,badgovnofreedom,22,1263
badhistory2,badhistory2,2,1263
badislam,badislam,2,1263
badjokes,badjokes,1,3
badlaw,badlaw,2,40
badlifechoices,badlifechoices,1,3
badliterarystudies,badliterarystudies,9,67
badliterature,badliterature,41,1263
badlogic,badlogic,8,1263
badlydrawncelebrities,badlydrawncelebrities,1,3
badmath,badmath,9,3
badmedicine,badmedicine,4,3
badmem,badmem,1,1321
badmemes,badmemes,1,1263
badmodnoupvote,badmodnoupvote,2,1263
badmovies,badmovies,11,2380
badmusicology,badmusicology,9,1263
badmusictheory,badmusictheory,1,49
badmusicvideos,badmusicvideos,1,1321
badmythos,badmythos,11,1263
badneuroscience,badneuroscience,5,1263
badnewsusa,badnewsusa,2,40
badparenting,badparenting,1,1263
badpeoplestories,badpeoplestories,3,1263
badperson,badperson,3,1263
badphysics,badphysics,22,5
badpsychology,badpsychology,44,1263
badrobot,badrobot,1,2380
badroommates,badroommates,8,1263
badselfeater,badselfeater,7,1263
badstats,badstats,13,1263
badsubhub,badsubhub,5,1263
badtattoos,badtattoos,18,3
badtaxidermy,badtaxidermy,4,3
badthreads,badthreads,2,3
badtiming,badtiming,1,49
baduk,baduk,15,5
badukpolitics,badukpolitics,21,1263
badunitedkingdom,badunitedkingdom,6,1263
baftagames,baftagames,2,132
baguetteshame,baguetteshame,1,49
bahai,bahai,16,1263
bahamas,bahamas,2,99
bait,bait,5,1263
baitandswitch,baitandswitch,2,1263
bakanewsjp,bakanewsjp,69,1695
bakchodi,bakchodi,91,1263
bakersfield,bakersfield,8,40
baking,baking,35,13
bald,bald,4,95
baldursgate,baldursgate,10,132
baldwincountyal,baldwincountyal,2,1301
ballet,ballet,6,13
ballistics,ballistics,1,3
ballju,ballju,1,1263
balloonshop,balloonshop,1,3
ballroom,ballroom,1,2380
ballstate,ballstate,4,95
balmoralintlgroup,balmoralintlgroup,1,2380
baltimore,baltimore,75,40
bam,bam,1,3
banana,banana,7,3
band_names,band_names,9,3
bandmembers,bandmembers,5,2380
bandname,bandname,1,49
bandnames,bandnames,6,160
bandofbrothers,bandofbrothers,1,1321
bane,bane,2,1263
baneposting,baneposting,12,1263
bangalore,bangalore,12,2167
bangawker,bangawker,3,5
bangbros,bangbros,1,40
bangladesh,bangladesh,16,1263
banished,banished,8,40
banjo,banjo,5,2380
banjokazooie,banjokazooie,7,132
bankruptcysocal,bankruptcysocal,3,2380
banksy,banksy,2,40
banned,banned,63,1263
bannedforshittypuns,bannedforshittypuns,1,3
bannedfrombananas,bannedfrombananas,1,49
bannedfromclubpenguin,bannedfromclubpenguin,12,132
bannedfromthe_donald,bannedfromthe_donald,34,1263
bannedfromwtf,bannedfromwtf,2,3
bannersaga,bannersaga,1,2380
banpunthreads,banpunthreads,7,3
bantering,bantering,2,3
banthe_donald,banthe_donald,1,1263
banthesesubs,banthesesubs,6,1263
baofeng,baofeng,2,5
bapcsalescanada,bapcsalescanada,8,132
baplalyrheedyriminir,baplalyrheedyriminir,1,2380
bar,bar,1,49
barber,barber,1,2380
barbershop,barbershop,3,2380
barca,barca,23,2167
barcelona,barcelona,17,2167
barcraft,barcraft,1,132
bardarbunga,bardarbunga,1,1263
bardmains,bardmains,12,3404
barrie,barrie,3,49
barstoolsports,barstoolsports,25,6
bartenders,bartenders,22,13
bartenderstories,bartenderstories,1,49
baruch,baruch,2,40
base_jumping,base_jumping,1,1321
baseballboy95125,baseballboy95125,2,3
baseballcirclejerk,baseballcirclejerk,23,6
basedcomments,basedcomments,1,49
baseketballmovie,baseketballmovie,5,3
basement,basement,2,40
basicliving,basicliving,1,49
basinx,basinx,1,3
basketball,basketball,13,6
basketballgm,basketballgm,10,6
baskets,baskets,2,3
basoran,basoran,1,49
bass,bass,21,2380
bassfishing,bassfishing,4,40
bassnectar,bassnectar,9,2380
bastioncirclejerk,bastioncirclejerk,3,3
batesmethod,batesmethod,1,1263
batesmotel,batesmotel,2,3
batfacts,batfacts,4,1
bathsocks,bathsocks,1,49
batman,batman,71,99
batmanarkham,batmanarkham,14,99
batonrouge,batonrouge,15,40
batterypowered,batterypowered,4,3
battleborn,battleborn,12,132
battlebots,battlebots,14,2380
battlebrothers,battlebrothers,2,3
battlecreek_tv,battlecreek_tv,1,2380
battlefield,battlefield,55,132
battlefield3,battlefield3,8,132
battlefield4,battlefield4,2,132
battlefield_4,battlefield_4,58,132
battlefield_one,battlefield_one,65,132
battlefront,battlefront,11,132
battlegifs,battlegifs,1,40
battlejackets,battlejackets,5,2380
battleofstalingrad,battleofstalingrad,1,132
battlerite,battlerite,6,132
battlestations,battlestations,60,5
battletech,battletech,6,132
batty,batty,7,1
baww,baww,9,3
bayarea,bayarea,82,3404
baylor,baylor,8,6
bboy,bboy,2,2380
bbq,bbq,22,13
bbs,bbs,7,5
bbuk,bbuk,4,3
bbw,bbw,12,5172
bc_eagles,bc_eagles,2,3
bca,bca,1,3
bds,bds,7,1263
bdsm,bdsm,32,5172
bdsmcommunity,bdsmcommunity,32,1263
bdsmgw,bdsmgw,6,5172
bdsmpersonals,bdsmpersonals,4,5172
beachcity,beachcity,14,132
beachhouse,beachhouse,4,2380
beachporn,beachporn,1,3
beadsprites,beadsprites,9,132
beagle,beagle,8,3
beamazed,beamazed,20,3
beardeddragons,beardeddragons,15,3
beards,beards,57,3
beardytown,beardytown,7,132
bearing,bearing,2,3
bearjokes,bearjokes,6,7
bears,bears,7,3
bearsrepeating,bearsrepeating,11,3
beastieboys,beastieboys,3,2380
beatles,beatles,34,2380
beatmetoit,beatmetoit,1,3
beautifulreddit,beautifulreddit,2,3
beautydiagrams,beautydiagrams,1,1263
beautyguruchatter,beautyguruchatter,2,3
beboprockss,beboprockss,4,3
bechdel,bechdel,2,132
becomeaman,becomeaman,2,40
becomingtheiceman,becomingtheiceman,1,2380
bedbugs,bedbugs,10,40
bedspiders,bedspiders,3,3
bee_irl,bee_irl,14,49
beeandpuppycat,beeandpuppycat,2,2380
beekeeping,beekeeping,45,3
beercirclejerk,beercirclejerk,67,40
beermoney,beermoney,51,1
beermoneyhumor,beermoneyhumor,1,49
beersandiego,beersandiego,3,40
beertrade,beertrade,17,40
beerwithaview,beerwithaview,2,6
bees,bees,10,40
beforenafteradoption,beforenafteradoption,13,3
beginning_photography,beginning_photography,2,40
behavioraleconomics,behavioraleconomics,6,40
behindbars,behindbars,2,1
behindenemylines,behindenemylines,1,132
behindthegifs,behindthegifs,35,3
beholdthemasterrace,beholdthemasterrace,10,1263
beijing,beijing,8,1263
belfast,belfast,4,1
belgica,belgica,5,2167
belgium,belgium,87,1263
belgiumball,belgiumball,1,1263
bellhunt,bellhunt,1,3
bellingham,bellingham,14,2380
bend,bend,8,40
benfolds,benfolds,3,5
bengals,bengals,42,6
benisafucktard,benisafucktard,1,49
benmallershow,benmallershow,2,6
bento,bento,7,1695
benzodiazepines,benzodiazepines,9,67
berenbierbrigade,berenbierbrigade,1,3
berensteinconspiracy,berensteinconspiracy,3,3
berkeley,berkeley,45,1263
berkeley_jerk,berkeley_jerk,2,3
berlin,berlin,25,2167
berlintruckattack,berlintruckattack,3,1263
bermuda,bermuda,1,3
bernie,bernie,3,1263
bernie_sanders,bernie_sanders,9,1263
berniecrats,berniecrats,9,1263
berniegutman,berniegutman,1,1263
bernieorbust,bernieorbust,6,1263
berniesandersvp,berniesandersvp,3,1263
berniesrevolution,berniesrevolution,10,1263
berntheconvention,berntheconvention,9,1263
berserk,berserk,19,99
bertolous,bertolous,1,49
bertram,bertram,1,40
bertstrips,bertstrips,21,3
besiege,besiege,7,132
besof,besof,1,49
bestbuy,bestbuy,11,67
bestedits,bestedits,19,132
besthave,besthave,1,49
bestjokesof,bestjokesof,2,132
bestof,bestof,2662,40
bestofadminsmackdown,bestofadminsmackdown,21,1263
bestofarchived,bestofarchived,2,3
bestofaskreddit,bestofaskreddit,1,49
bestofbapc,bestofbapc,20,5
bestofbestof,bestofbestof,2,40
bestofbronze,bestofbronze,2,3404
bestofcirclejerk,bestofcirclejerk,16,3
bestofcraigslist,bestofcraigslist,4,1321
bestofcrops,bestofcrops,9,40
bestofcuckculture,bestofcuckculture,1,1263
bestofedits,bestofedits,15,3
bestoff,bestoff,12,1263
bestofhelpinganimals,bestofhelpinganimals,7,1263
bestofislam,bestofislam,9,1263
bestofleft,bestofleft,7,1263
bestoflegaladvice,bestoflegaladvice,80,1263
bestofliveleak,bestofliveleak,6,1263
bestofmlp,bestofmlp,4,7
bestofmodsmackdown,bestofmodsmackdown,7,1263
bestofnetflix,bestofnetflix,11,99
bestofnl,bestofnl,4,1263
bestofoutrageculture,bestofoutrageculture,38,1263
bestofpoutrageculture,bestofpoutrageculture,23,1263
bestofquotes,bestofquotes,19,1263
bestofrandiardds,bestofrandiardds,2,1263
bestofredditcomments,bestofredditcomments,1,49
bestofrekt,bestofrekt,1,49
bestofrelevantun,bestofrelevantun,2,1263
bestofreports,bestofreports,44,1263
bestofsjwculture,bestofsjwculture,1,1263
bestofsmugculture,bestofsmugculture,3,1263
bestofstreamingvideo,bestofstreamingvideo,13,3
bestofsuperscript,bestofsuperscript,1,3
bestofthefray,bestofthefray,16,1263
bestoftypos,bestoftypos,6,99
bestofundelete,bestofundelete,5,3
bestofwat,bestofwat,2,132
bestofworldstar,bestofworldstar,19,1263
bestredditadvice,bestredditadvice,10,6
bestredditburns,bestredditburns,6,1263
bestshow,bestshow,1,2380
beststagecapitalism,beststagecapitalism,1,3
beta,beta,11,1263
betatests,betatests,6,13
bethesdasoftworks,bethesdasoftworks,8,132
betmoose,betmoose,2,1
betterbitcoin,betterbitcoin,35,1
bettercallsaul,bettercallsaul,25,3
bettereveryloop,bettereveryloop,57,3
betternews,betternews,11,1263
beyblade,beyblade,2,49
beyonddebate,beyonddebate,1,1263
beyondthebump,beyondthebump,37,1321
bf4_x1,bf4_x1,4,132
bf_hardline,bf_hardline,9,132
bgccirclejerk,bgccirclejerk,1,1263
bhagavadgita,bhagavadgita,2,3
bichonfrise,bichonfrise,3,3
bicla,bicla,3,40
bicycletouring,bicycletouring,26,40
bicyclingcirclejerk,bicyclingcirclejerk,70,40
bidenbro,bidenbro,12,3
bidetrevolution,bidetrevolution,2,1263
bielefeld,bielefeld,2,3
big3podcast,big3podcast,5,2380
bigbangcomics,bigbangcomics,6,3
bigbangtheory,bigbangtheory,8,3
bigbendtx,bigbendtx,1,40
bigboobproblems,bigboobproblems,18,1263
bigbooty,bigbooty,3,6
bigbrother,bigbrother,32,3
bigbustycoons,bigbustycoons,1,49
bigdata,bigdata,11,5
bigdickproblems,bigdickproblems,45,1263
bigelowaerospace,bigelowaerospace,1,1263
bigfoot,bigfoot,23,67
biggerthanyouthought,biggerthanyouthought,8,5172
biggestproblem,biggestproblem,10,40
biggiantswords,biggiantswords,1,2380
bigh,bigh,8,160
bighero6,bighero6,5,99
bigly,bigly,2,1263
bigmacproblems,bigmacproblems,1,40
bigotcard,bigotcard,3,1263
bigotryshowcase,bigotryshowcase,1,1263
bigroad,bigroad,1,49
bigseo,bigseo,11,5
bih,bih,27,99
bikecommuting,bikecommuting,51,40
bikeporn,bikeporn,12,40
bikersfortrump,bikersfortrump,1,1263
bikesgonewild,bikesgonewild,14,40
bikinibottomtwitter,bikinibottomtwitter,32,1263
bilderberg,bilderberg,2,1
billbailey,billbailey,1,2380
billboardwisdom,billboardwisdom,1,40
billburr,billburr,34,1263
billiards,billiards,9,1
billikens,billikens,1,3
billmurray,billmurray,4,132
billmurrayeverywhere,billmurrayeverywhere,3,3
billyonthestreet,billyonthestreet,1,2380
billytalent,billytalent,2,2380
billythefridge,billythefridge,4,3
bimbofetish,bimbofetish,5,3
bindingofisaac,bindingofisaac,89,132
binghamtonuniversity,binghamtonuniversity,2,3
bingingwithbabish,bingingwithbabish,2,3
binobeingabully,binobeingabully,3,3
biochemistry,biochemistry,11,5
bioinformatics,bioinformatics,13,5
biology,biology,61,5
biology1,biology1,2,5
biomass,biomass,4,40
bioniclelego,bioniclelego,19,99
bioscience,bioscience,4,1263
bioshock,bioshock,21,132
biotruths,biotruths,3,1263
bipartisandebate,bipartisandebate,5,1263
bipolar,bipolar,47,67
bipolar_irl,bipolar_irl,1,3
bipolarreddit,bipolarreddit,7,67
bipolarsos,bipolarsos,5,67
birbs,birbs,8,3
bird,bird,6,3
birding,birding,23,3
birdlaw,birdlaw,1,1263
birdpics,birdpics,8,5172
birdsbeingdicks,birdsbeingdicks,9,3
birdsofprey,birdsofprey,11,5172
birdswitharms,birdswitharms,15,3
birdteams,birdteams,5,6
birmingham,birmingham,29,1301
birthofasub,birthofasub,1,49
birthstrike,birthstrike,5,1263
bisco,bisco,2,2380
bisexual,bisexual,40,1263
bisonmasterrace,bisonmasterrace,5,132
bitbastion,bitbastion,4,1263
bitchimabus,bitchimabus,17,1263
bitchimatrain,bitchimatrain,3,132
bitchimatree,bitchimatree,1,132
bitchimweather,bitchimweather,1,40
bitcoin_uncensored,bitcoin_uncensored,30,1
bitcoinca,bitcoinca,6,1
bitcoinmarkets,bitcoinmarkets,63,1
bitcoinmemes,bitcoinmemes,2,1
bitcoinstocks,bitcoinstocks,6,1
bitcoinxt,bitcoinxt,27,1
bitofnewsbot,bitofnewsbot,3,1263
bitrussia,bitrussia,4,1
bittenarea,bittenarea,4,5
bitwars,bitwars,2,1
biwomen,biwomen,2,1263
bizarre_states,bizarre_states,2,3
bjj,bjj,63,13
bjork,bjork,4,3
blabseal,blabseal,4,1321
black_box,black_box,1,2380
black_flag_4ever,black_flag_4ever,1,2380
black_lives_matter,black_lives_matter,2,1263
blackandgold,blackandgold,2,1
blackberry,blackberry,14,5
blackbooks,blackbooks,1,2380
blackcoin,blackcoin,22,1
blackcrimematters,blackcrimematters,2,1263
blackculture,blackculture,5,1263
blackdesertonline,blackdesertonline,27,132
blackfellas,blackfellas,94,1263
blackflag,blackflag,22,1263
blackhistory,blackhistory,1,2380
blackjesus,blackjesus,4,3
blacklagoon,blacklagoon,2,1695
blackliesmatter,blackliesmatter,1,2380
blacklivesmatter,blacklivesmatter,18,1263
blackmetal,blackmetal,19,2380
blackmirror,blackmirror,24,13
blackops2,blackops2,5,132
blackops3,blackops3,40,132
blackoutnews,blackoutnews,1,1263
blackpeoplegifs,blackpeoplegifs,28,3
blackpower,blackpower,16,1263
blacksails,blacksails,2,99
blacksmith,blacksmith,23,40
blacksmithing,blacksmithing,11,40
bladeandsoul,bladeandsoul,12,132
bladerunner,bladerunner,5,99
bladesmith,bladesmith,14,40
blairewhite,blairewhite,2,132
blameamerica,blameamerica,9,1263
blamelurlur,blamelurlur,1,40
bleach,bleach,17,99
bleachbravesouls,bleachbravesouls,5,99
blender,blender,46,132
blep,blep,15,3
blind,blind,24,67
blink182,blink182,40,2380
blm_are_terrorists,blm_are_terrorists,2,1263
blmwatch,blmwatch,3,1263
blockbustervideo,blockbustervideo,4,3
blog,blog,35,1263
blogola,blogola,1,2380
blogs,blogs,4,40
bloodandicecream,bloodandicecream,4,132
bloodborne,bloodborne,26,132
bloodbowl,bloodbowl,8,160
bloodline,bloodline,2,2380
bloodlinechampions,bloodlinechampions,3,132
bloomington,bloomington,13,1263
blowit,blowit,7,132
blubclubsub,blubclubsub,1,1263
blue,blue,5,40
bluebirds,bluebirds,3,2167
bluegrass,bluegrass,6,2380
bluelight,bluelight,9,1263
bluemidterm2018,bluemidterm2018,27,1263
blueorigin,blueorigin,5,16
blues,blues,6,2380
bluesrock,bluesrock,2,2380
blunderyears,blunderyears,44,3
blur,blur,4,2380
bmovieideas,bmovieideas,1,3
bms,bms,2,2380
bmw,bmw,41,40
bnestrong,bnestrong,35,1263
boardgameindustry,boardgameindustry,3,160
boardgamescirclejerk,boardgamescirclejerk,6,3
boardgaming,boardgaming,1,132
boardsofcanada,boardsofcanada,4,2380
boardwalkempire,boardwalkempire,7,40
boating,boating,13,40
bobdylan,bobdylan,8,40
bobsburgers,bobsburgers,25,3
bobsburgersdidit,bobsburgersdidit,1,40
boburnham,boburnham,17,3
bodyacceptance,bodyacceptance,12,13
bodyboarding,bodyboarding,1,1263
bodybuilding,bodybuilding,81,13
bodylanguage,bodylanguage,1,1263
bodyweightfitness,bodyweightfitness,50,13
boinc,boinc,4,1
bois,bois,4,132
boise,boise,22,40
bojackhorseman,bojackhorseman,27,3
bolivia,bolivia,4,1263
bollardsbeingdicks,bollardsbeingdicks,1,3
bollywoodrealism,bollywoodrealism,5,1263
boltedonasians,boltedonasians,2,5172
bombing,bombing,26,1695
bombshell_on_target,bombshell_on_target,2,132
bondage,bondage,10,5172
bonemarrow,bonemarrow,1,40
boneyard,boneyard,2,2380
boniver,boniver,6,2380
bonnaroo,bonnaroo,31,2380
bonsai,bonsai,16,3
boobgifs,boobgifs,3,5172
boobies,boobies,16,5172
boobs,boobs,7,5172
boobsfordeadpool,boobsfordeadpool,1,3
boogeeb,boogeeb,3,3
boogers,boogers,2,1695
boogie2988,boogie2988,14,13
bookbinding,bookbinding,5,40
bookcollecting,bookcollecting,9,160
bookporn,bookporn,1,40
bookscirclejerk,bookscirclejerk,9,160
booksuggestions,booksuggestions,18,160
booksvmovies,booksvmovies,1,40
boomzap,boomzap,1,2380
boop,boop,10,3
boopshow,boopshow,7,132
boostforreddit,boostforreddit,6,5
bootstraps,bootstraps,1,2380
boottoobig,boottoobig,18,3
borderlands,borderlands,16,132
borderlands2,borderlands2,17,132
borgasm,borgasm,4,99
borgenproject,borgenproject,2,99
borrow,borrow,5,40
boschtv,boschtv,2,99
bostonbruins,bostonbruins,18,6
bostonceltics,bostonceltics,28,6
bostoncomedy,bostoncomedy,7,2380
bostonterrier,bostonterrier,6,3
bostontrees,bostontrees,10,67
bostonu,bostonu,5,6
botany,botany,15,40
botcirclejerk,botcirclejerk,1,40
both_sides,both_sides,3,1263
bothate,bothate,8,132
bothsidesarethesame,bothsidesarethesame,5,1263
botrights,botrights,58,132
botsscrewingup,botsscrewingup,56,132
botting,botting,2,132
bottomcomment,bottomcomment,40,1263
bottomlulz,bottomlulz,13,3
boulder,boulder,23,40
bouldercardshears,bouldercardshears,1,132
bouldering,bouldering,12,13
bourbon,bourbon,25,13
bowling,bowling,8,1
boxer,boxer,3,3
boxers,boxers,5,3
boxing,boxing,37,13
boxingcirclejerk,boxingcirclejerk,5,13
boxoffice,boxoffice,11,99
boxxy,boxxy,1,49
boycottboycott,boycottboycott,1,49
boymeetsworld,boymeetsworld,1,2380
boyscouts,boyscouts,6,40
bozarking,bozarking,7,3
bpd,bpd,18,1263
bpdlovedones,bpdlovedones,13,1263
bpdsoffa,bpdsoffa,7,1263
bpdsupport,bpdsupport,1,1263
bptcirclejerk,bptcirclejerk,1,1263
bpwomen,bpwomen,3,1263
braainsio,braainsio,2,16
bradstion,bradstion,1,3
brag,brag,1,3
brain_damage,brain_damage,2,5
brainhealingdiet,brainhealingdiet,1,1263
brampton,brampton,17,1263
brandilove,brandilove,3,5172
brandnew,brandnew,8,2380
brandonsanderson,brandonsanderson,7,160
brasil_drama,brasil_drama,6,1263
brasildob,brasildob,23,1263
brasilivre,brasilivre,14,1263
bravefrontier,bravefrontier,21,99
bravenewbies,bravenewbies,26,132
braveryjerk,braveryjerk,39,1263
braverypuffin,braverypuffin,1,1263
braves,braves,25,6
bravestwarriors,bravestwarriors,2,2380
bravorealhousewives,bravorealhousewives,6,3
brawlhalla,brawlhalla,11,132
brazil,brazil,15,3
brazilistheworst,brazilistheworst,1,1321
brdm,brdm,2,40
brdstouchingpoop,brdstouchingpoop,3,132
breadit,breadit,22,13
breakawayminyan,breakawayminyan,6,40
breakfast,breakfast,4,3
breakingbad,breakingbad,45,99
breakingeggs,breakingeggs,1,40
breakingmom,breakingmom,15,1263
breakingnequam,breakingnequam,2,3
breakingnews,breakingnews,1,1263
breakup,breakup,3,1263
breakups,breakups,4,67
breastcancer,breastcancer,3,67
breastenvy,breastenvy,1,1263
breastexpansion,breastexpansion,5,5172
breastfeeding,breastfeeding,19,1321
breath_of_the_wild,breath_of_the_wild,23,132
breathinginformation,breathinginformation,8,6
breeding,breeding,7,5172
breitbartnews,breitbartnews,6,40
brewers,brewers,15,6
brewing,brewing,4,40
brexit,brexit,9,1263
brigade_conspiracy,brigade_conspiracy,1,1263
brigaded,brigaded,1,1263
brigades,brigades,1,1263
briggs,briggs,26,132
brightonvapeclub,brightonvapeclub,1,1263
brilliantbadideas,brilliantbadideas,3,1321
brilliantthreads,brilliantthreads,2,49
brimstoneoxen,brimstoneoxen,2,132
brisbane,brisbane,66,1263
bristol,bristol,19,5
britain,britain,3,1263
britishcolumbia,britishcolumbia,20,1263
britishorapun,britishorapun,1,49
britishpolitics,britishpolitics,20,1263
britishpornstars,britishpornstars,1,3
britishproblems,britishproblems,76,1263
britishrepublicans,britishrepublicans,2,49
britishsuccess,britishsuccess,15,1263
britishtv,britishtv,24,2380
britpics,britpics,4,40
brochat,brochat,1,2380
brocode,brocode,1,49
brogress,brogress,11,13
brogressive,brogressive,1,1263
brokengifs,brokengifs,7,3
brokenlizard,brokenlizard,1,3
brokenlogic,brokenlogic,2,3
brokenpickers,brokenpickers,7,1263
brokenthreads,brokenthreads,1,49
brompton,brompton,1,2380
broncos,broncos,1,3
bronyh8,bronyh8,14,7
brookland,brookland,2,40
brooklyn,brooklyn,31,40
brooklynninenine,brooklynninenine,5,1321
broomball,broomball,1,40
broreflexes,broreflexes,1,49
brosciencelife,brosciencelife,1,2380
broslikeus,broslikeus,6,5172
brotricians,brotricians,2,99
brownman,brownman,2,132
browns,browns,61,6
brownsville,brownsville,4,16
browsers,browsers,2,2380
brucespringsteen,brucespringsteen,8,1301
bruisedmanparts,bruisedmanparts,1,3
brum,brum,6,2380
brunei,brunei,9,1263
brush,brush,1,49
brushybrushy,brushybrushy,5,1
brutetartarus67,brutetartarus67,1,49
bsa,bsa,12,40
bsg,bsg,19,99
btfo,btfo,1,1263
btihf,btihf,1,2380
btmh,btmh,6,6
btsu,btsu,3,40
bttf,bttf,3,160
bubbles2016,bubbles2016,6,1
bubsy_politician,bubsy_politician,1,40
buccaneers,buccaneers,24,6
buccos,buccos,28,6
buddhagario,buddhagario,2,132
budgetbirthcontrol,budgetbirthcontrol,1,49
budgetfood,budgetfood,16,13
buenzli,buenzli,11,1263
buffalo,buffalo,45,6
buffalobills,buffalobills,43,6
buffalowizards,buffalowizards,10,264
buffkate,buffkate,3,40
buffy,buffy,25,3
bughunt,bughunt,4,1263
bugout,bugout,10,40
bugs,bugs,76,3
buhlakay,buhlakay,3,2380
buildapcsales,buildapcsales,58,132
buildapcsalesuk,buildapcsalesuk,4,1
buildawall,buildawall,1,1263
buildingalternatives,buildingalternatives,1,1263
bulgaria,bulgaria,13,1263
bulimia,bulimia,1,3
bulldogs,bulldogs,6,3
bulletbarry,bulletbarry,3,132
bullmastiff,bullmastiff,2,3
bullshit,bullshit,1,40
bullshitmediaempire,bullshitmediaempire,1,1263
bully,bully,1,132
bullying,bullying,4,3
bumble,bumble,2,132
bumperstickers,bumperstickers,2,40
bunnygifs,bunnygifs,1,3
burbank,burbank,5,40
burgers,burgers,8,13
burgersgonewild,burgersgonewild,1,3
burlesque,burlesque,5,13
burlington,burlington,16,1263
burn,burn,4,99
burncenter,burncenter,2,40
burningman,burningman,30,40
burnnotice,burnnotice,5,99
burstingout,burstingout,8,5172
burstpipes,burstpipes,3,40
bushcraft,bushcraft,20,40
businesshub,businesshub,11,5
businessofvideogames,businessofvideogames,1,2380
businesspolitics,businesspolitics,1,1263
businessschool,businessschool,3,5
busselton,busselton,1,49
bustedbytheusername,bustedbytheusername,1,49
bustypetite,bustypetite,23,5172
butterflies,butterflies,6,40
buttersouls,buttersouls,1,132
butthurtrepublicans,butthurtrepublicans,1,3
buttonaftermath,buttonaftermath,29,4042
buttrights,buttrights,1,3
butttown,butttown,2,3
butwhygold,butwhygold,4,99
buyessay,buyessay,1,2380
buyitforlife,buyitforlife,75,40
buzzaldrinfacts,buzzaldrinfacts,1,3
buzzfeedtitles,buzzfeedtitles,2,3
bwaredapenguin,bwaredapenguin,3,3
bys,bys,4,1
bytewave,bytewave,1,40
bythebookofthyself,bythebookofthyself,9,1263
byu,byu,9,6
c137,c137,3,3
c_programming,c_programming,20,5
c_s_t,c_s_t,80,1263
ca_twitter,ca_twitter,5,40
cabinporn,cabinporn,3,40
cabinpressure,cabinpressure,2,99
cablefail,cablefail,6,40
cablegore,cablegore,3,5
cableporn,cableporn,33,5
cabshots,cabshots,1,40
cade,cade,28,132
cadenmorandairy,cadenmorandairy,15,1263
cadenmorandiary,cadenmorandiary,43,3
cadia,cadia,2,1321
cadoshoemaker,cadoshoemaker,1,3
cafe,cafe,3,40
caguns,caguns,9,1263
cahideas,cahideas,6,99
cahiersduludica,cahiersduludica,3,132
cairnterrier,cairnterrier,2,1
caitlinsfaces,caitlinsfaces,1,2380
cakeday,cakeday,14,132
cakephp,cakephp,2,5
cakes,cakes,1,40
cakewin,cakewin,3,13
cakewrecks,cakewrecks,1,3
cal_irl,cal_irl,3,3
calamariraceteam,calamariraceteam,47,3
calculationproblems,calculationproblems,4,3
calgary,calgary,98,172
calgaryflames,calgaryflames,21,6
calibrations,calibrations,8,132
calicosummer,calicosummer,2,5
california,california,88,40
california_politics,california_politics,4,40
californiadrought,californiadrought,4,40
californiapics,californiapics,2,40
calireggae,calireggae,1,2380
calledit,calledit,27,132
callflood,callflood,1,1263
calligraphy,calligraphy,21,40
callit,callit,1,1263
callofduty,callofduty,35,132
callofdutyworldwartwo,callofdutyworldwartwo,5,99
calloutableists,calloutableists,8,1263
calmhands,calmhands,4,3
calpoly,calpoly,7,5
calvinandhobbes,calvinandhobbes,39,3
cambridge,cambridge,7,1
cameheretosaythis,cameheretosaythis,1,3
camelcamelcamel,camelcamelcamel,3,2380
camelotunchained,camelotunchained,2,132
caminodesantiago,caminodesantiago,4,1695
camouflaged,camouflaged,1,3
camphalfblood,camphalfblood,9,40
camping,camping,37,40
campingalberta,campingalberta,1,49
campingandhiking,campingandhiking,76,40
campinggear,campinggear,11,40
camsluts,camsluts,3,5172
camwhores,camwhores,2,5172
canadafree,canadafree,7,1263
canadaguns,canadaguns,38,7
canadapolitics,canadapolitics,87,1263
canadapoliticshumour,canadapoliticshumour,2,160
canadaproblems,canadaproblems,1,49
canadia,canadia,10,1263
canadian_ecigarette,canadian_ecigarette,14,1910
canadianforces,canadianforces,20,1263
canadiangraffiti,canadiangraffiti,2,2167
canadients,canadients,19,67
canberra,canberra,3,40
canbutshouldnt,canbutshouldnt,1,1321
cancer,cancer,30,67
cancermods,cancermods,1,1263
cancerousmods,cancerousmods,1,1263
candidfashionpolice,candidfashionpolice,5,3
candidpoetry,candidpoetry,1,49
candycornspiricies,candycornspiricies,1,1263
candycrushsaga,candycrushsaga,1,132
canispeaktothemanager,canispeaktothemanager,1,49
cannabis,cannabis,17,67
cannabisextracts,cannabisextracts,32,67
cannabisstate,cannabisstate,1,2380
canning,canning,8,40
cannotstoplaughing,cannotstoplaughing,1,1321
cannotwatchscottstots,cannotwatchscottstots,11,3
canoeing,canoeing,8,40
canon,canon,8,40
canonade,canonade,5,40
canthearyoubot,canthearyoubot,13,132
cantmeltsteelbeams,cantmeltsteelbeams,1,49
canucks,canucks,28,6
canucktown,canucktown,1,49
capecod,capecod,3,40
capecoral,capecoral,3,3
capetown,capetown,5,40
capitaldistrict,capitaldistrict,1,49
capitalism,capitalism,11,1263
capitalismdeaththroes,capitalismdeaththroes,2,3
capitalismiscrumbling,capitalismiscrumbling,2,1263
capitalismvsocialism,capitalismvsocialism,41,1263
capoeira,capoeira,3,3
capstone,capstone,5,6
captaindeckers,captaindeckers,1,49
captaindisillusion,captaindisillusion,3,3
captainmagictrousers,captainmagictrousers,1,49
captainobvious,captainobvious,3,1263
captainsparklez,captainsparklez,1,3
caramelstandingup,caramelstandingup,1,49
carav,carav,25,40
carbonfiber,carbonfiber,5,40
carcrash,carcrash,11,40
cardhunter,cardhunter,1,2380
cardiff,cardiff,4,2167
cardinals,cardinals,40,6
cardistry,cardistry,6,3
cardsagainsthumanity,cardsagainsthumanity,15,99
care,care,8,40
carebears,carebears,1,49
careerguidance,careerguidance,6,2167
careeroptimist,careeroptimist,3,5
carfreelife,carfreelife,4,1263
cargobike,cargobike,6,40
caringissharing,caringissharing,2,2380
carletonu,carletonu,5,132
carlhprogramming,carlhprogramming,1,40
carmageddon,carmageddon,1,2380
carmb,carmb,31,13
carmelindy,carmelindy,2,40
carporn,carporn,21,40
carscirclejerk,carscirclejerk,4,40
carsgivingbirth,carsgivingbirth,1,3
cartalk,cartalk,21,40
carthaginianempire,carthaginianempire,3,2167
cartoonnetwork,cartoonnetwork,6,99
cartoons,cartoons,9,2380
cartrackdays,cartrackdays,1,2380
cascadia,cascadia,30,1263
cascadianpreppers,cascadianpreppers,2,67
caseclickertrades,caseclickertrades,1,1263
caseyneistat,caseyneistat,11,40
cash_for_votes,cash_for_votes,2,1263
casinoprofessionals,casinoprofessionals,2,13
cassandceleste,cassandceleste,7,40
cassetteculture,cassetteculture,14,2380
castiron,castiron,11,13
castleclash,castleclash,11,3249
castlecrash,castlecrash,2,132
castles,castles,14,1263
castlestory,castlestory,6,132
casualeugenics,casualeugenics,11,1263
casualgrilledcheese,casualgrilledcheese,2,3
casualmath,casualmath,7,5
casualnintendo,casualnintendo,24,132
casualracism,casualracism,1,1263
casualscience,casualscience,1,49
casualtodayilearned,casualtodayilearned,18,3
casualuk,casualuk,10,2167
cataclysmdda,cataclysmdda,8,3
catalunya,catalunya,5,2167
catastrophicfailure,catastrophicfailure,29,3
category5toddler,category5toddler,1,3
caterpiller_writes,caterpiller_writes,1,49
catfish,catfish,3,5172
catfishstories,catfishstories,2,40
catheadlines,catheadlines,1,2380
catholic_news,catholic_news,2,1263
catholicmemes,catholicmemes,6,1263
catholicpolitics,catholicpolitics,8,1263
catiewayne,catiewayne,1,2380
catpictures,catpictures,12,40
catpranks,catpranks,5,3
catroaring,catroaring,1,49
catsareassholes,catsareassholes,2,3
catsinsuitcases,catsinsuitcases,2,40
catslaps,catslaps,7,3
catsstandingup,catsstandingup,21,3
catssuck,catssuck,1,49
cattaps,cattaps,3,3
caucasianchinese,caucasianchinese,11,1263
caught,caught,1,132
caughtoncctv,caughtoncctv,1,1321
cautiousbb,cautiousbb,3,1321
cavemanpolitics,cavemanpolitics,2,40
cavestory,cavestory,3,132
caving,caving,2,40
caw747,caw747,1,49
caymanislands,caymanislands,2,3
cbd,cbd,29,67
cbradio,cbradio,3,49
cccult,cccult,25,3
ccj888,ccj888,20,1263
ccjcjcjcjcjcjcjcjcjcj,ccjcjcjcjcjcjcjcjcjcj,1,3
ccw,ccw,71,7
ceasethyfalsehoods,ceasethyfalsehoods,1,1263
cedarrapids,cedarrapids,9,2380
celebnsfw,celebnsfw,7,1263
celebratehumanity,celebratehumanity,3,132
celebrities,celebrities,6,5
celebrityworship,celebrityworship,5,40
celebs,celebs,55,5172
celebsea,celebsea,2,2380
celebsightings,celebsightings,6,1910
celiac,celiac,10,67
cellphones,cellphones,5,5
cellular_automata,cellular_automata,22,5
censorship,censorship,51,1263
centerednews,centerednews,1,1263
centralpa,centralpa,15,67
cerebralpalsy,cerebralpalsy,2,2380
cern,cern,8,1263
certainlynotaliens,certainlynotaliens,1,49
certifiedfrontpage,certifiedfrontpage,2,1263
certifiedpuglover,certifiedpuglover,2,3
ceruleus0,ceruleus0,4,1263
cfando,cfando,1,1321
cfbmemes,cfbmemes,5,6
cfbofftopic,cfbofftopic,3,40
cfl,cfl,36,6
cfleaks,cfleaks,1,1263
cfs,cfs,23,67
cgpgrey,cgpgrey,24,7
cgpgrey2,cgpgrey2,3,160
chadjokes,chadjokes,1,49
chadtronic,chadtronic,4,172
chairos,chairos,1,1263
chairsunderwater,chairsunderwater,1,40
chaldean,chaldean,2,1321
challenge,challenge,3,40
chameleons,chameleons,6,3
championship,championship,7,2167
chancetherapper,chancetherapper,13,2380
changelog,changelog,41,1263
changetip,changetip,22,1
channel101,channel101,2,3
chaosmagic,chaosmagic,1,3
chapelhill,chapelhill,8,6
chapotraphouse,chapotraphouse,39,1263
characterrant,characterrant,8,99
charcuterie,charcuterie,11,13
chargers,chargers,30,6
chargeyourphone,chargeyourphone,17,1263
charitablebets,charitablebets,15,6
charity,charity,33,40
charleston,charleston,18,3
charli_xcx,charli_xcx,1,2380
charlotte,charlotte,52,6
charlottetown,charlottetown,1,40
chastity,chastity,19,5172
chattanooga,chattanooga,23,3
cheap_meals,cheap_meals,9,13
cheatatmathhomework,cheatatmathhomework,6,5
cheatingwives,cheatingwives,6,5172
cheatthesystem,cheatthesystem,2,5
checkmateatheists,checkmateatheists,1,49
checkyourjohnson,checkyourjohnson,6,1263
cheechandchong,cheechandchong,2,67
cheese,cheese,15,6
cheeseandmac,cheeseandmac,1,49
cheesemaking,cheesemaking,3,40
cheesewheel,cheesewheel,3,13
cheesyholidaycards,cheesyholidaycards,1,3
cheetofans,cheetofans,1,49
chelseafc,chelseafc,33,2167
chemicalengineering,chemicalengineering,7,5
chemicalimbalance,chemicalimbalance,4,1263
chemicalreactiongifs,chemicalreactiongifs,29,3
chemistry,chemistry,84,5
chemistryporn,chemistryporn,1,40
chemprints,chemprints,1,1263
chemtrails,chemtrails,2,1263
chernobyl,chernobyl,5,40
cherokeexj,cherokeexj,7,40
cherubesque,cherubesque,1,1263
chess,chess,55,5
chevy,chevy,7,40
chewy_undername,chewy_undername,5,3
chiari,chiari,1,40
chibears,chibears,40,6
chicagobulls,chicagobulls,28,6
chicagomotorcycles,chicagomotorcycles,1,40
chicagoviolence,chicagoviolence,1,1263
chickenapocalypse,chickenapocalypse,3,3
chickens,chickens,6,3
chickflixxx,chickflixxx,7,5172
chicoca,chicoca,6,40
chicongo,chicongo,2,1263
chicubs,chicubs,33,6
chihuahua,chihuahua,2,3
childbashing,childbashing,3,1263
childpassdenied,childpassdenied,2,3
childrenfallingover,childrenfallingover,24,3
childtheories,childtheories,2,3
chile,chile,57,3
chilecirclejerk,chilecirclejerk,1,49
chiliadmystery,chiliadmystery,21,132
chillingeffects,chillingeffects,11,1263
chimichingas,chimichingas,1,40
china5000,china5000,4,1263
china_news,china_news,15,1263
chinabookclub,chinabookclub,4,160
chinail,chinail,1,2380
chinajobs,chinajobs,5,1263
chinareport,chinareport,28,1263
chinauncensored,chinauncensored,5,1263
chinchilla,chinchilla,3,3
chinchilladave,chinchilladave,4,132
chinese,chinese,12,1263
chinesefood,chinesefood,3,13
chineselanguage,chineselanguage,29,1263
chipotle,chipotle,8,13
chiptunes,chiptunes,13,132
chiropractic,chiropractic,8,67
chivalrygame,chivalrygame,15,132
chloegracemoretz,chloegracemoretz,3,5172
chocolatemilk,chocolatemilk,1,40
choctaw,choctaw,1,40
chokingvictimwrites,chokingvictimwrites,3,3
chomsky,chomsky,26,1263
choosingbeggars,choosingbeggars,16,1263
chooterbooter,chooterbooter,1,1263
chooters_hooters,chooters_hooters,1,40
chorlton,chorlton,1,49
chosenone,chosenone,3,3
chris,chris,3,1263
chrislilley,chrislilley,2,2380
chrisolivertimes,chrisolivertimes,10,1263
chrisraygun,chrisraygun,2,1321
christanity,christanity,1,3
christian,christian,5,1263
christianapologetics,christianapologetics,4,1263
christianitymetatron,christianitymetatron,1,3
christianityunchained,christianityunchained,4,1263
christianmetal,christianmetal,3,13
christianmusic,christianmusic,10,2380
christianoccultism,christianoccultism,8,67
christians,christians,12,1263
christiansawake2nwo,christiansawake2nwo,10,1263
christmas,christmas,15,3
christmascirclejerk,christmascirclejerk,1,3
christmascreepy,christmascreepy,2,160
christopherhitchens,christopherhitchens,3,99
chrisweredigital,chrisweredigital,2,40
chrome,chrome,24,5
chrome_extensions,chrome_extensions,3,5
chromecast,chromecast,37,5
chromeextensions,chromeextensions,3,5
chromeos,chromeos,27,5
chronicbloating,chronicbloating,2,67
chronicillness,chronicillness,3,67
chronicpain,chronicpain,31,67
chuck,chuck,8,2380
chuck_irl,chuck_irl,1,3
chuckecheeses,chuckecheeses,1,2380
chucktinglethanks,chucktinglethanks,1,2380
chumothy,chumothy,1,49
church_of_farts,church_of_farts,1,1321
churchcandy,churchcandy,1,2380
churchillinsults,churchillinsults,1,49
churchofchie,churchofchie,2,132
churchofgoomy,churchofgoomy,5,132
churchofnumbers,churchofnumbers,3,40
churchofzoidberg,churchofzoidberg,1,49
churning,churning,35,2380
chutes,chutes,2,4042
chvrches,chvrches,3,2380
cia,cia,10,1263
ciawatch,ciawatch,1,1263
cigarettes,cigarettes,10,40
cigars,cigars,28,40
cincinnati,cincinnati,56,6
cinemagraphs,cinemagraphs,17,3
cinemasins,cinemasins,17,3
cinematography,cinematography,15,99
cineshots,cineshots,4,3
cinnamontitties,cinnamontitties,1,40
circlebrokeau,circlebrokeau,9,1263
circlebrokecirclejerk,circlebrokecirclejerk,5,1263
circlebrokediscussion,circlebrokediscussion,7,1263
circlebroken,circlebroken,17,160
circlefeast,circlefeast,1,3
circlefuckers,circlefuckers,36,1263
circlegrump,circlegrump,3,132
circlejerkaustralia,circlejerkaustralia,67,1263
circlejerkofclans,circlejerkofclans,2,72
circlejerkpdx,circlejerkpdx,4,40
circlejerkrepublic,circlejerkrepublic,2,3
circlejerkseattle,circlejerkseattle,45,95
circleregurjitate2,circleregurjitate2,1,49
circoisajerko,circoisajerko,1,1263
circojeca,circojeca,36,3
circosajerko,circosajerko,2,1263
circular_economy,circular_economy,1,2380
circumcisionactivism,circumcisionactivism,4,1263
cirkeltrek,cirkeltrek,54,2167
cirrusmio_party,cirrusmio_party,3,6
ciscotremulous,ciscotremulous,1,132
cisparenttranskid,cisparenttranskid,1,1263
cissytalk,cissytalk,1,1263
cisv,cisv,1,2380
citiesskylines,citiesskylines,70,132
citiesskylinesmodding,citiesskylinesmodding,1,132
citizenweather,citizenweather,1,40
citybike,citybike,6,40
cityofheroes,cityofheroes,4,132
cityporn,cityporn,35,40
civ5,civ5,4,49
civbattleroyale,civbattleroyale,78,463
civbeyondearth,civbeyondearth,10,132
civcirclejerk,civcirclejerk,9,3
civcringe,civcringe,18,264
civilizatonexperiment,civilizatonexperiment,45,264
civpolitics,civpolitics,14,1263
ck2gameofthrones,ck2gameofthrones,4,132
cky,cky,1,2380
clarksville,clarksville,4,3
clashroyale,clashroyale,57,3
classic4chan,classic4chan,33,1263
classicalguitar,classicalguitar,6,2380
classicalmusic,classicalmusic,58,2380
classicbaseball,classicbaseball,1,40
classicbattlefield,classicbattlefield,6,132
classiccars,classiccars,13,40
classicfilms,classicfilms,3,99
classicmovieposters,classicmovieposters,5,3
classicrock,classicrock,6,2380
classicsubredditdrama,classicsubredditdrama,18,1263
classicverne,classicverne,1,40
claustrophobia,claustrophobia,2,1321
cleancutmasterrace,cleancutmasterrace,1,3
clearwater,clearwater,4,40
clearwaterfl,clearwaterfl,3,40
cleganebowl,cleganebowl,25,3
clemson,clemson,6,6
cleveland,cleveland,55,6
clevelandcavs,clevelandcavs,28,6
clg,clg,22,3404
clickbait,clickbait,8,3
clickerheroes,clickerheroes,10,264
clickers,clickers,2,1263
clicksonlinks,clicksonlinks,12,3
cliffhangerpoems,cliffhangerpoems,1,40
climate,climate,33,1263
climate_change,climate_change,1,1263
climate_science,climate_science,3,1263
climatechange,climatechange,7,1263
climateskeptics,climateskeptics,41,1263
climbing,climbing,69,40
climbingcirclejerk,climbingcirclejerk,21,3
clintonfrombehind,clintonfrombehind,1,3
clintoninvestigation,clintoninvestigation,2,1263
clojure,clojure,10,5
clonehigh,clonehigh,2,13
clonerights,clonerights,1,1263
clopclop,clopclop,14,7
closetfurry,closetfurry,1,3
clotsurvivors,clotsurvivors,3,3
clouds,clouds,1,3
cloudtobutt,cloudtobutt,27,5
club_nintendo,club_nintendo,9,132
clubesteban,clubesteban,3,3
clubnintendotrade,clubnintendotrade,3,132
clubpenguin,clubpenguin,10,132
clubteen,clubteen,4,1263
clustercuck,clustercuck,1,1263
clusterheads,clusterheads,3,1263
clutch,clutch,1,1321
cmumasterslounge,cmumasterslounge,1,1263
cmvmusic,cmvmusic,3,2380
cnn,cnn,1,1263
cnnleaks,cnnleaks,1,1263
cnnsucks,cnnsucks,2,1263
coachella,coachella,26,2380
coalitionagainstevil,coalitionagainstevil,7,6
coastlife,coastlife,1,3404
coasttocoast,coasttocoast,7,1263
coaxedintoasnafu,coaxedintoasnafu,31,3
cocacola,cocacola,2,2380
cocaine,cocaine,15,40
cochincita,cochincita,1,49
cockatiel,cockatiel,6,3
cockpits,cockpits,4,40
cocksoupmix,cocksoupmix,1,3
cocktails,cocktails,25,13
cocredditfoxtrot,cocredditfoxtrot,3,72
codaw,codaw,16,132
codcompetitive,codcompetitive,51,132
code,code,4,5
coderradio,coderradio,8,5
codes,codes,40,40
codghosts,codghosts,14,132
coding,coding,41,5
codmodernwarfare,codmodernwarfare,5,132
codoh,codoh,5,1263
codyslab,codyslab,2,3
codzombies,codzombies,54,132
coffee,coffee,68,40
coffeewithjesus,coffeewithjesus,1,1263
cogdis,cogdis,10,1263
cogneuro,cogneuro,3,1263
cogsci,cogsci,25,2380
coheedandcambria,coheedandcambria,2,2380
coilporn,coilporn,12,1910
coincidence,coincidence,3,3
coincidencetheorist,coincidencetheorist,3,1263
coinflipbot,coinflipbot,7,3
coinop,coinop,10,132
coins,coins,52,1
coinyewest,coinyewest,5,1
cojoco,cojoco,7,1263
colapost,colapost,2,1321
colbertreport,colbertreport,4,99
coldallergy,coldallergy,1,2380
coldplay,coldplay,5,2380
coldshowers,coldshowers,3,5
coldwar,coldwar,9,1263
colinquinn,colinquinn,1,2380
collaboratecode,collaboratecode,2,132
college,college,44,5
collegebaseball,collegebaseball,7,6
collegebros,collegebros,1,1321
collegefree,collegefree,1,49
collegehockey,collegehockey,12,6
collegelife,collegelife,1,3
collegesluts,collegesluts,6,1263
collegeworks,collegeworks,1,40
collinsbeach,collinsbeach,4,13
cologne,cologne,3,2167
colombia,colombia,15,2380
colonelsandersforpres,colonelsandersforpres,1,3
colorado,colorado,51,40
colorado4sanders,colorado4sanders,19,40
coloradoavalanche,coloradoavalanche,18,6
coloradocollege,coloradocollege,1,1263
coloradosprings,coloradosprings,13,40
colorblind,colorblind,24,3
coloringcorruptions,coloringcorruptions,7,49
colorization,colorization,17,40
colorizationrequests,colorizationrequests,8,40
colorizebot,colorizebot,3,40
colorizedhistory,colorizedhistory,26,1263
colormygrandpa,colormygrandpa,2,160
colts,colts,25,6
columbia,columbia,9,40
columbiamo,columbiamo,5,6
columbiners,columbiners,1,3
columbus,columbus,70,1263
columbusit,columbusit,1,1263
columbussocial,columbussocial,1,1263
combatex,combatex,2,132
combatfootage,combatfootage,61,1263
combinedgifs,combinedgifs,26,3
comcast,comcast,30,5
comedy,comedy,23,2380
comedybangbang,comedybangbang,8,3
comedybestof,comedybestof,9,95
comedycemetery,comedycemetery,79,1263
comedynerds,comedynerds,1,2380
comic_conhq,comic_conhq,8,99
comicbookart,comicbookart,9,99
comicbookcollabs,comicbookcollabs,8,99
comicbookmovies,comicbookmovies,24,99
comiccon,comiccon,20,99
comicthreads,comicthreads,1,40
comicwalls,comicwalls,5,99
comicwriting,comicwriting,2,99
comm214,comm214,7,3
comm_ents,comm_ents,1,3
commaconspiracy,commaconspiracy,12,1263
commandandconquer,commandandconquer,11,132
commandline,commandline,19,5
comment_chains,comment_chains,4,1263
comment_irl,comment_irl,4,1263
commentcalligraphy,commentcalligraphy,1,49
commentchains,commentchains,8,3
commentjeopardy,commentjeopardy,1,49
commentlostandfound,commentlostandfound,1,1321
commentnoire,commentnoire,1,49
comments_of_reddit,comments_of_reddit,3,3
commentsgetdrawn,commentsgetdrawn,2,3
commentsilike,commentsilike,6,1263
commentsongs,commentsongs,7,99
commentstoremember,commentstoremember,1,49
commentstories,commentstories,2,132
commenttales,commenttales,5,3
commercialcuts,commercialcuts,6,1321
commiewatch,commiewatch,11,1263
commodore,commodore,3,132
commonfilth,commonfilth,11,1263
commonsense,commonsense,2,13
commonwealths,commonwealths,2,67
communalsanctions,communalsanctions,10,1263
communism,communism,96,1263
communism101,communism101,27,1263
communismworldwide,communismworldwide,18,1263
community,community,57,3
companyofheroes,companyofheroes,12,5
competitionshooting,competitionshooting,5,7
competitivehalo,competitivehalo,7,132
competitivehs,competitivehs,17,132
competitiveoverwatch,competitiveoverwatch,28,132
completeanarchy,completeanarchy,83,1263
complexsystems,complexsystems,2,67
composer,composer,10,2380
composerofwords,composerofwords,1,49
compoundmedia,compoundmedia,3,1321
compsci,compsci,70,5
compulsiveskinpicking,compulsiveskinpicking,6,3
computercollecting,computercollecting,1,2380
computerforensics,computerforensics,8,5
computergraphics,computergraphics,13,5
computers,computers,34,5
computerscience,computerscience,13,5
computertechs,computertechs,12,5
computervision,computervision,8,5
computerwargames,computerwargames,4,132
conanexiles,conanexiles,9,132
concentrationofwealth,concentrationofwealth,37,1263
concertporn,concertporn,1,40
confessionbear,confessionbear,1,1263
confessions,confessions,24,1263
conflictnews,conflictnews,4,1263
confusedboners,confusedboners,32,3
confusedoreos,confusedoreos,1,49
confusedtravolta,confusedtravolta,2,3
confusing_perspective,confusing_perspective,5,3
conjecturevlog,conjecturevlog,1,2675
conlangs,conlangs,87,264
conmanseries,conmanseries,1,2380
connecticut,connecticut,40,6
connery,connery,22,132
connorave,connorave,4,40
conor_mcgregor,conor_mcgregor,3,13
consciousfuturist,consciousfuturist,1,1263
conservation,conservation,11,40
conservatives,conservatives,31,1263
conservativesonly,conservativesonly,7,1263
consluting,consluting,8,5
consoledeals,consoledeals,12,132
consoleproletariat,consoleproletariat,11,132
conspiracies,conspiracies,4,1263
conspiracy,conspiracy,941,1263
conspiracy201,conspiracy201,2,1263
conspiracy_uk,conspiracy_uk,1,1263
conspiracy_videos,conspiracy_videos,2,3
conspiracyama,conspiracyama,9,1263
conspiracybestof,conspiracybestof,3,1263
conspiracycrossfire,conspiracycrossfire,1,1263
conspiracydocumentary,conspiracydocumentary,5,67
conspiracyfact,conspiracyfact,16,1263
conspiracyfacts,conspiracyfacts,38,1263
conspiracygrumps,conspiracygrumps,9,132
conspiracyhub,conspiracyhub,3,1263
conspiracyhumour,conspiracyhumour,1,1263
conspiracyii,conspiracyii,1,1263
conspiracylite,conspiracylite,7,3
conspiracymemes,conspiracymemes,4,5
conspiracymoderated,conspiracymoderated,1,1263
conspiracynews,conspiracynews,5,1263
conspiracystickies,conspiracystickies,1,1263
conspiracytheories,conspiracytheories,1,1321
conspiracywhatif,conspiracywhatif,1,1263
conspiratardmythos,conspiratardmythos,1,1263
conspiratardo,conspiratardo,2,1263
conspiratardwatch,conspiratardwatch,2,132
conspiro,conspiro,9,1263
conspirology,conspirology,8,1263
constantiam,constantiam,3,264
constantine,constantine,8,99
construction,construction,22,40
consulting,consulting,28,5
consultthetarot,consultthetarot,4,40
contagiouslaughter,contagiouslaughter,29,3
contemporaryart,contemporaryart,7,1695
contentawarescale,contentawarescale,1,3
contestofchampions,contestofchampions,10,132
continueshow,continueshow,1,49
continuityporn,continuityporn,9,3
controllablewebcams,controllablewebcams,7,3
controlproblem,controlproblem,15,1263
controversial,controversial,1,3
contwhilstrary,contwhilstrary,2,3
convictedreposters,convictedreposters,1,3
cookieclicker,cookieclicker,10,3
cooking,cooking,98,13
cookingforbeginners,cookingforbeginners,5,13
cool,cool,3,67
coolacoustics,coolacoustics,1,1321
coolcollections,coolcollections,3,40
cooldinosaurpictures,cooldinosaurpictures,3,3
coolers,coolers,3,49
coolfacts,coolfacts,1,49
coolgamesinc,coolgamesinc,5,3
coolguides,coolguides,35,3
coolstorybro,coolstorybro,1,40
cooperatives,cooperatives,16,1263
copssuckdick,copssuckdick,1,40
copwatch,copwatch,5,1263
copykun,copykun,4,1695
copypasta,copypasta,61,132
copyright,copyright,2,132
corbarresurrected,corbarresurrected,1,3
cordcutters,cordcutters,91,5
cordkillers,cordkillers,7,5
corejerk,corejerk,29,2380
coreyfeldman,coreyfeldman,1,1263
corgi,corgi,22,3
corinthandmegara,corinthandmegara,2,40
cork,cork,6,1321
cornell,cornell,6,6
cornupthearse,cornupthearse,5,1263
cornwall,cornwall,3,40
corporatefacepalm,corporatefacepalm,32,1263
corporatemisconduct,corporatemisconduct,2,132
corporatesuffrage,corporatesuffrage,1,3
corpsmanup,corpsmanup,3,40
correlation,correlation,1,49
correlationcausation,correlationcausation,2,3
corruption,corruption,8,1263
cortex,cortex,2,16
cortexcommand,cortexcommand,1,132
corvoattano420,corvoattano420,9,99
cosmeticsurgery,cosmeticsurgery,1,2380
cosmicdisclosure,cosmicdisclosure,8,1263
cosmoandwanda,cosmoandwanda,2,3
cosmology,cosmology,10,16
cosmos,cosmos,11,5
cosplay,cosplay,75,132
cosplayers,cosplayers,8,132
cosplaygirls,cosplaygirls,37,132
costco,costco,7,40
cosuard,cosuard,4,1910
couchsurfing,couchsurfing,7,40
cougarsandcubs,cougarsandcubs,1,3
councilofthesun,councilofthesun,1,1263
counterintuitive,counterintuitive,1,49
countermine,countermine,2,1263
counterstrike,counterstrike,12,132
counterterrorism,counterterrorism,6,1263
counting,counting,18,3
counting_in_the_wild,counting_in_the_wild,4,16
countingcrows,countingcrows,1,40
country,country,6,1321
countryballme,countryballme,1,49
coupons,coupons,25,5
courtbreakdown,courtbreakdown,1,49
cousins,cousins,1,40
covane,covane,4,3
coversongs,coversongs,14,2380
cowboybebop,cowboybebop,11,99
cowboys,cowboys,38,6
cowchop,cowchop,14,132
cowsactinglikedogs,cowsactinglikedogs,1,3
coxncrendor,coxncrendor,3,13
coyotes,coyotes,11,6
coys,coys,34,2167
cozyplaces,cozyplaces,21,3
cpp,cpp,27,5
cpts,cpts,1,1263
cpudesign,cpudesign,1,2380
cr1tikal,cr1tikal,4,132
crabmeatdeadlifting,crabmeatdeadlifting,9,13
crac,crac,1,3
crackertown,crackertown,4,3
crackingthespinepod,crackingthespinepod,3,160
crackwatch,crackwatch,11,132
craftbeer,craftbeer,27,40
crafts,crafts,35,160
craigslist,craigslist,8,5172
crapmame,crapmame,4,132
crapperdesign,crapperdesign,2,5
crappydesign2,crappydesign2,5,2380
crappymodding,crappymodding,4,1263
crappyoffbrands,crappyoffbrands,16,3
crashbandicoot,crashbandicoot,8,132
crawlersightings,crawlersightings,4,67
crazybf4gifs,crazybf4gifs,1,132
crazyexgirlfriend,crazyexgirlfriend,4,1321
crazystairs,crazystairs,6,3
creativeshortfilm,creativeshortfilm,1,1321
creatures_of_earth,creatures_of_earth,2,3
credibledefense,credibledefense,20,1263
creed,creed,1,49
creepiestof,creepiestof,9,3
creepygaming,creepygaming,13,132
creepypasta,creepypasta,12,160
creepypms,creepypms,63,1263
creepypmsing,creepypmsing,1,1263
creo,creo,9,5
crescentallen,crescentallen,1,3
crewniverse,crewniverse,3,132
crh,crh,8,1
cricket,cricket,86,2167
cricketshitpost,cricketshitpost,11,2167
crime,crime,5,1321
crimewatch,crimewatch,3,1263
crimigrants,crimigrants,1,1263
criminalminds,criminalminds,1,2380
criminology,criminology,8,67
cringeposts,cringeposts,3,132
cringepuns,cringepuns,3,3
cringevids,cringevids,2,1321
cringeworthy,cringeworthy,4,3
cripplingalcoholism,cripplingalcoholism,17,40
crispr,crispr,4,5
criterion,criterion,7,99
criticalrole,criticalrole,12,3
criticaltheory,criticaltheory,28,1263
criticismofislam,criticismofislam,10,1263
croatia,croatia,80,3
crochet,crochet,38,40
crohnsdisease,crohnsdisease,24,67
crossdreaming,crossdreaming,6,1263
crossdressing,crossdressing,21,1263
crossfit,crossfit,40,13
crossstitch,crossstitch,19,40
crowdfunddit,crowdfunddit,4,1263
crowdfundedgames,crowdfundedgames,3,132
crowdfunding,crowdfunding,15,5
crowdfundingprojects,crowdfundingprojects,9,40
crowdsourcing,crowdsourcing,3,2380
crowjerk,crowjerk,3,160
crownvictoria,crownvictoria,4,40
crows,crows,2,3
crucibleplaybook,crucibleplaybook,7,132
cruise,cruise,7,13
crusaderkings,crusaderkings,88,132
crypto,crypto,58,1263
crypto_currency_news,crypto_currency_news,17,1
cryptomarkets,cryptomarkets,30,1
cryptozoology,cryptozoology,8,67
crystalpepsi,crystalpepsi,1,3
cscareerquestions,cscareerquestions,67,5
cscopenheartopenmind,cscopenheartopenmind,1,1263
csectioncentral,csectioncentral,2,1321
csgo,csgo,15,132
csgobetting,csgobetting,11,132
csgojerk,csgojerk,3,132
csgoscammers,csgoscammers,1,132
csharp,csharp,23,5
csoutcasts,csoutcasts,1,2380
csshelp,csshelp,16,132
csusm,csusm,1,40
ctfxc,ctfxc,2,1321
cuba,cuba,20,1263
cubancigars,cubancigars,2,40
cubers,cubers,55,3
cuboulder,cuboulder,5,40
cubs,cubs,14,6
cuck,cuck,3,1321
cucked_by_scopies,cucked_by_scopies,1,1263
cucknation,cucknation,2,1263
cuckold,cuckold,41,5172
cuckoldcommunity,cuckoldcommunity,9,5172
cultofdrillovr,cultofdrillovr,2,2380
cultofpeake,cultofpeake,3,132
cultofsanders,cultofsanders,2,40
cultoftaytay,cultoftaytay,2,5172
cumberbitches,cumberbitches,14,3
cumfetish,cumfetish,4,5172
cumsluts,cumsluts,22,5172
cupcakeforceo,cupcakeforceo,2,49
cuphalffull,cuphalffull,1,49
curecoin,curecoin,3,132
curiosityrover,curiosityrover,6,132
curiousvideos,curiousvideos,2,1321
curitiba,curitiba,3,3
curling,curling,3,40
curlyhair,curlyhair,13,95
currentgeek,currentgeek,18,132
currentyear,currentyear,1,49
curvy,curvy,12,5172
customavatars,customavatars,1,132
customeuropeanplates,customeuropeanplates,1,3
customhearthstone,customhearthstone,10,132
custommagic,custommagic,9,3
customrobo,customrobo,1,132
cutouts,cutouts,2,132
cwmovement,cwmovement,3,1263
cwru,cwru,3,6
cwu,cwu,1,40
cyael,cyael,5,40
cyanideandhappiness,cyanideandhappiness,3,2380
cyanideplaysgames,cyanideplaysgames,2,132
cyanogenmod,cyanogenmod,11,5
cyanskeleman,cyanskeleman,1,132
cyber,cyber,3,1263
cyberlaws,cyberlaws,5,5
cyberpatriot,cyberpatriot,1,2380
cyberpunk2077,cyberpunk2077,1,132
cyborgs,cyborgs,3,1263
cycling,cycling,19,40
cyclonenation,cyclonenation,4,6
cylance,cylance,1,2380
cylentshadow,cylentshadow,2,1
cynicalbrit,cynicalbrit,52,132
cynicalbritofficial,cynicalbritofficial,12,1263
cyoagames,cyoagames,3,3
cypherpunks,cypherpunks,2,5
cyprus,cyprus,6,1263
cysticfibrosis,cysticfibrosis,4,67
czech,czech,14,1263
daafgeluk,daafgeluk,1,40
dabs,dabs,3,67
dachshund,dachshund,5,3
dadalife,dadalife,1,2380
daddicks,daddicks,1,3
daddit,daddit,70,1321
daddypics,daddypics,1,40
dadfacts,dadfacts,1,3
dadjokes,dadjokes,63,3
dadlessons,dadlessons,1,49
dadmode,dadmode,1,1321
dadpooljokes,dadpooljokes,1,40
dadreflexes,dadreflexes,17,3
dadshowerthoughts,dadshowerthoughts,1,49
dadsinternaldialogue,dadsinternaldialogue,1,49
dadtricks,dadtricks,1,49
dae,dae,11,3
dae1984,dae1984,3,1263
daedricgod101,daedricgod101,1,49
daegames,daegames,1,132
daerelevantusername,daerelevantusername,9,3
daftpunk,daftpunk,29,2380
dagorhir,dagorhir,2,1
daily_funny_pics,daily_funny_pics,1,3
dailyshow,dailyshow,23,1263
dailytechnewsshow,dailytechnewsshow,48,5
dairyfarming,dairyfarming,1,2380
dairyqueen,dairyqueen,1,3
daisyridley,daisyridley,3,5172
daleiden,daleiden,3,1263
dalhousie,dalhousie,1,3
dallas,dallas,91,1910
dallasstars,dallasstars,13,6
damesandlettuce,damesandlettuce,1,1321
damninteresting,damninteresting,3,16
damnnatureyouscary,damnnatureyouscary,1,3
damnthatsinteresting,damnthatsinteresting,76,3
damnyouautocorrect,damnyouautocorrect,1,49
dampoldrunt,dampoldrunt,3,1263
dan,dan,2,3
dancarlin,dancarlin,6,1
dance,dance,17,13
dancedancerevolution,dancedancerevolution,12,132
dancemoms,dancemoms,2,3
dancing,dancing,3,4042
dancinglilypads,dancinglilypads,1,1263
dancingsharks,dancingsharks,1,3
dancormier,dancormier,3,3
dandragons,dandragons,1,49
daneatdirt,daneatdirt,2,2380
danganronpa,danganronpa,15,132
danger5,danger5,1,49
dangerwanks,dangerwanks,1,49
daniel,daniel,2,1263
danish,danish,9,2167
danisnotonfire,danisnotonfire,1,2380
dank_meme,dank_meme,7,3
dankantimatter,dankantimatter,2,160
dankchive,dankchive,5,3
dankchristianmemes,dankchristianmemes,31,1263
dankfuel,dankfuel,1,49
dankgatmaymays,dankgatmaymays,1,1263
danknugs,danknugs,1,40
dankpuns,dankpuns,12,40
dankvideos,dankvideos,2,3
danlebatardshow,danlebatardshow,16,6
danmag,danmag,80,3
dansyndrome,dansyndrome,1,40
dapado,dapado,1,3
dappsters,dappsters,1,1263
dardanellesgunmemes,dardanellesgunmemes,1,49
daredevil,daredevil,10,99
darkenlightenment,darkenlightenment,44,1263
darkestdungeon,darkestdungeon,11,132
darkfall,darkfall,3,132
darkfuturology,darkfuturology,39,1263
darkjedibrotherhood,darkjedibrotherhood,2,1263
darklyfunny,darklyfunny,1,49
darkmagicwatch,darkmagicwatch,3,1263
darkmoney,darkmoney,1,2380
darknet,darknet,18,1
darknetmarketsnoobs,darknetmarketsnoobs,10,1
darknetmarketsnz,darknetmarketsnz,6,1
darknetplan,darknetplan,36,5
darksouls,darksouls,44,132
darksouls2,darksouls2,36,132
darksouls3,darksouls3,51,132
dartfrog,dartfrog,3,3
darthjarjar,darthjarjar,19,99
dartmouth,dartmouth,3,5
darts,darts,4,1
darwinawards,darwinawards,2,49
dashboardconfessional,dashboardconfessional,1,2380
dashcam,dashcam,11,40
dashcamgifs,dashcamgifs,6,40
daspar,daspar,1,49
dasstar,dasstar,1,3
datacenter,datacenter,3,5
datahoarder,datahoarder,61,5
dataisugly,dataisugly,22,132
datascience,datascience,22,5
datasets,datasets,32,5
datfeel,datfeel,5,3
datguylirik,datguylirik,16,132
dating,dating,11,1263
dating_advice,dating_advice,31,1263
datingoverthirty,datingoverthirty,7,160
datsun,datsun,3,40
dave,dave,6,3
dave_rubin,dave_rubin,6,1263
daveandbusters,daveandbusters,5,132
davedameshek,davedameshek,1,2380
daveramsey,daveramsey,2,3
daverubin,daverubin,4,1321
davewinfield,davewinfield,1,3
davidbowie,davidbowie,10,40
davidtennant,davidtennant,11,2380
dawngate,dawngate,16,132
daystrominstitute,daystrominstitute,18,1263
dayton,dayton,19,6
dayz,dayz,84,132
dazdndcunfusd,dazdndcunfusd,5,3
dazesoft,dazesoft,1,40
dbz,dbz,74,132
dbzdokkanbattle,dbzdokkanbattle,10,132
dc_cinematic,dc_cinematic,52,99
dcbatman,dcbatman,5,99
dccomics,dccomics,72,99
dcss,dcss,2,132
dddjdd,dddjdd,2,6
de_simulator,de_simulator,12,2167
deaagents,deaagents,5,1263
deadbedroom,deadbedroom,5,1263
deadbedrooms,deadbedrooms,40,1263
deadbydaylight,deadbydaylight,10,132
deaddovejpg,deaddovejpg,1,2380
deadinboxes,deadinboxes,2,3
deadisland,deadisland,2,132
deadlikeme,deadlikeme,1,49
deadlyunicorn,deadlyunicorn,1,132
deadmau5,deadmau5,25,2380
deadniggastorage,deadniggastorage,1,1321
deadpool,deadpool,25,99
deadpoolgamingforum,deadpoolgamingforum,10,5
deadpoolhatersclub,deadpoolhatersclub,35,3
deadpoollogic,deadpoollogic,1,3
deadpools,deadpools,1,1321
deadredditors,deadredditors,25,1263
deadspace,deadspace,8,132
deadstate,deadstate,1,1263
deaf,deaf,27,1263
deals,deals,16,1
deardialogue,deardialogue,6,3
dearpeople,dearpeople,4,1
dearyishan,dearyishan,1,1263
deathby1000cuts,deathby1000cuts,1,132
deathclub,deathclub,9,13
deathgrips,deathgrips,23,2380
deathlings,deathlings,2,49
deathnote,deathnote,5,49
deathprotips,deathprotips,4,99
deathsquad,deathsquad,3,2380
deathtoamerikkka,deathtoamerikkka,35,1263
debate,debate,15,49
debateachristian,debateachristian,28,1263
debateacommunist,debateacommunist,20,1263
debatealtright,debatealtright,17,1263
debateanarchism,debateanarchism,69,1263
debateanatheist,debateanatheist,16,1263
debatecommunism,debatecommunism,27,1263
debateconspiracy,debateconspiracy,1,1263
debateevolution,debateevolution,3,1263
debatefascism,debatefascism,55,1263
debatereligion,debatereligion,61,1263
debatetranshumanism,debatetranshumanism,5,1263
debbieforpresident,debbieforpresident,3,1263
debryceisright,debryceisright,6,3
debunking,debunking,1,1263
debunkthis,debunkthis,15,5
decentralization,decentralization,1,2380
decidingtobebetter,decidingtobebetter,84,67
declutter,declutter,11,40
decodoku,decodoku,1,1263
dedgaem,dedgaem,6,132
deep_ecology,deep_ecology,17,1263
deepdream,deepdream,15,40
deepfriedburrito,deepfriedburrito,15,3
deepgreenresistance,deepgreenresistance,3,5
deepintoyoutube,deepintoyoutube,59,3
deepity,deepity,1,49
deepmoleintelligence,deepmoleintelligence,5,1263
deepmolewire,deepmolewire,2,5
deepspacenine,deepspacenine,8,99
deepthroat,deepthroat,7,5172
deepweb,deepweb,17,1
deereatingchairs,deereatingchairs,4,172
deerscicle,deerscicle,1,1263
deeznuts,deeznuts,1,3
deeznutsforpresident,deeznutsforpresident,2,3
deeznutz,deeznutz,1,3
defaultgems,defaultgems,65,1263
defaults,defaults,4,1263
defcon,defcon,9,5
defenders,defenders,31,99
definitelynotrussians,definitelynotrussians,2,1263
defranco,defranco,62,1263
deftones,deftones,5,2380
degrassi,degrassi,1,2380
delaware,delaware,46,40
delawarent,delawarent,3,40
delawareoh,delawareoh,4,1263
delete,delete,1,3
delete_the_donald,delete_the_donald,1,1321
deleted,deleted,2,3
delhi,delhi,11,2167
delightfullychubby,delightfullychubby,6,3
delorean,delorean,2,40
delraymisfits,delraymisfits,2,13
deltagreenrpg,deltagreenrpg,3,2380
delusionalartists,delusionalartists,61,1263
dem_archives,dem_archives,1,1321
dementia,dementia,10,67
demeyor,demeyor,6,5
demfeels,demfeels,7,1263
democraciv,democraciv,16,160
democracy,democracy,5,1263
democrat,democrat,4,95
democrats,democrats,58,1263
demonssouls,demonssouls,2,132
demotivational,demotivational,6,1263
denser,denser,12,16
dentalrdh,dentalrdh,2,5
dentistry,dentistry,30,5
denton,denton,16,1910
denverbroncos,denverbroncos,49,6
denvernuggets,denvernuggets,9,6
denversciencemarch,denversciencemarch,1,1263
deohneregeln,deohneregeln,16,2167
deportthomas,deportthomas,1,49
depra,depra,9,3
depressed,depressed,3,132
depressingfridgepoems,depressingfridgepoems,1,3
depression,depression,70,1263
depressionregimens,depressionregimens,8,67
derby,derby,2,3
derekbest,derekbest,4,13
derfla_bookmarks,derfla_bookmarks,3,5
derscheisser,derscheisser,1,49
descent,descent,1,132
descentintotyranny,descentintotyranny,31,1263
desertsofkharak,desertsofkharak,2,132
deservedgold,deservedgold,1,3
design,design,61,5
design_critiques,design_critiques,14,5
designjobs,designjobs,8,1
designmemes,designmemes,1,3
designmyroom,designmyroom,8,40
designporn,designporn,22,40
designthought,designthought,9,5
desirepath,desirepath,26,3
deskcorners,deskcorners,3,40
desmoines,desmoines,12,2380
destabilized,destabilized,3,3
destiny,destiny,56,1263
destinyclips,destinyclips,1,132
destinymemes,destinymemes,1,3
destroythissubreddit,destroythissubreddit,1,49
destroyzion,destroyzion,6,1263
destructionporn,destructionporn,8,40
destructivereaders,destructivereaders,5,160
desynchronized,desynchronized,1,3
detectivepaper,detectivepaper,6,40
determinism,determinism,3,67
detroit,detroit,66,40
detroitlions,detroitlions,48,6
detroitredwings,detroitredwings,27,6
deusex,deusex,28,132
deusvult,deusvult,17,1263
deviantart,deviantart,3,3
devilmaycry,devilmaycry,4,132
devils,devils,29,6
devintownsend,devintownsend,6,2380
devoted,devoted,32,264
dewel,dewel,1,49
dexter,dexter,10,3
dflovett,dflovett,1,49
dfsports,dfsports,8,6
dfwbike,dfwbike,3,1910
dgu,dgu,7,1263
dhmis,dhmis,7,99
diabetes,diabetes,41,13
diablo,diablo,60,132
diablo1,diablo1,2,132
diablo2,diablo2,3,40
diablo3,diablo3,29,132
diablo3witchdoctors,diablo3witchdoctors,3,132
dialysis,dialysis,4,40
diamondclub,diamondclub,16,1321
dickbutt,dickbutt,13,5
dickgirls,dickgirls,2,1263
dicklips,dicklips,1,3
dicksoutforpepe,dicksoutforpepe,6,1263
did,did,5,13
didntneedtodothemath,didntneedtodothemath,1,3
didthemath,didthemath,2,3
dieantwoord,dieantwoord,3,2380
dieoff,dieoff,1,2380
diepio,diepio,23,16
diesel,diesel,11,40
digimon,digimon,17,99
digitalblasphemy,digitalblasphemy,2,132
digitalcartel,digitalcartel,79,67
digitalnomad,digitalnomad,22,5
dilbert,dilbert,2,1263
dimension404,dimension404,1,2380
dimensionaljumping,dimensionaljumping,14,1263
dinduism,dinduism,1,1263
dinomap,dinomap,1,1263
dinosaur_jr,dinosaur_jr,1,2380
dinosaurs,dinosaurs,18,3
dippingtobacco,dippingtobacco,8,1263
directdemocracyparty,directdemocracyparty,1,3
dirgemusic,dirgemusic,2,40
dirtgame,dirtgame,8,40
dirtnglitter,dirtnglitter,4,132
dirty530,dirty530,2,40
dirtybomb,dirtybomb,19,132
dirtyheads,dirtyheads,1,2380
dirtykikpals,dirtykikpals,6,5172
dirtypenpals,dirtypenpals,27,40
dirtyr4r,dirtyr4r,15,5172
dirtysmall,dirtysmall,11,5172
disability,disability,21,67
disableddevotion,disableddevotion,1,40
discarded,discarded,2,132
discexchange,discexchange,2,3
discgolf,discgolf,43,3
disciplesoftotes,disciplesoftotes,4,3
disciplined,disciplined,7,1263
discjam,discjam,3,132
discordapp,discordapp,31,5
discordia,discordia,4,67
discordian,discordian,10,67
discusshuman,discusshuman,12,16
discusstheopenletter,discusstheopenletter,7,1263
discworld,discworld,39,3
dishonored,dishonored,20,132
disinfo,disinfo,2,1263
disinformants,disinformants,5,67
disinformation,disinformation,1,1263
disney,disney,51,99
disney_infinity,disney_infinity,6,1
disneyisfuckingmetal,disneyisfuckingmetal,1,3
disneyland,disneyland,15,99
disneyvacation,disneyvacation,1,3
disnonored,disnonored,2,2380
disobey,disobey,2,1321
disparaged,disparaged,1,3
distension,distension,4,5172
distortedview,distortedview,31,1263
distributism,distributism,7,2380
disturbinginterest,disturbinginterest,1,3
dittoditto,dittoditto,3,3
divigations,divigations,30,1263
divinityoriginalsin,divinityoriginalsin,4,132
divit,divit,1,49
divorce,divorce,12,1263
diwhy,diwhy,52,3
dixie,dixie,3,1263
dixiefood,dixiefood,2,3
diy_ejuice,diy_ejuice,21,1910
diyfail,diyfail,5,40
diyporn,diyporn,1,49
dji,dji,10,40
djiphantom,djiphantom,14,40
djs,djs,34,2380
djscirclejerk,djscirclejerk,18,2380
dkoa,dkoa,1,2380
dladigital,dladigital,3,5
dmacademy,dmacademy,2,160
dmb,dmb,1,49
dmdadjokes,dmdadjokes,9,160
dmt,dmt,23,67
dnation,dnation,1,1321
dnb,dnb,20,2380
dncdeathtoll,dncdeathtoll,1,1263
dncleaks,dncleaks,61,1263
dndgreentext,dndgreentext,15,160
dndnext,dndnext,50,160
dnmuk,dnmuk,8,1
dns,dns,6,5
docbaker,docbaker,10,67
doctorsofindia,doctorsofindia,2,1263
doctorsound,doctorsound,1,49
doctorsthatgame,doctorsthatgame,9,132
doctorwho,doctorwho,90,3
doctorwhocirclejerk,doctorwhocirclejerk,6,3
doctorwhumour,doctorwhumour,15,3
documentedtruth,documentedtruth,1,1263
dodgers,dodgers,35,6
doener,doener,3,2167
doesanybodyelse,doesanybodyelse,38,1263
doesnottranslate,doesnottranslate,10,1263
doesthesungiveafuck,doesthesungiveafuck,2,16
dofus,dofus,1,3
dogberg,dogberg,2,1321
dogcare,dogcare,3,3
doge,doge,17,3
dogeawards,dogeawards,4,1
dogecat,dogecat,1,2380
dogecoin_nascar,dogecoin_nascar,4,40
dogecoinv2,dogecoinv2,3,1
dogemarket,dogemarket,27,1
dogenews,dogenews,21,1
dogepollo,dogepollo,1,2380
dogetipbot,dogetipbot,7,3
dogfashion,dogfashion,3,40
dogfree,dogfree,5,1263
doggohate,doggohate,2,3
doggos,doggos,4,5172
doggrooming,doggrooming,1,40
dogpictures,dogpictures,20,3
dogs,dogs,99,3
dogsbeingbros,dogsbeingbros,1,3
dogsbuttlookslike,dogsbuttlookslike,1,3
dogshowerthoughts,dogshowerthoughts,5,40
dogswearinghats,dogswearinghats,6,3
dogswithvests,dogswithvests,2,3
dogtalk,dogtalk,1,3
dogtraining,dogtraining,25,3
dolan,dolan,2,3
dolphinaut,dolphinaut,4,1263
dolphinconspiracy,dolphinconspiracy,11,3
domesticviolence,domesticviolence,5,99
dominican,dominican,7,40
dominos,dominos,2,40
donald,donald,1,1263
donaldandhobbes,donaldandhobbes,3,49
donaldglover,donaldglover,23,2380
donaldishypocrite,donaldishypocrite,1,1263
donaldtrump,donaldtrump,4,1263
donaldtrump2016,donaldtrump2016,4,1263
donaldtrumpsucks,donaldtrumpsucks,12,1263
donaldvshillary,donaldvshillary,2,1263
donleytimefoundation,donleytimefoundation,4,132
donniedarko,donniedarko,1,49
donotcorrectmygrammar,donotcorrectmygrammar,3,3
dontbelieveme,dontbelieveme,1,1263
dontdeadopeninside,dontdeadopeninside,12,1910
dontforget,dontforget,4,1321
dontgiveafuckistan,dontgiveafuckistan,1,1263
dontpanic,dontpanic,14,3
dontstarve,dontstarve,9,132
donttellmom,donttellmom,2,3
dontwatchanime,dontwatchanime,1,49
dontyouknowwhoiam,dontyouknowwhoiam,34,40
doom,doom,40,132
doomkamen,doomkamen,1,49
doommetal,doommetal,15,2380
doomsdaycult,doomsdaycult,3,67
doomtree,doomtree,1,2380
doordash,doordash,1,3
doppelbangher,doppelbangher,6,5172
dopplebangher,dopplebangher,6,5172
doritos,doritos,1,3
dosomethingnice,dosomethingnice,1,49
dota2circlejerk,dota2circlejerk,28,132
dota2loungebets,dota2loungebets,7,132
dotamasterrace,dotamasterrace,49,132
dothack,dothack,2,132
doubledog,doubledog,3,3
doublefine,doublefine,2,40
doublemeat,doublemeat,1,2380
doublemintdave79,doublemintdave79,10,6
douglovesmovies,douglovesmovies,5,99
downsyndrome,downsyndrome,7,13
downtonabbey,downtonabbey,5,13
downvotedbecauseop,downvotedbecauseop,3,3
downvotedwithgold,downvotedwithgold,2,132
downvotesreally,downvotesreally,55,1263
downvotetrolling,downvotetrolling,9,3
downwithets,downwithets,1,3
downwiththedonald,downwiththedonald,3,1263
doyouknowwhoiam,doyouknowwhoiam,1,49
dpdr,dpdr,6,67
drag,drag,12,1263
dragonage,dragonage,22,132
dragonfable,dragonfable,1,49
dragonquest,dragonquest,11,132
dragons,dragons,12,99
dragonsdogma,dragonsdogma,4,40
dragonsfuckingcars,dragonsfuckingcars,4,132
dragonslayer,dragonslayer,1,132
dragonstone,dragonstone,4,3
dragracing,dragracing,3,40
drake,drake,3,2380
drama,drama,1050,1263
dramaerotica,dramaerotica,1,1263
dramaindrama,dramaindrama,1,1263
dramaland,dramaland,7,99
dramamovienights,dramamovienights,1,1263
dramaorcirclebroke,dramaorcirclebroke,1,1263
drawforme,drawforme,20,3
drawing,drawing,31,160
drcconflict,drcconflict,1,40
drdreamtime,drdreamtime,1,49
dreadfort,dreadfort,17,3
dreamcast,dreamcast,10,132
dreamingmeditation,dreamingmeditation,2,67
dreams,dreams,29,67
dreamtheater,dreamtheater,5,2380
dresden,dresden,3,40
dresdenfiles,dresdenfiles,29,3
drexel,drexel,7,67
drifting,drifting,8,40
drinkingproblems,drinkingproblems,1,3
driveclub,driveclub,3,132
drizzy,drizzy,4,2380
drjudywood,drjudywood,1,1263
drkcoin,drkcoin,16,1
drones,drones,35,40
dropgoogle,dropgoogle,1,1263
dropthemic,dropthemic,19,1263
drought,drought,5,40
druaga1,druaga1,3,5
drugmemes,drugmemes,1,132
drugnerds,drugnerds,39,67
drugscirclejerk,drugscirclejerk,71,67
drumandbass,drumandbass,4,2380
drumcorps,drumcorps,12,40
drumline,drumline,2,40
drummers,drummers,1,49
drumming,drumming,4,2380
drumpf,drumpf,20,1263
drums,drums,37,2167
drunk,drunk,85,3
drunkasoiaf,drunkasoiaf,2,3
drunkbiology,drunkbiology,2,3
drunkenpeasants,drunkenpeasants,42,1263
drunkorakid,drunkorakid,10,3
drunkorstroke,drunkorstroke,1,49
drunkreddit,drunkreddit,1,49
drunksofreddit,drunksofreddit,1,1263
drunkvapes,drunkvapes,8,1910
drunkymovie,drunkymovie,1,2380
drurysmc,drurysmc,1,2380
drwho,drwho,3,40
dsnucetdgcoliicblpcrt,dsnucetdgcoliicblpcrt,1,3
dspd,dspd,3,5
dtipics,dtipics,1,3
dualuniverse,dualuniverse,2,132
dubai,dubai,46,5
dublin,dublin,15,99
dubstep,dubstep,20,2380
ducklifeprotips,ducklifeprotips,1,40
ducklings,ducklings,1,49
ducks,ducks,13,6
ducttape,ducttape,1,3
dudeism,dudeism,3,40
duesseldorf,duesseldorf,2,1321
duk,duk,13,2380
dukbcaaj,dukbcaaj,2,1263
duke,duke,3,6
duluth,duluth,4,6
dulwichcollege,dulwichcollege,1,3
dumb,dumb,1,49
dumbanddumber,dumbanddumber,2,2380
dumbestever,dumbestever,1,49
dumbredditposts,dumbredditposts,1,3
dumpsterdiving,dumpsterdiving,38,40
duncantrussell,duncantrussell,8,13
dundermifflin,dundermifflin,80,3
dune,dune,21,49
dungeondefenders,dungeondefenders,1,132
dungeonsanddragons,dungeonsanddragons,19,160
dunkindonuts,dunkindonuts,2,132
duolingo,duolingo,36,1321
duradio,duradio,24,5
dutch,dutch,1,3
dutchposer,dutchposer,3,3
dutchshitonreddit,dutchshitonreddit,33,1263
dvbhistory,dvbhistory,13,40
dvdasa,dvdasa,14,13
dvdcollection,dvdcollection,15,99
dvz,dvz,7,264
dvzcirclejerk,dvzcirclejerk,4,264
dwarffortress,dwarffortress,55,132
dwarfism,dwarfism,2,7
dyinglight,dyinglight,13,132
dylan,dylan,1,132
dyslexia,dyslexia,4,1321
dythchswtohaizngomsi,dythchswtohaizngomsi,1,3
dzogchen,dzogchen,4,67
eaf,eaf,2,40
eagles,eagles,61,6
earlyadopter,earlyadopter,14,3
earningmoney,earningmoney,10,5
earpenis,earpenis,1,3
earth199999,earth199999,3,99
earthbound,earthbound,16,132
earthdisaster,earthdisaster,11,1263
earthoficeandfire,earthoficeandfire,2,13
earthpornvids,earthpornvids,4,40
earthquakes,earthquakes,4,1263
earthscience,earthscience,4,1263
earwolf,earwolf,38,2380
easportsufc,easportsufc,6,1263
eastereggs,eastereggs,4,132
easternsunrising,easternsunrising,14,1263
eatcheapandhealthy,eatcheapandhealthy,45,13
eatcheapandvegan,eatcheapandvegan,2,13
eatingdisorders,eatingdisorders,1,40
eatsandwiches,eatsandwiches,17,3
eatyourwords,eatyourwords,3,40
ebay,ebay,16,132
ebes,ebes,11,3
ebgames,ebgames,2,132
ebola,ebola,37,1263
ebolahoax,ebolahoax,16,1263
ebolapanic,ebolapanic,1,1263
ebolatard,ebolatard,7,1263
ebolawestafrica,ebolawestafrica,2,1263
ece,ece,23,5
eceprofessionals,eceprofessionals,10,2380
eclipsephase,eclipsephase,6,160
ecofeminism,ecofeminism,1,2380
ecofriendly,ecofriendly,1,2380
ecointernet,ecointernet,2,1263
ecology,ecology,16,5
econometrics,econometrics,4,5
economiccollapse,economiccollapse,5,1
economy,economy,65,1263
econopunk,econopunk,6,1263
ecr_eu,ecr_eu,21,1910
ecrpoker,ecrpoker,7,1910
eczema,eczema,6,67
edc,edc,65,7
edefreiheit,edefreiheit,35,1263
edendirect,edendirect,4,132
edenmcmxcv,edenmcmxcv,3,2380
eder,eder,5,2167
edf,edf,1,3
edgy,edgy,5,1263
edh,edh,24,160
edinburgh,edinburgh,15,2167
editedtopcomments,editedtopcomments,1,1321
editforthegold,editforthegold,4,3
editgore,editgore,2,1263
editingandlayout,editingandlayout,4,1263
editingreddit,editingreddit,3,5172
editors,editors,19,99
editwhores,editwhores,2,49
edm,edm,58,2380
edmonton,edmonton,55,1263
edmontonoilers,edmontonoilers,20,6
edmprodcirclejerk,edmprodcirclejerk,83,2380
edmproduction,edmproduction,73,2380
edtech,edtech,17,5
education,education,62,1263
educationalgifs,educationalgifs,48,3
edwin,edwin,1,2380
edwingustovsyndrome,edwingustovsyndrome,1,3
edx,edx,10,2380
eelkat,eelkat,6,160
eesti,eesti,18,132
effectivealtruism,effectivealtruism,4,2380
efreebies,efreebies,44,1
egalitarianism,egalitarianism,9,1263
egret,egret,1,3
egypt,egypt,22,1263
ehlersdanlos,ehlersdanlos,9,67
eightnote,eightnote,1,1263
eindhoven,eindhoven,5,2167
eintracht,eintracht,1,3
eitedagerous,eitedagerous,4,16
elaboratesetups,elaboratesetups,2,3
elateachers,elateachers,4,5
elchapo,elchapo,1,1321
elderscrolls,elderscrolls,21,132
elderscrollslegends,elderscrollslegends,11,132
elderscrollsonline,elderscrollsonline,61,132
eldersofzion,eldersofzion,3,1263
eldersscrollsonline,eldersscrollsonline,1,40
eldertrees,eldertrees,34,67
election2016,election2016,2,1263
electionfraud,electionfraud,2,1263
electionreform,electionreform,5,1263
electionreformxpost,electionreformxpost,9,1263
electriccars,electriccars,2,40
electricdaisycarnival,electricdaisycarnival,24,2380
electricforest,electricforest,39,2380
electricians,electricians,50,40
electricunicycle,electricunicycle,2,3
electricvehicles,electricvehicles,31,40
electrohiphop,electrohiphop,3,2380
electrohouse,electrohouse,11,2380
electromagnetics,electromagnetics,60,67
electronic,electronic,2,1910
electronics,electronics,72,5
electronmicroscopy,electronmicroscopy,1,40
electropop,electropop,1,2380
elemental3,elemental3,1,1263
eli5thebible,eli5thebible,1,49
eligangsta,eligangsta,1,3
elik,elik,2,95
elinerdy,elinerdy,2,1263
elint,elint,2,1263
eliomotors,eliomotors,5,40
eliteexplorers,eliteexplorers,9,16
elitehudson,elitehudson,18,16
elitehumor,elitehumor,2,16
eliteone,eliteone,15,16
elitistwatch,elitistwatch,10,2380
elks,elks,1,40
ell,ell,1,49
ellenpaohate,ellenpaohate,5,1263
ellenpaoinaction,ellenpaoinaction,29,1263
ellenpaoplehate,ellenpaoplehate,2,3
elonmusk,elonmusk,22,16
elpaso,elpaso,7,1263
elsanna,elsanna,13,49
elsbot,elsbot,4,1263
email,email,3,5
emanface,emanface,12,132
emboldenthee,emboldenthee,22,132
emdrive,emdrive,19,5
emeraldps2,emeraldps2,31,132
emergencymanagement,emergencymanagement,1,1263
emilyhancock,emilyhancock,1,40
emilyratajkowski,emilyratajkowski,1,1263
eminem,eminem,45,3
emmaapproved,emmaapproved,2,2380
emmawatson,emmawatson,6,5172
emo,emo,10,2380
emojipasta,emojipasta,18,3
emoticongore,emoticongore,4,5
empaths,empaths,4,67
empiredidnothingwrong,empiredidnothingwrong,23,3
empireofjoshuanorton,empireofjoshuanorton,1,49
ems,ems,64,3
emtstories,emtstories,1,40
emu,emu,6,40
emulation,emulation,54,132
emusrunningfromstuff,emusrunningfromstuff,1,3
emuwarflashbacks,emuwarflashbacks,7,3
emwolbs,emwolbs,1,3
encryption,encryption,9,2167
encyclopediadramatica,encyclopediadramatica,1,1263
endangeredspecies,endangeredspecies,3,1263
endbigotry,endbigotry,3,1263
enddemocracy,enddemocracy,18,1263
endlesslegend,endlesslegend,7,132
endlesswar,endlesswar,28,1263
endracism,endracism,1,1263
endtipping,endtipping,2,1263
energy,energy,77,40
energy_work,energy_work,8,67
energydrinks,energydrinks,1,40
energypolitics,energypolitics,5,40
energystorage,energystorage,7,40
enfp,enfp,12,67
engagementrings,engagementrings,2,2380
engineeredattacks,engineeredattacks,2,40
engineering,engineering,77,5
engineeringporn,engineeringporn,32,40
engineeringstudents,engineeringstudents,62,5
engineerpoet,engineerpoet,2,3
england,england,12,2167
engrish,engrish,11,3
enhancement,enhancement,21,3
enlightenedbirdmen,enlightenedbirdmen,59,3
enough_tulsi_spam,enough_tulsi_spam,1,40
enoughantifaspam,enoughantifaspam,4,1263
enoughbasicincomespam,enoughbasicincomespam,9,1263
enoughcapitalistspam,enoughcapitalistspam,30,1263
enoughclassistspam,enoughclassistspam,9,1263
enoughcommiespam,enoughcommiespam,94,1263
enoughdutertelove,enoughdutertelove,2,1263
enoughfakenewsspam,enoughfakenewsspam,2,1263
enoughgaryjohnsonspam,enoughgaryjohnsonspam,2,2380
enoughgoprospam,enoughgoprospam,2,99
enoughhillhate,enoughhillhate,58,1263
enoughinternet,enoughinternet,12,1263
enoughkropotkinspam,enoughkropotkinspam,3,1263
enoughmuskspam,enoughmuskspam,25,1263
enoughpaulspam,enoughpaulspam,14,1263
enoughsteinspam,enoughsteinspam,6,1263
enought_d,enought_d,1,1263
enoughtwopartyspam,enoughtwopartyspam,34,1263
enoughukipperspam,enoughukipperspam,6,1263
ent,ent,2,67
enterpreneur,enterpreneur,3,3
entertainment,entertainment,41,3
entexchange,entexchange,13,67
entj,entj,3,67
entomology,entomology,22,3
entomophagy,entomophagy,3,2380
entourage,entourage,3,132
entp,entp,49,67
entrepreneurship,entrepreneurship,6,5
entrumpreneurs,entrumpreneurs,1,1263
entwined,entwined,1,1263
enviroaction,enviroaction,6,1263
enviroment,enviroment,1,2380
environmental_science,environmental_science,4,1263
environmentalism,environmentalism,1,40
eod,eod,6,1263
eood,eood,7,67
epcot,epcot,6,99
epicbattlemaaaage,epicbattlemaaaage,4,5172
epiccardgame,epiccardgame,2,160
epicfeatsofgaming,epicfeatsofgaming,1,132
epidemiology,epidemiology,5,67
epilepsy,epilepsy,12,67
epost,epost,1,40
eposting,eposting,2,3
epu,epu,19,1263
eqnext,eqnext,9,132
equestrian,equestrian,9,40
eradicateislam,eradicateislam,1,1263
eradinnovations,eradinnovations,2,132
eragon,eragon,7,1321
erasetheplace,erasetheplace,2,99
erb,erb,8,1263
erfworld,erfworld,2,160
ericprydz,ericprydz,6,2380
eritrea,eritrea,2,3
erotica,erotica,7,1263
eroticauthors,eroticauthors,10,1263
erotichypnosis,erotichypnosis,7,160
eroticliterature,eroticliterature,13,5172
errc,errc,2,6
esa,esa,6,16
esarosettamission,esarosettamission,5,16
esea,esea,1,132
esism,esism,1,1263
esist,esist,59,1263
esket,esket,1,49
especiallywithcontext,especiallywithcontext,11,3
esperanto,esperanto,33,1321
esports,esports,44,132
estetica_mexico,estetica_mexico,1,2380
estimation,estimation,8,1263
estoration,estoration,8,40
etarded,etarded,1,1263
etarted,etarted,1,1263
etchasketch,etchasketch,2,5
etcshow,etcshow,14,132
ete,ete,3,3
ethereumclassic,ethereumclassic,15,1
ethermining,ethermining,6,1
ethicalbuying,ethicalbuying,15,13
ethicalconsumerism,ethicalconsumerism,1,40
ethiopia,ethiopia,3,99
ethiopianfood,ethiopianfood,1,3
ethiopiapics,ethiopiapics,1,40
ethology,ethology,2,1263
ethoslab,ethoslab,7,264
ethtrader,ethtrader,67,1
etsy,etsy,11,2380
etymology,etymology,23,3
etymologymaps,etymologymaps,6,1695
eu4,eu4,68,132
eugene,eugene,23,40
eugenics,eugenics,6,1263
eureka,eureka,1,40
euromaidan,euromaidan,1,1263
europeanpeoples,europeanpeoples,6,1263
europeinaction,europeinaction,7,7
europeisperfect,europeisperfect,2,1263
europemeta,europemeta,9,1263
europes,europes,8,1263
europesjwwatch,europesjwwatch,3,1263
europrivacy,europrivacy,10,5
eurosmug,eurosmug,8,1263
euthanasia,euthanasia,3,1263
evangelion,evangelion,40,99
evd,evd,2,1263
evecirclejerk,evecirclejerk,2,132
evedreddit,evedreddit,7,132
evejobs,evejobs,9,132
evenge,evenge,1,1263
eventplanning,eventplanning,2,40
eventual_cancer,eventual_cancer,1,3
eveonline,eveonline,4,132
evepc,evepc,1,2380
everclear,everclear,1,2380
everett,everett,4,5172
evergreencoin,evergreencoin,7,1
everquest,everquest,5,132
every_one_is_mod,every_one_is_mod,6,3
everydaymuslims,everydaymuslims,1,2380
everydayride,everydayride,4,40
everyfuckingthinghate,everyfuckingthinghate,1,3
everymanshouldknow,everymanshouldknow,66,1263
everyonegroup,everyonegroup,1,132
everything,everything,5,132
evesgarden,evesgarden,1,3
evex,evex,37,3
evilbuildings,evilbuildings,49,3
evildead,evildead,1,40
evilleagueofevil,evilleagueofevil,27,6
evodea,evodea,2,132
evolution,evolution,33,172
evolutionreddit,evolutionreddit,40,1263
evolvegame,evolvegame,18,132
evolver_ocelot,evolver_ocelot,2,132
ewwducational,ewwducational,2,3
exadventist,exadventist,5,1263
exalted,exalted,4,160
examplesofevil,examplesofevil,22,1263
examplesofgood,examplesofgood,16,40
exasperations,exasperations,2,1321
exbahai,exbahai,6,1263
excatholic,excatholic,9,1263
excel,excel,26,5
excgaration,excgaration,89,3
exchangeserver,exchangeserver,9,5
exchristian,exchristian,29,1263
excons,excons,24,5
exhomosexual,exhomosexual,2,1263
existentialism,existentialism,8,1263
exittors,exittors,14,1263
exjew,exjew,9,1263
exjw,exjw,97,1263
exmlm,exmlm,5,40
exmo_conservative,exmo_conservative,2,1263
exmotrees,exmotrees,3,3
exmoxxxy,exmoxxxy,4,1263
exmuslimpolitics,exmuslimpolitics,2,1263
exnocontact,exnocontact,11,1263
exo,exo,3,132
exoplanets,exoplanets,5,16
expat,expat,4,1263
expealrecords,expealrecords,2,5
expectationvsreality,expectationvsreality,33,1263
expectedfactorial,expectedfactorial,2,5
expectedhamilton,expectedhamilton,4,3
experiment,experiment,2,1263
experimentalmusic,experimentalmusic,10,2380
experimentstodo,experimentstodo,5,5
experthasarrived,experthasarrived,13,3
expertknowledge,expertknowledge,1,3
explainlikeannpc,explainlikeannpc,1,49
explainlikedonald,explainlikedonald,2,40
explainlikedrcox,explainlikedrcox,7,67
explainlikeimcalvin,explainlikeimcalvin,13,5
explainlikeimjive,explainlikeimjive,4,132
explainlikeimscared,explainlikeimscared,1,40
explainlikeimscp,explainlikeimscp,2,264
explainlikethegang,explainlikethegang,6,132
explodingkittens,explodingkittens,1,2380
exploringperspectives,exploringperspectives,2,49
exposureporn,exposureporn,14,40
extralife,extralife,8,132
exurb1a,exurb1a,2,67
exwithalemonadestand,exwithalemonadestand,1,40
exxxtras,exxxtras,10,5172
exzj,exzj,7,2167
eyaib,eyaib,1,3
eyebleach,eyebleach,40,1263
eyebombing,eyebombing,5,40
eyedea,eyedea,1,2380
eyesex,eyesex,1,3
eyesuphere,eyesuphere,1,3
f13thegame,f13thegame,1,2380
f1circlejerk,f1circlejerk,5,3
f1feederseries,f1feederseries,9,40
f_tip_ama,f_tip_ama,1,1263
fabianism,fabianism,1,1263
fabulousferds,fabulousferds,13,1263
facebook,facebook,26,5
facebookacquisition,facebookacquisition,1,1263
facebookdrama,facebookdrama,11,99
facebookgroupchat,facebookgroupchat,1,49
facebookwins,facebookwins,16,1263
facefolding,facefolding,1,3
faceoff,faceoff,3,132
facepalmfacepalms,facepalmfacepalms,7,1263
facer,facer,12,5
facesitting,facesitting,3,5172
faceswap,faceswap,2,3
faceymcfaceface,faceymcfaceface,2,3
facingtheirparenting,facingtheirparenting,3,3
factcheck,factcheck,2,3
factorio,factorio,33,3
factsandlogic,factsandlogic,2,1263
fahrrad,fahrrad,4,2167
fail,fail,2,5
failediamas,failediamas,1,2380
failedmessiah,failedmessiah,1,2380
faimprovement,faimprovement,8,13
fairbanks,fairbanks,6,40
fairshare,fairshare,14,1
fairytail,fairytail,8,99
faithinhumanity,faithinhumanity,10,40
fakealbumcovers,fakealbumcovers,5,3
fakeasiangifs,fakeasiangifs,2,3
fakebookcovers,fakebookcovers,1,3
fakebutfunny,fakebutfunny,1,3
fakecontext,fakecontext,4,3
fakeflagger,fakeflagger,1,1263
fakehistoryfacts,fakehistoryfacts,2,49
fakehistoryporn,fakehistoryporn,13,40
fakeid,fakeid,52,1
fakenews,fakenews,5,1263
fakescenarionames,fakescenarionames,14,3
falcons,falcons,36,6
falconsocialclub,falconsocialclub,1,2380
fallenlondon,fallenlondon,4,49
falloftitan,falloftitan,2,16
falloutboy,falloutboy,8,2380
falloutequestria,falloutequestria,6,99
falloutlore,falloutlore,10,132
falloutmods,falloutmods,16,132
falseflagwatch,falseflagwatch,3,1263
falsehood,falsehood,2,1321
familyfeud,familyfeud,2,3
familyguy,familyguy,11,99
familyrecipes,familyrecipes,2,13
fancyfollicles,fancyfollicles,22,95
fandomnatural,fandomnatural,22,1910
fandomwank,fandomwank,2,132
fanfiction,fanfiction,41,99
fansofmma,fansofmma,2,13
fantanoforever,fantanoforever,5,2380
fantasybaseball,fantasybaseball,24,6
fantasybball,fantasybball,12,13
fantasycannibalism,fantasycannibalism,4,1321
fantasyfootball,fantasyfootball,68,6
fantasyhockey,fantasyhockey,10,6
fantasypl,fantasypl,15,2167
fapnrpg,fapnrpg,3,132
fapsassinations,fapsassinations,1,3
farcry4,farcry4,2,1321
fareeqawal,fareeqawal,5,1263
fargotv,fargotv,13,172
farming,farming,41,40
farmingsimulator,farmingsimulator,5,3
farpeoplehate,farpeoplehate,4,3
farright,farright,4,3
farscape,farscape,7,132
fartfetish,fartfetish,1,1263
fartpost,fartpost,1,1263
fascist,fascist,2,1263
fashion,fashion,19,40
fastfood,fastfood,19,1263
fasting,fasting,13,13
fastworkers,fastworkers,3,1263
fatacceptance,fatacceptance,1,1263
fataldiarrhea,fataldiarrhea,1,1321
fatbike,fatbike,6,40
fatepeoplehate,fatepeoplehate,2,1263
fatestaynight,fatestaynight,20,99
fathermode,fathermode,1,3
fatherted,fatherted,5,132
fatpeoplehate69420,fatpeoplehate69420,1,1263
fatpeoplehatehate,fatpeoplehatehate,2,13
fatpeopleobservations,fatpeopleobservations,1,1263
fatpeoplestories,fatpeoplestories,48,1263
fatpeopleweight,fatpeopleweight,2,1263
fatsquirrelhate,fatsquirrelhate,4,3
fattykimthethird,fattykimthethird,1,1263
fauncensored,fauncensored,8,1263
favoritecereal,favoritecereal,1,2380
favsciart,favsciart,1,1263
favsub,favsub,6,5
fayetteville,fayetteville,9,40
fazednotphased,fazednotphased,3,1321
fbiwatchlist,fbiwatchlist,10,3
fdny,fdny,1,40
fear_of_cupcake,fear_of_cupcake,1,1263
feckineedjits,feckineedjits,12,1263
fedora,fedora,10,5
feedmeseymour,feedmeseymour,1,49
feedthebeast,feedthebeast,84,264
feeemales,feeemales,1,49
feelgood,feelgood,6,3
feels,feels,3,40
feelslikethefirsttime,feelslikethefirsttime,5,3
feelthespurn,feelthespurn,2,1263
feet,feet,15,5172
felinebehavior,felinebehavior,2,40
fellowkids,fellowkids,72,1263
femalefashion,femalefashion,2,2380
femalefashionadvice,femalefashionadvice,25,1263
femalehairadvice,femalehairadvice,5,95
femalesandgentlemen,femalesandgentlemen,1,49
femdomcommunity,femdomcommunity,6,5172
feminineboys,feminineboys,4,5172
feminismformen,feminismformen,5,1263
feminisms,feminisms,38,1263
feministpassdenied,feministpassdenied,3,3
femmethoughts,femmethoughts,15,1263
femra,femra,1,40
femradebates,femradebates,66,1263
femrameta,femrameta,5,1263
fence,fence,2,40
fences,fences,1,40
fencing,fencing,10,3
fenerbahcesk,fenerbahcesk,4,2167
ferengialliance,ferengialliance,3,1
fermata,fermata,1,3
ferrets,ferrets,8,132
festivals,festivals,31,2380
festivalsluts,festivalsluts,9,40
fetish,fetish,9,5172
ffbraveexvius,ffbraveexvius,5,132
fffffffuuuuuuuuuuuu,fffffffuuuuuuuuuuuu,49,1263
ffrecordkeeper,ffrecordkeeper,14,132
ffsgarry,ffsgarry,1,3
ffviiremake,ffviiremake,5,132
ffxi,ffxi,8,132
ffxiv,ffxiv,77,132
ffxv,ffxv,8,132
fhritp,fhritp,2,40
fibi,fibi,1,49
fibromyalgia,fibromyalgia,10,67
fickenthisshit,fickenthisshit,6,1263
fierceflow,fierceflow,8,95
fiestast,fiestast,6,40
fifa,fifa,66,132
fifa14coins2015,fifa14coins2015,1,1263
fifacareers,fifacareers,6,2167
fifthworldpolitics,fifthworldpolitics,7,3
fifthworldproblems,fifthworldproblems,22,16
fiftyfifty,fiftyfifty,35,1263
fiftyshadesofreddit,fiftyshadesofreddit,1,49
fighters,fighters,27,132
fightporn,fightporn,5,13
fightscenes,fightscenes,1,2380
fijian,fijian,5,99
filipinofreethinkers,filipinofreethinkers,4,1263
film,film,4,3
filmcow,filmcow,1,2380
filteredinternet,filteredinternet,3,3
filthydaymoon,filthydaymoon,2,40
filthyfrank,filthyfrank,37,132
filthymuseum,filthymuseum,1,49
finalfantasy,finalfantasy,62,132
finallyrelevant,finallyrelevant,1,2380
finance,finance,59,1
financialcareers,financialcareers,7,1
financialindependence,financialindependence,69,1263
financialplanning,financialplanning,10,1
findapath,findapath,19,1263
findareddit,findareddit,34,40
findassange,findassange,1,1263
findgames,findgames,2,132
findom,findom,3,5172
findthevegan,findthevegan,1,3
fineartphoto,fineartphoto,3,40
fingols,fingols,1,1321
finland,finland,40,1321
finlandconspiracy,finlandconspiracy,8,6
firearms,firearms,97,1263
fireemblem,fireemblem,63,132
fireemblemcasual,fireemblemcasual,22,132
fireemblemheroes,fireemblemheroes,19,132
firefall,firefall,5,132
firefighting,firefighting,47,40
firefly,firefly,47,3
fireflyfestival,fireflyfestival,6,2380
firefox,firefox,36,5
firepao,firepao,2,5
firepe,firepe,9,5
fireteamfenrir,fireteamfenrir,1,3
firewatch,firewatch,7,40
firewater,firewater,11,13
firstcoast,firstcoast,1,1263
firstdayontheinternet,firstdayontheinternet,2,3
firstimpression,firstimpression,4,160
firstimpressions,firstimpressions,4,99
firstlook,firstlook,6,1263
firstnamebasis,firstnamebasis,2,1321
firsttimeever,firsttimeever,1,1321
firstworldconformists,firstworldconformists,11,3
firstworldproblems,firstworldproblems,56,3
fishcenter,fishcenter,3,99
fisherhall,fisherhall,2,40
fishing,fishing,44,40
fishpost,fishpost,3,3
fisting,fisting,8,3
fitandnatural,fitandnatural,2,13
fitbit,fitbit,15,40
fitm,fitm,3,40
fitmeals,fitmeals,18,13
fitnessminus,fitnessminus,12,13
fitshionvsfatshion,fitshionvsfatshion,3,13
fittofat,fittofat,1,1263
fittunes,fittunes,1,49
fitwomengifs,fitwomengifs,7,5172
five,five,1,3
fived,fived,17,132
fiveheads,fiveheads,7,3
fivenightsatfanfic,fivenightsatfanfic,1,1263
fixedgearbicycle,fixedgearbicycle,18,40
fixingmovies,fixingmovies,23,99
flagwear,flagwear,3,3
flarpman,flarpman,1,40
flash,flash,1,3
flashlight,flashlight,19,7
flatearth,flatearth,32,1263
flcl,flcl,2,99
flexibility,flexibility,20,13
flicks,flicks,10,99
flightmc,flightmc,3,264
flightsim,flightsim,23,40
flipnotestudio3d,flipnotestudio3d,4,132
flipping,flipping,57,2380
floathouse,floathouse,4,1263
flobots,flobots,2,2380
floorplan,floorplan,1,49
flordiaman,flordiaman,1,40
florida,florida,39,40
floridagators,floridagators,17,6
floridaman,floridaman,77,1263
floridapoly,floridapoly,2,40
floridasocialists,floridasocialists,4,1263
floss,floss,1,49
flossdaily,flossdaily,3,3
flotillaonline,flotillaonline,11,1263
flowers,flowers,4,40
fluidmechanics,fluidmechanics,3,5
fluoridemyths,fluoridemyths,13,1263
flyers,flyers,28,6
flyfishing,flyfishing,11,40
flying,flying,75,40
flyingfucks,flyingfucks,1,49
flyingsquids,flyingsquids,2,264
fnafb,fnafb,25,132
fnafcringe,fnafcringe,52,132
fnafhate,fnafhate,3,132
fncy,fncy,5,132
fnv,fnv,14,132
foamhenge,foamhenge,1,40
foggypics,foggypics,2,40
foldingathome,foldingathome,4,132
folk,folk,6,2380
folkpunk,folkpunk,15,2380
fonts,fonts,14,5
fooddisaster,fooddisaster,1,40
foodhacks,foodhacks,15,13
foodhumans,foodhumans,1,49
foodnetwork,foodnetwork,1,2380
foodnyc,foodnyc,2,1695
foodpolice,foodpolice,1,1263
foodporn,foodporn,64,13
foodscience,foodscience,3,13
foodtrucks,foodtrucks,4,95
foofighters,foofighters,13,2380
foolus,foolus,2,1321
footbag,footbag,2,3
football,football,23,2167
footballcoach,footballcoach,2,6
footballhighlights,footballhighlights,18,2167
footballskills,footballskills,2,2167
forceblade,forceblade,6,2380
ford,ford,25,40
fordfocus,fordfocus,3,40
forearmporn,forearmporn,4,13
foreignaffairs,foreignaffairs,4,1263
foreignpolicy,foreignpolicy,2,132
foreignservice,foreignservice,4,1263
forensics,forensics,11,5
foreskin_restoration,foreskin_restoration,5,1263
forestry,forestry,7,40
foreveralonewomen,foreveralonewomen,5,1263
foreverunwanted,foreverunwanted,31,1263
forex,forex,17,1
forgottenbookmarks,forgottenbookmarks,2,160
forgottenwebsites,forgottenwebsites,1,49
forhonor,forhonor,47,132
forhonorvikings,forhonorvikings,4,132
forjamaica,forjamaica,11,3
forjamaicasmom,forjamaicasmom,3,3
formulae,formulae,17,40
formywife,formywife,1,3
forobviousreasons,forobviousreasons,8,5
forsen,forsen,34,3
forsvarsmakten,forsvarsmakten,1,49
fortbadgerton,fortbadgerton,1,49
fortcollins,fortcollins,14,40
fortlauderdale,fortlauderdale,6,40
fortmyers,fortmyers,5,3
fortporn,fortporn,2,40
forts,forts,2,3
fortsmith,fortsmith,2,40
fortstjohn,fortstjohn,1,1263
fortwayne,fortwayne,8,6
fortworth,fortworth,16,1910
forwardsfrombabushka,forwardsfrombabushka,1,3
forwardsfromgrandma,forwardsfromgrandma,75,1263
forwardsfromhitler,forwardsfromhitler,20,1263
forwardsfromjosh,forwardsfromjosh,4,67
forwardsfromklandma,forwardsfromklandma,1,1263
forza,forza,35,40
foshelter,foshelter,8,132
fossworldproblems,fossworldproblems,14,5
fosterit,fosterit,9,1263
foundationsofcomedy14,foundationsofcomedy14,3,99
foundpaper,foundpaper,9,40
foundthebitch,foundthebitch,1,3
foundthedad,foundthedad,1,49
foundtheprogrammer,foundtheprogrammer,32,3
fountainpens,fountainpens,55,40
fourcorners,fourcorners,4,40
fove,fove,4,132
foxes,foxes,14,3
fpv,fpv,18,40
fracking,fracking,5,40
fractal_death,fractal_death,4,160
fractalporn,fractalporn,2,3
fractals,fractals,3,40
fragility,fragility,5,1263
fragrance,fragrance,4,40
fragvideos,fragvideos,2,132
francehate,francehate,3,3
francelibre,francelibre,18,1263
frankfurt,frankfurt,13,2167
frankocean,frankocean,43,2380
frasier,frasier,11,2380
frat,frat,41,1263
fraudalerts,fraudalerts,3,13
frc,frc,21,3
frccsociology,frccsociology,1,49
frdbroke,frdbroke,8,1263
frederickmd,frederickmd,7,3
fredericton,fredericton,9,40
free,free,17,132
free_karma,free_karma,9,3
freeatheism,freeatheism,10,1263
freebietalk,freebietalk,4,1
freebits,freebits,23,1
freebooting,freebooting,5,67
freebsd,freebsd,12,5
freechimichangas,freechimichangas,1,132
freecompliments,freecompliments,7,6
freedombox,freedombox,5,5
freedomearth,freedomearth,31,3
freedomphotos,freedomphotos,1,49
freedompol,freedompol,1,1263
freedomwars,freedomwars,3,132
freedonuts,freedonuts,3,3
freedrama,freedrama,8,1263
freeeuropenews,freeeuropenews,41,1263
freeflight,freeflight,3,2167
freefolk,freefolk,34,3
freeformost,freeformost,78,5
freegamesonsteam,freegamesonsteam,16,132
freegold,freegold,8,13
freehans,freehans,1,3
freekarma,freekarma,49,3
freekarmas,freekarmas,1,3
freelance,freelance,25,5
freelancer,freelancer,6,132
freemaru,freemaru,1,1263
freemasonry,freemasonry,45,3
freenet,freenet,7,5
freepizza,freepizza,1,49
freeplayers,freeplayers,2,132
freepoldiscussion,freepoldiscussion,18,1263
freeross,freeross,6,1263
freesoftware,freesoftware,29,5
freespeech,freespeech,52,1263
freespeechinaction,freespeechinaction,1,1263
freestateproject,freestateproject,4,40
freetalklive,freetalklive,17,1263
freethinkingfreedom,freethinkingfreedom,4,1263
freethought,freethought,14,1263
freeuse,freeuse,23,5172
freeworldnews,freeworldnews,1,1263
fremantlefc,fremantlefc,17,2167
french,french,29,2167
french_commander,french_commander,12,5
frenchforeignlegion,frenchforeignlegion,3,1263
frenchgirlsapp,frenchgirlsapp,1,49
frenchielawstudents,frenchielawstudents,1,1263
freshbigtuna,freshbigtuna,1,40
freshmemes,freshmemes,5,3
fresno,fresno,12,40
freyaslight,freyaslight,13,1263
fridaynewsdump,fridaynewsdump,1,1263
friendsclubunite,friendsclubunite,1,49
friendzone,friendzone,3,3
fringescience,fringescience,4,1263
fringetheory,fringetheory,5,1263
friskydingo,friskydingo,3,3
frogpants,frogpants,13,1321
frontend,frontend,13,5
frontpage,frontpage,44,1263
frontpagedoritos,frontpagedoritos,6,3
frontpagerejects,frontpagerejects,4,3
froogler,froogler,2,3
frosh,frosh,1,40
frowneduponnotillegal,frowneduponnotillegal,2,3
frozen,frozen,76,49
frugallearning,frugallearning,29,160
frugalmalefashion,frugalmalefashion,45,40
fruit,fruit,3,40
fscirclejerk,fscirclejerk,1,49
fsm,fsm,8,2167
ft86,ft86,8,40
fth,fth,5,132
ftlgame,ftlgame,24,132
ftm,ftm,40,13
fuck2016,fuck2016,23,160
fuck_islam,fuck_islam,1,1263
fuck_united_airlines,fuck_united_airlines,49,1263
fuckacup,fuckacup,1,3
fuckbestbuy,fuckbestbuy,2,5
fuckbirds,fuckbirds,6,132
fuckbrad,fuckbrad,3,1263
fuckcannotlol,fuckcannotlol,1,49
fuckcilantro,fuckcilantro,1,49
fuckcomey,fuckcomey,1,1263
fuckcoontown,fuckcoontown,5,1263
fuckcoop,fuckcoop,3,3
fuckdave,fuckdave,1,49
fucked,fucked,1,49
fuckedupbooks,fuckedupbooks,1,49
fuckellenpaoshirts,fuckellenpaoshirts,1,40
fuckfuckthisusername,fuckfuckthisusername,1,3
fuckgabe,fuckgabe,1,49
fuckgallowboob,fuckgallowboob,1,1263
fuckharley,fuckharley,5,1910
fuckimold,fuckimold,13,1263
fuckinganything,fuckinganything,1,3
fuckingdumbshit,fuckingdumbshit,1,3
fuckingmanly,fuckingmanly,24,13
fuckingphilosophy,fuckingphilosophy,6,1263
fuckingsteve,fuckingsteve,6,1263
fuckingsusan,fuckingsusan,2,1321
fuckingwithfascists,fuckingwithfascists,8,5
fuckingwithnature,fuckingwithnature,5,3
fuckkeemstar,fuckkeemstar,1,2380
fuckkimjongun,fuckkimjongun,2,3
fucklego,fucklego,1,1263
fucklucas,fucklucas,1,3
fuckoffmystage,fuckoffmystage,1,3
fuckolly,fuckolly,8,3
fuckop,fuckop,9,3
fuckpao,fuckpao,1,1263
fuckpearl,fuckpearl,5,3
fuckreddit,fuckreddit,6,1263
fucktammy,fucktammy,6,132
fuckthealtright,fuckthealtright,52,1263
fuckthekarma,fuckthekarma,4,132
fuckthepolice,fuckthepolice,2,1263
fucktheredpill,fucktheredpill,56,1263
fucktrampolines,fucktrampolines,1,3
fuckuplay,fuckuplay,1,132
fuckyeahwierd,fuckyeahwierd,2,3
fuckyou,fuckyou,13,1
fuckyouimashark,fuckyouimashark,1,3
fuckyouredits,fuckyouredits,1,1263
fuee,fuee,10,1695
fuehairtransplants,fuehairtransplants,1,2380
fukushima,fukushima,4,1695
fulbo,fulbo,9,2167
fulfillmentbyamazon,fulfillmentbyamazon,13,5
full_news,full_news,7,1263
fullbirdcommunism,fullbirdcommunism,1,40
fullcapitalism,fullcapitalism,2,1263
fullcircle,fullcircle,1,40
fullcommienotankie,fullcommienotankie,1,1263
fulldiscourse,fulldiscourse,11,1263
fullenglishbreakfast,fullenglishbreakfast,1,40
fullfascism,fullfascism,3,1263
fullgemmunism,fullgemmunism,1,1263
fullhouse,fullhouse,3,3
fulllengthfilms,fulllengthfilms,3,3
fulllife,fulllife,1,1321
fullmetalalchemist,fullmetalalchemist,10,132
fullmetalcommunist,fullmetalcommunist,1,1263
fullmoviesonvimeo,fullmoviesonvimeo,5,2167
fullmoviesonyoutube,fullmoviesonyoutube,33,67
fullscorpion,fullscorpion,5,3
fun,fun,2,3
funatparties,funatparties,3,132
funcitystuffdfw,funcitystuffdfw,2,1910
fundraiser,fundraiser,8,40
funfacts,funfacts,10,67
fungal,fungal,1,3
fungus,fungus,3,40
funhaus,funhaus,58,132
funkopop,funkopop,33,132
funkstyle,funkstyle,1,1321
funniestof,funniestof,7,3
funniestvideos,funniestvideos,2,132
funnt,funnt,1,3
funny,funny,2237,3
funny_gifs,funny_gifs,2,3
funnyandsad,funnyandsad,43,1263
funnyanimals,funnyanimals,2,13
funnyatheist,funnyatheist,2,3
funnybecausepenis,funnybecausepenis,2,3
funnybestof,funnybestof,1,49
funnyciashit,funnyciashit,22,5172
funnycomment,funnycomment,1,3
funnycomments,funnycomments,19,5
funnyfartstories,funnyfartstories,2,3
funnygifs,funnygifs,1,3
funnyinternet,funnyinternet,1,2380
funnypics,funnypics,4,132
funnyreddit,funnyreddit,24,2167
funnyscience,funnyscience,1,40
funnysigns,funnysigns,5,3
funnystreetview,funnystreetview,2,3
funnyvideos,funnyvideos,8,132
funnyvocabulary,funnyvocabulary,1,3
funpov,funpov,1,1321
funwithfriends,funwithfriends,6,3
fupa_for_freedom,fupa_for_freedom,4,1263
furnituremaking,furnituremaking,20,40
furniturexorcism,furniturexorcism,1,3
furry_irl,furry_irl,44,3
furryhate,furryhate,12,1263
furryjerk,furryjerk,9,3
fursuit,fursuit,7,132
fusion,fusion,1,1263
futanari,futanari,16,3
futanaripegging,futanaripegging,1,1263
futilitycloset,futilitycloset,1,1263
futurama,futurama,64,3
future_economics,future_economics,2,1263
future_fight,future_fight,7,99
futureanthropology,futureanthropology,2,3
futurebeats,futurebeats,29,2380
futurefight,futurefight,8,99
futurefightextra,futurefightextra,4,99
futureofbusiness,futureofbusiness,3,40
futureporn,futureporn,8,3
futuresynth,futuresynth,7,1321
futurewatch,futurewatch,1,1321
futurewhatif,futurewhatif,19,1263
futureworldleaders,futureworldleaders,3,3
futuristparty,futuristparty,36,1263
futurologymoderators,futurologymoderators,1,40
fweddit,fweddit,5,132
fxfl,fxfl,1,2380
fyrefestival,fyrefestival,7,132
fz07,fz07,2,40
gaa,gaa,5,40
gabefoundthisonreddit,gabefoundthisonreddit,5,99
gaben,gaben,8,132
gaeilge,gaeilge,8,1321
gainit,gainit,25,13
galatasaray,galatasaray,6,2167
galaxynote3,galaxynote3,3,5
galaxynote4,galaxynote4,15,5
galaxynote5,galaxynote5,9,5
galaxynote7,galaxynote7,10,5
galaxyphotography,galaxyphotography,1,40
galaxyquest,galaxyquest,1,49
galaxys8,galaxys8,6,5
gallaudet,gallaudet,1,2380
gallifrey,gallifrey,32,1910
gallinwr,gallinwr,14,40
gallopingghostarcade,gallopingghostarcade,1,2380
gallowboob,gallowboob,14,3
galskap,galskap,1,1321
galveston,galveston,5,1910
gameattack,gameattack,2,3
gamebooks,gamebooks,4,1321
gameboy,gameboy,20,132
gameboyjrinaction,gameboyjrinaction,1,49
gamebundlenews,gamebundlenews,2,132
gamebundles,gamebundles,2,132
gamebuzz,gamebuzz,1,132
gameclassy,gameclassy,2,160
gamecollecting,gamecollecting,57,132
gamecube,gamecube,7,132
gamedealsmeta,gamedealsmeta,22,132
gamedesign,gamedesign,34,132
gamedetectives,gamedetectives,6,40
gamedevclassifieds,gamedevclassifieds,36,132
gameflysocial,gameflysocial,27,3
gameidea,gameidea,3,132
gameideas,gameideas,21,132
gamelounge,gamelounge,1,132
gamemob,gamemob,1,132
gamemusic,gamemusic,31,132
gamenightgiraffes,gamenightgiraffes,1,3
gameoffers,gameoffers,5,132
gamephysics,gamephysics,47,132
gamerati,gamerati,1,2380
gamergate,gamergate,3,1263
gamernews,gamernews,40,132
gamers,gamers,16,132
gamersbeingbros,gamersbeingbros,3,132
gamersbeingjerks,gamersbeingjerks,1,132
gamersinaction,gamersinaction,3,132
gamersonreddit,gamersonreddit,1,132
gamerumor,gamerumor,6,132
gamervideos,gamervideos,2,132
gameshow,gameshow,7,2380
gamesofthrones,gamesofthrones,2,3
gamestop,gamestop,10,132
gametales,gametales,23,160
gametheorists,gametheorists,28,132
gametheory,gametheory,7,1
gametrade,gametrade,12,132
gamewritinglab,gamewritinglab,10,132
gaming,gaming,1444,132
gaming4gamers,gaming4gamers,61,132
gaming_illuminaughty,gaming_illuminaughty,4,132
gamingcirklejerk,gamingcirklejerk,1,132
gaminggods,gaminggods,1,132
gaminghardware,gaminghardware,1,5
gaminghipsters,gaminghipsters,1,132
gaminglive,gaminglive,1,132
gamingpc,gamingpc,21,5
gamingposters,gamingposters,1,132
gamingshowerthoughts,gamingshowerthoughts,1,132
gamingsuggestions,gamingsuggestions,17,132
gamingx,gamingx,6,132
gamming,gamming,1,40
gandalf,gandalf,1,3
gangstalking,gangstalking,31,1263
gangstalkingmkultra,gangstalkingmkultra,4,67
gangstaswithwaifus,gangstaswithwaifus,3,40
gank,gank,1,3
garagepunk,garagepunk,1,40
garfunkelandoates,garfunkelandoates,1,2380
garlicbread,garlicbread,1,3
garlicbreadmemes,garlicbreadmemes,12,3
garner2015,garner2015,22,132
garrettnotifications,garrettnotifications,1,40
garyjohnson,garyjohnson,73,1263
gasmask,gasmask,1,3
gastate,gastate,8,6
gasthesnoo,gasthesnoo,7,1263
gaston,gaston,1,40
gatech,gatech,43,40
gatekeepers,gatekeepers,9,1263
gatekeeping,gatekeeping,80,1263
gats,gats,12,7
gay,gay,51,1263
gaybears,gaybears,9,5172
gaybroscirclejerk,gaybroscirclejerk,35,1263
gaydaddiespics,gaydaddiespics,3,1263
gayfacts,gayfacts,1,49
gayforoberyn,gayforoberyn,5,3
gayguys,gayguys,1,1263
gayincest,gayincest,6,1263
gaylunarcommune,gaylunarcommune,11,1263
gaymers,gaymers,93,132
gaymusic,gaymusic,2,5172
gayporn,gayporn,7,5172
gayrights,gayrights,2,1263
gaysfortrump,gaysfortrump,1,1263
gaysian,gaysian,8,1263
gaystoriesgonewild,gaystoriesgonewild,5,5172
gaywrongs,gaywrongs,2,2380
gayyoungold,gayyoungold,5,1263
gazetteer,gazetteer,2,49
gcdebatesqt,gcdebatesqt,7,1263
gcse,gcse,4,3
gdamania,gdamania,1,3
gdimr,gdimr,1,49
gearsofwar,gearsofwar,18,132
gearsofwarpc,gearsofwarpc,3,132
gearvr,gearvr,42,132
geazy,geazy,2,2380
geckos,geckos,5,3
geek,geek,89,5
geek3,geek3,1,132
geekdays,geekdays,3,1321
geekngamersanctuary,geekngamersanctuary,1,132
geekygirls,geekygirls,2,132
geezergamers,geezergamers,3,132
geisha,geisha,4,1695
gellis12,gellis12,1,3
gencon,gencon,4,160
gender_critical,gender_critical,31,1263
gendercynical,gendercynical,48,1263
genderwagegap,genderwagegap,1,40
genealogy,genealogy,8,49
generalbs,generalbs,2,1321
generationgap,generationgap,2,132
genetics,genetics,18,5
geneva,geneva,3,16
genewolfe,genewolfe,2,160
genome,genome,1,1263
genreinspiration,genreinspiration,17,3
gentlefemdom,gentlefemdom,4,1263
gentlemanboners,gentlemanboners,33,99
gentoo,gentoo,8,5
genuinemgtow,genuinemgtow,5,3
genuinewords,genuinewords,20,132
genx,genx,5,1321
geocache,geocache,1,3
geocaching,geocaching,26,40
geocentrism,geocentrism,7,1263
geoengineering,geoengineering,2,1263
geoff,geoff,1,3
geography,geography,23,1263
geoguessr,geoguessr,2,2167
geolibertarianism,geolibertarianism,6,1263
geology,geology,49,40
geologycareers,geologycareers,13,5
geordi,geordi,8,3
georgecarlin,georgecarlin,2,2380
georgegalloway,georgegalloway,2,2167
georgetakei,georgetakei,1,2380
georgia,georgia,36,40
geraffesaresodumb,geraffesaresodumb,2,2380
german,german,10,49
germanhistory,germanhistory,2,67
germanmilitaryorders,germanmilitaryorders,1,49
germanrants,germanrants,1,49
germanrap,germanrap,5,2167
germanshepherds,germanshepherds,9,40
germantrees,germantrees,9,2167
germany,germany,97,1263
get_hyped,get_hyped,1,1321
getaroom,getaroom,1,49
getdisciplined,getdisciplined,43,67
getemployed,getemployed,9,40
getgrowing,getgrowing,3,1
getmearrested,getmearrested,1,40
getnarwhal,getnarwhal,9,5
getnthevanihavecandy,getnthevanihavecandy,9,132
getoffyourass,getoffyourass,1,1263
getoutofbed,getoutofbed,6,67
getperk,getperk,7,5
getstudying,getstudying,12,67
gettingshredded,gettingshredded,5,13
gfd,gfd,8,67
gfriend,gfriend,2,3
gfur,gfur,2,132
gfycat,gfycat,6,5
ggdiscussion,ggdiscussion,4,132
ggfreeforall,ggfreeforall,20,1263
gggg,gggg,5,3
ggggg,ggggg,20,3
gglol,gglol,2,3404
ggplay,ggplay,4,160
ghana,ghana,3,2167
ghettojerk,ghettojerk,2,40
ghibli,ghibli,17,132
ghost_in_the_shell,ghost_in_the_shell,6,160
ghostadventures,ghostadventures,2,2380
ghostbc,ghostbc,4,40
ghostbusters,ghostbusters,26,1263
ghostrecon,ghostrecon,8,132
ghosts,ghosts,7,3
ghostsrights,ghostsrights,9,1263
giantbomb,giantbomb,14,132
gibdyk,gibdyk,1,2380
gif,gif,35,3
gifbattle,gifbattle,11,3
giffinishingtoosoon,giffinishingtoosoon,5,3
gifrecipes,gifrecipes,49,13
gifs,gifs,1055,3
gifsofotters,gifsofotters,1,3
gifsound,gifsound,24,3
gifsthatendtoosoon,gifsthatendtoosoon,17,3
gifsthatkeepongiving,gifsthatkeepongiving,6,3
gift,gift,1,3
giftedkids,giftedkids,1,49
giftofgames,giftofgames,22,132
giftournament,giftournament,10,3
gifts,gifts,7,160
giftwallet,giftwallet,2,160
giivasunner,giivasunner,49,132
gildedconspiracy,gildedconspiracy,8,40
gilmoregirls,gilmoregirls,11,95
gimp,gimp,8,132
ginger,ginger,7,5172
gingers,gingers,1,1263
gintama,gintama,5,99
gioxhe,gioxhe,1,3
giraffe,giraffe,10,3
giraffekhan,giraffekhan,2,132
girlgamers,girlgamers,86,132
girlmeetsworld,girlmeetsworld,1,2380
girlrock,girlrock,1,40
girlsday,girlsday,3,2380
girlsdoporn,girlsdoporn,7,5172
girlsfinishingthejob,girlsfinishingthejob,14,5172
girlsinyogapants,girlsinyogapants,8,5172
girlsmirin,girlsmirin,21,1263
girlswithbeards,girlswithbeards,1,49
girlswithglasses,girlswithglasses,7,132
girlswithneonhair,girlswithneonhair,4,40
gis,gis,15,5
gitarhamquotes,gitarhamquotes,5,3
gittertiere,gittertiere,1,49
giveaway,giveaway,7,1
givegold,givegold,1,2380
givethemgold,givethemgold,5,132
gladiatorjesus,gladiatorjesus,6,3
glasgow,glasgow,35,2167
glassblowing,glassblowing,5,67
glasses,glasses,5,2380
glassheads,glassheads,11,67
glee,glee,2,132
glitch_art,glitch_art,37,3
glitch_in_the_matrix,glitch_in_the_matrix,48,3
glitches,glitches,1,132
glitches_gone_sexual,glitches_gone_sexual,2,132
glitchinthematrix,glitchinthematrix,14,67
glitchinthereddix,glitchinthereddix,1,1263
globalclimatechange,globalclimatechange,3,1263
globaldev,globaldev,2,2380
globalgarlicbread,globalgarlicbread,2,3
globalhealth,globalhealth,12,1263
globalnewscn,globalnewscn,12,1263
globaloffensivegamble,globaloffensivegamble,3,132
globalpowers,globalpowers,6,2167
globalwarming,globalwarming,3,40
glorantha,glorantha,3,160
gloryholes,gloryholes,1,49
gloucestershire,gloucestershire,1,2380
glowingrectangles,glowingrectangles,1,49
glutenfree,glutenfree,12,13
gmo,gmo,4,1263
gmobrigade,gmobrigade,2,1263
gmod,gmod,10,132
gmosf,gmosf,3,1263
gmu,gmu,10,40
gnv,gnv,12,6
go_on_adventurer,go_on_adventurer,4,1263
goa,goa,1,3
goalkeepers,goalkeepers,7,2167
goats,goats,6,40
goatsimulator,goatsimulator,3,132
godjokes,godjokes,1,3
godus,godus,2,132
godwinslaw,godwinslaw,41,1263
godzilla,godzilla,35,1695
gofogold,gofogold,1,2380
goforgold,goforgold,27,172
gofundme,gofundme,27,40
gog,gog,9,132
goingtohellforthis,goingtohellforthis,4,6
golang,golang,32,5
gold,gold,15,1263
goldamericanssay,goldamericanssay,5,1263
goldandblack,goldandblack,89,1263
goldbait,goldbait,2,3
goldbenefits,goldbenefits,10,5
goldbet,goldbet,1,3
goldblumism,goldblumism,1,2380
goldcoast,goldcoast,2,49
goldedit,goldedit,3,3
goldenageoftakes,goldenageoftakes,2,6
goldenrealm,goldenrealm,6,264
goldenretreivers,goldenretreivers,3,1263
goldenretrievers,goldenretrievers,12,3
goldensun,goldensun,5,132
goldfish,goldfish,4,40
goldguysplayground,goldguysplayground,1,49
goldreaper,goldreaper,2,160
goldreplies,goldreplies,6,1321
goldreport,goldreport,2,3
goldsuggestions,goldsuggestions,2,3
goldtesting,goldtesting,7,1263
goldtrain,goldtrain,2,3
goldwithlittleupvotes,goldwithlittleupvotes,5,3
golf,golf,67,6
golfclash,golfclash,1,3
golfgti,golfgti,10,40
gonecivil,gonecivil,4,160
gonemild,gonemild,18,5172
goneweld,goneweld,1,40
gonewildaudio,gonewildaudio,64,5172
gonewildcolor,gonewildcolor,4,5172
gonewildcurvy,gonewildcurvy,18,5172
gonewildpopping,gonewildpopping,1,49
gonewildstories,gonewildstories,33,5172
gonewildtube,gonewildtube,3,5172
gonwild,gonwild,4,132
gonzo,gonzo,1,40
good_cop_free_donut,good_cop_free_donut,20,1263
good_cop_yes_donut,good_cop_yes_donut,1,40
good_post,good_post,7,1263
goodartvsmspaint,goodartvsmspaint,5,132
goodbadmods,goodbadmods,3,16
goodbandname,goodbandname,2,40
goodeconomics,goodeconomics,22,1263
goodforbitcoin,goodforbitcoin,2,1
goodforslothians,goodforslothians,3,3
goodguyop,goodguyop,1,132
goodlongposts,goodlongposts,3,1263
goodnews,goodnews,9,1321
goodshillhunting,goodshillhunting,17,1263
goodyearwelt,goodyearwelt,15,40
google,google,91,5
googlecardboard,googlecardboard,25,132
googlecensorship,googlecensorship,2,1263
googlehome,googlehome,9,5
googleknowswhatsup,googleknowswhatsup,1,3
googlepixel,googlepixel,14,5
googleplaydeals,googleplaydeals,15,5
googlyeyes,googlyeyes,1,3
goonsquadalumni,goonsquadalumni,2,40
gopro,gopro,40,40
gorillarecipes,gorillarecipes,6,13
gorillaz,gorillaz,27,2380
gossip,gossip,1,1263
goteamjb,goteamjb,1,49
goth,goth,14,2380
gotham,gotham,13,99
gothamshield,gothamshield,1,1263
gothenburg,gothenburg,5,2167
gotrich,gotrich,5,5
gottagetagrip,gottagetagrip,1,2380
gout,gout,3,13
governmentoppression,governmentoppression,22,1263
governmentparanoia,governmentparanoia,2,2380
graceland,graceland,3,99
grad,grad,1,1263
gradadmissions,gradadmissions,8,6
gradeaundera,gradeaundera,8,1321
gradschool,gradschool,35,5
graffiti,graffiti,23,1695
gramatik,gramatik,1,2380
gramatiklowtemp,gramatiklowtemp,1,2380
grammar,grammar,28,49
grammarfail,grammarfail,6,3
grammarnazi,grammarnazi,15,1263
grammarnazis,grammarnazis,4,3
grammarpolice,grammarpolice,1,1263
grandmadgaf,grandmadgaf,1,3
grandmasboy,grandmasboy,1,132
grandrapids,grandrapids,27,40
grandrapidsgriffins,grandrapidsgriffins,2,6
grandtheftautov,grandtheftautov,79,132
grandtheftautov_pc,grandtheftautov_pc,39,132
grandtheftautovmemes,grandtheftautovmemes,1,132
grant,grant,1,2380
grantcardone,grantcardone,1,2380
grantspass,grantspass,1,40
granturismo,granturismo,3,40
graphemics,graphemics,1,49
graphic_design,graphic_design,55,5
graphictruth,graphictruth,2,40
graphporn,graphporn,1,3
grass,grass,1,2380
grassrootslongevity,grassrootslongevity,10,5
grassrootsselect,grassrootsselect,64,1263
grassyass,grassyass,1,3
grateful_dead,grateful_dead,11,2380
gratefuldead,gratefuldead,40,2380
gratefuldoe,gratefuldoe,25,40
gravityfalls,gravityfalls,77,132
greatcommentrachel,greatcommentrachel,3,1263
greatcostumes,greatcostumes,3,3
greatdanes,greatdanes,4,3
greatestgen,greatestgen,8,2380
greatexplanations,greatexplanations,7,1263
greatnwside,greatnwside,10,40
greece,greece,54,1263
greekmythology,greekmythology,1,49
green,green,17,1263
green_anarchism,green_anarchism,11,1263
greenarrow,greenarrow,3,99
greenbay,greenbay,6,6
greenbaypackers,greenbaypackers,55,6
greenbrier,greenbrier,2,3
greendawn,greendawn,8,3
greenday,greenday,28,3
greenenergychinaev,greenenergychinaev,2,1263
greenlight,greenlight,3,1263
greenlight2,greenlight2,1,1263
greenmangaming,greenmangaming,3,132
greenmtncirclejerk,greenmtncirclejerk,6,40
greenparty,greenparty,27,1263
greenpartyofcanada,greenpartyofcanada,2,1263
greenpillchat,greenpillchat,2,49
greenville,greenville,12,6
gregory_irl,gregory_irl,1,49
greyhounds,greyhounds,6,3
greyjoy,greyjoy,2,3
greysanatomy,greysanatomy,6,3
gridcoin,gridcoin,12,1
grilledcheese,grilledcheese,37,3
grimdawn,grimdawn,2,132
grime,grime,10,2380
grimes,grimes,1,2380
grimfandango,grimfandango,2,40
grimm,grimm,6,99
grimmforest,grimmforest,1,2380
griptraining,griptraining,12,13
griswold,griswold,1,3
gronaks,gronaks,2,132
grouppranks,grouppranks,1,132
groupstalking,groupstalking,6,5605
grouptherapyradio,grouptherapyradio,5,2380
grouptoothbrushing,grouptoothbrushing,1,49
growapair,growapair,1,1263
growinguppoor,growinguppoor,2,3
grumpycat,grumpycat,1,3
grundschule,grundschule,1,40
grunge,grunge,7,2380
gshock,gshock,2,6
gso,gso,5,13
gta,gta,15,132
gta5,gta5,8,132
gtaa,gtaa,6,132
gtaglitches,gtaglitches,12,132
gtaonline,gtaonline,41,132
gtav,gtav,39,132
gtav_cruises,gtav_cruises,8,132
gtav_jp,gtav_jp,1,132
gtavmilitary,gtavmilitary,1,1263
gtfoderrickandarmand,gtfoderrickandarmand,4,1321
gtron,gtron,6,5
guatemala,guatemala,7,99
guft,guft,1,1263
guildwars,guildwars,2,132
guildwars2,guildwars2,78,132
guildwars2funny,guildwars2funny,3,132
guillermodeltoro,guillermodeltoro,3,99
guitar,guitar,79,2380
guitarcirclejerk,guitarcirclejerk,26,2380
guitarhero,guitarhero,4,132
guitarlessons,guitarlessons,12,2380
guitarpedals,guitarpedals,24,2380
guitarpedalsjerk,guitarpedalsjerk,6,2380
guitarplaying,guitarplaying,2,2380
guitars,guitars,10,2380
gullsgonewild,gullsgonewild,1,3
gum,gum,3,13
gumball,gumball,2,132
gunactivist,gunactivist,3,7
guncontrol,guncontrol,15,1263
gundam,gundam,29,132
gundeals,gundeals,31,7
gunfights,gunfights,3,1321
gunnerkrigg,gunnerkrigg,1,40
gunnerprojection,gunnerprojection,1,1263
gunners,gunners,62,2167
gunpla,gunpla,20,132
gunpolitics,gunpolitics,40,1263
gunporn,gunporn,19,7
gunsarecool,gunsarecool,98,1263
gunship,gunship,1,2380
gunsnroses,gunsnroses,3,2380
gurneyhicks,gurneyhicks,1,2380
gurrenadriel,gurrenadriel,1,49
gurrenlagann,gurrenlagann,10,132
guyfeet,guyfeet,2,3
guygoald,guygoald,4,3
gvp,gvp,1,1263
gwcommentsonearthporn,gwcommentsonearthporn,6,40
gwcouples,gwcouples,14,5172
gwcumsluts,gwcumsluts,4,5172
gwell,gwell,1,49
gwinnett,gwinnett,6,40
gwnerdy,gwnerdy,10,5172
gybb,gybb,12,132
gymnastics,gymnastics,7,13
h1z1,h1z1,37,132
h3h3_productions,h3h3_productions,13,1263
h4kek,h4kek,1,1263
haarzersheeplz,haarzersheeplz,2,1321
habits,habits,4,67
habs,habs,22,6
hackbloc,hackbloc,19,1263
hackerspaces,hackerspaces,4,5
hacking,hacking,67,5
hacx,hacx,1,40
hadtohurt,hadtohurt,14,67
haedox,haedox,1,49
hagerstown,hagerstown,3,40
hahastupidredditors,hahastupidredditors,3,3
hahayouareanigger,hahayouareanigger,1,3
haier,haier,16,5
hail_corporate,hail_corporate,3,3
hail_military,hail_military,3,5
hailadmins,hailadmins,1,40
hailapartheid,hailapartheid,1,1263
hailbitcoin,hailbitcoin,1,1263
hailbreakinggood,hailbreakinggood,1,3
hailcolgate,hailcolgate,1,3
hailcorporate,hailcorporate,680,3
hailcorporategold,hailcorporategold,22,160
haildad,haildad,1,40
hailfuckingmorons,hailfuckingmorons,1,1321
hailhailcorporate,hailhailcorporate,2,3
haillannister,haillannister,1,1263
hailmarketing,hailmarketing,37,3
hailobama,hailobama,1,3
hailpolitics,hailpolitics,2,3
hailscandinavia,hailscandinavia,1,3
hailsmallbusiness,hailsmallbusiness,1,40
hailthepolice,hailthepolice,22,3
hair,hair,13,95
haiti,haiti,9,1263
haitian_culture,haitian_culture,1,1263
hajimenoippo,hajimenoippo,3,1321
halfexpectedhamilton,halfexpectedhamilton,2,49
halflife,halflife,62,132
halifax,halifax,38,40
halloween,halloween,39,3
halloweenhelp,halloweenhelp,2,40
halocirclejerk,halocirclejerk,18,132
haloonline,haloonline,10,132
halospv3,halospv3,3,132
halostory,halostory,12,132
haltandcatchfire,haltandcatchfire,4,5172
hambeasts,hambeasts,1,1321
hamburg,hamburg,5,2167
hamilton,hamilton,22,6
hamiltonelectors,hamiltonelectors,1,1263
hamiltonmusical,hamiltonmusical,28,3
hamishandandy,hamishandandy,1,49
hammocks,hammocks,13,40
hamplanethatemail,hamplanethatemail,1,1263
hamratest,hamratest,1,49
hamstercare,hamstercare,2,2380
hamsters,hamsters,8,2380
handmade,handmade,2,40
handrails,handrails,1,49
handwriting,handwriting,18,40
hangryhangryfphater,hangryhangryfphater,2,1263
hannibal,hannibal,3,3
hannibaltv,hannibaltv,16,99
hannover,hannover,1,1263
happenedondigg,happenedondigg,2,3
happinessandpuppies,happinessandpuppies,2,67
happy,happy,42,3
happycrowds,happycrowds,5,40
happyembarrassedgirls,happyembarrassedgirls,8,5172
happyfunplayground,happyfunplayground,8,3
happyheartedfeminists,happyheartedfeminists,3,99
happypeoplehate,happypeoplehate,1,3
happytrees,happytrees,4,99
happywars,happywars,4,1608
harambe,harambe,30,3
harambememeisdead,harambememeisdead,1,1263
harasser,harasser,8,132
harbinhotsprings,harbinhotsprings,1,1263
hardbodies,hardbodies,16,1321
hardcore,hardcore,18,2380
hardcoreshowpics,hardcoreshowpics,1,40
hardshipmates,hardshipmates,1,49
hardstyle,hardstyle,10,2380
hardtotry4,hardtotry4,1,40
hardware,hardware,57,5
hardwareswap,hardwareswap,52,5
haribomasterrace,haribomasterrace,3,13
harley,harley,36,40
harmonica,harmonica,2,1321
harmonquest,harmonquest,2,3
harmontown,harmontown,29,3
harmreductionexperts,harmreductionexperts,30,1263
harrisonburg,harrisonburg,3,49
harrogate,harrogate,1,3
haruhi,haruhi,8,99
harvard,harvard,9,40
hasanyonereallybeen,hasanyonereallybeen,1,49
hasbarawatch,hasbarawatch,1,1263
hashhouseharriers,hashhouseharriers,6,13
hashoah,hashoah,12,67
haskell,haskell,41,5
hatcovetingputin,hatcovetingputin,1,40
hatecrimehoaxes,hatecrimehoaxes,3,1263
hatesubredditoftheday,hatesubredditoftheday,8,1263
hatesubsinaction,hatesubsinaction,30,1263
hatfilms,hatfilms,15,264
haveyoutriedpegging,haveyoutriedpegging,7,99
havtech,havtech,1,1321
hawaii,hawaii,49,7
hawks,hawks,20,6
hawktalk,hawktalk,3,2167
hayden,hayden,1,49
hazmat,hazmat,1,40
hbd,hbd,10,1263
hborome,hborome,2,1263
hcfactions,hcfactions,41,264
hctcringe,hctcringe,6,264
hcteams,hcteams,17,264
hctriage,hctriage,1,1263
hdtgm,hdtgm,8,2380
headphones,headphones,66,5
headsets,headsets,1,5
headsock,headsock,1,3
headstrong,headstrong,1,1263
health,health,74,67
healthcare,healthcare,13,5
healthdisaster,healthdisaster,3,1263
healthinspector,healthinspector,2,3
healthyfood,healthyfood,6,13
healthymalesexuality,healthymalesexuality,32,1263
hearing,hearing,5,13
hearthscrubs,hearthscrubs,3,132
hearthstonecirclejerk,hearthstonecirclejerk,36,132
heartwarmingreddit,heartwarmingreddit,3,3
heat,heat,20,6
heavymind,heavymind,21,160
heavyseas,heavyseas,8,3
hebrew,hebrew,6,1263
heck,heck,1,49
hedgehog,hedgehog,7,40
hedidthemath,hedidthemath,4,132
heistteams,heistteams,4,132
hej,hej,1,3
heknowsquantumphysics,heknowsquantumphysics,36,1263
helicopterparents,helicopterparents,1,49
helicopters,helicopters,14,40
helicuor,helicuor,2,132
helimedicine,helimedicine,5,40
helldivers,helldivers,4,132
helloimdylanboller,helloimdylanboller,1,40
hellointernet,hellointernet,59,16
hellscapeporn,hellscapeporn,1,3
hellscasino,hellscasino,2,5
hellskitchen,hellskitchen,1,49
help,help,48,1263
helpfulshops,helpfulshops,1,3
helpinghand,helpinghand,2,3
helpmefind,helpmefind,47,40
helpmemasturbate,helpmemasturbate,1,49
hemingway,hemingway,2,2380
hemophilia,hemophilia,1,1263
henryuuki,henryuuki,10,132
hentai,hentai,25,5172
heraimisgettingbetter,heraimisgettingbetter,2,132
heraldry,heraldry,17,3
herdofsquirrels,herdofsquirrels,5,264
heresafunfact,heresafunfact,5,49
heritage,heritage,1,1263
heroes,heroes,5,99
heroesofnewerth,heroesofnewerth,10,132
heroesofthestorm,heroesofthestorm,86,132
herons,herons,1,40
herorats,herorats,1,2380
herpes,herpes,3,1263
herpetology,herpetology,14,3
hetalia,hetalia,4,264
hewett_17,hewett_17,1,2380
hexag1,hexag1,2,40
hexane,hexane,1,49
hextcg,hextcg,2,160
hey_look_at_me,hey_look_at_me,1,3
heycarl,heycarl,1,1263
heyscoops,heyscoops,4,3
hfgitpi,hfgitpi,2,3
hgd,hgd,8,6
hiddendoor,hiddendoor,1,40
hiddengems,hiddengems,6,132
hiddenrooms,hiddenrooms,7,3
hideoutucla,hideoutucla,1,132
hierarchies,hierarchies,2,67
hifw,hifw,5,132
highdeas,highdeas,12,132
highdefhistory,highdefhistory,1,40
higheffortnokarma,higheffortnokarma,4,3
highereducation,highereducation,15,1263
highheels,highheels,8,5172
highlander,highlander,4,99
highlevelkarma,highlevelkarma,63,1695
highmarks,highmarks,7,95
highprobability,highprobability,2,67
highqualitygifs,highqualitygifs,97,3
highqualitymemes,highqualitymemes,2,1263
highschool,highschool,5,1263
highseddit,highseddit,2,2380
highsocietyradio,highsocietyradio,9,1321
highstrangeness,highstrangeness,17,67
highwayfightsquad,highwayfightsquad,9,132
hijabis,hijabis,6,1263
hijackers,hijackers,49,1263
hikarinokiretsu,hikarinokiretsu,1,49
hiking,hiking,30,40
hilarious,hilarious,1,49
hilariousthreads,hilariousthreads,1,2380
hilary_duff,hilary_duff,2,5172
hillariousthreads,hillariousthreads,18,3
hillary,hillary,2,5
hillary4prison,hillary4prison,5,1263
hillarycirclejerk,hillarycirclejerk,1,1263
hillaryfacts,hillaryfacts,3,1263
hillaryforamerica,hillaryforamerica,8,1263
hillaryforjail,hillaryforjail,1,1263
hillaryforprison,hillaryforprison,74,1263
hillaryhealth,hillaryhealth,1,1263
hillarymeltdown,hillarymeltdown,21,1263
hillaryshealth,hillaryshealth,1,1263
hillbillylogic,hillbillylogic,1,3
himym,himym,40,3
himynameisjay,himynameisjay,4,40
hindsightin2020,hindsightin2020,5,1263
hindu,hindu,5,1263
hinduism,hinduism,50,1263
hindurashtravad,hindurashtravad,3,1263
hip_hop,hip_hop,4,13
hiphopheadsnorthwest,hiphopheadsnorthwest,11,2380
hiphophoneys,hiphophoneys,1,1263
hiphopimages,hiphopimages,19,2380
hiphopinstrumentals,hiphopinstrumentals,1,2380
hipsterracism,hipsterracism,16,1263
hipsters,hipsters,2,3
hiring,hiring,17,40
hiringsucks,hiringsucks,1,49
historicalbuttplugs,historicalbuttplugs,3,3
historynetwork,historynetwork,39,67
historyofaustria,historyofaustria,7,40
historyofreddit,historyofreddit,1,49
historywhatif,historywhatif,15,1263
hitboxporn,hitboxporn,5,132
hitbyanicecreamtruck,hitbyanicecreamtruck,1,49
hitchhikerguide,hitchhikerguide,1,3
hitchhiking,hitchhiking,7,1263
hitlerkilledhitler,hitlerkilledhitler,5,1263
hitlermods,hitlermods,2,7
hitlersdick,hitlersdick,4,5172
hitlershoutout,hitlershoutout,14,1263
hitman,hitman,12,132
hitmanimals,hitmanimals,10,3
hivaids,hivaids,6,1263
hivemind,hivemind,2,3
hl3confirm,hl3confirm,3,132
hl3confirmed,hl3confirmed,4,13
hlvr,hlvr,3,132
hmmm,hmmm,21,3
hoarding,hoarding,11,1263
hoaxes,hoaxes,2,3
hobbies,hobbies,3,160
hockcad,hockcad,1,1263
hockeycirclejerk,hockeycirclejerk,7,6
hockeygoalies,hockeygoalies,6,6
hockeyplayers,hockeyplayers,23,6
hockeyquestionjerk,hockeyquestionjerk,8,6
hockeyquestionmark,hockeyquestionmark,5,132
hoco,hoco,3,40
hoggit,hoggit,35,40
hoi4,hoi4,19,132
holdmybamboo,holdmybamboo,1,3
holdmybeaker,holdmybeaker,4,1321
holdmybeer,holdmybeer,74,3
holdmycosmo,holdmycosmo,12,1263
holdmyfries,holdmyfries,13,3
holdmygolfclub,holdmygolfclub,1,1263
holdmylollipop,holdmylollipop,1,49
holdmyredbull,holdmyredbull,4,13
holdthemoan,holdthemoan,40,5172
holewreckers,holewreckers,10,5172
holidaybullshit,holidaybullshit,7,3
holidayhelp,holidayhelp,2,2380
holidayhole,holidayhole,2,5
hollywoodhandbook,hollywoodhandbook,3,3
hollywoodleak,hollywoodleak,1,3
hollywoodundead,hollywoodundead,2,2380
holocaust,holocaust,25,1263
holocaustdeniers,holocaustdeniers,1,3
holocomments,holocomments,25,1263
holofractal,holofractal,34,67
hololens,hololens,16,132
holyoke,holyoke,1,2380
homeautomation,homeautomation,40,5
homebrewing,homebrewing,83,40
homedecorating,homedecorating,6,40
homedefense,homedefense,15,5
homedepot,homedepot,7,3
homefront,homefront,2,132
homegoods,homegoods,3,5
homeimprovement,homeimprovement,51,40
homelab,homelab,71,5
homeland,homeland,9,1263
homeless,homeless,32,1263
homenetworking,homenetworking,22,5
homeschool,homeschool,8,1263
homestarrunner,homestarrunner,12,3
homestead,homestead,47,40
homesteading,homesteading,9,40
hometheater,hometheater,41,5
homeworkhelp,homeworkhelp,13,5
homm,homm,5,95
homosexuellenclub,homosexuellenclub,9,2167
honda,honda,22,40
honduras,honduras,5,132
honestmichael,honestmichael,1,1321
honestposts,honestposts,9,132
honeyhive,honeyhive,6,1263
hongkong,hongkong,53,1263
honk,honk,1,49
honolulu,honolulu,3,7
honorarygold,honorarygold,1,3
honorroll,honorroll,2,40
honorverse,honorverse,1,2380
hoodieallen,hoodieallen,1,2380
hookah,hookah,10,1
hookers,hookers,15,1263
hookertalk,hookertalk,2,3
hookit,hookit,10,40
hoolsrools,hoolsrools,3,99
horizon,horizon,8,132
hornypeopleofreddit,hornypeopleofreddit,1,1321
horriblydepressing,horriblydepressing,30,1263
horror,horror,81,132
horrorarticles,horrorarticles,3,1263
horrorgaming,horrorgaming,7,132
horrorlit,horrorlit,5,99
horsemask,horsemask,1,49
horsens,horsens,1,3
horseracing,horseracing,3,40
horses,horses,18,40
hospitalitytraining,hospitalitytraining,1,1263
hostclublove,hostclublove,1,2380
hostingnews,hostingnews,1,1263
hotburns,hotburns,2,1263
hotcheetosfans,hotcheetosfans,1,49
hotchickmonalisa,hotchickmonalisa,1,3
hotchickswithtattoos,hotchickswithtattoos,4,5172
hotdogs,hotdogs,1,3
hotguyswithtattoos,hotguyswithtattoos,4,5172
hotlinemiami,hotlinemiami,20,132
hotnewmemes,hotnewmemes,1,1263
hotpeppers,hotpeppers,11,40
hottiesfortrump,hottiesfortrump,7,132
hottieswithjobs,hottieswithjobs,1,40
hottubtimemachine,hottubtimemachine,1,2380
hotwheels,hotwheels,11,2380
hotwife,hotwife,21,5172
houdekharcha,houdekharcha,2,3
house,house,11,2380
housemd,housemd,4,2380
houseofcards,houseofcards,33,1263
houstonroadrage,houstonroadrage,1,40
howardstern,howardstern,42,6
howdidthishappen,howdidthishappen,5,3
howgodworks,howgodworks,30,1263
howhumanbeingswork,howhumanbeingswork,36,1263
howinerd,howinerd,1,132
howitsmade,howitsmade,1,2380
howitstarted,howitstarted,3,3
hownotto,hownotto,1,3
howticketswork,howticketswork,2,2380
howto,howto,41,3
howtobesherlock,howtobesherlock,3,13
howtodebate,howtodebate,1,49
howtohack,howtohack,18,5
howtonotgiveafuck,howtonotgiveafuck,36,67
howtoquitreddit,howtoquitreddit,3,1263
howtoskipscoutduty,howtoskipscoutduty,1,3
howwastoday,howwastoday,1,49
howwethink,howwethink,2,1263
howyoudoin,howyoudoin,25,16
hpfanfiction,hpfanfiction,12,160
hpmor,hpmor,36,160
hsp,hsp,5,67
hspas,hspas,1,49
htc,htc,9,5
htc_vive,htc_vive,11,132
htcone,htcone,5,5
htf,htf,2,40
htkt,htkt,6,1263
htpc,htpc,20,5
httyd,httyd,9,49
huffnation,huffnation,1,40
hugeboobshardcore,hugeboobshardcore,5,5172
hugedicktinychick,hugedicktinychick,5,5172
hughdancy,hughdancy,1,2380
hugofdeath,hugofdeath,3,3
hugoflove,hugoflove,3,3
hukd,hukd,6,1263
hulahoopgirls,hulahoopgirls,1,1321
hulugans,hulugans,1,1263
human,human,76,1263
human_resources,human_resources,5,1263
humanbugreports,humanbugreports,1,49
humanfanclub,humanfanclub,10,16
humanintereststories,humanintereststories,1,1263
humanism,humanism,11,1263
humanitarian,humanitarian,2,2380
humanityboner,humanityboner,2,49
humanman42,humanman42,1,49
humanoidencounters,humanoidencounters,14,67
humanporn,humanporn,47,1263
humanresources,humanresources,9,1263
humanrights,humanrights,13,1263
humansaremetal,humansaremetal,1,3
humansbeingbros,humansbeingbros,78,3
humansbeingdicks,humansbeingdicks,2,3
humanshelpinganimals,humanshelpinganimals,1,40
humansoverbots,humansoverbots,3,99
humanstv,humanstv,6,99
humblebrag,humblebrag,87,1263
humboldt,humboldt,5,40
humerusbills,humerusbills,1,40
hummingbirds,hummingbirds,1,40
humor,humor,51,1263
humorideas,humorideas,8,3
humorousreviews,humorousreviews,3,5
hungarian,hungarian,3,13
hungary,hungary,29,1263
hungryhungryhumans,hungryhungryhumans,1,3
huniepop,huniepop,1,132
hunterxhunter,hunterxhunter,19,99
hunting,hunting,64,40
huntingtons,huntingtons,3,1263
huntsvillealabama,huntsvillealabama,20,1301
huskers,huskers,14,6
husky,husky,11,3
huskystarcraft,huskystarcraft,2,132
hustles,hustles,1,49
hwndu_highlights,hwndu_highlights,1,1263
hwstartups,hwstartups,12,5
hybpa,hybpa,1,3
hybridanimals,hybridanimals,19,3
hydraulicpresschannel,hydraulicpresschannel,7,132
hydrogeology,hydrogeology,2,40
hydroponics,hydroponics,4,40
hyenas,hyenas,1,40
hyperion,hyperion,4,40
hyperloop,hyperloop,6,16
hyphenatetheh,hyphenatetheh,1,49
hypnozooidisacuck,hypnozooidisacuck,1,1263
hypocrisy,hypocrisy,4,3
hypocritelist,hypocritelist,3,1263
hypotheticalsituation,hypotheticalsituation,10,3
hyrulewarriors,hyrulewarriors,7,132
i2p,i2p,13,5
i336_,i336_,8,1695
iainventions,iainventions,1,49
iam14andthisiswtf,iam14andthisiswtf,1,3
iama,iama,2990,2380
iama_accounts,iama_accounts,1,49
iamaparanoidloser,iamaparanoidloser,4,1263
iamarequests,iamarequests,25,2380
iamatalk,iamatalk,1,2380
iamgoingtohellforthis,iamgoingtohellforthis,2,99
iamgrouplimited,iamgrouplimited,2,1321
iammlbigi,iammlbigi,1,40
iamnotracistbut,iamnotracistbut,56,1263
iamsosmart,iamsosmart,1,1263
iamversmart,iamversmart,3,3
iamverybadass,iamverybadass,81,1263
iamverycool,iamverycool,1,3
iamveryculinary,iamveryculinary,21,13
iamverytired,iamverytired,2,3
ian,ian,1,49
ianstanley87,ianstanley87,3,3
iastate,iastate,8,2380
iball,iball,1,49
ibd,ibd,5,67
ibs,ibs,15,67
icandrawthat,icandrawthat,25,3
ice_poseidon,ice_poseidon,38,3
icecreamsocial,icecreamsocial,2,3
icecube45,icecube45,5,3
iceland,iceland,51,1
icelandbestlandfc,icelandbestlandfc,10,463
iconomi,iconomi,3,1
icsc,icsc,27,1263
icymi,icymi,1,2380
idaho,idaho,13,1263
idap,idap,12,160
idarb,idarb,3,132
ideainspire,ideainspire,6,1263
ideasforaskreddit,ideasforaskreddit,7,49
ideasforcmv,ideasforcmv,3,1263
ideasforgovt,ideasforgovt,3,1263
ideasfortheadmins,ideasfortheadmins,32,1263
idecidethecontext,idecidethecontext,1,3
idelovski,idelovski,10,5
identityirelandforum,identityirelandforum,1,1263
ididnazithatcoming,ididnazithatcoming,6,3
ididthemonstermath,ididthemonstermath,1,49
idiocracy,idiocracy,1,3
idiots,idiots,7,99
idiotsfightingthings,idiotsfightingthings,34,3
idiotsincars,idiotsincars,5,3
idontlikerpolitics,idontlikerpolitics,8,1263
idontsports,idontsports,1,3
idontworkherelady,idontworkherelady,26,1263
idrawmuhammad,idrawmuhammad,7,1263
idubbbz,idubbbz,27,3
iffeministsweremras,iffeministsweremras,1,1263
ifitfits,ifitfits,1,40
ifiwonthelottery,ifiwonthelottery,12,132
ifoundthe12yearold,ifoundthe12yearold,5,5172
ifthelordtarries,ifthelordtarries,2,1263
ifuckinghatecats,ifuckinghatecats,12,1263
igem,igem,2,5
igenforeplay,igenforeplay,1,3
igg0,igg0,4,5
ignorantimgur,ignorantimgur,13,99
igthft,igthft,1,3
ihatecats,ihatecats,7,13
ihatepokemon,ihatepokemon,1,132
ihaterconspiracyclub,ihaterconspiracyclub,6,1263
ihatesportsball,ihatesportsball,12,1263
ihe,ihe,19,132
ihmaiwtd,ihmaiwtd,1,3
ihopeyousteponalego,ihopeyousteponalego,1,49
iia,iia,11,1263
iiiiiiitttttttttttt,iiiiiiitttttttttttt,17,5
ijoth3,ijoth3,8,5172
ijoth4,ijoth4,7,5172
ijoth5,ijoth5,5,5172
ijusthadastroke,ijusthadastroke,2,16
ikarus3426,ikarus3426,1,1263
ikea,ikea,9,5
iknewatoncewhoitwas,iknewatoncewhoitwas,1,49
il2,il2,1,132
ilabsightings,ilabsightings,8,3
ilerminaty,ilerminaty,8,3
ilikeeatingbrains,ilikeeatingbrains,14,1263
ill_brain_insights,ill_brain_insights,1,1263
illallowit,illallowit,2,49
illbleed,illbleed,1,49
illegalaliens,illegalaliens,1,1321
illegaltorrents,illegaltorrents,11,5
illinoislibertarians,illinoislibertarians,8,1263
illtake,illtake,6,99
illumilaundry,illumilaundry,1,49
illuminati,illuminati,4,1263
illusionporn,illusionporn,13,3
illustration,illustration,20,160
ilovebuttplugs,ilovebuttplugs,1,1321
ilstu,ilstu,1,2380
im14andthisisbrave,im14andthisisbrave,1,40
im14andthisisedgy,im14andthisisedgy,6,3
im14andthisisfunny,im14andthisisfunny,38,3
im14andthisishistory,im14andthisishistory,1,3
im14andthisispolitics,im14andthisispolitics,2,1263
im14andthisisscary,im14andthisisscary,1,49
im14andthisistophomo,im14andthisistophomo,3,3
im14andthisistrolling,im14andthisistrolling,1,49
im14andthisiswtf,im14andthisiswtf,4,2380
im18andthisisdeep,im18andthisisdeep,1,49
im21andimretarded,im21andimretarded,1,49
im32andthisisdeep,im32andthisisdeep,1,40
im32andthisisfunny,im32andthisisfunny,1,1263
im34andthisisdeep,im34andthisisdeep,1,132
im75andthisiswtf,im75andthisiswtf,1,3
im_going_to_hell,im_going_to_hell,1,3
image_linker_bot,image_linker_bot,7,3
images,images,29,3
imagesofnewyork,imagesofnewyork,3,3
imagesofthe2010s,imagesofthe2010s,7,40
imagestabilization,imagestabilization,30,3
imaginarycharacters,imaginarycharacters,7,160
imaginarycityscapes,imaginarycityscapes,3,160
imaginarydialogues,imaginarydialogues,11,3
imaginaryfallout,imaginaryfallout,5,160
imaginaryjedi,imaginaryjedi,3,3
imaginarylandscapes,imaginarylandscapes,14,160
imaginarymechs,imaginarymechs,1,3
imaginarymonsters,imaginarymonsters,20,160
imaginarytechnology,imaginarytechnology,8,99
imaginaryturtleworlds,imaginaryturtleworlds,7,132
imaginarywarships,imaginarywarships,2,40
imaginedragons,imaginedragons,5,2380
imahorribleperson,imahorribleperson,3,3
imawhinyliberalbitch,imawhinyliberalbitch,7,1263
imaxgames,imaxgames,2,5
imbannedfrom,imbannedfrom,1,1263
imbeingcensored,imbeingcensored,2,1263
imean,imean,10,132
imgoingtobrawlforthis,imgoingtobrawlforthis,2,132
imgoingtohell,imgoingtohell,2,49
imgoingtoquarantine,imgoingtoquarantine,1,1321
imgz,imgz,1,3
imintampa,imintampa,2,1263
imisstheoldreddit,imisstheoldreddit,1,49
immigration,immigration,19,1263
imnosjwbut,imnosjwbut,8,1263
imopandimafag,imopandimafag,3,3
imout,imout,1,49
impeach_trump,impeach_trump,25,1263
impeachtrump,impeachtrump,1,1263
impega,impega,3,5
importgames,importgames,1,132
impostersyndrome,impostersyndrome,1,49
impracticalarmour,impracticalarmour,3,132
impracticaljokers,impracticaljokers,3,3
impressions,impressions,1,1321
improv,improv,3,99
impshial,impshial,1,49
imsavingupforthis,imsavingupforthis,2,3
in_n_outburger,in_n_outburger,2,3
inaccuratebearfacts,inaccuratebearfacts,4,3
inactivereddits,inactivereddits,1,1263
inaperfectworld,inaperfectworld,1,49
inappropriate_gifs,inappropriate_gifs,1,3
inappropriatelol,inappropriatelol,3,3
inbed,inbed,1,49
incel,incel,8,1263
inception,inception,2,99
inceptionism,inceptionism,1,3
incest,incest,36,1263
incest_gifs,incest_gifs,4,5172
inclusivecapitalism,inclusivecapitalism,5,1263
incremental_games,incremental_games,34,16
incubus,incubus,1,2380
indepthstories,indepthstories,7,1263
indiadiscussion,indiadiscussion,14,1263
indiamain,indiamain,26,1263
indiana,indiana,42,1263
indianapolis,indianapolis,30,40
indianbabes,indianbabes,4,5172
indiancinema,indiancinema,7,2167
indiancommies,indiancommies,1,2380
indiancountry,indiancountry,82,1263
indiandrama,indiandrama,1,1263
indianengineers,indianengineers,2,1263
indianents,indianents,18,2167
indianews,indianews,81,1263
indianleft,indianleft,9,1263
indianmongering,indianmongering,2,1263
indianpeoplefacebook,indianpeoplefacebook,30,1263
indianpeoplereddit,indianpeoplereddit,1,49
indianwriters,indianwriters,4,1263
indiaspeaks,indiaspeaks,35,1263
indiatalk,indiatalk,1,2380
indie,indie,10,2380
indie_rock,indie_rock,7,2380
indiecinema,indiecinema,7,99
indiedev,indiedev,20,132
indiefilmshite,indiefilmshite,5,132
indiegamedevforum,indiegamedevforum,2,132
indiegames,indiegames,25,132
indiegaming,indiegaming,76,132
indiegogo,indiegogo,9,5
indieheadscirclejerk,indieheadscirclejerk,5,2380
indiemakeupandmore,indiemakeupandmore,12,95
indigo_wanderers,indigo_wanderers,1,1263
indoctrinated,indoctrinated,1,40
indonesia,indonesia,67,1263
indonesiacirclejerk,indonesiacirclejerk,5,40
indonesiangamers,indonesiangamers,1,1263
indoorgarden,indoorgarden,8,40
industrialmusic,industrialmusic,7,2380
indycar,indycar,25,40
ineptitude,ineptitude,2,3
infamous,infamous,5,132
infertility,infertility,8,49
infertilitybabies,infertilitybabies,3,1321
infinifactory,infinifactory,2,2380
infinitecrisis,infinitecrisis,5,132
infiniti,infiniti,7,40
infj,infj,26,67
inflategate,inflategate,14,1263
infographic,infographic,15,5
infographics,infographics,42,1263
infographs,infographs,1,40
infowars,infowars,3,67
infowarsdotcom,infowarsdotcom,1,1263
infp,infp,33,67
infrastructureporn,infrastructureporn,13,1695
infrastructurist,infrastructurist,4,67
infuriating,infuriating,1,3
inglin,inglin,27,1263
ingress,ingress,30,1301
initiald,initiald,3,3
initialdvideos,initialdvideos,2,132
initium,initium,3,40
injustice,injustice,7,99
inkle,inkle,4,132
inlandempire,inlandempire,9,40
inmeta,inmeta,1,1263
innkeeping,innkeeping,7,13
insane_blame_shills,insane_blame_shills,1,1263
insanecringeposse,insanecringeposse,2,6
insanepeoplefacebook,insanepeoplefacebook,15,1263
insects,insects,11,3
insertions,insertions,10,5172
insidegaming,insidegaming,15,132
insidejorahshead,insidejorahshead,2,3
insideof,insideof,1,1321
insightfulquestions,insightfulquestions,14,1263
insomnia,insomnia,8,67
inspectorspacetime,inspectorspacetime,1,2380
inspiration,inspiration,4,3
instagram,instagram,14,5
instant_regret,instant_regret,79,3
instantbarbarians,instantbarbarians,6,172
instantkarma,instantkarma,11,1263
instantmeta,instantmeta,5,40
instantregret,instantregret,7,3
instascam,instascam,1,40
instructions_unclear,instructions_unclear,3,132
insults,insults,5,1263
insulttestinggrounds,insulttestinggrounds,1,3
insurance,insurance,11,1263
insurgency,insurgency,11,132
intactivists,intactivists,20,1263
intactporn,intactporn,2,5172
intel,intel,12,5
intellectualproperty,intellectualproperty,3,2380
intelligence,intelligence,41,1263
intensivecareunit,intensivecareunit,1,1263
intentionallypenis,intentionallypenis,3,3
interactivefiction,interactivefiction,8,132
interdimensionalcable,interdimensionalcable,3,3
interesting,interesting,23,67
interiordesign,interiordesign,21,40
interiorsandliving,interiorsandliving,2,40
internationalbusiness,internationalbusiness,1,2380
internationaldev,internationaldev,3,1263
internationellpolitik,internationellpolitik,1,1263
internet,internet,11,5
internet_box,internet_box,14,1263
internetcommentetiq,internetcommentetiq,12,1263
internetforumdrama,internetforumdrama,1,3
internethitlers,internethitlers,76,1263
internetkillers,internetkillers,1,3
internetlibertarians,internetlibertarians,1,1263
internetpr,internetpr,3,3
interrobang,interrobang,4,132
interspeciesporn,interspeciesporn,1,40
interstellar,interstellar,28,99
interstellarmarines,interstellarmarines,4,264
interviews,interviews,3,5
interviewtips,interviewtips,1,49
inthemorning,inthemorning,28,1263
inthenews,inthenews,65,1263
inthiscontext,inthiscontext,1,3
intj,intj,49,1263
intlaw,intlaw,1,2380
intothebadlands,intothebadlands,2,2380
intothebreach,intothebreach,1,132
intox,intox,2,3
intp,intp,67,67
intrepidusgaming,intrepidusgaming,13,132
introtofilmmaking,introtofilmmaking,2,99
introvert,introvert,21,1263
intrusivethoughts,intrusivethoughts,15,1263
intrusiveupdates,intrusiveupdates,3,5
invadersm,invadersm,6,3
invaderzim,invaderzim,2,132
invasivespecies,invasivespecies,11,3
inventedwords,inventedwords,1,49
inventions,inventions,8,5
investingcj,investingcj,11,1
invisible,invisible,4,67
invisiblebicycles,invisiblebicycles,9,2167
iolpio_and_banana,iolpio_and_banana,4,3
ioposlas,ioposlas,1,1263
iopsychology,iopsychology,9,1263
ios,ios,20,5
iosdev,iosdev,5,5
iosgaming,iosgaming,30,132
iosmasterrace,iosmasterrace,4,5
iosprogramming,iosprogramming,33,5
iosthemes,iosthemes,31,5
iowa,iowa,38,1263
iowacity,iowacity,8,2380
iowaforsanders,iowaforsanders,13,2380
iphone6s,iphone6s,2,5
iphone_8,iphone_8,1,3
iplaw,iplaw,2,2380
ipv6,ipv6,7,5
iracing,iracing,14,40
iran,iran,72,1263
iranian,iranian,40,1263
iranpolitics,iranpolitics,8,1263
iraqconflict,iraqconflict,3,1263
irbyslaw,irbyslaw,11,1263
irishdance,irishdance,1,40
irishhistory,irishhistory,28,67
irishmusic,irishmusic,4,1321
irishtourism,irishtourism,10,1321
irlsmurfing,irlsmurfing,5,5
ironicsigns,ironicsigns,2,3
ironmaiden,ironmaiden,9,2380
ironman,ironman,2,99
irony,irony,30,1263
irvine,irvine,2,40
irvinecarvery,irvinecarvery,1,49
isaidyes,isaidyes,9,2167
isernamequery,isernamequery,4,1263
isis,isis,6,1263
isitabot,isitabot,1,49
isitbullshit,isitbullshit,20,1263
isjewboymarriedyet,isjewboymarriedyet,2,1
islamicstate,islamicstate,3,3
islamophobia,islamophobia,1,1263
islamophobiawatch,islamophobiawatch,3,1263
islamunveiled,islamunveiled,20,1263
islands,islands,1,3
islandviewrtc,islandviewrtc,1,2380
isleofman,isleofman,2,1
isleofwight,isleofwight,1,1263
israel2,israel2,3,67
israelexposed,israelexposed,11,1263
israelsubredditwatch,israelsubredditwatch,2,1263
isrconservativeracist,isrconservativeracist,2,1263
isrconspiracyracist,isrconspiracyracist,14,1263
isthatcum,isthatcum,1,132
isthiswhereiputmydick,isthiswhereiputmydick,5,3
istillplaythis,istillplaythis,1,132
istj,istj,5,67
istp,istp,10,67
itaglia,itaglia,15,2167
italian,italian,3,3
italy_ss,italy_ss,8,2167
italycirclejerk,italycirclejerk,1,40
itbecameathing,itbecameathing,11,3
itcrowd,itcrowd,9,3
ithappenedinflorida,ithappenedinflorida,1,3
itisthecurrentyear,itisthecurrentyear,11,1263
itjustis,itjustis,1,1321
itmanagers,itmanagers,6,5
itmejp,itmejp,17,160
itookapicture,itookapicture,61,3
itprobe,itprobe,1,1263
itpub,itpub,3,16
itsadndmonsternow,itsadndmonsternow,73,3
itsaprank,itsaprank,5,3
itsasmallworld,itsasmallworld,3,3
itsathingnow,itsathingnow,1,49
itsaunixsystem,itsaunixsystem,27,3
itslenny,itslenny,4,16
itsnotalldoomandgloom,itsnotalldoomandgloom,1,49
itsrandom,itsrandom,2,3
itsstillgoing,itsstillgoing,1,40
itsthetie,itsthetie,1,3
itsthisyear,itsthisyear,5,1263
itwasaspidermanthread,itwasaspidermanthread,1,1263
itwasunlocked,itwasunlocked,2,3
ivanafunny,ivanafunny,1,3
ivf,ivf,2,1263
iwallpaper,iwallpaper,11,16
iwannabevargas,iwannabevargas,2,40
iwantout,iwantout,76,1263
iwanttobelieve,iwanttobelieve,1,3
iwanttolearn,iwanttolearn,33,13
iwassurprisedtoo,iwassurprisedtoo,3,160
iwaswrongallalong,iwaswrongallalong,4,3
iww,iww,6,1263
iwwtpm,iwwtpm,2,7
izlam,izlam,5,1263
izzard,izzard,2,132
jaboody,jaboody,1,1321
jackboxgames,jackboxgames,2,2380
jackoosh,jackoosh,3,40
jacksfilms,jacksfilms,4,3
jacksonville,jacksonville,23,40
jackymehoff,jackymehoff,3,132
jadehelm,jadehelm,7,1263
jadensmith,jadensmith,1,1263
jaguars,jaguars,28,6
jaihind,jaihind,1,40
jailbreakdevelopers,jailbreakdevelopers,2,132
jailu,jailu,23,1263
jakeandamir,jakeandamir,70,3
jakedp,jakedp,1,40
jamaica,jamaica,10,160
jamesandted,jamesandted,1,49
jamesbond,jamesbond,22,3
janeanegarofalo,janeanegarofalo,1,3
japanese,japanese,12,1695
japaneseanimation,japaneseanimation,3,99
japanesegameshows,japanesegameshows,9,1695
japanlife,japanlife,27,1263
japannews,japannews,4,1695
japantravel,japantravel,17,1695
jashnetwork,jashnetwork,1,2380
jasonellisshow,jasonellisshow,2,13
jasonmacker,jasonmacker,2,1263
java,java,32,5
javascript,javascript,69,5
jaxgaming,jaxgaming,2,40
jazz,jazz,35,2380
jazzguitar,jazzguitar,3,2380
jb4427,jb4427,1,2380
jcole,jcole,2,2380
jeb_irl,jeb_irl,1,49
jebbush,jebbush,1,1263
jebusgobson,jebusgobson,4,1263
jebussjareltje,jebussjareltje,3,1263
jebussquadformation,jebussquadformation,3,2167
jebuswatch,jebuswatch,2,2167
jedi_acadamy,jedi_acadamy,1,49
jeep,jeep,49,40
jelbrek,jelbrek,2,5
jellymonster,jellymonster,1,40
jennettemccurdy,jennettemccurdy,3,3
jenniferlawrence,jenniferlawrence,10,5172
jensenackles,jensenackles,2,1910
jeopardy,jeopardy,13,2380
jeq,jeq,3,40
jeremiahharm,jeremiahharm,1,2380
jerktalkdiamond,jerktalkdiamond,83,3
jerma985,jerma985,13,132
jerseycity,jerseycity,10,40
jessicanigri,jessicanigri,9,1263
jesuscars,jesuscars,1,3
jesuscrustreddit,jesuscrustreddit,1,49
jetski,jetski,1,3
jetta,jetta,6,40
jewdank,jewdank,4,5172
jewelers,jewelers,2,1263
jewelry,jewelry,3,40
jewish,jewish,7,40
jews_not_muslims,jews_not_muslims,1,1263
jewsdidthis,jewsdidthis,3,5
jfkresearcher,jfkresearcher,2,1263
jhu,jhu,3,6
jidfinaction,jidfinaction,1,1263
jihadinfocus,jihadinfocus,9,1263
jillstein,jillstein,66,1263
jimi_hendrix,jimi_hendrix,1,40
jimmyeatworld,jimmyeatworld,1,2380
jimmyjongos,jimmyjongos,4,3
jimsterling,jimsterling,19,132
jinanenglish,jinanenglish,62,3
jiujitsu,jiujitsu,1,1263
jizzedtothis,jizzedtothis,3,5172
jjesh,jjesh,5,5
jmu,jmu,1,1263
jnamesmasterrace,jnamesmasterrace,2,40
jobfair,jobfair,8,40
jobs,jobs,93,1263
jobs4bitcoins,jobs4bitcoins,24,1
jobs4dogecoins,jobs4dogecoins,2,1
jobsearching,jobsearching,1,49
jobuds,jobuds,19,5172
joco,joco,1,2380
jococruisecrazy,jococruisecrazy,1,3
joe56780,joe56780,1,40
joegoes,joegoes,5,2167
joehill,joehill,1,40
joeperry,joeperry,1,2380
joerogan2,joerogan2,17,13
joeyoungblood,joeyoungblood,1,40
john_frusciante,john_frusciante,5,2380
johnbarrowman,johnbarrowman,2,3
johncena,johncena,3,2380
johncusack,johncusack,1,2380
johndiesattheend,johndiesattheend,1,2380
johngoodmanhate,johngoodmanhate,1,40
johnmayer,johnmayer,7,2380
johnmcafee2016,johnmcafee2016,1,3
johnsonforpresident,johnsonforpresident,1,2380
johnspicks,johnspicks,1,3
johntitor,johntitor,2,99
joinrobin,joinrobin,72,4042
joinsquad,joinsquad,14,132
jokesfromtv,jokesfromtv,3,3
jokesofthedadvariety,jokesofthedadvariety,1,49
jonbenet,jonbenet,2,1321
jontroncirclejerk,jontroncirclejerk,7,132
jonwolf,jonwolf,4,3
jooshejokes,jooshejokes,1,49
jordamn,jordamn,1,3
jordan_peterson_memes,jordan_peterson_memes,2,2380
jordanpeterson,jordanpeterson,9,40
jortshate,jortshate,1,3
josebama,josebama,3,2167
jotboard,jotboard,3,3
journalism,journalism,28,1263
joylent,joylent,2,13
jpndts,jpndts,1,2380
jritslounge,jritslounge,3,40
jrpg,jrpg,32,132
jspbwcctwasogc,jspbwcctwasogc,1,49
juarez,juarez,1,1263
judgewilliamadams,judgewilliamadams,1,2380
judo,judo,18,13
juggalo,juggalo,11,40
juggalotuggalo,juggalotuggalo,6,132
juggling,juggling,13,3
jugglingjerk,jugglingjerk,8,3
juicing,juicing,4,6
jukmifgguggh,jukmifgguggh,4,3
julian_assange,julian_assange,1,2380
junkjack,junkjack,1,40
junkofreddit,junkofreddit,4,132
jurassicpark,jurassicpark,22,3
just_post,just_post,19,3
justbootthings,justbootthings,3,1263
justbourgeoisiethings,justbourgeoisiethings,1,1263
justbrothings,justbrothings,1,49
justcause,justcause,9,5
justcheetogrubthings,justcheetogrubthings,15,1263
justcool393,justcool393,3,1
justengaged,justengaged,5,5
justfatguythings,justfatguythings,1,40
justforjess,justforjess,3,1263
justforsomelaughs,justforsomelaughs,10,3
justfuckmyshitup,justfuckmyshitup,17,3
justgamedevthings,justgamedevthings,1,132
justgangstathings,justgangstathings,1,49
justgirlythings,justgirlythings,2,3
justhighwaythings,justhighwaythings,1,3
justiceforpewdiepie,justiceforpewdiepie,1,1263
justiceserved,justiceserved,58,1263
justified,justified,6,13
justinlong,justinlong,1,40
justlegbeardthings,justlegbeardthings,10,1263
justlike1984,justlike1984,8,1263
justnomil,justnomil,22,1263
justokaythings,justokaythings,4,3
justpatriarchythings,justpatriarchythings,1,49
justrealized,justrealized,1,40
justredditthings,justredditthings,2,3
justretardthings,justretardthings,1,40
justshillthings,justshillthings,7,1263
juststemthings,juststemthings,36,1263
jutesrights,jutesrights,3,1263
jwr,jwr,40,16
jyvaskyla,jyvaskyla,1,40
kaceytron,kaceytron,7,132
kadenlnelson,kadenlnelson,2,3404
kaigainohannou,kaigainohannou,1,1263
kaikaikaicult,kaikaikaicult,1,49
kairosoft,kairosoft,2,5
kaka79,kaka79,3,5172
kakajebusgobsonzegt,kakajebusgobsonzegt,1,1263
kakosindustries,kakosindustries,1,49
kallmann_syndrome,kallmann_syndrome,1,2380
kamenrider,kamenrider,4,132
kampfy,kampfy,1,40
kanjiklub,kanjiklub,3,3
kansas,kansas,26,40
kansascity,kansascity,68,40
kansascitychiefs,kansascitychiefs,25,6
kapppa,kapppa,2,132
karakuratown,karakuratown,3,2
karlsruhe,karlsruhe,1,40
karma,karma,4,3
karma_acceptance,karma_acceptance,3,5172
karmabait,karmabait,2,99
karmacourt,karmacourt,78,1
karmacourtblog,karmacourtblog,19,3
karmacringe,karmacringe,7,1301
karmainitiative,karmainitiative,6,132
karmaless3,karmaless3,6,3
karmamartyr,karmamartyr,12,3
karmaprotips,karmaprotips,1,49
karmatrain,karmatrain,3,6
karmawhore,karmawhore,6,132
karmawhoring,karmawhoring,6,1263
karmawhoringgrandsons,karmawhoringgrandsons,1,40
kasichforpresident,kasichforpresident,9,1263
kat_fud,kat_fud,5,40
katamari,katamari,5,132
katawashoujo,katawashoujo,27,99
katebeckinsale,katebeckinsale,3,5172
kateupton,kateupton,3,5172
katyperry,katyperry,7,5172
kawaiipiranha,kawaiipiranha,1,49
kayaking,kayaking,18,40
kazakhstan,kazakhstan,5,1263
kcroyals,kcroyals,33,6
kde,kde,11,5
kdrama,kdrama,5,1321
keem,keem,2,132
keepournetfree,keepournetfree,6,1263
keepthorinthursday,keepthorinthursday,2,13
keisha_grey,keisha_grey,1,2380
keithandthegirl,keithandthegirl,1,1321
kekism,kekism,1,1263
kekistan,kekistan,5,5
kekworld,kekworld,1,1263
kelloggs,kelloggs,10,3
kelowna,kelowna,2,5
keming,keming,18,3
kenbone,kenbone,3,132
kenbone4prezz,kenbone4prezz,2,2380
kendama,kendama,2,3
kendricklamar,kendricklamar,26,2380
keniluck,keniluck,2,160
kenjeong,kenjeong,1,2380
kenji,kenji,4,40
kenm,kenm,45,3
kenshi,kenshi,1,2380
kentstateuniversity,kentstateuniversity,3,6
kentucky,kentucky,27,6
kentuckyroutezero,kentuckyroutezero,1,40
kentuckysocialists,kentuckysocialists,2,6
kenya,kenya,17,13
kerala,kerala,13,1263
ketchup,ketchup,2,3
ketchuphate,ketchuphate,5,3
keto,keto,64,13
ketobabies,ketobabies,2,1263
ketocrisp,ketocrisp,2,132
ketogains,ketogains,12,13
ketorecipes,ketorecipes,24,13
kev10000,kev10000,3,3
kevin,kevin,13,3
kevinfolta,kevinfolta,1,1263
kevinserver,kevinserver,1,49
keywestman,keywestman,1,3
khux,khux,1,132
khx,khx,1,132
kiachatroom,kiachatroom,23,1263
kiamythos,kiamythos,3,132
kic8462852,kic8462852,7,16
kickstarter,kickstarter,92,5
kidcudi,kidcudi,5,2380
kiddet,kiddet,1,1321
kidfree,kidfree,2,1263
kidney_match,kidney_match,1,40
kidrobot,kidrobot,1,2380
kidsfun,kidsfun,1,40
kidsvideos,kidsvideos,2,13
kijafa,kijafa,3,49
killedyourmom,killedyourmom,2,2380
killerinstinct,killerinstinct,8,132
killfor,killfor,3,3
killingisis,killingisis,3,1263
killlakill,killlakill,20,99
killmarriage,killmarriage,2,49
killpatick,killpatick,5,3
killthenoise,killthenoise,3,2380
killthosewhodisagree,killthosewhodisagree,65,1263
kilroywashere,kilroywashere,1,1321
kilts,kilts,1,1263
kim,kim,1,49
kimchibros,kimchibros,5,13
kimmyschmidt,kimmyschmidt,4,40
kinagrannis,kinagrannis,1,2380
kindafunny,kindafunny,11,132
kindcupman,kindcupman,11,132
kindle,kindle,13,5
kindofbestof,kindofbestof,8,1695
kinetik,kinetik,2,132
kingdomhearts,kingdomhearts,30,132
kingharvest,kingharvest,1,49
kingkillerchronicle,kingkillerchronicle,15,160
kingkrule,kingkrule,1,2380
kingofthehill,kingofthehill,13,99
kingofthenerds,kingofthenerds,3,1263
kings,kings,17,6
kingsringleader,kingsringleader,10,6
kingstonontario,kingstonontario,11,40
kipling,kipling,1,3
kirkcousins,kirkcousins,6,6
kiss,kiss,2,40
kissanime,kissanime,1,1263
kitchenconfidential,kitchenconfidential,71,13
kiteboarding,kiteboarding,3,1263
kitsunemimi,kitsunemimi,2,1263
kittens,kittens,4,3
kittensgame,kittensgame,1,1263
kjfqatest,kjfqatest,3,5
kkl105,kkl105,3,2380
kkpsi,kkpsi,1,40
klamathfalls,klamathfalls,3,40
klaushardybreslauer,klaushardybreslauer,2,3
kleptologia,kleptologia,1,2380
knifeclub,knifeclub,36,40
knifecringe,knifecringe,6,40
knifeparty,knifeparty,9,2380
knightsofpineapple,knightsofpineapple,15,3
knightsofthebutton,knightsofthebutton,29,4042
knitting,knitting,34,40
knives,knives,44,40
knolling,knolling,7,40
knowm,knowm,3,5
knownedge,knownedge,2,1263
knoxville,knoxville,22,3
koalas,koalas,7,3
koans,koans,8,1263
kodi,kodi,18,5
kohi,kohi,10,264
kol,kol,2,132
kolob,kolob,3,6
kombucha,kombucha,4,40
konmari,konmari,3,40
kooktown,kooktown,1,1263
korean,korean,9,1263
koreanvariety,koreanvariety,10,2380
kossacks_for_sanders,kossacks_for_sanders,49,1263
kotk,kotk,7,132
kotor,kotor,9,132
kpics,kpics,7,39
kpoop,kpoop,6,2380
kpop,kpop,73,2380
kpopslumberparty,kpopslumberparty,9,2380
krankt,krankt,2,2167
kratom,kratom,30,67
kratomkorner,kratomkorner,4,67
kravmaga,kravmaga,5,13
kreiswichs,kreiswichs,41,2167
kronk,kronk,1,3
kronoswow,kronoswow,6,3404
krutonium,krutonium,1,49
ktane,ktane,2,132
kukakl,kukakl,8,132
kukluxkreddit,kukluxkreddit,1,40
kungfu,kungfu,25,13
kungfucinema,kungfucinema,6,132
kurdistan,kurdistan,33,1263
kurzgesagt,kurzgesagt,6,132
kuttichevuru,kuttichevuru,8,1263
kuwait,kuwait,13,1263
kyle,kyle,6,3
kyle8998,kyle8998,1,49
kyleandpatrick,kyleandpatrick,6,4042
kylieminogue,kylieminogue,2,5172
kzoo,kzoo,15,40
la_redditejo,la_redditejo,1,49
labiagw,labiagw,3,5172
labor,labor,10,1263
labouruk,labouruk,27,1263
labrador,labrador,7,3
labrats,labrats,23,5
labsafety,labsafety,8,5
labyrinth,labyrinth,2,132
lacheliebelebe,lacheliebelebe,7,2167
laciepettito,laciepettito,1,3
lackofselfawareness,lackofselfawareness,7,1263
lacortenews,lacortenews,2,1263
lacrosse,lacrosse,8,172
ladiesofscience,ladiesofscience,5,5
ladyboners,ladyboners,32,1263
ladyladyboners,ladyladyboners,2,40
ladymras,ladymras,2,3
lafayette,lafayette,3,6
lafd,lafd,5,40
lag_irl,lag_irl,1,3
lahabra,lahabra,2,40
laika,laika,2,99
laina,laina,1,1263
lakecounty,lakecounty,1,3
lakefrontproperty,lakefrontproperty,16,3
lakelaogai,lakelaogai,2,132
lakers,lakers,29,6
lalaland,lalaland,2,2380
lalist,lalist,12,40
lamborghini,lamborghini,2,40
lamecomebacks,lamecomebacks,1,3
lamppostsimulator,lamppostsimulator,2,132
landlord,landlord,10,40
landlords,landlords,2,40
landscaping,landscaping,10,5
language,language,6,1321
languagelearning,languagelearning,99,1321
lanparty,lanparty,22,132
lansdale,lansdale,3,67
lansing,lansing,9,40
laowinning,laowinning,27,1263
laptops,laptops,13,5
larp,larp,8,1910
larrystylinson,larrystylinson,2,2380
larsenthompson,larsenthompson,1,2380
lasagne,lasagne,1,40
lasik,lasik,2,2380
laslomas,laslomas,1,3
lasnoches,lasnoches,2,2
lastimages,lastimages,22,1263
lastmanonearthtv,lastmanonearthtv,4,1263
lastweektonight,lastweektonight,19,1263
lasvegas,lasvegas,3,40
latenighttalkshows,latenighttalkshows,5,99
lateshow,lateshow,12,99
latestageautism,latestageautism,3,3
latin,latin,23,49
latinamerica,latinamerica,1,1263
latinopeopletwitter,latinopeopletwitter,7,3
latterdaysaints,latterdaysaints,47,1263
latvia,latvia,17,1
latvianjokes,latvianjokes,17,3
law,law,84,1263
lawnmowers,lawnmowers,1,3
lawofattraction,lawofattraction,11,1263
lawrence,lawrence,8,40
lawschool,lawschool,35,1263
lawschooladmissions,lawschooladmissions,3,1
lazybestof,lazybestof,1,1321
lazypalpatine,lazypalpatine,18,3
lbregs,lbregs,2,67
lcfc,lcfc,7,2167
ldsbestof,ldsbestof,4,1263
ldscirclejerk,ldscirclejerk,6,1263
le_pen,le_pen,15,1263
leaf,leaf,14,40
leafs,leafs,31,6
league_of_legends_,league_of_legends_,10,3404
leagueoflegendsmeta,leagueoflegendsmeta,12,3404
leagueofmemes,leagueofmemes,11,3
leagueofmeta,leagueofmeta,10,3404
leakeverything,leakeverything,23,1263
leangains,leangains,12,13
leangap,leangap,1,2380
leansixsigma,leansixsigma,4,5
learnbasiclifeskills,learnbasiclifeskills,1,49
learndota2,learndota2,15,132
learndothraki,learndothraki,3,3
learndutch,learndutch,4,1321
learnexcel,learnexcel,1,2380
learnforfree,learnforfree,1,49
learning2learn,learning2learn,5,13
learningfilm,learningfilm,1,1321
learnjapanese,learnjapanese,36,1695
learnmusic,learnmusic,4,5
learnnavi,learnnavi,1,2380
learntherules,learntherules,1,3
learnuselesstalents,learnuselesstalents,37,3
lease,lease,1,49
leaves,leaves,14,67
lebanon,lebanon,33,1263
lebowski,lebowski,14,3
leclub,leclub,12,3
lectures,lectures,38,1263
led_zeppelin,led_zeppelin,5,3
ledankmemes,ledankmemes,1,49
ledgerwallet,ledgerwallet,6,1
ledootgeneration,ledootgeneration,31,3
leeds,leeds,13,2167
leedsunited,leedsunited,11,2167
leeroyjenkins,leeroyjenkins,1,3
leetkrewgoose,leetkrewgoose,1,3
left4dead,left4dead,3,3
leftafters,leftafters,1,49
leftwithoutedge,leftwithoutedge,20,1263
leftwithsharpedge,leftwithsharpedge,47,1263
lefunymimes,lefunymimes,1,3
legal,legal,16,1263
legaladviceofftopic,legaladviceofftopic,26,1263
legaladviceuk,legaladviceuk,21,1263
legaladvise,legaladvise,2,132
legalizeprostitution,legalizeprostitution,1,2380
legalteens,legalteens,6,3
legemhall,legemhall,1,132
legendmaker,legendmaker,1,2380
legendofzelda,legendofzelda,2,132
legendsofcallasia,legendsofcallasia,1,2380
legendsoftomorrow,legendsoftomorrow,17,99
legionfx,legionfx,9,99
legionofskanks,legionofskanks,11,1321
legitimatelydeep,legitimatelydeep,2,160
legitpiercing,legitpiercing,4,3
legobdsm,legobdsm,1,3
legodeal,legodeal,2,3
legouniverse,legouniverse,1,132
lenovo,lenovo,11,5
lenovocirclejerk,lenovocirclejerk,1,2380
leoduhvinci,leoduhvinci,4,160
leopardgeckos,leopardgeckos,2,3
leredditarmyreborn,leredditarmyreborn,1,1321
lerightgeneration,lerightgeneration,1,1263
lesbianactually,lesbianactually,12,1263
lesbiangamers,lesbiangamers,3,132
lesmiserables,lesmiserables,1,40
lesscredibledefence,lesscredibledefence,11,1263
lessig2016,lessig2016,8,1263
lessthanjake,lessthanjake,1,2380
lesswrong,lesswrong,13,1263
lesswronglounge,lesswronglounge,4,160
lestemgeneration,lestemgeneration,3,3
lethalleague,lethalleague,3,132
lethbridge,lethbridge,5,172
letmeexplain,letmeexplain,5,5
letmeredditthatforyou,letmeredditthatforyou,1,49
letmetakeyourpicture,letmetakeyourpicture,1,40
letsencrypt,letsencrypt,2,2380
letsgetlaid,letsgetlaid,4,1263
letsgetregressive,letsgetregressive,2,1263
letsgofish,letsgofish,16,6
letsnotmeet,letsnotmeet,33,1263
letsplay,letsplay,36,132
letsplayvideos,letsplayvideos,6,132
letstakeamoment,letstakeamoment,6,5
letstalkbitcoin,letstalkbitcoin,2,1
letstalkmusic,letstalkmusic,29,2380
letstellastory,letstellastory,1,1321
letterkenny,letterkenny,2,5
leukophobia,leukophobia,1,1263
leursurs,leursurs,1,1263
levantinewar,levantinewar,13,1263
lewildrage,lewildrage,2,3
lexington,lexington,11,6
lexingtonmass,lexingtonmass,1,40
lgbteens,lgbteens,23,1263
lgbtlibrary,lgbtlibrary,5,1263
lgbtnews,lgbtnews,13,1263
lgbtsex,lgbtsex,3,132
lgg3,lgg3,13,5
lgr,lgr,1,132
lgv20,lgv20,5,5
lhc,lhc,5,1263
li5,li5,2,40
liberace,liberace,1,2380
liberal,liberal,51,1263
liberaldegeneracy,liberaldegeneracy,13,1263
liberalreality,liberalreality,1,1263
liberalregressives,liberalregressives,2,1263
liberalsocialjustice,liberalsocialjustice,1,1321
liberalstupidity,liberalstupidity,5,1263
liberalviolence,liberalviolence,4,1263
liberland,liberland,3,1263
liberta,liberta,8,1263
libertadores,libertadores,1,2167
libertarianbestof,libertarianbestof,26,1263
libertarianca,libertarianca,13,1263
libertariandemocrats,libertariandemocrats,2,3
libertarianeurope,libertarianeurope,7,1263
libertarianhope,libertarianhope,3,3
libertarianhumor,libertarianhumor,4,1263
libertarianleft,libertarianleft,11,1263
libertarianmeme,libertarianmeme,25,1263
libertarianpartyusa,libertarianpartyusa,31,1263
libertariansocialism,libertariansocialism,5,1263
libertypositive,libertypositive,4,40
libertyuniversity,libertyuniversity,2,1263
libgluer,libgluer,1,40
librarians,librarians,6,3
libraries,libraries,16,160
librascientia,librascientia,2,160
libreconspiracy,libreconspiracy,1,1263
librelife,librelife,5,5
libri,libri,10,2167
libya,libya,6,132
life,life,4,67
lifeafternarcissism,lifeafternarcissism,9,49
lifeaquatic,lifeaquatic,7,49
lifeasannpc,lifeasannpc,12,132
lifehacks,lifehacks,89,5
lifehacksbyunidan,lifehacksbyunidan,2,3
lifeisstrange,lifeisstrange,32,132
lifeofnorman,lifeofnorman,9,132
lifeprotip,lifeprotip,3,6
lifeprotipscomputers,lifeprotipscomputers,4,3
lifewithigor,lifewithigor,1,3
lightbulb,lightbulb,19,3
lightingdesign,lightingdesign,10,5
lightnovels,lightnovels,15,99
likekenm,likekenm,2,13
likeus,likeus,18,3
lima,lima,3,6
limitedhangouts,limitedhangouts,6,1263
limpwrist,limpwrist,25,1263
lincoln,lincoln,7,40
lindsayelyse,lindsayelyse,2,3
lindybeige,lindybeige,1,1321
linesinsuccession,linesinsuccession,1,49
lingerie,lingerie,7,5172
linguaporn,linguaporn,1,49
linguistics,linguistics,94,1263
link,link,3,1263
linkinpark,linkinpark,8,2380
linkoping,linkoping,2,2167
linustechtips,linustechtips,9,5
linux_filmmaking,linux_filmmaking,3,5
linux_gaming,linux_gaming,97,132
linuxactionshow,linuxactionshow,58,5
linuxadmin,linuxadmin,26,5
linuxcirclejerk,linuxcirclejerk,44,5
linuxcringe,linuxcringe,7,3
linuxmemes,linuxmemes,13,5
linuxquestions,linuxquestions,34,5
liohunter,liohunter,2,3
lions,lions,1,40
lionsground,lionsground,2,1263
lionsheadmafia,lionsheadmafia,1,1321
liquor,liquor,4,13
lisathepainfulrpg,lisathepainfulrpg,2,3
lisboa,lisboa,3,2167
liskiller,liskiller,1,2380
listentothat,listentothat,2,3
listofredditors,listofredditors,30,1263
lit,lit,1,40
litecoin,litecoin,61,1
literally,literally,6,1263
literally_1984,literally_1984,2,1263
literally_shaking,literally_shaking,5,5172
literallynocontext,literallynocontext,3,3
literallyorwell,literallyorwell,4,1263
literallyunnecessary,literallyunnecessary,1,40
literaltranslation,literaltranslation,1,3
literature,literature,29,1263
lithuania,lithuania,14,1263
lithuaniaspheres,lithuaniaspheres,1,3
litrpg,litrpg,1,2380
littlerock,littlerock,6,40
littlesodusbay,littlesodusbay,1,40
littlespace,littlespace,20,3
littlewargame,littlewargame,2,3
live,live,12,1263
livecounting,livecounting,2,40
livefromnewyork,livefromnewyork,21,3
liveonthescene,liveonthescene,3,6
liverpool,liverpool,17,2167
liverpoolfc,liverpoolfc,53,2167
livesmatter,livesmatter,4,2380
livesound,livesound,21,5
livestreamfail,livestreamfail,56,1263
livestreamfails,livestreamfails,18,1695
livestreams,livestreams,1,1321
livethewage,livethewage,3,13
livetsord_irl,livetsord_irl,1,49
livingathomedefense,livingathomedefense,1,40
lizziebennet,lizziebennet,2,2380
lkf,lkf,1,40
llama,llama,3,132
llbeanshit,llbeanshit,3,40
lmaovideos,lmaovideos,1,3
loadingreadyrun,loadingreadyrun,3,40
localmarketing,localmarketing,1,40
localmultiplayergames,localmultiplayergames,5,132
lockcarbon,lockcarbon,15,1263
locked,locked,13,1263
lockpicking,lockpicking,23,3
locksmith,locksmith,7,5
loganwestbury,loganwestbury,1,40
logic_studio,logic_studio,6,2380
logitechg,logitechg,9,132
logodesign,logodesign,13,5
logophilia,logophilia,8,40
lokifent4president,lokifent4president,1,49
lol,lol,8,3
lol_dad_memes,lol_dad_memes,1,1263
lolbiscuits,lolbiscuits,1,3
lolcowtheater,lolcowtheater,6,1263
lolgrindr,lolgrindr,6,1263
lolhehehe,lolhehehe,1,2380
lollapalooza,lollapalooza,9,2380
lolphp,lolphp,7,5
londonontario,londonontario,21,3
londonstartup,londonstartup,3,5
lonestar,lonestar,12,1910
longbeach,longbeach,13,40
longboarding,longboarding,24,3
longcons,longcons,2,6
longdistance,longdistance,19,1263
longenoughgifs,longenoughgifs,1,3
longevity,longevity,24,5
longisland,longisland,26,40
longitudelatitude,longitudelatitude,19,1263
longmire,longmire,2,3
longmont,longmont,4,40
longrange,longrange,11,7
longshoremen,longshoremen,2,40
longstabbything,longstabbything,6,3
longtail,longtail,10,1263
longthreads,longthreads,1,49
loofafacedshitgibbon,loofafacedshitgibbon,1,3
lookatmykids,lookatmykids,1,40
lookforthehelpers,lookforthehelpers,1,3
loomynarty,loomynarty,1,1263
lootcratespoilers,lootcratespoilers,6,132
lorde,lorde,6,1321
lordoftherings,lordoftherings,6,160
lordsofminecraft,lordsofminecraft,32,264
losangeleskings,losangeleskings,27,6
losangelesrams,losangelesrams,11,6
loseit,loseit,72,13
losethegame,losethegame,1,49
loseyourself,loseyourself,3,40
lossprevention,lossprevention,7,7
lost,lost,26,3
lost_films,lost_films,2,1321
lost_generation,lost_generation,2,3
lostgirl,lostgirl,1,2380
lostminiswiki,lostminiswiki,1,1321
lostreaction,lostreaction,1,1321
lotr,lotr,56,3
lotro,lotro,6,160
lottery,lottery,1,40
lotteryhorrorstories,lotteryhorrorstories,2,49
louderwithcrowder,louderwithcrowder,2,1321
loudtext,loudtext,1,40
louiefelipe,louiefelipe,1,49
louisck,louisck,5,1321
louisiana,louisiana,22,40
louisville,louisville,45,6
loungegrumps,loungegrumps,1,2380
loungers,loungers,5,1263
love,love,10,2380
love_and_light33,love_and_light33,2,3
lovecraft,lovecraft,28,160
loveletters,loveletters,1,40
lovelive,lovelive,21,99
low_poly,low_poly,8,132
lowbatterysounds,lowbatterysounds,1,40
lowcar,lowcar,13,40
loweffort,loweffort,1,1263
lowellma,lowellma,1,40
lowendgaming,lowendgaming,5,132
loweredstandards,loweredstandards,6,132
lowlevelaware,lowlevelaware,63,1695
lowsodiumdestiny,lowsodiumdestiny,2,132
lpotl,lpotl,5,67
lsd,lsd,88,67
lsgmedia,lsgmedia,3,3
lsstest,lsstest,1,3
lubbock,lubbock,11,1910
lucasarts,lucasarts,1,132
luciddreaming,luciddreaming,22,67
lucifer,lucifer,5,3
lugarix,lugarix,6,132
luigi,luigi,1,132
luka_reddit,luka_reddit,7,3
luke,luke,5,172
luna_lovewell,luna_lovewell,18,160
lunchgrabbarna,lunchgrabbarna,5,16
lurkershares,lurkershares,9,40
luthier,luthier,14,2380
lv426,lv426,18,5172
lwsrdg,lwsrdg,1,1263
lyme,lyme,7,5
lynchburg,lynchburg,5,40
lyon,lyon,6,2167
m43,m43,4,40
maa,maa,6,40
mac,mac,48,5
macdemarco,macdemarco,7,2380
macgaming,macgaming,13,5
machinelearning,machinelearning,90,5
machineporn,machineporn,25,67
machinima,machinima,7,132
machinists,machinists,19,40
macklemore,macklemore,2,40
macrofetish,macrofetish,1,49
macrogrowery,macrogrowery,4,67
macsetups,macsetups,6,5
madden,madden,29,6
maddenmobileforums,maddenmobileforums,11,132
maddenultimateteam,maddenultimateteam,23,6
mademecry,mademecry,4,3
mademesmile,mademesmile,90,3
madeofstyrofoam,madeofstyrofoam,18,1263
madeupdata,madeupdata,1,3
madisonwi,madisonwi,30,6
madlads,madlads,91,3
madmagazine,madmagazine,1,1321
madmax,madmax,14,132
madmaxgame,madmaxgame,3,132
madmen,madmen,17,6
madmudmen,madmudmen,10,3
madokamagica,madokamagica,18,99
madonna,madonna,6,1321
maduro,maduro,1,1263
mafia3,mafia3,5,132
magajuana,magajuana,4,1263
mageddon,mageddon,1,1263
magenta,magenta,1,3
magic,magic,15,1321
magicite,magicite,2,40
magickawizardwars,magickawizardwars,1,2380
magicleap,magicleap,9,132
magicskyfairy,magicskyfairy,77,1263
magictavern,magictavern,5,2380
magnetgifs,magnetgifs,1,3
mahler,mahler,1,3
mailorderbrides,mailorderbrides,1,49
maine,maine,49,1263
mainframe,mainframe,11,5
makeamericagreatagain,makeamericagreatagain,1,1263
makebabygupsdaybetter,makebabygupsdaybetter,2,2380
makebeccasmile,makebeccasmile,12,3
makeitfunnyiama,makeitfunnyiama,1,40
makeitso,makeitso,1,49
makemeagif,makemeagif,2,3
makemecry,makemecry,3,3
makemychoice,makemychoice,15,5172
makenoise,makenoise,4,2380
maker,maker,9,40
makerdao,makerdao,7,1
makerspace,makerspace,2,40
makescaldagreatagain,makescaldagreatagain,1,3
makesyoumoist,makesyoumoist,9,2380
makeupaddiction,makeupaddiction,86,95
makeupaddicts,makeupaddicts,6,95
makeupfetish,makeupfetish,4,5172
makingamurderer,makingamurderer,22,1321
makinghiphop,makinghiphop,39,2380
maladaptivedreaming,maladaptivedreaming,7,67
malaria,malaria,1,40
malaysia,malaysia,58,1263
malazan,malazan,10,40
malcolminthemiddle,malcolminthemiddle,5,1263
maldives,maldives,4,2167
maleequality,maleequality,3,3
malefashion,malefashion,16,2380
malegrooming,malegrooming,12,3
malehairadvice,malehairadvice,27,95
maleinfertility,maleinfertility,2,1263
malelifestyle,malelifestyle,9,6
malelivingspace,malelivingspace,14,40
malenamorgan,malenamorgan,2,5172
maleprivilege,maleprivilege,1,49
maliciouscompliance,maliciouscompliance,31,1321
malkovich,malkovich,2,40
mallninjashit,mallninjashit,42,13
malloc64,malloc64,4,3
malta,malta,7,99
maltomealmasterrace,maltomealmasterrace,1,3
malware,malware,20,5
mammeringscorn,mammeringscorn,1,49
manchester,manchester,24,2167
manchildlifehacks,manchildlifehacks,1,49
mandela_effect,mandela_effect,3,1263
mandelaeffect,mandelaeffect,35,3
manga,manga,68,99
manicomio,manicomio,1,49
manillalice,manillalice,1,3
maninthehighcastle,maninthehighcastle,6,1263
manity,manity,1,3
manna,manna,19,1263
manning,manning,1,2380
manofthehour,manofthehour,2,1263
manseekingwoman,manseekingwoman,1,49
mantids,mantids,3,3
manyatruenerd,manyatruenerd,16,132
mapleroot,mapleroot,1,49
maplestory,maplestory,9,3404
mapmaking,mapmaking,14,160
mapporncirclejerk,mapporncirclejerk,5,1263
mapswithnojersey,mapswithnojersey,3,3
mapswithouticeland,mapswithouticeland,1,3
mapswithoutnz,mapswithoutnz,16,3
marathi,marathi,3,1263
marblehornets,marblehornets,4,99
march_against_trump,march_against_trump,1,1263
marchagainstislam,marchagainstislam,1,1263
marchagainstrump,marchagainstrump,1,1263
marchagainsttrump,marchagainsttrump,47,1263
marchforscience,marchforscience,18,1263
marchingband,marchingband,8,40
marco_rubio,marco_rubio,7,1263
marcopolo,marcopolo,2,3
marianastrench,marianastrench,1,1321
marieclaire,marieclaire,2,5172
marijuana,marijuana,52,67
marijuanaenthusiasts,marijuanaenthusiasts,32,3
marilyn_manson,marilyn_manson,3,3
marin,marin,5,3404
marinebiology,marinebiology,10,3
marinebiologygifs,marinebiologygifs,2,3
mariners,mariners,22,6
marines,marines,4,1263
mario,mario,19,132
mariokart,mariokart,12,132
mariomaker,mariomaker,26,132
maritimelaunch,maritimelaunch,2,5
mariusisteingott,mariusisteingott,3,3404
market_socialism,market_socialism,16,1263
marketanarchism,marketanarchism,11,1263
marketing,marketing,24,5
markhamill,markhamill,1,2380
markiplier,markiplier,7,132
markmywords,markmywords,32,1263
marmite,marmite,2,2380
marmitebadgerslife,marmitebadgerslife,2,3
marriage,marriage,13,1263
marriedredpill,marriedredpill,11,1263
mars,mars,15,16
marshallbrain,marshallbrain,54,5
martialarts,martialarts,62,13
martinshkreli,martinshkreli,10,1263
marvel_daredevil,marvel_daredevil,10,99
marvelfans,marvelfans,10,99
marvelheroes,marvelheroes,5,132
marxism,marxism,15,1263
marxist_media,marxist_media,5,2380
maryland,maryland,65,40
mascots,mascots,2,6
mash,mash,3,1263
mashups,mashups,33,160
masonicconspiracy,masonicconspiracy,3,40
massachusetts,massachusetts,29,40
massage,massage,1,40
masseffect,masseffect,89,132
massivecock,massivecock,15,5172
massmeditations,massmeditations,1,1263
masspoli,masspoli,3,40
masterchef,masterchef,2,1263
mastercutlet,mastercutlet,4,7
masterlawlz,masterlawlz,1,1263
mastodonband,mastodonband,1,2380
matchboxtwenty,matchboxtwenty,1,2380
materials,materials,8,5
materialshandling,materialshandling,1,2380
matesstuff,matesstuff,1,49
mathpics,mathpics,4,5
matt,matt,25,6
mattdoranhasblueeyes,mattdoranhasblueeyes,1,3
mattepainting,mattepainting,1,2380
maturechat,maturechat,1,3
matuzy,matuzy,2,3
maui,maui,8,7
mauramurray,mauramurray,5,1321
mauvaisconseil,mauvaisconseil,6,3
mavericks,mavericks,11,6
mawinstallation,mawinstallation,7,3
maxcoin,maxcoin,1,1
maxcoinmining,maxcoinmining,1,1
maxcoinproject,maxcoinproject,3,1
maximumfun,maximumfun,14,2380
maxpayne,maxpayne,3,132
maydaypac,maydaypac,7,1263
mayorsofcanada,mayorsofcanada,1,3
mazda,mazda,18,40
mazes,mazes,2,132
mba,mba,4,1301
mbmbam,mbmbam,7,3
mbti,mbti,33,67
mcdonalds,mcdonalds,15,1263
mcfc,mcfc,25,2167
mcgill,mcgill,19,172
mcgodsyn,mcgodsyn,2,264
mclounge,mclounge,2,3
mcmullin,mcmullin,3,1263
mcnext,mcnext,1,3
mcpefamily,mcpefamily,4,264
mdguns,mdguns,5,7
mdma,mdma,23,67
mdmatherapy,mdmatherapy,18,67
me_ira,me_ira,2,49
mead,mead,14,40
mealprepsunday,mealprepsunday,16,13
mealprepsundayrecipes,mealprepsundayrecipes,1,49
mealtimevideos,mealtimevideos,22,1695
meandering,meandering,4,6
meanjokes,meanjokes,14,1263
meat,meat,8,13
meatloaves,meatloaves,1,3
meatrules,meatrules,2,3
mechamystic,mechamystic,6,99
mechanicadvice,mechanicadvice,55,40
mechanical_gifs,mechanical_gifs,18,3
mechmarket,mechmarket,9,5
mecoop,mecoop,3,132
med_humor,med_humor,1,3
medfield,medfield,1,2380
medford,medford,3,3
media,media,5,1263
media_criticism,media_criticism,21,1263
medialaw,medialaw,1,1263
mediaquotes,mediaquotes,3,1263
medical,medical,27,67
medicalillustration,medicalillustration,1,1263
medicalschool,medicalschool,48,1263
medicareforall,medicareforall,10,1263
medicine,medicine,85,1263
medievalengineers,medievalengineers,2,1263
medievalhistory,medievalhistory,8,1263
meditation,meditation,91,67
medlabprofessionals,medlabprofessionals,13,1263
medmeme,medmeme,1,1263
medschool,medschool,2,1263
medtech,medtech,5,67
mega64,mega64,10,13
megaalex,megaalex,1,40
megadeth,megadeth,3,2380
megadrive,megadrive,4,132
megaman,megaman,16,132
megamanlounge,megamanlounge,10,3
megaten,megaten,39,132
megusta,megusta,1,49
mehstof,mehstof,1,40
meirl,meirl,98,3
mejo449,mejo449,2,2380
melbournehigh,melbournehigh,1,1263
melsjourney,melsjourney,1,40
memeconomy,memeconomy,5,132
memecritique,memecritique,1,1263
memeeconomy,memeeconomy,86,3
mememarket,mememarket,4,3
memes,memes,53,3
memestockmarket,memestockmarket,1,3
memeyourenthusiasm,memeyourenthusiasm,1,1263
memphis,memphis,26,6
memphiscirclejerk,memphiscirclejerk,1,3
menards,menards,1,1263
meninblazers,meninblazers,2,6
menscirclejerk,menscirclejerk,3,1263
mensfashiontrend,mensfashiontrend,1,1263
menskirts,menskirts,2,3
menslegs,menslegs,1,3
menslib,menslib,34,1263
mensrants,mensrants,10,1263
mensrightsindia,mensrightsindia,4,1263
mentalbreakdown,mentalbreakdown,1,49
mentalhealth,mentalhealth,45,1263
mentalmath,mentalmath,11,5
meow_irl,meow_irl,10,1263
mercedes_benz,mercedes_benz,5,40
merchantrpg,merchantrpg,1,2380
merderers,merderers,1,49
merica,merica,8,1263
merkelrapeculture,merkelrapeculture,1,1263
merkisador,merkisador,1,1263
merrypranksters,merrypranksters,1,3
mesaaz,mesaaz,1,40
meshuggah,meshuggah,1,1321
messyjessie58,messyjessie58,1,1263
meta,meta,18,1263
meta_me_irl,meta_me_irl,6,1
metaasfuck,metaasfuck,1,49
metabolix,metabolix,1,1263
metacancerjerk,metacancerjerk,3,1263
metacancersubdrama,metacancersubdrama,51,1263
metacirclejerk,metacirclejerk,2,49
metaconservative,metaconservative,4,1263
metafcj,metafcj,3,13
metaforall,metaforall,13,1263
metageopolitics,metageopolitics,4,1263
metahhcj,metahhcj,2,2380
metahub,metahub,42,1263
metal,metal,82,2380
metal_me_irl,metal_me_irl,4,3
metalasfuck,metalasfuck,1,49
metalcore,metalcore,53,2380
metaldetecting,metaldetecting,12,40
metalgear,metalgear,6,132
metaljerk,metaljerk,84,2380
metallica,metallica,21,132
metalmemes,metalmemes,25,2380
metalmusic,metalmusic,2,2380
metalocalypse,metalocalypse,6,3
metalocalypseseason5,metalocalypseseason5,1,40
metalostgeneration,metalostgeneration,7,1263
metalworking,metalworking,25,40
metametacanada,metametacanada,22,1263
metanarchism,metanarchism,19,1263
metapcj,metapcj,6,5
metaquebec,metaquebec,8,1263
metareddit,metareddit,6,2380
metasubredditdrama,metasubredditdrama,13,1263
metatil,metatil,1,3
metatruereddit,metatruereddit,17,5
metattempts,metattempts,2,1321
meteors,meteors,2,16
methodism,methodism,1,2380
metric,metric,33,1263
metriccooking,metriccooking,1,1263
metro_game,metro_game,1,132
metroid,metroid,27,132
metroidvania,metroidvania,3,2380
mettatonsightings,mettatonsightings,1,49
mewtwoism,mewtwoism,1,3
mexicanjesus,mexicanjesus,5,49
mexicanspaceprogram,mexicanspaceprogram,6,1263
mexicoconspiracy,mexicoconspiracy,12,1263
mezayon,mezayon,1,40
mfacirclejerk,mfacirclejerk,25,1263
mflb,mflb,9,67
mfmsoe,mfmsoe,4,132
mgo,mgo,7,132
mgs5,mgs5,1,132
mgtowrising,mgtowrising,1,49
mgtowwom,mgtowwom,2,1263
mh370,mh370,16,1263
mhoc,mhoc,62,1263
mhocstrangersbar,mhocstrangersbar,26,0
mia_diaz,mia_diaz,1,1263
miami,miami,38,40
miamidolphins,miamidolphins,41,6
miamivice,miamivice,1,2380
miata,miata,19,40
michael,michael,8,40
michaelbaygifs,michaelbaygifs,12,3
michaeljackson,michaeljackson,5,3
michaelochurchquotes,michaelochurchquotes,3,5
michaelskarmafarm,michaelskarmafarm,1,40
michangthoughts,michangthoughts,1,49
michigan,michigan,59,40
michiganbeer,michiganbeer,7,40
michio_kaku,michio_kaku,1,2380
microaggressions,microaggressions,2,1263
microbiology,microbiology,11,5
microbiome,microbiome,20,67
microgrowery,microgrowery,34,67
micronations,micronations,3,1263
microscoped,microscoped,1,40
microsoft,microsoft,63,5
microsoftsucks,microsoftsucks,2,5
microtia,microtia,1,49
mid_century,mid_century,8,40
middleearthproblems,middleearthproblems,1,40
middleeastnews,middleeastnews,2,1263
middleschoolroasts,middleschoolroasts,3,3
midessa,midessa,4,40
midgetsrights,midgetsrights,2,132
migraine,migraine,7,67
miiversesmashers,miiversesmashers,12,132
mikeglennon,mikeglennon,3,3
mikejeavons,mikejeavons,1,40
mikepatton,mikepatton,7,2380
milbros,milbros,1,1321
mildlyamusing,mildlyamusing,17,3
mildlyburned,mildlyburned,21,1263
mildlycool,mildlycool,1,3
mildlycreepy,mildlycreepy,3,1321
mildlydemonic,mildlydemonic,2,40
mildlydepressing,mildlydepressing,11,3
mildlydisappointed,mildlydisappointed,1,1321
mildlyevangelion,mildlyevangelion,9,3
mildlyfunny,mildlyfunny,1,3
mildlyheroic,mildlyheroic,1,40
mildlyhomestuck,mildlyhomestuck,26,3
mildlyinappropriate,mildlyinappropriate,2,5
mildlyincredibly,mildlyincredibly,1,2380
mildlymetal,mildlymetal,3,3
mildlymotivated,mildlymotivated,1,49
mildlypenis,mildlypenis,40,3
mildlyporn,mildlyporn,1,3
mildlyracist,mildlyracist,2,3
mildlysatisfying,mildlysatisfying,9,3
mildlystartledcats,mildlystartledcats,6,1321
mildlyuninteresting,mildlyuninteresting,4,1263
mildlyvagina,mildlyvagina,8,3
mildyinteresting,mildyinteresting,11,3
mileycyrus,mileycyrus,4,3404
milf,milf,25,5172
militant,militant,6,1263
militaryconspiracy,militaryconspiracy,14,3
militarycringe,militarycringe,6,1263
militarygfys,militarygfys,15,1263
militaryporn,militaryporn,69,3
militarystories,militarystories,10,160
millerplanetside,millerplanetside,18,132
millionairemakers,millionairemakers,47,1
milliondollarextreme,milliondollarextreme,100,1263
miloforprison,miloforprison,2,1263
miltonfriedman,miltonfriedman,1,1263
milwaukee,milwaukee,36,6
mind,mind,3,6
mindcrack,mindcrack,61,264
mindcrackcirclejerk,mindcrackcirclejerk,28,264
mindcrackdiscussion,mindcrackdiscussion,4,264
mindfulness,mindfulness,11,67
mindupload,mindupload,7,5
minecraftstorymode,minecraftstorymode,3,132
mineralporn,mineralporn,15,40
minerapocalypse,minerapocalypse,7,3
minetest,minetest,6,5
minez,minez,5,264
mini,mini,8,40
mini_trucks,mini_trucks,2,1321
minijokes,minijokes,1,3
minimalism,minimalism,82,40
minimetro,minimetro,2,3
minines,minines,3,132
mining,mining,9,5
minionhate,minionhate,46,3
minions,minions,3,3
minipainting,minipainting,29,160
minneapolis,minneapolis,34,40
minnesota,minnesota,68,1263
minnesotavikings,minnesotavikings,56,6
minomonsters,minomonsters,1,132
mintcoin,mintcoin,12,1
minus,minus,1,3
mipmbglae,mipmbglae,2,3
mirrornetworktest,mirrornetworktest,5,13
mirrorsedge,mirrorsedge,7,132
misandry,misandry,1,1263
misandryfetish,misandryfetish,4,5172
misanthropy,misanthropy,20,1263
misasandry,misasandry,5,1263
misc,misc,80,1263
miscarriage,miscarriage,5,49
miscoollaneous,miscoollaneous,5,132
miscreated,miscreated,2,132
misdirection,misdirection,2,3
misfitstv,misfitstv,2,2380
mishacollins,mishacollins,1,2380
misleadingthumbnails,misleadingthumbnails,95,3
misleadingtitles,misleadingtitles,7,3
misociety,misociety,1,40
misophonia,misophonia,6,3
misquotes,misquotes,1,49
misreadfrontpage,misreadfrontpage,4,1263
missedsignals,missedsignals,1,49
missedthethread,missedthethread,1,49
missing411,missing411,12,67
mississippi,mississippi,25,1263
missoula,missoula,10,1
missouri,missouri,23,40
misspelledposts,misspelledposts,7,3
mistborn,mistborn,16,160
mistersquared,mistersquared,1,1263
mit,mit,8,40
mitsubishi,mitsubishi,4,40
mittromneystory,mittromneystory,6,3
mixedrace,mixedrace,10,1263
mizzou,mizzou,5,6
mkbhd,mkbhd,2,5
mlb,mlb,17,6
mlbstreams,mlbstreams,3,6
mlbtheshow,mlbtheshow,11,6
mlmscams,mlmscams,1,2380
mlpccg,mlpccg,6,7
mltp,mltp,20,49
mmfb,mmfb,5,1263
mmj,mmj,17,67
mmo,mmo,8,132
mmorpg,mmorpg,67,132
mmt_economics,mmt_economics,9,1263
mneumonese,mneumonese,64,5
mo4571a,mo4571a,1,1263
mobilegaming,mobilegaming,3,132
mobilephotography,mobilephotography,3,5
mobilerepair,mobilerepair,12,5
mobiletechrealm,mobiletechrealm,2,1
mobydick,mobydick,2,3
mockredditadmins,mockredditadmins,8,1263
mod_irl,mod_irl,1,1263
modclub,modclub,33,1263
modded,modded,3,1263
modelmakers,modelmakers,29,160
modeltrains,modeltrains,10,3
modelusgov,modelusgov,33,1263
moderatepolitics,moderatepolitics,5,1263
moderationtheory,moderationtheory,4,1263
modern_family,modern_family,5,2380
modernconservative,modernconservative,3,1263
moderneschatology,moderneschatology,1,1263
modernmagic,modernmagic,23,160
modernrockmusic,modernrockmusic,1,2380
modernromantics,modernromantics,1,1263
modestmouse,modestmouse,8,2380
modhelp,modhelp,42,1263
modnews,modnews,17,1263
modpeoplehate,modpeoplehate,17,1263
modsbeingdicks,modsbeingdicks,5,13
modsexposed,modsexposed,2,1263
modsupport,modsupport,39,1263
modular,modular,5,2380
moichandising,moichandising,1,40
moistgarage,moistgarage,27,3
moldova,moldova,5,5172
moldporn,moldporn,1,40
mom,mom,1,3
mommit,mommit,17,1321
momsspaghetti,momsspaghetti,2,3404
monaleslie,monaleslie,2,49
monarch,monarch,2,40
monarchism,monarchism,11,1263
mondo,mondo,1,2380
monero,monero,64,1
money,money,4,1
monitors,monitors,14,5
monkeyisland,monkeyisland,2,5
monohearing,monohearing,3,13
monolithdigital,monolithdigital,3,40
monopoly,monopoly,5,40
monotonetim,monotonetim,2,132
monsanto,monsanto,14,1263
monsantocompany,monsantocompany,3,1263
monstercat,monstercat,62,2380
monstercatcringe,monstercatcringe,15,2380
monstercatnews,monstercatnews,1,1263
monsterdeconstruction,monsterdeconstruction,25,3
monsterhunter,monsterhunter,43,132
monstermusume,monstermusume,10,3
monsterroller,monsterroller,1,2380
montageparodies,montageparodies,71,132
montana,montana,24,1
montereybay,montereybay,4,40
monterrey,monterrey,2,2167
montgomerycountymd,montgomerycountymd,19,40
montreal,montreal,55,1263
montypython,montypython,7,67
moon,moon,3,16
moonhoax,moonhoax,3,3
moonies,moonies,1,49
moosearchive,moosearchive,1,1263
mooseknuckleinpublic,mooseknuckleinpublic,1,1263
mooseusernames,mooseusernames,1,49
mopar,mopar,7,40
moped,moped,4,40
morbidlybeautiful,morbidlybeautiful,6,1263
morbidquestions,morbidquestions,34,1263
morbo,morbo,1,40
mormon,mormon,56,1263
morningtoncrescent,morningtoncrescent,1,40
morocco,morocco,13,1263
morrowind,morrowind,32,132
mortalkombat,mortalkombat,31,132
mortalonline,mortalonline,1,3
mortgages,mortgages,3,1
morvol,morvol,2,1263
mosinnagant,mosinnagant,11,7
mosqueshooting,mosqueshooting,2,1263
mostgilded,mostgilded,27,1263
motiondesign,motiondesign,2,5
motivatinggiraffe,motivatinggiraffe,4,3
motivation,motivation,17,67
motivationalpics,motivationalpics,2,49
moto360,moto360,17,5
motocross,motocross,8,40
motogp,motogp,20,40
motoracing,motoracing,1,40
motorcitykitties,motorcitykitties,16,6
motorcycle_model_kits,motorcycle_model_kits,3,160
motorcyclememes,motorcyclememes,2,3
motorcyclewisconsin,motorcyclewisconsin,1,40
motorhead,motorhead,1,2380
motorsports,motorsports,39,40
motox,motox,25,5
mountain,mountain,1,40
mountaineering,mountaineering,13,40
mountainpics,mountainpics,1,40
mountainwisdom,mountainwisdom,1,49
mountandblade,mountandblade,18,132
mousereview,mousereview,11,132
movember,movember,2,3
movie_club,movie_club,6,1910
moviebackwards,moviebackwards,1,49
moviedicks,moviedicks,1,2380
movieideas,movieideas,1,3
movielovers,movielovers,3,99
moviesinthemaking,moviesinthemaking,9,99
moviespeculation,moviespeculation,1,40
moviesuggestions,moviesuggestions,7,99
movingday,movingday,3,5
mowerthoughts,mowerthoughts,6,40
mozilla,mozilla,4,5
mpapproval,mpapproval,2,1263
mpselectminiowners,mpselectminiowners,2,40
mr2,mr2,3,40
mr_pence,mr_pence,1,1263
mr_trump,mr_trump,28,1263
mra,mra,4,1910
mrlambo1399,mrlambo1399,1,132
mrmanhub,mrmanhub,1,49
mrrobot,mrrobot,44,99
mrselfridge,mrselfridge,1,2380
mrshow,mrshow,1,2380
mrsuicidesheep,mrsuicidesheep,1,1321
mrtrashwheel,mrtrashwheel,2,40
mrw,mrw,3,132
msfc,msfc,1,40
msgprdt,msgprdt,2,1263
mspaint,mspaint,2,3
mst3k,mst3k,29,3
msu,msu,14,6
mtaugusta,mtaugusta,18,264
mtb,mtb,45,40
mtf,mtf,37,1263
mtgcube,mtgcube,3,160
mtgfinance,mtgfinance,8,160
mtsgaming,mtsgaming,1,1263
mtu,mtu,2,5
muacirclejerk,muacirclejerk,20,95
muacjcirclejerk,muacjcirclejerk,1,40
muacjdiscussion,muacjdiscussion,12,1263
muchhuman,muchhuman,1,49
mud,mud,10,132
muhcensorship,muhcensorship,5,1263
muhfeelings,muhfeelings,9,1263
muhfreedoms,muhfreedoms,9,1263
multicopter,multicopter,94,40
multiculturalism,multiculturalism,27,1263
multiplemyeloma,multiplemyeloma,3,1263
multiplesclerosis,multiplesclerosis,10,5
multiracialasians,multiracialasians,3,1263
mumbai,mumbai,9,2167
mumkeysanimereviews,mumkeysanimereviews,14,99
mummificationbondage,mummificationbondage,2,5172
munich,munich,9,2167
munich22july,munich22july,1,40
mupdates,mupdates,1,49
muppets,muppets,7,2380
murderedbywords,murderedbywords,19,1263
murican,murican,1,49
muricnevermind,muricnevermind,2,1263
musclecar,musclecar,3,40
musclecars,musclecars,1,3
musculardystrophy,musculardystrophy,2,5
muse,muse,22,2380
museumdiscuss,museumdiscuss,7,1263
museumofreddit,museumofreddit,46,3
museumpros,museumpros,21,160
mushrooms,mushrooms,4,3
musicalcomedy,musicalcomedy,3,3
musicals,musicals,7,99
musicalwritingprompts,musicalwritingprompts,1,49
musicians,musicians,6,2380
musicpics,musicpics,3,160
musictheory,musictheory,26,2380
muskmarscolony,muskmarscolony,3,16
muslimpeoplehate,muslimpeoplehate,2,1321
muslimsinthenews,muslimsinthenews,1,1263
mustang,mustang,25,40
muxmool,muxmool,1,2380
mvc3,mvc3,13,132
mvdeca,mvdeca,1,2380
mw2,mw2,9,132
mwo,mwo,20,132
mybuddytom,mybuddytom,1,49
mychemicalromance,mychemicalromance,7,2380
mycology,mycology,41,67
mycrazymotherinlaw,mycrazymotherinlaw,1,1263
mydrunkkitchen,mydrunkkitchen,1,2380
myec,myec,1,2380
myemotions,myemotions,1,49
myevilplan,myevilplan,3,3
myfather,myfather,2,3
myfavoritemurder,myfavoritemurder,8,67
myfriendwantstoknow,myfriendwantstoknow,21,1263
myga,myga,1,1263
myiasis,myiasis,1,3
mykidisverysmart,mykidisverysmart,1,3
mylifeforthemeta,mylifeforthemeta,1,1263
mylifesuxnow,mylifesuxnow,2,3
mylittlesupportgroup,mylittlesupportgroup,2,40
mynamecouldntbeaslong,mynamecouldntbeaslong,1,1263
mynameisandrew,mynameisandrew,1,40
mynextband,mynextband,18,3
mypartneristrans,mypartneristrans,10,1263
mypersonalbestof,mypersonalbestof,6,3
myrsdevtips,myrsdevtips,1,49
myrtlebeach,myrtlebeach,3,6
myshiftkeyisbroken,myshiftkeyisbroken,15,13
myst,myst,6,160
mysteryspaghetti,mysteryspaghetti,1,3
mysummercar,mysummercar,2,3
myterribleneighbors,myterribleneighbors,2,5
myth,myth,1,49
mythbusted,mythbusted,1,40
mythbusters,mythbusters,12,40
mythology,mythology,8,49
mytreasurechest,mytreasurechest,1,49
n24,n24,2,5
n64,n64,12,132
n64wrestlinggames,n64wrestlinggames,4,95
nabisco,nabisco,1,3
naegold,naegold,8,132
nakedonstage,nakedonstage,2,3
nameaserver,nameaserver,42,3
namechain,namechain,3,3404
namecoin,namecoin,13,1
namecritic,namecritic,1,49
namenerds,namenerds,14,1263
namethatsong,namethatsong,13,2380
namflashbacks,namflashbacks,2,3
nanatsunotaizai,nanatsunotaizai,3,99
nancydisgrace,nancydisgrace,1,49
nannystate,nannystate,1,2380
narcissisticabuse,narcissisticabuse,7,1263
narcos,narcos,4,2167
narcsinthewild,narcsinthewild,6,1263
narrated,narrated,1,49
naruto,naruto,67,99
narutoblazing,narutoblazing,1,132
narutoninjastorm,narutoninjastorm,4,99
nasa,nasa,35,16
nasajokes,nasajokes,1,2380
nascar,nascar,71,40
nashville,nashville,42,6
naslsoccer,naslsoccer,29,2167
nataliapoklonskaya,nataliapoklonskaya,2,99
nataliedormer,nataliedormer,2,132
natalism,natalism,14,1263
nathanforyou,nathanforyou,7,3
nathanlovesdabaes,nathanlovesdabaes,2,132
nationalpark,nationalpark,46,40
nationalparks,nationalparks,3,40
nationals,nationals,27,6
nationalsocialism,nationalsocialism,35,1263
nativeamerican,nativeamerican,30,1263
nativeamericanjoe,nativeamericanjoe,1,3
nativepride,nativepride,21,1263
natoisisis,natoisisis,2,1263
nattyorjuice,nattyorjuice,10,13
naturalbodybuilding,naturalbodybuilding,6,13
naturaltitties,naturaltitties,2,3
nature,nature,17,1263
naturegifs,naturegifs,6,3
natureisbeautiful,natureisbeautiful,1,3
natureisbrutal,natureisbrutal,2,40
natureisfuckinglit,natureisfuckinglit,51,3
natureismetal,natureismetal,82,3
natureporn,natureporn,4,40
nautical,nautical,7,40
nautiluslive,nautiluslive,2,5
navajo,navajo,5,1263
navalaction,navalaction,2,40
navspecwarliars,navspecwarliars,2,1263
navy,navy,32,40
navysealcopypasta,navysealcopypasta,12,132
navyseals,navyseals,11,13
nazi,nazi,12,1263
nazihunting,nazihunting,20,1263
nba2k,nba2k,18,132
nba2k15,nba2k15,1,132
nba2k17,nba2k17,3,132
nbacirclejerk,nbacirclejerk,39,6
nbadiscussion,nbadiscussion,2,6
nbaspurs,nbaspurs,24,6
nbastreams,nbastreams,6,6
nbn,nbn,5,3
ncis,ncis,2,40
ncsu,ncsu,13,6
nealstephenson,nealstephenson,2,160
nearhate,nearhate,2,3
nearlydied,nearlydied,3,40
nearlyfreebies,nearlyfreebies,1,2380
nebraska,nebraska,18,40
neckbeardfashiontips,neckbeardfashiontips,2,3
neckbeardnests,neckbeardnests,15,1263
neckbeardrpg,neckbeardrpg,5,1263
neckbeards,neckbeards,1,3
neckbeardstories,neckbeardstories,11,1263
neebsgaming,neebsgaming,3,1
need,need,2,6
needabro,needabro,2,3
needadvice,needadvice,41,1263
needforspeed,needforspeed,6,132
needvocals,needvocals,4,2380
negareddit,negareddit,59,1263
negative40,negative40,1,40
negativecomments,negativecomments,3,3
neil_degrasse_tyson,neil_degrasse_tyson,2,1263
neildegrassetyson,neildegrassetyson,1,40
nekoatsume,nekoatsume,6,132
nekomimi,nekomimi,3,99
neogaming,neogaming,3,132
neoliberal,neoliberal,16,1263
neoliberalconspiracy,neoliberalconspiracy,1,2380
neopets,neopets,21,3
neoscavenger,neoscavenger,2,160
neoselfie,neoselfie,1,40
nepal,nepal,39,1263
nerdconstories,nerdconstories,1,49
nerdcore,nerdcore,1,2380
nerdcubed,nerdcubed,48,132
nerdfighters,nerdfighters,30,16
nerdfitness,nerdfitness,2,13
nerdist,nerdist,11,2380
nerdist_fans,nerdist_fans,2,2380
nerdpokerpodcast,nerdpokerpodcast,4,2380
nerdsync,nerdsync,1,40
nerf,nerf,29,40
nerfjihad,nerfjihad,4,3
nesbattles,nesbattles,2,132
netflix,netflix,54,5
netflixbestof,netflixbestof,43,99
netflixnchill,netflixnchill,1,3
nethack,nethack,10,5
nether,nether,1,2380
netherlands,netherlands,9,2167
netnegative,netnegative,4,3
netneutrality,netneutrality,13,5
netrunner,netrunner,15,160
netsecstudents,netsecstudents,9,5
nettingub,nettingub,1,40
networking,networking,55,5
neu,neu,3,40
neuro,neuro,20,67
neurodiversity,neurodiversity,9,1263
neurology,neurology,8,67
neuronaut,neuronaut,14,1263
neuroscience,neuroscience,19,2380
neutralheadlines,neutralheadlines,1,1263
neutralityreviews,neutralityreviews,3,132
neutralpolitics,neutralpolitics,59,1263
nevada,nevada,11,40
nevadaforsanders,nevadaforsanders,5,1263
neverbrokeabone,neverbrokeabone,4,3
nevertellmetheodds,nevertellmetheodds,57,3
nevertrump,nevertrump,21,1263
new_american_system,new_american_system,2,1263
new_message_from_god,new_message_from_god,1,2380
new_movement,new_movement,14,1263
new_right,new_right,76,1263
newaccountsinpolitics,newaccountsinpolitics,4,1263
newamerica,newamerica,2,1263
newbeetle,newbeetle,1,3
newcastleupontyne,newcastleupontyne,3,40
newcoldwar,newcoldwar,1,2380
newcountry,newcountry,2,1321
newengland,newengland,6,40
newfoundland,newfoundland,13,40
newgirl,newgirl,8,3
newgrounds,newgrounds,2,132
newhampshire,newhampshire,42,40
newhaven,newhaven,4,6
newjersey,newjersey,93,40
newjerseyfilm,newjerseyfilm,10,99
newjerseyfreakshow,newjerseyfreakshow,6,1910
newjerseylibertarians,newjerseylibertarians,5,1263
newmexico,newmexico,15,13
neworleans,neworleans,68,40
newportfolkfestival,newportfolkfestival,1,2380
newreddits,newreddits,36,1263
newrussia,newrussia,3,1263
news,news,1119,1263
news_etc,news_etc,7,2380
news_mods_must_resign,news_mods_must_resign,2,1263
news_us,news_us,1,1263
newsalternative,newsalternative,1,1263
newsbeard,newsbeard,10,5
newsbin,newsbin,4,1263
newsbits,newsbits,1,1263
newscape,newscape,6,132
newschannel,newschannel,7,1263
newsfromnowhere,newsfromnowhere,1,49
newslangterms,newslangterms,3,5
newsnews,newsnews,1,40
newsofthestupid,newsofthestupid,11,3
newsoftheweird,newsoftheweird,13,1263
newsokuvip,newsokuvip,46,1695
newssokuhou_r,newssokuhou_r,3,1695
newstrees,newstrees,1,1263
newsweek,newsweek,1,1263
newsyoushouldknow,newsyoushouldknow,1,49
newtothenavy,newtothenavy,11,1695
newtubers,newtubers,11,132
newyork,newyork,25,1263
newyorkforsanders,newyorkforsanders,33,40
newyorkmets,newyorkmets,38,6
newzealandfilm,newzealandfilm,4,99
nextdoorasians,nextdoorasians,3,5172
nextfab,nextfab,1,3
nexus4,nexus4,12,5
nexus5,nexus5,29,5
nexus5x,nexus5x,17,5
nexus6,nexus6,27,5
nexus6p,nexus6p,32,5
nfa,nfa,8,7
nfffffffluuuuuuuuuuuu,nfffffffluuuuuuuuuuuu,11,6
nflcirclejerk,nflcirclejerk,5,3
nggyu,nggyu,3,3
nhl,nhl,36,6
nhlhut,nhlhut,14,6
nhlstreams,nhlstreams,11,6
nhs,nhs,4,1263
niallhammond,niallhammond,1,1321
nicaragua,nicaragua,3,40
niceanalogies,niceanalogies,2,5
niceb8m8,niceb8m8,2,3
niceguys,niceguys,94,1263
nicememewatch,nicememewatch,10,3
nichijou,nichijou,3,99
nicholascage,nicholascage,1,1321
nick,nick,4,160
nicksanoob,nicksanoob,1,3
nicolascagesface,nicolascagesface,1,1321
nicolaswindingrefn,nicolaswindingrefn,1,2380
niconiconi,niconiconi,2,99
nietzsche,nietzsche,5,1263
niggars,niggars,1,132
nightlyshow,nightlyshow,4,2380
nightvale,nightvale,37,3
nightwish,nightwish,3,2380
niglets,niglets,5,1263
nih,nih,1,1263
nihilism,nihilism,10,1263
nihilistmemes,nihilistmemes,1,3
nikiashton,nikiashton,2,1263
nin,nin,10,2380
ninjasexparty,ninjasexparty,7,40
nintendonx,nintendonx,25,132
nintendoom,nintendoom,1,132
nintendounjerk,nintendounjerk,2,132
nintendude,nintendude,1,3404
nirvana,nirvana,22,2380
nirvanacovers,nirvanacovers,2,2380
nitelinks,nitelinks,6,16
nixon,nixon,1,49
njtech,njtech,4,40
nl_kripparrian,nl_kripparrian,11,132
nlcreators,nlcreators,1,132
nlsscirclejerk,nlsscirclejerk,67,3
nmssdb,nmssdb,1,3
no_context,no_context,3,1263
no_cry_challenge,no_cry_challenge,3,160
no_saab_story,no_saab_story,1,1263
no_sob_story,no_sob_story,23,160
no_til_story,no_til_story,1,3
no_turn_unstoned,no_turn_unstoned,1,3
noadmins,noadmins,8,1263
noagenda,noagenda,3,5
noamountofcontext,noamountofcontext,1,49
nobackspace,nobackspace,7,40
noburp,noburp,1,49
nochrontext,nochrontext,5,132
nocoloreds,nocoloreds,8,4042
nocomments,nocomments,2,132
nocontest,nocontest,1,1263
nocontext,nocontext,20,132
nocontract,nocontract,14,5
nocorporations,nocorporations,22,1263
nocreditgiven,nocreditgiven,2,132
nocrychallenge,nocrychallenge,1,3
nodapl,nodapl,12,1263
nofaithinmanhattan,nofaithinmanhattan,1,49
nofilternews,nofilternews,2,1263
nohomeo,nohomeo,1,49
noididnt,noididnt,1,1321
noir,noir,5,3
noisygifs,noisygifs,15,3
nojumper,nojumper,2,3
nokia,nokia,4,5
nokia_stock,nokia_stock,2,5
nola,nola,2,40
nolafilmmakers,nolafilmmakers,2,99
nolapelicans,nolapelicans,11,6
nolibswatch,nolibswatch,51,1263
nomaam,nomaam,2,49
nomanshigh,nomanshigh,18,132
nomanssky_pc,nomanssky_pc,2,132
nomorals,nomorals,3,3
nomorefluoride,nomorefluoride,3,67
nonaustrianeconomics,nonaustrianeconomics,2,1263
nonbinary,nonbinary,8,95
nongold,nongold,4,1
nongolfers,nongolfers,36,3
nonmonogamy,nonmonogamy,8,5172
nononomaybe,nononomaybe,1,132
nononono,nononono,50,1263
nonononoyes,nonononoyes,76,3
nonononoyesno,nonononoyesno,2,67
nonprofit,nonprofit,15,5
nonverbalcomm,nonverbalcomm,1,2380
nonviolence,nonviolence,2,1263
nonzeroday,nonzeroday,8,67
noonecares,noonecares,1,40
nootropics,nootropics,69,67
noparticipation,noparticipation,2,1263
nope,nope,3,3
nopee,nopee,1,3
nopoo,nopoo,6,95
nopuns,nopuns,5,1910
nordiccountries,nordiccountries,15,1321
nordvei,nordvei,18,3
norfolk,norfolk,17,40
norge,norge,44,3
normaldayinjapan,normaldayinjapan,6,1695
normalparty,normalparty,2,1
normanreedus,normanreedus,1,2380
normmacdonald,normmacdonald,17,1263
norse,norse,24,1
northamerican,northamerican,19,1263
northcarolina,northcarolina,55,1263
northdakota,northdakota,11,5
northernaggression,northernaggression,8,1263
northernireland,northernireland,64,1263
northernlion,northernlion,20,132
northkorea,northkorea,23,1263
northkoreanews,northkoreanews,28,1263
northkoreapics,northkoreapics,4,1263
northpole,northpole,1,49
northwestern,northwestern,2,1263
norules,norules,6,1263
norway,norway,36,1263
norwich,norwich,5,13
nosgoth,nosgoth,3,132
noshit,noshit,2,3
noshitsherlock,noshitsherlock,28,1263
nosillysuffix,nosillysuffix,4,40
nosleepooc,nosleepooc,10,160
nosmallparts,nosmallparts,2,3
nosneeze,nosneeze,5,40
nostalgia,nostalgia,48,3
nostalrius,nostalrius,12,132
nostalriusbegins,nostalriusbegins,5,132
nosurf,nosurf,9,1263
not_quite_right,not_quite_right,7,67
notaconspiracy,notaconspiracy,1,1263
notalllizardpeople,notalllizardpeople,1,1263
notalocalcrimestory,notalocalcrimestory,1,1263
notanestleshill,notanestleshill,4,1263
notcgi,notcgi,2,160
notchimichangas,notchimichangas,1,3
notdeadyet,notdeadyet,1,3
notebooks,notebooks,23,40
noteworthymedia,noteworthymedia,1,49
notfondofpeanutbutter,notfondofpeanutbutter,4,1263
notfunny,notfunny,3,3
notgivingafox,notgivingafox,1,1263
nothing2hide,nothing2hide,1,1263
notinteresting,notinteresting,90,3
notkenm,notkenm,8,3
notlikethis,notlikethis,1,49
notmyjob,notmyjob,30,3
notmypresident,notmypresident,2,1263
notocd,notocd,1,3
notpeytonmanning,notpeytonmanning,1,40
notracism,notracism,1,1321
notreallyfamous,notreallyfamous,5,99
notreasonstrumpwon,notreasonstrumpwon,3,1263
notrump,notrump,1,1263
notsubredditsimulator,notsubredditsimulator,36,1263
notsummerreddit,notsummerreddit,4,1263
notsureifsarcasmyet,notsureifsarcasmyet,1,3
notthisshitagain,notthisshitagain,2,6
nottimanderic,nottimanderic,28,3
nottobragbut,nottobragbut,4,40
notus,notus,1,49
notwhatyouexpect,notwhatyouexpect,1,1263
notyourmothersreddit,notyourmothersreddit,69,1263
nova,nova,59,40
novacars,novacars,2,40
novahighschool,novahighschool,1,49
noveltranslations,noveltranslations,11,40
noveltyaccounts,noveltyaccounts,3,5
novorossiya,novorossiya,1,2380
nox,nox,3,132
nplusplus,nplusplus,4,132
npmythos,npmythos,6,1263
npr,npr,16,2380
nprstories,nprstories,1,2380
nra,nra,3,1263
nrl,nrl,41,6
nrxn,nrxn,7,1263
ns2,ns2,4,132
nsa,nsa,5,1263
nsfw,nsfw,100,5172
nsfw411,nsfw411,6,132
nsfw_blueblood,nsfw_blueblood,1,2380
nsfw_gay,nsfw_gay,3,40
nsfw_gif,nsfw_gif,83,5172
nsfw_gifs,nsfw_gifs,26,5172
nsfw_ridesharing,nsfw_ridesharing,4,5172
nsfw_snapchat,nsfw_snapchat,6,5172
nsfw_videos,nsfw_videos,4,5172
nsfw_wtf,nsfw_wtf,12,3
nsfwasmr,nsfwasmr,5,5172
nsfwcosplay,nsfwcosplay,11,3
nsfwfunny,nsfwfunny,28,3
nsfwiama,nsfwiama,23,5172
nsl,nsl,9,1
ntcirclejerk,ntcirclejerk,1,132
ntmods,ntmods,1,132
ntstalkers,ntstalkers,2,1263
nuclear,nuclear,12,1263
nuclear911,nuclear911,3,67
nuclearpower,nuclearpower,7,40
nuclearthrone,nuclearthrone,13,132
nuclearwar,nuclearwar,1,1263
nuclearweapons,nuclearweapons,9,1263
nudism,nudism,21,13
nufc,nufc,18,2167
nujabes,nujabes,12,2380
nukes,nukes,1,1263
numberoneposts,numberoneposts,4,13
numberstations,numberstations,4,5
numenera,numenera,9,160
numerology,numerology,3,67
numetal,numetal,4,2380
nursing,nursing,53,40
nutrition,nutrition,21,1263
nutritionscience,nutritionscience,1,3
nvidia,nvidia,69,132
nxivm,nxivm,2,1
nycfc,nycfc,8,2167
nycpics,nycpics,2,40
nygiants,nygiants,31,6
nyguns,nyguns,4,7
nyjets,nyjets,37,6
nyknicks,nyknicks,16,6
nyr4r,nyr4r,4,5172
nyto,nyto,20,3
nyu,nyu,6,40
nyyankees,nyyankees,20,6
nzfuturistparty,nzfuturistparty,2,16
oakfield,oakfield,1,1321
oakisland,oakisland,2,1321
oakland,oakland,21,3404
oaklandraiders,oaklandraiders,37,6
oakley,oakley,2,40
oasis,oasis,3,3
obama,obama,15,1263
obesityhealthconcern,obesityhealthconcern,2,1263
obgyn,obgyn,4,1263
objectivism,objectivism,28,1263
objectpeople,objectpeople,1,3
oblivion,oblivion,17,132
obs,obs,6,132
obscureart,obscureart,1,40
obscuremedia,obscuremedia,55,1695
obvious,obvious,2,1263
obviouslyfakestories,obviouslyfakestories,2,49
occultconspiracy,occultconspiracy,9,1263
occupationaltherapy,occupationaltherapy,7,40
occupylangley,occupylangley,3,3
occupywallstreet,occupywallstreet,44,1263
ocd,ocd,21,3
oceanictagpro,oceanictagpro,11,49
oceans,oceans,13,3
oceanside,oceanside,4,40
ocforsanders,ocforsanders,5,3404
ockytop,ockytop,15,6
oclions,oclions,10,40
ococtatiat,ococtatiat,2,3
ocpoetry,ocpoetry,27,67
octopus,octopus,1,1263
octopustomfoolery,octopustomfoolery,1,40
octrees,octrees,4,67
oculus_vr,oculus_vr,23,132
oculusnsfw,oculusnsfw,30,132
odditors,odditors,1,49
odditycollectors,odditycollectors,1,3
oddlyspecific,oddlyspecific,4,67
oddlyterrifying,oddlyterrifying,8,3
oddlyunsatisfied,oddlyunsatisfied,2,3
oddlyupvoted,oddlyupvoted,1,49
oddlyweird,oddlyweird,2,3
odlysatisfying,odlysatisfying,3,132
odometerporn,odometerporn,1,3
ofcoursethatsathing,ofcoursethatsathing,86,3
offendedbyeverything,offendedbyeverything,4,1263
offensive_wallpapers,offensive_wallpapers,2,40
offensiveflags,offensiveflags,9,1263
offensivespeech,offensivespeech,30,1263
office,office,3,5
officialbitcoin,officialbitcoin,2,1
officialdp,officialdp,2,1263
officialprl,officialprl,1,3
officialsodapoppin,officialsodapoppin,4,1321
offthedeck,offthedeck,2,6
offworld,offworld,3,2380
og_ops,og_ops,10,3
ohchad,ohchad,1,3
ohdearreddit,ohdearreddit,1,49
ohio,ohio,45,6
ohioexploration,ohioexploration,2,6
ohlympics,ohlympics,11,1263
oil,oil,17,1263
oilandgasworkers,oilandgasworkers,3,5
oilfieldtrash,oilfieldtrash,1,1263
ok_,ok_,1,2380
okami,okami,1,132
okaycomments,okaycomments,3,3
okayestof,okayestof,1,3
okc,okc,12,1263
okcthulhumonument,okcthulhumonument,1,3
okillydokilly,okillydokilly,4,2380
oklahoma,oklahoma,27,1321
oknotizie,oknotizie,3,5
oldads,oldads,1,40
oldbabies,oldbabies,3,3
oldenglish,oldenglish,3,1263
oldgamingbastards,oldgamingbastards,2,132
oldhardwarecharity,oldhardwarecharity,1,40
oldmaps,oldmaps,3,2380
oldnews,oldnews,5,3
oldpeople,oldpeople,1,40
oldpeoplefacebook,oldpeoplefacebook,51,3
oldpeoplehate,oldpeoplehate,2,3
oldschoolcoolnsfw,oldschoolcoolnsfw,8,5172
oldschoolcreepy,oldschoolcreepy,2,3
oligarchicalproblems,oligarchicalproblems,1,40
oliverezforpresident,oliverezforpresident,1,2380
oliviamunn,oliviamunn,1,1263
oltp,oltp,6,49
olympia,olympia,16,3
olympics,olympics,57,1263
omaha,omaha,31,40
oman,oman,4,40
omegle,omegle,7,5
omgbeckylookathiscock,omgbeckylookathiscock,3,5172
omgthanksforgold,omgthanksforgold,2,1321
onceuponatime,onceuponatime,2,49
onebag,onebag,15,40
onedirection,onedirection,7,2380
onegative,onegative,1,1263
onekill,onekill,1,49
oneliner,oneliner,1,49
onenote,onenote,6,5
onepercentlifeprotips,onepercentlifeprotips,3,3
onepercentproblems,onepercentproblems,2,6
onepiece,onepiece,53,99
onepiececirclejerk,onepiececirclejerk,5,99
oneplus,oneplus,32,5
onepunchman,onepunchman,31,99
onereviewsentences,onereviewsentences,1,3
oneshotpodcast,oneshotpodcast,2,3
onestupidquestion,onestupidquestion,2,49
onetruebiribiri,onetruebiribiri,10,99
onetruegaben,onetruegaben,1,2380
onetruegod,onetruegod,32,3
onetruehulk,onetruehulk,1,40
onetruespud,onetruespud,1,49
onetruetheenkrypt,onetruetheenkrypt,1,49
onewordeach,onewordeach,11,49
oney,oney,37,1263
onguardforthee,onguardforthee,15,1263
onionhate,onionhate,13,3
onionlovers,onionlovers,11,3
onions,onions,36,5
onlineeducation,onlineeducation,4,1263
onlinegambling,onlinegambling,1,132
onlinelearningnow,onlinelearningnow,34,5
onlinesecuritytips,onlinesecuritytips,1,132
onlineshoppingmedia,onlineshoppingmedia,5,3
only10subscribers,only10subscribers,1,49
onlysmellz,onlysmellz,1,49
onlytopposts,onlytopposts,24,3
onlywithcontext,onlywithcontext,4,1
onodera,onodera,1,49
onoff,onoff,22,5172
onredditilearned,onredditilearned,1,1263
ontario,ontario,43,1263
onthebuses,onthebuses,1,49
onthegrid,onthegrid,4,5
onthemoney,onthemoney,1,3
onthescene,onthescene,3,1263
ooer,ooer,62,3
ooerintensifies,ooerintensifies,3,132
oohburn,oohburn,2,1263
oopsdidntmeanto,oopsdidntmeanto,41,3
ooshmeggityoo,ooshmeggityoo,3,3
op_jade_helm_16,op_jade_helm_16,2,1263
opdelivered,opdelivered,10,3
opdelivers,opdelivers,52,3
openbazaar,openbazaar,13,1
openbroke,openbroke,6,1263
openchristian,openchristian,7,1263
opendirectories,opendirectories,14,5
opendogtraining,opendogtraining,2,1263
opengl,opengl,4,2380
openpv,openpv,18,1910
openscience,openscience,1,1263
opensignups,opensignups,4,5
opensource,opensource,69,5
opensourcefreedom,opensourcefreedom,4,1263
opensourcehardware,opensourcehardware,4,5
openstreetmap,openstreetmap,5,40
opera,opera,10,2380
operabrowser,operabrowser,5,2380
operationphoenix,operationphoenix,1,2380
operationstopisp,operationstopisp,1,1263
opeyeswideopen,opeyeswideopen,1,1263
opgotserved,opgotserved,3,132
ophthalmology,ophthalmology,3,2380
opiates,opiates,94,67
opiatesrecovery,opiatesrecovery,10,13
opisafag,opisafag,3,1263
opisdumb,opisdumb,3,49
opmom,opmom,1,49
oppressedwhitemales,oppressedwhitemales,1,1263
opsproudmom,opsproudmom,3,5172
optometry,optometry,16,2380
orangecounty,orangecounty,52,40
orangeisthenewblack,orangeisthenewblack,13,2380
orangemonkeyeagle,orangemonkeyeagle,1,2380
orangered,orangered,37,4042
orbisnonsufficit,orbisnonsufficit,8,1263
orbitalpodcast,orbitalpodcast,11,16
orbitrock,orbitrock,2,5
orchids,orchids,4,40
ordercorn,ordercorn,3,3
orderoflenin,orderoflenin,7,1263
oregon,oregon,34,40
oregoncoast,oregoncoast,3,40
oregonstateuniv,oregonstateuniv,8,40
organ,organ,3,2380
organic,organic,6,1263
organicfarming,organicfarming,2,1910
orgasmanic,orgasmanic,1,49
orgasms,orgasms,5,5172
origami,origami,10,40
originaljokes,originaljokes,3,3
originalxbox,originalxbox,7,132
orioles,orioles,26,6
orlando,orlando,60,40
ornithology,ornithology,6,3
orovilledam,orovilledam,7,1263
orphanblack,orphanblack,10,99
orsararecipes,orsararecipes,1,1321
orthodoxchristianity,orthodoxchristianity,12,1263
orwhatever,orwhatever,15,3
oscars,oscars,6,99
osdev,osdev,6,5
osha,osha,91,3
osta1014,osta1014,1,49
ostriches,ostriches,2,99
osu,osu,27,6
osucommunity,osucommunity,2,132
osugame,osugame,75,132
oswego,oswego,1,2380
otaku,otaku,5,99
otherinterestingshit,otherinterestingshit,7,1321
otherspacerpg,otherspacerpg,1,2380
otikatv,otikatv,6,1
otolaryngology,otolaryngology,1,3
ottawa,ottawa,97,1263
ottawanews,ottawanews,2,1263
ouiquebec,ouiquebec,2,1263
ourflatworld,ourflatworld,19,1263
ournameisfun,ournameisfun,2,2380
ourpresident,ourpresident,21,1263
outbreaknews,outbreaknews,6,1263
outdoors,outdoors,21,40
outdoorscotland,outdoorscotland,5,40
outkast,outkast,1,2380
outlander,outlander,5,99
outlast,outlast,4,132
outlawcountry,outlawcountry,1,1321
outlier,outlier,7,40
outofammovr,outofammovr,1,132
outofcontextcomics,outofcontextcomics,1,3
outofthemetaloop,outofthemetaloop,10,1263
outreachhpg,outreachhpg,34,132
outrun,outrun,43,132
outside,outside,73,1263
outsidelands,outsidelands,6,2380
ouya,ouya,4,5
ovaltine,ovaltine,1,3
over40asksunder25,over40asksunder25,1,49
overanalyses,overanalyses,4,67
overclocking,overclocking,13,5
overland,overland,1,1321
overlanding,overlanding,15,40
overmoderation,overmoderation,2,132
overpopulation,overpopulation,28,1263
overproduced,overproduced,1,3
oversharing,oversharing,2,5172
overthegardenwall,overthegardenwall,3,132
overwatch_montages,overwatch_montages,1,132
overwatchcirclejerk,overwatchcirclejerk,34,132
overwatchuniversity,overwatchuniversity,18,132
oviedo,oviedo,1,3
owenandollie,owenandollie,12,3
owensboro,owensboro,3,6
owlboy,owlboy,1,2380
owlcity,owlcity,3,3
oxtriarchy,oxtriarchy,1,1263
oxusdefenseforce,oxusdefenseforce,4,1263
oxuswatch,oxuswatch,2,1263
ozyman,ozyman,21,1263
p2p,p2p,2,5
p90x,p90x,5,13
pacapellaandchill,pacapellaandchill,1,40
pacificrim,pacificrim,7,99
pacifism,pacifism,3,1263
packsci,packsci,2,3
padres,padres,13,6
pagan,pagan,19,1263
paidrussiantrolls,paidrussiantrolls,1,1263
painal,painal,8,5172
paintball,paintball,21,6
paintballbst,paintballbst,1,3
painting,painting,11,40
paintingpixels,paintingpixels,21,67
pairmaker,pairmaker,1,49
pakistan,pakistan,83,1263
pakushy,pakushy,1,49
paladins,paladins,16,132
palegirls,palegirls,7,5172
paleo,paleo,28,13
paleoclimate,paleoclimate,1,1263
paleonews,paleonews,3,3
paleontology,paleontology,9,40
palestine,palestine,43,1263
palladium46pd,palladium46pd,3,1263
palletstorage,palletstorage,1,3
palmcoast,palmcoast,2,40
paloalto,paloalto,1,1263
palsbarainaction,palsbarainaction,10,1263
panama,panama,9,1263
panamapapers,panamapapers,22,1263
pandr,pandr,35,3
panelshow,panelshow,12,2380
panglossthetutor,panglossthetutor,1,132
panjandrum,panjandrum,1,1263
panspermia_party,panspermia_party,3,16
pantera,pantera,1,2380
pantheonrotf,pantheonrotf,1,2380
panthers,panthers,44,6
paohate,paohate,1,3
paoyongyang,paoyongyang,15,1263
paperballots,paperballots,1,1263
papermoney,papermoney,5,1
papersplease,papersplease,5,132
papertowns,papertowns,11,1263
paradoxextra,paradoxextra,4,132
paradoxplaza,paradoxplaza,79,132
paradoxpolitics,paradoxpolitics,10,1263
paragon,paragon,17,132
parahumans,parahumans,38,160
paralegal,paralegal,3,3
paranormal,paranormal,44,67
parapsychology,parapsychology,1,1263
pararescue,pararescue,7,1263
parasitology,parasitology,2,1263
pardonmytake,pardonmytake,3,6
pareidolia,pareidolia,49,3
parentalentitlement,parentalentitlement,5,1263
parentalreactions,parentalreactions,1,3
parenting,parenting,98,1263
parentingfails,parentingfails,4,2380
parentlessbychoice,parentlessbychoice,2,1263
parentsofmultiples,parentsofmultiples,4,1321
paris,paris,23,2167
parkinsons,parkinsons,10,13
parkour,parkour,5,13
parody,parody,3,3
parrots,parrots,44,3
partialfingerclub,partialfingerclub,3,3
participationtrophy,participationtrophy,1,3
partneredyoutube,partneredyoutube,5,132
party,party,2,1321
partydown,partydown,1,2380
partyfavors,partyfavors,1,3
partyparrot,partyparrot,9,132
passionpit,passionpit,1,2380
passiveaggressive,passiveaggressive,1,3
passwords,passwords,5,5
pastacomments,pastacomments,7,1263
pastandpresentpics,pastandpresentpics,6,160
pastlives,pastlives,6,3
pathfinder_rpg,pathfinder_rpg,44,160
pathofexile,pathofexile,68,132
pathology,pathology,8,5
pathwaytomoresuccess,pathwaytomoresuccess,3,132
patientgamers,patientgamers,38,132
patriciacaprice,patriciacaprice,3,5172
patriots,patriots,91,6
patriotsftw,patriotsftw,5,3
paulblartmallcop,paulblartmallcop,1,49
pawg,pawg,10,5172
pawgtastic,pawgtastic,1,1263
paydaytheheist,paydaytheheist,66,132
pcgamingtechsupport,pcgamingtechsupport,9,132
pcmasterace,pcmasterace,1,3
pcmradio,pcmradio,2,132
pcofo,pcofo,2,1263
pcos,pcos,3,1263
peace,peace,4,1263
peacecorps,peacecorps,8,2380
peacecorpsvolunteers,peacecorpsvolunteers,6,1263
peacepirates,peacepirates,1,1263
peacocks,peacocks,1,40
peakreddit,peakreddit,6,1263
peanuts,peanuts,9,3
pearlclutchers,pearlclutchers,1,1263
pearljam,pearljam,6,2380
peasants,peasants,21,1263
pebble,pebble,41,5
pedale,pedale,4,2167
pedantic,pedantic,2,3
pedofriends,pedofriends,9,1263
pedogate,pedogate,7,1263
pedohatersanonymous,pedohatersanonymous,2,95
pee,pee,11,5172
peehole,peehole,2,132
peeling,peeling,2,1695
peenjacking,peenjacking,3,3
pei,pei,8,40
peloton,peloton,34,40
pemberleydigital,pemberleydigital,3,2380
pendantic,pendantic,1,132
pendulum,pendulum,10,2380
penguin,penguin,4,160
penguinpics,penguinpics,2,3
penguins,penguins,21,6
penis,penis,5,5172
peniscarrierfreedom,peniscarrierfreedom,1,49
penispassdenied,penispassdenied,7,1263
penmanshipporn,penmanshipporn,38,3
pennandteller,pennandteller,1,2380
pennstateuniversity,pennstateuniversity,14,67
pennsylvania,pennsylvania,52,67
penpals,penpals,11,1321
pens,pens,9,40
pensacola,pensacola,15,3
pentagon,pentagon,1,1263
pentametacanada,pentametacanada,4,1263
pentax,pentax,4,40
peoplebeingjerks,peoplebeingjerks,17,1263
peoplebeingretarded,peoplebeingretarded,1,40
peoplefuckingdying,peoplefuckingdying,33,3
peopleholdingsigns,peopleholdingsigns,1,40
peopleofthesubway,peopleofthesubway,1,3
peoplewithbirdheads,peoplewithbirdheads,1,3
peoplewithouttalent,peoplewithouttalent,1,40
pepethefrog,pepethefrog,6,99
peppers,peppers,1,40
pepsi,pepsi,3,160
perd,perd,1,40
perfectdark,perfectdark,1,49
perfectfit,perfectfit,22,3
perfectloops,perfectloops,35,3
perfectpause,perfectpause,2,99
perfectplanet,perfectplanet,1,49
perfecttiming,perfecttiming,44,3
periwinkle,periwinkle,49,4042
perktv,perktv,8,5
perlediritaly,perlediritaly,10,2167
permaculture,permaculture,41,40
perps,perps,2,5605
persona4golden,persona4golden,2,132
persona5,persona5,12,132
personajerk,personajerk,5,132
personalfinancecanada,personalfinancecanada,17,1263
personalgrowthchannel,personalgrowthchannel,1,3
personofinterest,personofinterest,18,132
perth,perth,33,2167
peru,peru,10,16
pervasivecomputing,pervasivecomputing,1,1321
pestcontrol,pestcontrol,2,3
pet2ch,pet2ch,1,3
peteholmes,peteholmes,1,2380
peterhitchens,peterhitchens,3,1321
petersagan,petersagan,2,40
petfree,petfree,4,3
petitegonewild,petitegonewild,11,5172
petition,petition,6,1263
petridish,petridish,4,264
pets,pets,47,3
petshopboys,petshopboys,2,40
pettyanarchy,pettyanarchy,2,3
pettybickering,pettybickering,8,1263
pettyrevenge,pettyrevenge,81,1263
pewdiepie,pewdiepie,5,99
pfjerk,pfjerk,23,1263
pfporn,pfporn,1,49
pfsense,pfsense,17,5
phaethism,phaethism,1,3
phantogram,phantogram,2,49
phantomforces,phantomforces,8,132
pharmacogenomics,pharmacogenomics,1,1263
pharmacology,pharmacology,3,67
pharmacy,pharmacy,34,1263
pharmacyschool,pharmacyschool,1,49
phascinatingphysics,phascinatingphysics,18,3
phgamers,phgamers,11,132
phikappatheta,phikappatheta,2,3
phillies,phillies,24,6
phillyriders,phillyriders,9,40
philmont,philmont,2,40
philosophyofbiology,philosophyofbiology,2,1263
philosophyofmath,philosophyofmath,5,1263
philosophyofreligion,philosophyofreligion,4,1263
philosophyofscience,philosophyofscience,18,1263
phish,phish,38,2380
phlgbt,phlgbt,3,1263
phobia,phobia,1,49
phoenix,phoenix,64,40
phoenixdawn,phoenixdawn,1,2380
phoenixwright,phoenixwright,1,1263
phoneaddiction,phoneaddiction,23,1263
phonegifs,phonegifs,1,3
phonelosers,phonelosers,6,40
photoedited,photoedited,1,3
photographycirclejerk,photographycirclejerk,8,40
photohouserit,photohouserit,1,2380
photoplunder,photoplunder,2,5172
photoquotes,photoquotes,1,40
photoshop,photoshop,8,5
photoshopcomments,photoshopcomments,1,3
photoshoprequest,photoshoprequest,54,3
photoshopsofkimjongun,photoshopsofkimjongun,1,3
photoshoptroll,photoshoptroll,1,3
php,php,36,5
phrasing,phrasing,1,1263
physical_removal,physical_removal,39,1263
physicaltherapy,physicaltherapy,7,13
physics,physics,98,1263
physicsgifs,physicsgifs,12,3
piano,piano,34,2380
pic,pic,19,3
pickuplines,pickuplines,2,3
picrequests,picrequests,25,3
pics,pics,2232,40
picsofmenwiththings,picsofmenwiththings,8,3
picsofniggers,picsofniggers,1,40
pictersofvajinas,pictersofvajinas,1,132
picturechallenge,picturechallenge,2,40
picturegame,picturegame,25,40
pictures,pictures,7,40
picturesofiansleeping,picturesofiansleeping,1,40
picu,picu,4,40
piercing,piercing,6,3
piesarchive,piesarchive,1,1321
pigeondrawings,pigeondrawings,1,40
pikapp,pikapp,2,40
pilambdaphi,pilambdaphi,1,40
pillowfort,pillowfort,10,16
pimpcancerforkarma,pimpcancerforkarma,1,40
pimpwifeforkarma,pimpwifeforkarma,1,40
pimpyourmomforkarma,pimpyourmomforkarma,14,3
pinball,pinball,9,3
pincus,pincus,2,16
pinealcyst,pinealcyst,2,5
pineapple,pineapple,1,3
pingpongplatypus,pingpongplatypus,1,1263
pingpyongyang,pingpyongyang,1,49
pinkfloyd,pinkfloyd,32,3
pinkfloydcirclejerk,pinkfloydcirclejerk,8,3
pinkyandthebrain,pinkyandthebrain,1,2380
pinsamt,pinsamt,4,2167
pinup,pinup,4,5172
pipetobacco,pipetobacco,24,40
pipreddit,pipreddit,2,40
piracy,piracy,57,5
piratebay,piratebay,5,5
piratebayaes,piratebayaes,3,5
pirateparty,pirateparty,7,1
piratepartyuk,piratepartyuk,3,1
piratesofthrones,piratesofthrones,3,3
piratpartiet,piratpartiet,2,2167
pissbeuponhim,pissbeuponhim,3,1263
pitbulls,pitbulls,35,3
pitchforkassistant,pitchforkassistant,2,5
pitchforkemporium,pitchforkemporium,47,132
pitt,pitt,8,6
pittsburgh,pittsburgh,83,6
pixar,pixar,9,99
pixel_phones,pixel_phones,1,3
pixelart,pixelart,32,132
pixeldungeon,pixeldungeon,8,132
pixelpiracy,pixelpiracy,1,132
pizza,pizza,35,1263
pizzasrights,pizzasrights,3,13
pjrp_community,pjrp_community,7,3
pkdefenseforce,pkdefenseforce,4,1263
pkmntcg,pkmntcg,2,132
pkmntcgcollections,pkmntcgcollections,5,132
placeatlas,placeatlas,2,2380
placestart,placestart,6,132
plagueinc,plagueinc,1,132
planetaryannihilation,planetaryannihilation,5,40
planetcoaster,planetcoaster,23,132
planetsgonewild,planetsgonewild,1,40
planetside,planetside,100,132
planetx,planetx,3,1321
plantedtank,plantedtank,13,40
plantrights,plantrights,1,1321
plants,plants,10,40
plantstho,plantstho,20,1263
plasma,plasma,1,1263
plasticsurgery,plasticsurgery,2,13
plasticsurgerybeauty,plasticsurgerybeauty,2,2380
platinumcomments,platinumcomments,1,3
playark,playark,49,132
playboy,playboy,2,5172
playdauntless,playdauntless,1,2380
player2controller,player2controller,1,132
playgauntlet,playgauntlet,1,132
playitagainsam,playitagainsam,5,3
playmygame,playmygame,20,132
playrust,playrust,62,132
playstation,playstation,29,132
playstationplus,playstationplus,11,132
playzorkwithme,playzorkwithme,1,40
pleaselikeme,pleaselikeme,1,2380
pleaserespecttables,pleaserespecttables,7,1695
plebbit,plebbit,1,1263
plex,plex,40,5
plgnyc,plgnyc,2,40
plotholes,plotholes,8,99
plottwist,plottwist,2,3
ploungeafterdark,ploungeafterdark,17,7
plumbing,plumbing,16,3
plus7intelligence,plus7intelligence,1,132
plusboobs,plusboobs,7,5172
plushies,plushies,4,40
plussize,plussize,1,2380
pluto,pluto,1,1321
plutoinaction,plutoinaction,2,1263
pm_me_ur_nudes_4poem,pm_me_ur_nudes_4poem,1,3
pm_me_your_gifs_girl,pm_me_your_gifs_girl,2,3
pm_your__problems,pm_your__problems,1,2380
pmclub,pmclub,3,1321
pmqs,pmqs,1,1263
pmsforsale,pmsforsale,6,1
pnws,pnws,5,1
poamcstwd,poamcstwd,3,3
pocketgamers,pocketgamers,1,132
pocketsand,pocketsand,9,132
podcasts,podcasts,40,160
podemos,podemos,49,2167
podgamer,podgamer,3,132
podtfbam,podtfbam,2,40
poem_for_your_sprog,poem_for_your_sprog,4,160
poeslaw,poeslaw,9,1263
poeslawinaction,poeslawinaction,20,1263
poetry,poetry,28,67
poetryprompts,poetryprompts,3,67
pof,pof,1,3
pogo,pogo,1,1321
pogodfw,pogodfw,4,1910
pointe,pointe,1,2380
pointlessstories,pointlessstories,13,1263
pointlessterrorism,pointlessterrorism,1,3
pokemondeltagreen,pokemondeltagreen,2,132
pokemongocirclejerk,pokemongocirclejerk,5,1301
pokemongodev,pokemongodev,24,1301
pokemongofrance,pokemongofrance,3,132
pokemongolondon,pokemongolondon,6,1301
pokemongosaskatoon,pokemongosaskatoon,4,3
pokemonlogic,pokemonlogic,1,132
pokemonromhacks,pokemonromhacks,8,132
pokemonshowdown,pokemonshowdown,4,132
pokemonterranullius,pokemonterranullius,2,132
pokemonzetaomicron,pokemonzetaomicron,12,132
poker,poker,53,1
pokercirclejerk,pokercirclejerk,6,1
pol,pol,5,40
pol__invictus,pol__invictus,2,1263
polacks,polacks,2,1263
poland,poland,31,40
polarbear4321,polarbear4321,5,1695
polarisnetwork,polarisnetwork,2,132
poledancing,poledancing,3,13
polevaulting,polevaulting,1,1321
polfacts,polfacts,6,1263
police,police,11,1263
policechases,policechases,2,1910
policestate,policestate,3,1263
policeuk,policeuk,6,13
policydebate,policydebate,8,1263
polistan,polistan,10,1263
polite_users_bot,polite_users_bot,1,3
politibull,politibull,1,40
politicaita,politicaita,6,2167
politicalbeauty,politicalbeauty,2,3
politicalcalifornia,politicalcalifornia,2,40
politicalconspiracy,politicalconspiracy,2,1263
politicalhumor,politicalhumor,99,1263
politicalmoderation,politicalmoderation,32,1263
politicalphilosophy,politicalphilosophy,11,1263
politicalpwnage,politicalpwnage,1,1321
politicalrevolutionca,politicalrevolutionca,5,1263
politicalscience,politicalscience,9,1263
politicalvideo,politicalvideo,41,1263
politiciansinaction,politiciansinaction,1,2380
politics1,politics1,2,1263
politicscensorship,politicscensorship,1,1263
politique,politique,1,2167
politota,politota,13,3
polska,polska,33,1263
polyamory,polyamory,55,1263
polybridge,polybridge,2,132
polyphasic,polyphasic,2,2380
pondermethis,pondermethis,1,1263
ponds,ponds,2,40
ponyphobia,ponyphobia,2,49
poop,poop,7,3
poopathon,poopathon,1,3
poopsacks,poopsacks,2,3
poopstories,poopstories,1,3
poopvandals,poopvandals,1,49
poorpeoplehate,poorpeoplehate,8,1263
poorpersonhobbies,poorpersonhobbies,1,49
poorshaming,poorshaming,9,1263
popcorntime,popcorntime,14,5
pope,pope,3,1263
popheads,popheads,34,1321
popping,popping,46,1695
poppunkers,poppunkers,28,2380
poppunkjerk,poppunkjerk,3,2380
poppyoncrack,poppyoncrack,13,5172
poptarts,poptarts,1,3
porajmos,porajmos,3,67
porn,porn,22,5172
pornanalysis,pornanalysis,1,3
pornid,pornid,49,5172
pornified,pornified,1,3
porninfifteenseconds,porninfifteenseconds,16,5172
pornoverlords,pornoverlords,10,1263
pornstar,pornstar,1,2380
pornvids,pornvids,19,5172
porsche,porsche,15,40
portal,portal,34,132
portalmaps,portalmaps,1,2380
portaltrees,portaltrees,2,3
porterrobinson,porterrobinson,22,2380
portugalcaralho,portugalcaralho,35,2167
portugalonreddit,portugalonreddit,58,40
portugaltheman,portugaltheman,3,1321
portuguese,portuguese,7,3
posireddit,posireddit,4,1263
positivealcoholtaxis,positivealcoholtaxis,1,49
postandbecomeamod,postandbecomeamod,9,172
postciv,postciv,3,1263
postcollapse,postcollapse,15,40
postelectionrage,postelectionrage,3,3
posthardcore,posthardcore,43,2380
posties,posties,2,132
postleftanarchism,postleftanarchism,5,1263
postmodernjukebox,postmodernjukebox,2,5
postnationalist,postnationalist,99,1263
postpomo,postpomo,4,1263
postpreview,postpreview,4,13
postprocessing,postprocessing,10,40
postracial,postracial,1,1263
postrock,postrock,14,2380
postshitherefaggot,postshitherefaggot,1,132
poststraumatic,poststraumatic,20,1263
potato,potato,7,16
potatocult,potatocult,2,2675
potatosalad,potatosalad,4,132
potheadadvice,potheadadvice,15,1263
potionseller,potionseller,2,1321
potsdam,potsdam,1,3
pottoblame,pottoblame,1,49
potussaidthat,potussaidthat,1,1263
poutineisquebecois,poutineisquebecois,3,2167
powerball,powerball,3,67
powerbi,powerbi,1,2380
powerinaction,powerinaction,2,1263
powerlifting,powerlifting,21,13
powerlinegoose,powerlinegoose,1,1263
powerlines,powerlines,1,1321
powermetal,powermetal,10,2380
powerrangers,powerrangers,15,3
powerwashinggore,powerwashinggore,1,40
powerwashingporn,powerwashingporn,7,40
prairiedogporn,prairiedogporn,1,3
praisekek,praisekek,1,1263
pranks,pranks,11,1321
praxacceptance,praxacceptance,57,1263
prayerrequests,prayerrequests,3,1263
preacher,preacher,3,160
preachtheturtle,preachtheturtle,5,3
precisionag,precisionag,2,2380
predaddit,predaddit,11,1321
predators,predators,17,6
predictablereply,predictablereply,3,3
predictabletopcomment,predictabletopcomment,5,132
pregnant,pregnant,5,67
prematurecelebration,prematurecelebration,34,1263
premed,premed,30,2380
premierleague,premierleague,9,2167
preppers,preppers,63,40
prequelmemes,prequelmemes,95,3
presidentaldebate,presidentaldebate,1,2380
presshearttocontinue,presshearttocontinue,3,3
pressurecooking,pressurecooking,8,13
pretty_good,pretty_good,4,172
prettycatgirl,prettycatgirl,1,40
prettygirls,prettygirls,16,5172
prettygirlsuglyfaces,prettygirlsuglyfaces,6,1263
prettygoodof,prettygoodof,32,1263
prettylittleliars,prettylittleliars,12,3
prevenge,prevenge,1,49
primatology,primatology,1,1263
primecoinmining,primecoinmining,1,40
primeday,primeday,12,40
prince,prince,6,40
printsf,printsf,23,160
prismata,prismata,9,132
prisonarchitect,prisonarchitect,6,40
prisonreform,prisonreform,7,1263
privacypatriots,privacypatriots,3,40
privacytoolsio,privacytoolsio,15,5
privilegedpeoplegifs,privilegedpeoplegifs,1,3
proalcoholism,proalcoholism,1,3
probabilitytheory,probabilitytheory,6,5
problemgambling,problemgambling,2,67
proceduralpenis,proceduralpenis,1,132
prochoice,prochoice,12,1263
procrastinationism,procrastinationism,2,132
prodisco,prodisco,8,1263
producemyscript,producemyscript,1,1263
productiondesign,productiondesign,1,2380
productivity,productivity,37,5
proed,proed,13,5172
professoranupdesai,professoranupdesai,1,3
professorlayton,professorlayton,3,132
professors,professors,6,5
profoundredditquotes,profoundredditquotes,4,1263
profoundstatements,profoundstatements,1,49
progaymers,progaymers,1,132
proghouse,proghouse,3,2380
progmetal,progmetal,35,2380
progmo,progmo,1,2380
progolf,progolf,3,6
progressive,progressive,84,1263
progressive_islam,progressive_islam,16,1263
progressives,progressives,2,1263
progresspics,progresspics,34,13
progrockmusic,progrockmusic,22,2380
progun,progun,74,1263
project1999,project1999,4,132
project86,project86,1,2380
projectconspiracy,projectconspiracy,5,1263
projecteternity,projecteternity,14,132
projecthatefuck,projecthatefuck,1,40
projectmorpheus,projectmorpheus,4,132
projectors,projectors,4,1
projectreality,projectreality,2,132
projectzomboid,projectzomboid,7,132
prolapseville,prolapseville,3,1263
prolife,prolife,44,1263
promgonewrong,promgonewrong,1,49
promote,promote,20,160
promoteyourvideos,promoteyourvideos,2,1263
promptography,promptography,2,132
proofster,proofster,1,2380
propaganda,propaganda,22,1263
propagandaonreddit,propagandaonreddit,2,3
propagandaposters,propagandaposters,82,1263
proper,proper,2,1321
properanimalnames,properanimalnames,1,1321
prorevenge,prorevenge,63,1263
prostatecancer,prostatecancer,8,67
proteins,proteins,6,67
protonmail,protonmail,3,5
prototek,prototek,1,3
protubevr,protubevr,2,132
proudboys,proudboys,3,1263
providence,providence,8,40
prozzak,prozzak,1,2380
prufrock451,prufrock451,13,49
ps2,ps2,11,132
ps2cobalt,ps2cobalt,14,132
ps2ragetells,ps2ragetells,6,132
ps3,ps3,32,132
ps4deals,ps4deals,17,132
ps4homebrew,ps4homebrew,3,1
ps4planetside2,ps4planetside2,13,132
psbattleroyale,psbattleroyale,4,132
pseudoscience,pseudoscience,1,1263
psoriasis,psoriasis,3,40
psp,psp,9,132
psvr,psvr,35,132
psybient,psybient,7,2380
psych,psych,10,160
psychedelics,psychedelics,10,67
psychedelicstudies,psychedelicstudies,12,67
psychic,psychic,11,67
psycho_alpaca,psycho_alpaca,3,3
psychopathy,psychopathy,8,1263
psychotherapy,psychotherapy,12,1263
psychoticreddit,psychoticreddit,4,67
psychward,psychward,1,40
ptcgo,ptcgo,10,132
ptt,ptt,1,1263
puahate,puahate,8,1263
puascience,puascience,3,1263
pub204,pub204,36,13
pubattlegrounds,pubattlegrounds,8,3
pubert_irl,pubert_irl,1,49
publicboys,publicboys,4,5172
publichealth,publichealth,9,2167
publishing,publishing,9,160
puebla,puebla,2,2167
pueblo,pueblo,4,40
puertorico,puertorico,32,1263
puffins,puffins,1,1263
pugs,pugs,12,3
pugsliterallydying,pugsliterallydying,2,3
pumpkins,pumpkins,3,3
punbelievable,punbelievable,1,3
punchablecomments,punchablecomments,3,40
punchablefaces,punchablefaces,82,1263
punchains,punchains,3,3
punchlineisinthetitle,punchlineisinthetitle,1,1321
punctuationporn,punctuationporn,1,49
punfights,punfights,3,3
punintended,punintended,19,3
punisdayans,punisdayans,4,160
punk,punk,38,2380
punkgirls,punkgirls,1,2380
punkillers,punkillers,6,132
punnit,punnit,2,3
punny,punny,31,3
puns,puns,35,3
punthreads,punthreads,17,3
pupinia,pupinia,1,1321
puppies,puppies,4,3
puppycide,puppycide,2,40
purdue,purdue,16,6
pure_trump,pure_trump,3,1263
purity_of_essence,purity_of_essence,1,1263
purplepillcirclejerk,purplepillcirclejerk,1,49
purplepilldebate,purplepilldebate,58,1263
purplespengler,purplespengler,3,13
pussified,pussified,53,1263
pussypass,pussypass,67,1263
pussypassdenied,pussypassdenied,86,1263
pussypassneutral,pussypassneutral,4,1263
putin,putin,1,1263
putinsbitch,putinsbitch,1,1263
putinsdownfall,putinsdownfall,1,1263
puzzleanddragons,puzzleanddragons,21,132
puzzles,puzzles,27,40
pvzgardenwarfare,pvzgardenwarfare,8,132
pvzheroes,pvzheroes,1,1263
pxifrm,pxifrm,28,3
pyongpang,pyongpang,1,1263
pyongyang,pyongyang,5,1263
pyonyang,pyonyang,1,40
pyrocynical,pyrocynical,27,132
python,python,83,5
qatar,qatar,5,1263
qerbside,qerbside,1,49
qotsa,qotsa,9,2380
qtym,qtym,1,3
qu33n,qu33n,3,2380
quacks,quacks,3,1263
quadcities,quadcities,8,1910
quadcopter,quadcopter,7,40
quadmetacanada,quadmetacanada,6,1263
quadricorns,quadricorns,7,67
quake,quake,5,132
quakelive,quakelive,9,132
qualityfloors,qualityfloors,1,3
qualitysocialism,qualitysocialism,9,1263
quantum,quantum,8,5
quantumcomputing,quantumcomputing,1,1263
quantumleap,quantumleap,3,1321
quarkomega,quarkomega,3,1
quebec,quebec,63,2167
queen,queen,11,2380
queenscollege,queenscollege,2,40
queensland,queensland,4,1263
queensuniversity,queensuniversity,3,40
queerconlangers,queerconlangers,8,264
queerphilly,queerphilly,3,1263
quenerd,quenerd,3,1263
question,question,2,132
questionablecontent,questionablecontent,10,49
quilting,quilting,12,132
quintoimperio,quintoimperio,4,2167
quittheirbullshit,quittheirbullshit,2,3
quittingkratom,quittingkratom,4,67
quiver,quiver,4,5172
quizzybot,quizzybot,2,132
quoteporn,quoteporn,6,1263
quotes,quotes,55,1263
quotesporn,quotesporn,72,1263
r4r,r4r,45,5172
r4rseattle,r4rseattle,3,5172
rabbits,rabbits,23,3
racine,racine,2,6
racing,racing,8,40
racism,racism,53,1263
racistreddit,racistreddit,1,40
racistshitredditsays,racistshitredditsays,4,160
racks,racks,1,40
rad_decentralization,rad_decentralization,37,5
raddudes,raddudes,1,3
radforduniversity,radforduniversity,2,2380
radicalagenda,radicalagenda,7,1263
radicalchristianity,radicalchristianity,28,1263
radicalfeminism,radicalfeminism,9,67
radicalhistory,radicalhistory,1,3
radicalreddit,radicalreddit,2,49
radio,radio,6,2380
radiocontrol,radiocontrol,26,40
radiohead,radiohead,70,2380
radiolab,radiolab,1,1263
radiology,radiology,14,13
radioscanning,radioscanning,2,1263
radiotopia,radiotopia,1,2380
rafu,rafu,2,1263
ragegaming,ragegaming,1,49
ragenchastain,ragenchastain,7,40
railroading,railroading,2,3
rain,rain,3,160
rainbowgathering,rainbowgathering,1,40
raining,raining,6,3
rainmeter,rainmeter,40,132
raisedbynarcissists,raisedbynarcissists,81,1263
raiseyourdongers,raiseyourdongers,28,3
raisingkids,raisingkids,23,1263
raleigh,raleigh,24,6
rally,rally,9,40
rally_point_bravo,rally_point_bravo,1,1263
rallyporn,rallyporn,1,1321
ramen,ramen,15,13
rammstein,rammstein,3,2380
rance,rance,32,2167
ranching,ranching,4,40
random_acts_of_amazon,random_acts_of_amazon,18,1
random_acts_of_pizza,random_acts_of_pizza,19,6
randomactsofaquarium,randomactsofaquarium,1,49
randomactsofblowjob,randomactsofblowjob,27,1263
randomactsofburrito,randomactsofburrito,1,1263
randomactsofbuttstuff,randomactsofbuttstuff,2,1263
randomactsofchristmas,randomactsofchristmas,7,40
randomactsofcsgo,randomactsofcsgo,8,132
randomactsofdoughnut,randomactsofdoughnut,1,40
randomactsofgaming,randomactsofgaming,20,132
randomactsofkindness,randomactsofkindness,9,1263
randomactsofmakingout,randomactsofmakingout,1,3
randomactsofmusic,randomactsofmusic,4,2380
randomactsofpizza,randomactsofpizza,36,40
randomactsoftf2,randomactsoftf2,9,132
randomactsofwingman,randomactsofwingman,2,3
randomcirclejerk,randomcirclejerk,7,49
randomdandd,randomdandd,1,3
randomshitposts,randomshitposts,1,3
randomstories,randomstories,1,3
randomthoughts,randomthoughts,1,40
randpaul,randpaul,26,1263
rangerland,rangerland,4,2380
rangers,rangers,38,6
rankthevote,rankthevote,3,1263
ranprieur,ranprieur,18,1263
ransomware,ransomware,2,5
rant,rant,73,1263
rantgrumps,rantgrumps,7,132
rants,rants,2,132
rap,rap,9,2380
rapbattles,rapbattles,19,2380
rape,rape,6,1263
rapecounseling,rapecounseling,6,1263
rapefugees,rapefugees,1,49
rapehoaxes,rapehoaxes,1,3
rapevan,rapevan,1,3
rapid7,rapid7,1,2380
rapidescalation,rapidescalation,3,3
rapingmurderers,rapingmurderers,1,3
rara1818,rara1818,3,2380
rare_pepes,rare_pepes,1,1263
rarepuppers,rarepuppers,30,3
rasalvatore,rasalvatore,3,160
rateme,rateme,23,1263
rational,rational,47,160
rational_liberty,rational_liberty,14,1263
rationalpsychonaut,rationalpsychonaut,23,67
ratm,ratm,3,2380
rats,rats,15,3
ravens,ravens,44,6
raw,raw,1,1263
rawchicago,rawchicago,31,6
rawdenim,rawdenim,30,40
rawwwbot,rawwwbot,1,49
razer,razer,13,5
razorbacks,razorbacks,9,6
rba,rba,10,1910
rbi,rbi,52,40
rbny,rbny,7,2167
rccars,rccars,12,40
rcigarsbattlezone,rcigarsbattlezone,6,40
rconspiracytranslate,rconspiracytranslate,1,1263
rct,rct,19,132
rctw,rctw,3,132
rddt6,rddt6,3,132
rdramacucks,rdramacucks,1,1263
rdvtech,rdvtech,3,5
re_zero,re_zero,15,99
reactgirls,reactgirls,1,1263
reactionpics,reactionpics,2,3
reactjs,reactjs,11,5
reactnative,reactnative,6,5
readhisusername,readhisusername,1,49
readingfestival,readingfestival,1,2380
readingpa,readingpa,1,1263
readit,readit,7,5
readrequest,readrequest,1,49
real_anarchism,real_anarchism,2,1263
realasians,realasians,6,5172
realbuddhists,realbuddhists,2,2380
realdubstep,realdubstep,9,2380
realems,realems,4,172
realestate,realestate,28,1
realgirls,realgirls,68,5172
realitynews,realitynews,9,1263
realityprocessing,realityprocessing,5,132
realitytv,realitytv,1,40
reallifedoodles,reallifedoodles,28,3
reallifefootball,reallifefootball,9,2167
reallifemtg,reallifemtg,2,3
reallybigshow,reallybigshow,4,172
reallynicepeople,reallynicepeople,1,132
realmadrid,realmadrid,12,2167
realnerdhours,realnerdhours,3,1321
realproghouse,realproghouse,3,2380
realskeptics,realskeptics,1,1263
realsocialengineering,realsocialengineering,7,67
realtech,realtech,23,5
realtimestrategy,realtimestrategy,8,132
realtruth,realtruth,9,1263
realusa,realusa,1,1263
reason,reason,1,1263
reasonablecomments,reasonablecomments,1,1263
reasonablefaith,reasonablefaith,12,1263
reasonablemurder,reasonablemurder,1,49
rebelgalaxy,rebelgalaxy,4,2380
rebelution,rebelution,1,2380
rebirthwow,rebirthwow,2,132
rebl,rebl,13,132
recht,recht,7,1263
recipes,recipes,29,13
reckful,reckful,12,5172
reclaimtheholyland,reclaimtheholyland,3,132
recode,recode,1,132
recoilboobs,recoilboobs,1,40
recordstore,recordstore,2,2380
recordthis,recordthis,7,132
recover_socialism,recover_socialism,1,1263
recruitinghell,recruitinghell,12,5
recut,recut,1,40
recycledwater,recycledwater,1,2380
redacted,redacted,5,1263
redactions,redactions,3,1263
redcowentertainment,redcowentertainment,1,49
reddcoin,reddcoin,48,1
reddeadredemption,reddeadredemption,14,132
reddeer,reddeer,3,172
reddetdev,reddetdev,2,3
reddevils,reddevils,73,2167
reddifacts,reddifacts,2,3
reddinati,reddinati,1,1263
redding,redding,5,5
reddiquips,reddiquips,9,2380
reddiscuss,reddiscuss,1,40
reddit10,reddit10,1,1321
reddit7500,reddit7500,15,1263
reddit_api_test,reddit_api_test,2,5
reddit_burns,reddit_burns,1,1263
reddit_charity_gold,reddit_charity_gold,1,40
reddit_civilwar,reddit_civilwar,1,132
reddit_ja,reddit_ja,13,1695
reddit_jpg,reddit_jpg,1,1263
reddit_outloud,reddit_outloud,3,132
reddit_refugees,reddit_refugees,1,132
reddit_research,reddit_research,82,1263
reddit_silver,reddit_silver,6,49
redditactivism,redditactivism,13,1263
redditactsofkindness,redditactsofkindness,7,1263
redditalternatives,redditalternatives,10,2380
redditambayan,redditambayan,3,6
redditandregretit,redditandregretit,1,49
redditarmie,redditarmie,11,1263
redditbetsdelivered,redditbetsdelivered,3,2380
redditblack,redditblack,19,132
redditbookmarks,redditbookmarks,3,99
redditbrigade,redditbrigade,7,132
redditbullshit,redditbullshit,3,1263
redditbunker,redditbunker,3,5
redditcasual,redditcasual,12,132
redditcatalog2015,redditcatalog2015,3,3
redditcensors,redditcensors,4,1263
redditcommentchains,redditcommentchains,2,3
redditconfucius,redditconfucius,2,132
redditconspiracy,redditconspiracy,7,1263
redditcorruption,redditcorruption,1,1321
redditcritiques,redditcritiques,4,1
redditdads,redditdads,44,132
redditdayof,redditdayof,59,3
redditdemons,redditdemons,2,72
redditdev,redditdev,22,5
redditdm,redditdm,1,1263
redditdonate,redditdonate,17,5
redditdotcom,redditdotcom,21,1263
redditeditspeeches,redditeditspeeches,1,1321
redditfanfiction,redditfanfiction,1,1263
redditfilmfestival,redditfilmfestival,2,40
redditfoodwars,redditfoodwars,2,99
redditforest,redditforest,2,3
redditforgrownups,redditforgrownups,14,1263
redditfortherestofus,redditfortherestofus,1,3
redditgetsdistracted,redditgetsdistracted,5,99
redditgetsdrawn,redditgetsdrawn,32,3
redditgetsdrawnbadly,redditgetsdrawnbadly,1,40
redditgetstheshits,redditgetstheshits,4,1263
redditgoneretarded,redditgoneretarded,4,99
redditgooddeeds,redditgooddeeds,4,160
redditgotitwrong,redditgotitwrong,1,1263
reddithateswomen,reddithateswomen,2,3
reddithipster,reddithipster,1,1263
redditinaction,redditinaction,8,1263
redditinsider,redditinsider,19,1263
redditintensifies,redditintensifies,2,99
redditirl,redditirl,13,3
redditisfacebook,redditisfacebook,2,3
redditisfulloffaggots,redditisfulloffaggots,7,3
redditisfun,redditisfun,16,5
redditisgarbage,redditisgarbage,8,1263
redditisland,redditisland,5,1
redditknows,redditknows,6,67
redditlaqueristas,redditlaqueristas,13,95
redditlies,redditlies,3,3
redditlogic,redditlogic,1,40
redditlovescats,redditlovescats,2,3
redditloyalists,redditloyalists,38,1263
redditmade,redditmade,7,1263
redditmadeasong,redditmadeasong,7,3
redditmarketing,redditmarketing,15,5
redditminusmods,redditminusmods,2,1263
redditmobile,redditmobile,21,5
redditmortuary,redditmortuary,1,2380
redditnotes,redditnotes,2,3
redditnow,redditnow,2,5
redditontrump,redditontrump,6,1263
redditorknowledgeporn,redditorknowledgeporn,3,1263
redditorshatingreddit,redditorshatingreddit,8,67
redditorstories,redditorstories,1,49
redditorvsreddit,redditorvsreddit,1,49
redditpets,redditpets,2,3
redditpromises,redditpromises,1,1263
redditpsychoanalysis,redditpsychoanalysis,3,3
redditpuns,redditpuns,5,3
redditpunthreads,redditpunthreads,5,3
redditqotd,redditqotd,1,1321
redditquote,redditquote,8,3
redditracebait,redditracebait,2,3
redditrefined,redditrefined,7,3
redditretweet,redditretweet,1,3
redditrevolutionary,redditrevolutionary,2,1263
redditroadrage,redditroadrage,2,3
redditsafe,redditsafe,10,2167
redditsaysstuff,redditsaysstuff,4,1263
redditscrabble,redditscrabble,21,3
redditside,redditside,3,132
redditsings,redditsings,15,3
redditsmuseumoffilth,redditsmuseumoffilth,16,3
redditspells,redditspells,5,3
redditsquirrels,redditsquirrels,2,3
redditstories,redditstories,4,3
redditsucks,redditsucks,7,1263
redditthecomic,redditthecomic,8,3
reddittrophies,reddittrophies,4,1263
reddittxd,reddittxd,1,49
redditum,redditum,3,1
redditup,redditup,2,1321
redditvibes,redditvibes,4,40
redditviper,redditviper,4,72
redditvoice,redditvoice,1,49
redditwasteofspace,redditwasteofspace,26,1263
redditwatchindia,redditwatchindia,5,1263
redditwritesfamilyguy,redditwritesfamilyguy,1,1321
redditwritesfriends,redditwritesfriends,2,16
redditwriteshimym,redditwriteshimym,1,49
redditwritesiasip,redditwritesiasip,4,3
redditwritesseinfeld,redditwritesseinfeld,21,5
redditwritessunny,redditwritessunny,2,3
redditwritesthemovies,redditwritesthemovies,2,2167
redditwritesvsauce,redditwritesvsauce,1,132
redditymcredditface,redditymcredditface,1,40
reddwarf,reddwarf,12,132
redensign,redensign,8,1263
redhandgreen,redhandgreen,1,49
redheads,redheads,7,5172
redhotchilipeppers,redhotchilipeppers,22,2380
redlands,redlands,1,2380
redlettermedia,redlettermedia,32,3
redneckengineering,redneckengineering,7,3
redneckfixes,redneckfixes,3,16
rednecktech,rednecktech,1,40
rednetio,rednetio,2,5
redorchestra,redorchestra,6,1263
redoric,redoric,5,40
redpilldrops,redpilldrops,8,1263
redpillwives,redpillwives,7,1263
redpillwomen,redpillwomen,28,1263
redpower,redpower,1,49
redraptor_irl,redraptor_irl,2,49
redrising,redrising,5,160
reds,reds,22,6
redskins,redskins,30,6
redsox,redsox,28,6
reduction,reduction,3,1263
redvsblue,redvsblue,8,132
reeftank,reeftank,13,40
reflex,reflex,4,132
reformed,reformed,45,1263
refugees,refugees,4,1
regensburg,regensburg,2,2167
reggiewatts,reggiewatts,1,2380
regina,regina,9,1321
reginaspektor,reginaspektor,2,2380
regularcarreviews,regularcarreviews,15,40
regularfeatures,regularfeatures,2,2380
regularshow,regularshow,6,132
reignofkingsgame,reignofkingsgame,2,132
reiki,reiki,2,67
rekt,rekt,34,1263
rektlist,rektlist,1,49
relationship_advice,relationship_advice,79,1263
relaxinggifs,relaxinggifs,2,3
relayforreddit,relayforreddit,46,5
relevantjohnoliver,relevantjohnoliver,1,1263
relevantname,relevantname,3,3
relevantusername,relevantusername,11,3
relevantxkcd,relevantxkcd,30,5
releventusername,releventusername,1,49
relichunterszero,relichunterszero,1,132
religion,religion,76,1263
religioninamerica,religioninamerica,1,3
remath,remath,3,5
rememberlegoisland,rememberlegoisland,1,132
remindme,remindme,9,1263
remindmebot,remindmebot,4,3
remindsmeofdf,remindsmeofdf,2,3
remotesensing,remotesensing,1,2380
remove,remove,1,1263
renewable,renewable,6,40
renewableenergy,renewableenergy,32,1263
renfaire,renfaire,1,2380
rennes,rennes,3,2167
reno,reno,15,1263
reno911,reno911,1,2380
renssiesdev,renssiesdev,2,132
repair,repair,2,132
repairgovernment,repairgovernment,1,1263
repetitiveheadline,repetitiveheadline,1,1263
replications,replications,4,99
replygore,replygore,18,1263
replytothe_donald,replytothe_donald,1,1263
reportinjustice,reportinjustice,3,1263
reportthepedophile,reportthepedophile,13,3
reporttherapist,reporttherapist,8,1263
reportthespam,reportthespam,6,1
repost,repost,1,49
repost_the_donald,repost_the_donald,1,1263
repostburns,repostburns,7,3
repostchamps,repostchamps,1,3
reposteria,reposteria,1,3
repostnesteggs,repostnesteggs,1,40
reposts,reposts,3,99
repostsfromyesterday,repostsfromyesterday,1,3
reprehensible,reprehensible,2,67
repsneakers,repsneakers,26,6
rept_irl,rept_irl,1,1321
reptiliandata,reptiliandata,6,67
reptiliandude,reptiliandude,1,3
republican,republican,52,1263
republicans,republicans,9,1263
request,request,3,99
researchchemicals,researchchemicals,42,67
residentevil,residentevil,15,132
residentevil7,residentevil7,2,132
respectporn,respectporn,5,6
restof,restof,8,5
restofthefuckingowl,restofthefuckingowl,4,13
restorethefourth,restorethefourth,20,1263
resumes,resumes,12,5
retail,retail,2,132
retails,retails,1,2380
retardedcripples,retardedcripples,1,1263
retardedreddit,retardedreddit,1,1263
retconned,retconned,13,1263
rethinkingeconomics,rethinkingeconomics,1,1263
retiredcaptions,retiredcaptions,1,3
retiredcomics,retiredcomics,1,49
retiredcomment,retiredcomment,3,3
retiredemoticon,retiredemoticon,1,49
retiredjoke,retiredjoke,3,1321
retiredjokes,retiredjokes,2,1321
retiredjpg,retiredjpg,55,1263
retiredmeme,retiredmeme,7,13
retiredmemes,retiredmemes,8,1263
retiredoneliners,retiredoneliners,1,132
retiredpic,retiredpic,13,3
retiredpun,retiredpun,2,1263
retiredpuns,retiredpuns,1,3
retiredquotes,retiredquotes,3,7
retiredresponse,retiredresponse,1,3
retiredsonglyrics,retiredsonglyrics,1,1321
retiredsub,retiredsub,3,3
retiredsubreddit,retiredsubreddit,11,3
retiredsubreddits,retiredsubreddits,20,3
retiredtitles,retiredtitles,2,3
retiredusername,retiredusername,97,3
retiredusernames,retiredusernames,6,1263
retiredvideos,retiredvideos,6,3
retiredwikilink,retiredwikilink,1,40
retiredxkcd,retiredxkcd,11,1263
retiredyoutubevideos,retiredyoutubevideos,8,3
retractions,retractions,1,1263
retrobattlestations,retrobattlestations,42,5
retrofuturism,retrofuturism,55,3
retrogames,retrogames,2,132
retrogaming,retrogaming,94,132
retrogamingfans,retrogamingfans,1,2380
retrogamingmusic,retrogamingmusic,1,2380
reubenthefuckboy,reubenthefuckboy,1,49
reunionisland,reunionisland,1,40
reverend_green1,reverend_green1,1,1321
reverseanimalrescue,reverseanimalrescue,4,3
reversebullshit,reversebullshit,4,5172
reverseengineering,reverseengineering,34,5
reviewsofanything,reviewsofanything,2,2380
revolution,revolution,3,1263
revolutionnbc,revolutionnbc,2,99
rewardposted,rewardposted,2,2380
reynad,reynad,3,3
rgs,rgs,2,3
rhetcomp,rhetcomp,2,5
rheumatoid,rheumatoid,3,172
rhodeisland,rhodeisland,11,1263
rhodesia,rhodesia,4,3
rhombusapp,rhombusapp,2,40
rhps,rhps,3,3
rhymesayers,rhymesayers,1,2380
rhythmgames,rhythmgames,11,132
riceuniversity,riceuniversity,4,6
richardarmitage,richardarmitage,1,2380
richardayoade,richardayoade,1,2380
richarddawkins,richarddawkins,3,2380
richmondfc,richmondfc,3,2167
richpeoplehate,richpeoplehate,1,1263
rickandmorty_c137,rickandmorty_c137,1,2380
rickandmortyjerk,rickandmortyjerk,3,3
rickrocketed,rickrocketed,6,1
rickrollbattles,rickrollbattles,2,3
rickygervais,rickygervais,25,3
rickyisms,rickyisms,6,1
riddles,riddles,16,40
rideaccidents,rideaccidents,1,1263
ridgebacks,ridgebacks,1,3
riemanndefenseforce,riemanndefenseforce,4,1263
rifftrax,rifftrax,3,2380
riflegun2,riflegun2,1,3
rift,rift,5,99
rights4men,rights4men,4,3
rightshark,rightshark,1,2380
righttodie,righttodie,1,3
rightwinglgbt,rightwinglgbt,28,1263
rikilindhome,rikilindhome,1,2380
rimworld,rimworld,34,132
riograndevalley,riograndevalley,8,1263
rioproblems,rioproblems,1,40
riotfreelol,riotfreelol,10,132
ripcity,ripcity,22,6
ripfinebros,ripfinebros,1,1321
ripplers,ripplers,12,1
rippresidentsanders,rippresidentsanders,3,1263
ripster,ripster,11,5
riptf2,riptf2,1,1263
riseagainst,riseagainst,4,2380
riseupp,riseupp,1,1263
rising,rising,1,3
risingthunder,risingthunder,3,132
risk,risk,4,132
riskyclick,riskyclick,6,3
riskyclickoftheday,riskyclickoftheday,6,1
riskyclicks,riskyclicks,3,132
riskymilk,riskymilk,1,1321
rit,rit,21,6
rivalcity,rivalcity,1,1263
rivermonsters,rivermonsters,1,2380
rkoouttanowhere,rkoouttanowhere,1,3
roaching,roaching,2,132
roadbingo,roadbingo,2,3
roadcam,roadcam,91,1263
roadkillballoons,roadkillballoons,1,3
roadrage,roadrage,1,40
roadtax,roadtax,1,1321
roanoke,roanoke,6,40
roast_me,roast_me,5,3
roasted,roasted,1,49
roastmycar,roastmycar,8,40
robandben,robandben,2,1263
robbaz,robbaz,4,5
robbereddit,robbereddit,2,132
robbierotten,robbierotten,1,2380
robert,robert,3,40
robin,robin,2,99
robinhood,robinhood,10,1
robintracking,robintracking,22,4042
robinwilliams,robinwilliams,2,132
roblox,roblox,25,132
robocraft,robocraft,16,132
robotcyclone,robotcyclone,7,3
robotech,robotech,2,99
robotics,robotics,63,5
robots,robots,8,1321
robotuprising,robotuprising,2,3
rocd,rocd,3,3
rochester,rochester,41,6
rocirclejerk,rocirclejerk,18,5172
rockband,rockband,19,2380
rocketbeans,rocketbeans,19,132
rocketeer,rocketeer,1,40
rocketry,rocketry,6,40
rockets,rockets,20,6
rockford,rockford,1,3
rockhounds,rockhounds,15,40
rockland,rockland,3,40
rockleesmile,rockleesmile,2,3
rocksmith,rocksmith,11,2380
rockthehousemd,rockthehousemd,21,5172
rodina,rodina,3,16
rogerrabbiteffect,rogerrabbiteffect,1,1321
roguelikes,roguelikes,28,132
roku,roku,12,5
rolex,rolex,2,3
rolistentothis,rolistentothis,2,5172
roll20,roll20,11,160
rolla,rolla,2,49
rollerblading,rollerblading,3,1
rollercoastercomments,rollercoastercomments,4,1263
rollercoasters,rollercoasters,17,3
rollerderby,rollerderby,11,40
rollofinches,rollofinches,1,3
roma,roma,4,2167
romania_ss,romania_ss,32,5172
romanticasfuck,romanticasfuck,1,40
romega,romega,2,40
romerules,romerules,6,1263
romesweetrome,romesweetrome,8,49
ronandfez,ronandfez,17,1321
rondarousey,rondarousey,2,13
ronpaul,ronpaul,13,1263
ronpaulmeme,ronpaulmeme,1,2380
rookieblue,rookieblue,1,2380
roomofrequirement,roomofrequirement,2,67
roomporn,roomporn,26,40
rootbeer,rootbeer,4,132
rosario,rosario,1,3
roseburg,roseburg,1,3
rosehulman,rosehulman,2,1
rosenamajunas,rosenamajunas,3,13
rosesarered,rosesarered,1,49
rosmt,rosmt,1,2380
rotary,rotary,1,2380
rotc,rotc,4,1263
rotmg,rotmg,22,132
rotmgtradingpost,rotmgtradingpost,4,132
rottenmayo,rottenmayo,3,3
roundearth,roundearth,2,1263
roundearthmyths,roundearthmyths,2,1263
roversmorningglory,roversmorningglory,3,1263
rowing,rowing,16,3
rpdrcirclejerk,rpdrcirclejerk,13,3
rpdrdrama,rpdrdrama,15,3
rpg_gamers,rpg_gamers,14,132
rpgmaker,rpgmaker,5,132
rpgprompts,rpgprompts,2,160
rpi,rpi,16,3
rr99,rr99,1,40
rtlsdr,rtlsdr,13,5
rubberducks,rubberducks,12,1321
rubegoldberg,rubegoldberg,3,3
rugbyleague,rugbyleague,4,6
rugbyunion,rugbyunion,59,1321
ruinedbyedits,ruinedbyedits,4,1263
ruinedmoments,ruinedmoments,1,1263
rule34,rule34,54,5172
rule34_comics,rule34_comics,5,1695
rule34lol,rule34lol,3,5172
rule34requests,rule34requests,4,5172
run,run,1,3
runner5,runner5,2,40
runningcirclejerk,runningcirclejerk,44,13
runningcringe,runningcringe,4,13
rur,rur,1,1263
rusescape,rusescape,3,3
rush,rush,17,49
russiahate,russiahate,1,1263
russian,russian,13,132
russianukrainianwar,russianukrainianwar,1,1263
russiawonwwii,russiawonwwii,8,95
russmartinshow,russmartinshow,10,3
russophobesofreddit,russophobesofreddit,1,1263
rutgers,rutgers,18,40
rva,rva,77,40
rvamotorcycles,rvamotorcycles,3,40
rvideos,rvideos,2,1321
rwby,rwby,65,99
rx8,rx8,2,1321
ryan,ryan,11,160
ryanadams,ryanadams,2,2380
ryanlochtestories,ryanlochtestories,1,1263
ryantweddell,ryantweddell,2,5
ryerson,ryerson,5,172
rykerhate,rykerhate,1,3
s01e01,s01e01,8,6
s2000,s2000,5,40
s4t,s4t,1,1263
saab,saab,13,40
sabaton,sabaton,5,3
sabres,sabres,18,6
sacevents,sacevents,1,1263
sacramento,sacramento,42,40
sacramentopede,sacramentopede,3,1263
sad,sad,13,1263
sadboys,sadboys,10,2380
sadcomics,sadcomics,5,67
sadcringe,sadcringe,77,1263
saddestof,saddestof,7,1263
sadlyinteresting,sadlyinteresting,1,1321
sadupvote,sadupvote,1,49
safekeeping,safekeeping,1,3
safepost,safepost,1,132
safes,safes,1,40
sailing,sailing,44,3
sailormoon,sailormoon,14,1695
saintcloud,saintcloud,2,1263
saints,saints,42,6
sakartvelo,sakartvelo,7,1263
sales,sales,8,5
salted_crime,salted_crime,5,1263
saltlakecity,saltlakecity,52,40
salty,salty,2,1263
salukis,salukis,2,40
salvia,salvia,6,67
samandpaul,samandpaul,2,3
samandtolki,samandtolki,11,132
same,same,1,49
sameth1,sameth1,1,1263
samharris,samharris,38,1263
sammelmappe,sammelmappe,2,2380
samneill,samneill,1,3
samplesize,samplesize,95,1263
samrambles,samrambles,1,2380
samsheffer,samsheffer,1,2380
samuraijack,samuraijack,13,99
sanantonio,sanantonio,39,1910
sanctionedsuicide,sanctionedsuicide,50,1263
sandbox,sandbox,2,5
sandboxforbots,sandboxforbots,6,1263
sanders2trump,sanders2trump,2,1263
sanders_for_president,sanders_for_president,7,3
sandersnazis,sandersnazis,1,40
sandiego,sandiego,90,40
sandiegoclassifieds,sandiegoclassifieds,2,40
sandiegoents,sandiegoents,4,67
sandman,sandman,4,40
sandyhookhoax,sandyhookhoax,1,1263
saneorpsycho,saneorpsycho,3,1263
sanjose,sanjose,31,40
sansat,sansat,3,1263
sanscontext,sanscontext,2,3
santaclarita,santaclarita,2,3
santafe,santafe,4,13
santagate,santagate,1,1263
santaslittlehelpers,santaslittlehelpers,8,40
saplings,saplings,13,67
sappybullshit,sappybullshit,2,1263
sarabareilles,sarabareilles,1,2380
sarahmclachlan,sarahmclachlan,2,40
sargonofakkad,sargonofakkad,87,1263
sark,sark,1,2380
sasclassic,sasclassic,1,1263
sashant,sashant,1,3
saskatchewan,saskatchewan,13,1321
saskatoon,saskatoon,13,3
sasquatch,sasquatch,5,2380
sassy,sassy,1,40
sat,sat,4,1263
satangate,satangate,1,1263
satanism,satanism,21,1263
satisfying,satisfying,1,1321
satisfyingassfuck,satisfyingassfuck,1,3
saudiarabia,saudiarabia,17,1263
saudiarabiaisisis,saudiarabiaisisis,4,1263
saudiatrocities,saudiatrocities,1,1263
saudihate,saudihate,1,1263
saultstemarie,saultstemarie,1,40
savannah,savannah,11,1910
savant,savant,7,132
savebrendan,savebrendan,7,1263
savecomment,savecomment,1,49
saved,saved,4,67
savedstuffs,savedstuffs,10,2380
savedyouaclick,savedyouaclick,51,1263
saveforrebuttal,saveforrebuttal,3,1263
saveit4later,saveit4later,3,3
savepetsmobile,savepetsmobile,1,132
sawsomethingscary,sawsomethingscary,2,95
sawthatonreddit,sawthatonreddit,1,132
sayjaaaaaaap,sayjaaaaaaap,4,1695
sbu,sbu,5,6
sca,sca,7,13
scambait,scambait,1,3
scamming,scamming,1,1263
scamp,scamp,2,2380
scams,scams,42,5
scandal,scandal,3,99
scandalist,scandalist,1,3
scannernews,scannernews,1,1263
scareporn,scareporn,3,1263
scaryballoons,scaryballoons,1,49
scarysigns,scarysigns,1,40
scatporn,scatporn,2,3
scbuildit,scbuildit,1,132
scenesfromahat,scenesfromahat,41,132
scfavss,scfavss,2,3
scheissedieredditsagt,scheissedieredditsagt,11,2167
schenectady,schenectady,19,3
schizoaffective,schizoaffective,3,67
schizophrenia,schizophrenia,24,67
schizophrenic,schizophrenic,1,1263
schland,schland,19,2167
schlockstream,schlockstream,1,49
schmoyoho,schmoyoho,2,3
school,school,3,1263
schoolidolfestival,schoolidolfestival,6,99
schooliscrap,schooliscrap,2,2380
science,science,933,1263
science_jp,science_jp,3,1695
sciencefiction,sciencefiction,32,160
scienceofdeduction,scienceofdeduction,5,3
sciencex,sciencex,5,5
scientificparents,scientificparents,1,1263
scientismtoday,scientismtoday,5,67
scientologists,scientologists,15,1263
scientology,scientology,23,1263
scienzaitalia,scienzaitalia,2,2167
scifi,scifi,100,99
scifirealism,scifirealism,6,3
scifiscroll,scifiscroll,6,99
scipolicy,scipolicy,1,2380
scjerk,scjerk,13,95
scooters,scooters,16,40
scorpion,scorpion,2,3
scotch,scotch,15,13
scottishfootball,scottishfootball,8,2167
scottishpeopletwitter,scottishpeopletwitter,8,2380
scottishphotos,scottishphotos,1,40
scottpilgrim,scottpilgrim,5,160
scotus,scotus,6,1263
scp,scp,63,3
scrabble,scrabble,2,40
scrandle,scrandle,3,5172
scrapmetal,scrapmetal,1,3
screamqueenstv,screamqueenstv,4,132
screenshots,screenshots,8,1263
screenwriting,screenwriting,40,99
screwcomcast,screwcomcast,3,5
scriptstoldbackwards,scriptstoldbackwards,1,3
scrolls,scrolls,7,132
scrotalimplosion,scrotalimplosion,31,1
scrubs,scrubs,13,3
scuba,scuba,36,3
scumbagceologic,scumbagceologic,1,1263
sdfsdfsdfcvxc,sdfsdfsdfcvxc,1,40
sdss,sdss,1,3
seagray,seagray,43,67
seahawks,seahawks,64,6
seajobs,seajobs,7,132
sealist,sealist,7,95
sean,sean,1,49
seananners,seananners,1,2380
seanblithe,seanblithe,1,49
seaofthieves,seaofthieves,4,132
searchandrescue,searchandrescue,8,40
seashanties,seashanties,4,40
seashepherd,seashepherd,2,2167
seasteading,seasteading,16,1263
seattleshitshow,seattleshitshow,8,95
seattleunmoderated,seattleunmoderated,32,5172
seattlewa,seattlewa,84,1263
seaturtlerescuefront,seaturtlerescuefront,1,1263
seaweed,seaweed,2,49
secludedvendingmachin,secludedvendingmachin,1,49
secondcity,secondcity,2,40
secondworldproblems,secondworldproblems,1,3
secrecy,secrecy,2,3
secrethidingplaces,secrethidingplaces,2,40
secretnomore,secretnomore,7,1263
secretsanta,secretsanta,65,3
secretsubreddit,secretsubreddit,14,3
secularstudentsofvcu,secularstudentsofvcu,2,2380
security,security,35,5
securityanalysis,securityanalysis,15,1
securityctf,securityctf,7,5
securityculture,securityculture,1,49
securityguards,securityguards,9,1263
seduction,seduction,75,1263
see,see,24,3
seethru,seethru,1,3
seeyoulateralligator,seeyoulateralligator,2,3
sega,sega,9,132
sega32x,sega32x,4,40
seinfeld,seinfeld,43,6
seinfeldbyreddit,seinfeldbyreddit,1,49
seireitei,seireitei,2,2
seiyuucirclejerk,seiyuucirclejerk,15,95
selenium,selenium,3,5
selfawarewolves,selfawarewolves,8,1263
selfdrivingcars,selfdrivingcars,30,5
selfemployed,selfemployed,1,2380
selffuck,selffuck,1,40
selfhosted,selfhosted,12,5
selfimprovement,selfimprovement,14,67
selfpublish,selfpublish,14,160
selfsufficiency,selfsufficiency,17,40
sellercirclestage,sellercirclestage,1,2380
semenboy,semenboy,1,49
semicolonconspiracy,semicolonconspiracy,1,40
senntisten,senntisten,14,264
sens,sens,11,5
sense8,sense8,6,99
senselesssonnys,senselesssonnys,1,49
sentencegore,sentencegore,2,3
sentinelsmultiverse,sentinelsmultiverse,3,160
seo,seo,25,5
seoprohelp,seoprohelp,1,1263
sep2015event,sep2015event,7,1263
sequelmemes,sequelmemes,7,99
serbia,serbia,54,1263
serbia_casual,serbia_casual,4,1263
serendipity,serendipity,20,6
serene,serene,1,3
serialdiscussion,serialdiscussion,3,213
serialkillers,serialkillers,24,1263
serialkillerthoughts,serialkillerthoughts,1,49
serialpodcast,serialpodcast,41,213
serialreposting,serialreposting,1,3
serious_gaming,serious_gaming,4,1263
seriousconversation,seriousconversation,8,40
seriouseats,seriouseats,10,13
serioushangtime,serioushangtime,1,49
serjtankian,serjtankian,1,132
service_dogs,service_dogs,1,3
sethrich,sethrich,2,1263
seti,seti,2,16
setx,setx,4,1910
seussit,seussit,6,40
seventies,seventies,7,40
sewing,sewing,29,40
sex_comics,sex_comics,5,1695
sexinfrontofothers,sexinfrontofothers,4,5172
sexoffendersupport,sexoffendersupport,4,1263
sexover30,sexover30,10,1263
sexpositive,sexpositive,8,1263
sexsells,sexsells,16,5172
sextapename,sextapename,1,1321
sexworkers,sexworkers,20,1263
sexygirlsinboots,sexygirlsinboots,1,1263
sexypizza,sexypizza,7,3
sexystories,sexystories,18,5172
sf4,sf4,10,132
sfgiants,sfgiants,32,6
sfr4r,sfr4r,1,3
sfv,sfv,5,40
sfwporngifs,sfwporngifs,6,3
sfwredheads,sfwredheads,2,3
sgiwhistleblowers,sgiwhistleblowers,3,1695
sgu,sgu,3,5
shaboozey,shaboozey,3,132
shadowban,shadowban,30,132
shadowfist,shadowfist,1,3
shadowpeople,shadowpeople,1,49
shadowrun,shadowrun,35,160
shadowrunreturns,shadowrunreturns,4,160
shadowwar,shadowwar,5,1263
shaggydogstories,shaggydogstories,3,3
shakespeare,shakespeare,15,99
shakira,shakira,1,2380
shameless,shameless,3,1263
shamelessplug,shamelessplug,47,160
shamokin,shamokin,1,40
shaneisms,shaneisms,2,3
shanghai,shanghai,34,1263
shantae,shantae,1,2380
shaokao,shaokao,1,1263
shaqholdingthings,shaqholdingthings,2,3
shardsonline,shardsonline,1,2380
shareblue,shareblue,1,1263
sharefeed,sharefeed,1,3
sharepoint,sharepoint,7,5
sharialaw,sharialaw,2,3
sharknado,sharknado,4,99
sharks,sharks,13,3
sharksuit,sharksuit,1,40
sharktits,sharktits,3,49
sharpe,sharpe,1,2380
shartingfreude,shartingfreude,1,49
shatter,shatter,2,3
shaytards,shaytards,2,1263
sheetmetal,sheetmetal,1,40
sheffield,sheffield,4,1263
sheffieldunited,sheffieldunited,3,2167
shelfjokes,shelfjokes,3,1
shelikesitrough,shelikesitrough,3,5172
sherlock,sherlock,21,3
sherri_papini,sherri_papini,6,1321
shia,shia,10,1263
shiba,shiba,11,3
shibbysays,shibbysays,1,49
shield,shield,40,99
shill,shill,14,1263
shillcusations,shillcusations,7,1263
shilldefense,shilldefense,1,1263
shillforhillary,shillforhillary,2,1263
shills,shills,20,1263
shingekinokyojin,shingekinokyojin,17,99
shipwrecks,shipwrecks,3,1263
shit_ets_says,shit_ets_says,5,1
shit_regressives_say,shit_regressives_say,3,1263
shitageistssay,shitageistssay,1,1263
shitamericanssay,shitamericanssay,646,1263
shitancapssay,shitancapssay,16,1263
shitauthoritarianssay,shitauthoritarianssay,6,1263
shitbadphilosophysays,shitbadphilosophysays,2,1263
shitcivilianssay,shitcivilianssay,3,1263
shitcomment,shitcomment,32,1263
shitconservativesays,shitconservativesays,2,1263
shitcosmosays,shitcosmosays,4,1263
shitcrusaderkingssay,shitcrusaderkingssay,11,132
shitdenierssay,shitdenierssay,13,1263
shiteiraboossay,shiteiraboossay,6,99
shiteuropeanssay,shiteuropeanssay,55,1263
shitflemingssay,shitflemingssay,4,1263
shitflexiversesays,shitflexiversesays,3,67
shitfoxh8ersays,shitfoxh8ersays,74,1263
shitgermanssay,shitgermanssay,2,2167
shitghazisays,shitghazisays,8,1263
shitgonewildsays,shitgonewildsays,16,5172
shitgoyimsays,shitgoyimsays,4,1263
shitguncontrollerssay,shitguncontrollerssay,55,1263
shitimperialboossay,shitimperialboossay,1,3
shitimperialistssay,shitimperialistssay,10,1263
shitknotting,shitknotting,1,49
shitladytrollx,shitladytrollx,2,1263
shitlaw,shitlaw,2,49
shitleeaboossay,shitleeaboossay,21,1263
shitleftists_say,shitleftists_say,9,1263
shitleftistssay,shitleftistssay,20,1263
shitlibertarianssay,shitlibertarianssay,8,1263
shitlimeyssay,shitlimeyssay,6,1263
shitlinuxsays,shitlinuxsays,7,5
shitlordlounge,shitlordlounge,1,40
shitlords,shitlords,1,1263
shitmyfriendssay,shitmyfriendssay,1,3
shitmysistersays,shitmysistersays,1,3
shitmyvetsays,shitmyvetsays,1,3
shitnazbolssay,shitnazbolssay,11,1263
shitnormiessay,shitnormiessay,3,1263
shitobamasays,shitobamasays,1,1263
shitomnissay,shitomnissay,7,1263
shitotsays,shitotsays,2,132
shitpoop,shitpoop,2,40
shitpoorpeoplesay,shitpoorpeoplesay,1,1263
shitpostemblem,shitpostemblem,16,132
shitposting,shitposting,2,132
shitposts,shitposts,9,132
shitprogressivessay,shitprogressivessay,4,1263
shitramsaysays,shitramsaysays,2,2380
shitrcatholicismsays,shitrcatholicismsays,2,1263
shitrconservativesays,shitrconservativesays,74,1263
shitrconspiracysays,shitrconspiracysays,1,1263
shitredditbotssays,shitredditbotssays,1,1263
shitredditdoes,shitredditdoes,18,40
shitredditgilds,shitredditgilds,49,3
shitredditsaysx,shitredditsaysx,4,132
shitredditssays,shitredditssays,12,3
shitrepublicanssay,shitrepublicanssay,1,1263
shitrsrcssays,shitrsrcssays,1,1263
shitsassay,shitsassay,2,1263
shitshitpost,shitshitpost,7,3
shitslavaboossay,shitslavaboossay,6,1263
shitsnoopdoes,shitsnoopdoes,3,3
shitsocialismsays,shitsocialismsays,29,1263
shitspam,shitspam,2,1263
shitstatisticianssay,shitstatisticianssay,2,3
shitstatistsay,shitstatistsay,7,1263
shitstories,shitstories,2,49
shittankiessay,shittankiessay,65,1263
shitthe_donaldsays,shitthe_donaldsays,33,1263
shittheadminssay,shittheadminssay,92,1263
shitthefalsesay,shitthefalsesay,57,1263
shitthoraboossay,shitthoraboossay,6,132
shittingadvice,shittingadvice,8,67
shittingonamerica,shittingonamerica,1,1263
shittitle,shittitle,2,3
shittoliveby,shittoliveby,1,40
shittoshowmygf,shittoshowmygf,3,132
shittotesmetabotsays,shittotesmetabotsays,3,5
shittouristssay,shittouristssay,1,1263
shitty_car_mods,shitty_car_mods,88,40
shitty_ecr,shitty_ecr,15,1910
shitty_gitm,shitty_gitm,2,1263
shitty_watercolour,shitty_watercolour,3,2380
shittyactionfigures,shittyactionfigures,2,3
shittyactsofgold,shittyactsofgold,6,49
shittyadvice,shittyadvice,18,3
shittyadviceanimals,shittyadviceanimals,21,3
shittyama,shittyama,41,3
shittyanalogies,shittyanalogies,18,13
shittyanimalfacts,shittyanimalfacts,4,3
shittyaskflying,shittyaskflying,8,40
shittyaskhistorians,shittyaskhistorians,1,1321
shittyaskhistory,shittyaskhistory,5,1263
shittyasklawyers,shittyasklawyers,1,49
shittyaskreddit,shittyaskreddit,12,3
shittyasktheology,shittyasktheology,2,40
shittyassassins,shittyassassins,1,49
shittybathrooms,shittybathrooms,1,3
shittybattlestations,shittybattlestations,13,132
shittybeerpours,shittybeerpours,1,1263
shittybestof,shittybestof,5,3
shittybestofreddit,shittybestofreddit,1,3
shittybots,shittybots,4,1321
shittycaptions,shittycaptions,1,3
shittyconspiracy,shittyconspiracy,13,3
shittycropping,shittycropping,3,1321
shittydarksouls,shittydarksouls,26,132
shittydebatecommunism,shittydebatecommunism,78,1263
shittydeusex,shittydeusex,1,40
shittydiy,shittydiy,3,40
shittyedit,shittyedit,3,1321
shittyedits,shittyedits,9,4042
shittyengineering,shittyengineering,2,1263
shittyetymology,shittyetymology,2,3
shittyfalloutlore,shittyfalloutlore,3,132
shittyfamilyanalogies,shittyfamilyanalogies,3,2167
shittyfertilityadvice,shittyfertilityadvice,2,3
shittyfoodporn,shittyfoodporn,100,13
shittyfunfacts,shittyfunfacts,4,3
shittygeography,shittygeography,1,1263
shittygoldedits,shittygoldedits,1,49
shittygospel,shittygospel,1,3
shittygrammar,shittygrammar,1,49
shittyhdr,shittyhdr,12,40
shittyhistory,shittyhistory,2,2380
shittyideas,shittyideas,15,7
shittykickstarters,shittykickstarters,47,1263
shittylegaladvice,shittylegaladvice,1,3
shittylifehacks,shittylifehacks,6,3
shittylifeprotips,shittylifeprotips,72,3
shittymapporn,shittymapporn,18,1263
shittymath,shittymath,6,5
shittymemes,shittymemes,1,1263
shittymodelun,shittymodelun,1,1263
shittymorph,shittymorph,5,160
shittymovieidea,shittymovieidea,1,49
shittymusicoverlays,shittymusicoverlays,1,1321
shittynews,shittynews,4,1263
shittynosleep,shittynosleep,10,3
shittynutritionadvice,shittynutritionadvice,1,49
shittyparentingtips,shittyparentingtips,1,49
shittyphrasing,shittyphrasing,5,3
shittypicrequests,shittypicrequests,3,3
shittypopanalysis,shittypopanalysis,1,40
shittypost,shittypost,1,40
shittyprogramming,shittyprogramming,38,5
shittypunthreads,shittypunthreads,7,132
shittyquotesporn,shittyquotesporn,5,132
shittyrainbow6,shittyrainbow6,9,132
shittyreactiongifs,shittyreactiongifs,62,1263
shittyredditadvice,shittyredditadvice,3,1263
shittyredditmovies,shittyredditmovies,3,40
shittyreplies,shittyreplies,1,1263
shittyresponses,shittyresponses,2,3
shittyriddles,shittyriddles,2,7
shittyrobots,shittyrobots,75,3
shittyscholar,shittyscholar,3,3
shittyscience,shittyscience,2,3
shittyseduction,shittyseduction,4,1263
shittyshitredditsays,shittyshitredditsays,2,3
shittyshowerthoughts,shittyshowerthoughts,6,132
shittyspacexideas,shittyspacexideas,1,1263
shittysuperpowers,shittysuperpowers,3,49
shittytechnicals,shittytechnicals,3,99
shittyteenmom,shittyteenmom,1,3
shittyterraforming,shittyterraforming,1,1263
shittyteslore,shittyteslore,14,132
shittytheydidthemath,shittytheydidthemath,12,1263
shittytil,shittytil,13,1263
shittytodayilearned,shittytodayilearned,21,3
shittytumblrgifs,shittytumblrgifs,4,5
shittytumblrinaction,shittytumblrinaction,1,3
shittyvaultboys,shittyvaultboys,2,132
shitveganssay,shitveganssay,2,3
shitweebssay,shitweebssay,3,13
shitwesternerssay,shitwesternerssay,2,1263
shitwhalerssay,shitwhalerssay,1,1263
shitwhitepeopledo,shitwhitepeopledo,2,13
shitwhitiessay,shitwhitiessay,2,3
shitwybothsays,shitwybothsays,1,49
shockwaveporn,shockwaveporn,6,1263
shoegaze,shoegaze,7,2380
shopify,shopify,4,5
shoplifting,shoplifting,24,1263
shoreline,shoreline,1,1263
short,short,93,1263
shorthairchicks,shorthairchicks,3,3
shortlogic,shortlogic,6,1263
shortmen,shortmen,1,49
shortscarystories,shortscarystories,40,160
shortstories,shortstories,23,160
shotbow,shotbow,15,264
shouldbenamed,shouldbenamed,1,1321
shouldibuythisgame,shouldibuythisgame,19,132
showerargument,showerargument,2,3404
showerbeer,showerbeer,10,3
showerorange,showerorange,7,3
showerthoughs,showerthoughs,5,1
showertoughts,showertoughts,1,1263
showertwerking,showertwerking,1,49
showup,showup,2,1263
shpongle,shpongle,2,2380
shrek,shrek,5,160
shrekislove,shrekislove,1,49
shreveport,shreveport,3,40
shroomers,shroomers,6,67
shrooms,shrooms,31,67
shroudoftheavatar,shroudoftheavatar,2,2380
shruglifesyndicate,shruglifesyndicate,44,67
shruglyfesyndicate,shruglyfesyndicate,37,1263
shtf,shtf,2,40
shubreddit,shubreddit,7,3
shutupandtakemymoney,shutupandtakemymoney,40,3
shy__redheadv2,shy__redheadv2,1,3
shybobby,shybobby,1,49
siacoin,siacoin,6,1
sibusthoughts,sibusthoughts,1,49
sicklecell,sicklecell,1,2380
sidehugs,sidehugs,21,1263
sideproject,sideproject,13,5
sidsteaks,sidsteaks,1,3
sidsubs,sidsubs,3,5172
siegerhino,siegerhino,4,3
sigep,sigep,1,40
sighunzip,sighunzip,1,40
signalyourvirtue,signalyourvirtue,28,1263
signlanguage,signlanguage,2,3
sigsauer,sigsauer,8,7
sikh,sikh,32,1263
silentbob,silentbob,1,2380
silenthill,silenthill,16,132
silentnetwork,silentnetwork,1,2380
siliconvalley,siliconvalley,5,40
siliconvalleyhbo,siliconvalleyhbo,41,3
silkroad,silkroad,12,1
sillystickers,sillystickers,1,3
silverbugs,silverbugs,80,1
simcity,simcity,15,132
simcity4,simcity4,3,132
simmo,simmo,1,49
simonfraser,simonfraser,6,172
simpians,simpians,2,132
simpleliving,simpleliving,37,40
simpleplanes,simpleplanes,9,132
simplerockets,simplerockets,8,16
simps,simps,5,5172
simpsonsdidit,simpsonsdidit,29,3
simracing,simracing,40,40
simtorture,simtorture,1,49
simulate,simulate,8,5
simulated,simulated,11,3
sincitysaintslv,sincitysaintslv,1,2380
singularity,singularity,53,5
singwithme,singwithme,3,3
sino,sino,59,1263
siouxfalls,siouxfalls,9,40
sips,sips,55,264
sirfedora,sirfedora,1,1321
siriamnot,siriamnot,3,1321
sissyhypno,sissyhypno,18,5172
sivabenemoltobene,sivabenemoltobene,25,3
sivak,sivak,3,5172
sixers,sixers,27,6
sixflagsthemeparks,sixflagsthemeparks,1,40
sixthworldproblems,sixthworldproblems,2,132
sjearthquakes,sjearthquakes,10,2167
sjsu,sjsu,7,40
sjsucks,sjsucks,39,1263
sjwhate,sjwhate,97,1263
sjwnews,sjwnews,30,1263
sjwnews_affiliate,sjwnews_affiliate,8,3
sjwstories,sjwstories,3,1263
ska,ska,10,2380
skara,skara,1,132
skateboarding,skateboarding,32,16
skeet_skeet,skeet_skeet,6,40
skellylogic,skellylogic,9,13
skeptics,skeptics,5,5
sketchcomedy,sketchcomedy,3,2380
skiesofarcadia,skiesofarcadia,4,132
skiing,skiing,46,40
skincareaddiction,skincareaddiction,61,95
skincareaddictionuk,skincareaddictionuk,7,95
skincareaddicts,skincareaddicts,4,67
skinnypeoplepraise,skinnypeoplepraise,2,13
skinnyskeletons,skinnyskeletons,1,40
skinnytail,skinnytail,1,1263
skinstv,skinstv,2,3
skinwalkers,skinwalkers,5,67
skitssssager,skitssssager,13,2167
skitzoradio,skitzoradio,1,132
skookum,skookum,17,3
skrillex,skrillex,28,2380
skrolli,skrolli,2,1321
skullgirls,skullgirls,6,99
skulls,skulls,2,2380
skurup,skurup,1,49
skycentrism,skycentrism,2,1263
skydiving,skydiving,14,132
skyhill,skyhill,3,40
skylinesoverwatch,skylinesoverwatch,1,132
skynetpreppers,skynetpreppers,1,3
skyporn,skyporn,10,40
skyrimmods,skyrimmods,43,132
skyrimwithguns,skyrimwithguns,2,132
skysteading,skysteading,1,1263
slackline,slackline,4,40
slashdiablo,slashdiablo,7,40
slashfanfiction,slashfanfiction,1,3
slashthread,slashthread,4,3
slatestarcodex,slatestarcodex,23,1263
slavelabour,slavelabour,24,1
slavtranslations,slavtranslations,1,49
sleepapnea,sleepapnea,3,40
sleepyasians,sleepyasians,2,3
sleepycabin,sleepycabin,13,132
slideforreddit,slideforreddit,14,5
slipknot,slipknot,3,2380
slipperputty,slipperputty,2,3
slockit,slockit,4,1
slothporn,slothporn,1,3
sloths,sloths,10,3
slovenia,slovenia,27,3
slowcooking,slowcooking,33,13
slowtv,slowtv,4,1321
slp,slp,14,1321
sluglife,sluglife,2,3
slumnerdcix,slumnerdcix,4,13
slushfund,slushfund,2,1263
slutjustice,slutjustice,9,1263
slygifs,slygifs,4,1263
small_business_ideas,small_business_ideas,2,5
smallbooblove,smallbooblove,8,1263
smallboobproblems,smallboobproblems,5,1263
smallbusiness,smallbusiness,21,5
smalldickhumiliation,smalldickhumiliation,10,5172
smalldickproblems,smalldickproblems,40,1263
smartereveryday,smartereveryday,21,16
smartgiving,smartgiving,5,2380
smashcirclejerk,smashcirclejerk,94,132
smashedconnections,smashedconnections,2,132
smashingpumpkins,smashingpumpkins,8,2380
smbcomics,smbcomics,2,3
smeghead,smeghead,1,40
smite,smite,95,132
smodcast,smodcast,1,40
smokecrack_hailsatan,smokecrack_hailsatan,1,3
smokerhate,smokerhate,5,3
smoking,smoking,17,13
smoknfx,smoknfx,5,1
smoko,smoko,2,1263
smoleague,smoleague,1,49
smpdonesensible,smpdonesensible,1,49
smugredditdrama,smugredditdrama,9,1263
smugshots,smugshots,1,1321
smyths,smyths,18,40
snackexchange,snackexchange,14,1263
snails,snails,5,40
snakeeater14,snakeeater14,1,1263
snakes,snakes,25,3
snallywatch,snallywatch,2,1263
snapchat,snapchat,4,5172
snapleaks,snapleaks,2,3
sneakers,sneakers,63,40
sneakyshrimpmen,sneakyshrimpmen,3,3
sneerclub,sneerclub,8,1263
snek,snek,3,3
snek_irl,snek_irl,1,3
sneks,sneks,29,3
snes,snes,19,132
snipecity73,snipecity73,3,3
snoovatars,snoovatars,9,3
snoreway,snoreway,3,3
snowblowers,snowblowers,1,2380
snowboardcj,snowboardcj,7,40
snowboarding,snowboarding,33,40
snowden,snowden,43,1263
snowdencirclejerk,snowdencirclejerk,4,1263
so_edgy,so_edgy,1,40
so_il_stopsoros,so_il_stopsoros,1,1263
soad,soad,2,49
soapboxbanhammer,soapboxbanhammer,48,3
soaryn,soaryn,1,49
sobstory,sobstory,2,132
socalbeerscene,socalbeerscene,1,2380
soccerbetting,soccerbetting,6,2167
soccercirclejerk,soccercirclejerk,24,2167
soccernerd,soccernerd,30,2167
soccernoobs,soccernoobs,4,2167
soccerpredictions,soccerpredictions,1,2167
soccerstreams,soccerstreams,18,2167
sochiproblems,sochiproblems,2,132
socialanarchism,socialanarchism,6,1263
socialanxiety,socialanxiety,28,1263
socialcontrol,socialcontrol,1,1263
socialdemocracy,socialdemocracy,16,1263
socialengineering,socialengineering,55,67
socialfightclub,socialfightclub,9,49
socialism_101,socialism_101,9,1263
socialismfacts,socialismfacts,19,1263
socialisminonesub,socialisminonesub,1,49
socialist,socialist,5,1263
socialistbs,socialistbs,1,1263
socialistfreedom,socialistfreedom,2,1263
socialistmusic,socialistmusic,5,1263
socialistprogrammers,socialistprogrammers,17,1263
socialjustice,socialjustice,5,1263
socialjustice101,socialjustice101,11,1263
socialjusticeinaction,socialjusticeinaction,65,1263
socialmedia,socialmedia,24,5
socialpsych,socialpsych,1,2380
socialscience,socialscience,6,1263
socialskills,socialskills,43,1263
socialwork,socialwork,12,1263
societalengineering,societalengineering,7,67
sociology,sociology,19,1263
sociopath,sociopath,14,1263
soda,soda,6,132
sodapopgun,sodapopgun,5,1263
sodapoppin,sodapoppin,6,1321
sodastream,sodastream,1,40
sodertalje,sodertalje,1,3
software,software,39,5
software_ja,software_ja,15,1695
softwarescience2016,softwarescience2016,2,5
soil,soil,7,40
sojustsaysomething,sojustsaysomething,1,1263
soku,soku,1,1263
solar,solar,37,40
solaractivity,solaractivity,1,1263
solarpunk,solarpunk,2,40
solforge,solforge,1,2380
solid364,solid364,1,49
solipsism,solipsism,6,3
solipsist_nation,solipsist_nation,2,5
solitaire,solitaire,2,132
solitary,solitary,1,2380
solomon_islands,solomon_islands,1,40
solotravel,solotravel,38,40
solotravelblog,solotravelblog,1,1321
solving_a858,solving_a858,4,4042
solving_sa712fy,solving_sa712fy,2,1263
solvingmyprophecies,solvingmyprophecies,1,40
somalia,somalia,4,160
somebodymakethis,somebodymakethis,17,5
someclosure,someclosure,1,3
somedonkus1,somedonkus1,1,3
somefreeart,somefreeart,1,3
someoneisvegan,someoneisvegan,2,3
sometal,sometal,8,2380
somethingimade,somethingimade,72,40
somevideogame,somevideogame,1,49
somewhereelse,somewhereelse,1,1263
songsgoneformal,songsgoneformal,1,49
songsstories,songsstories,1,49
songwriters,songwriters,15,2380
sonicthehedgehog,sonicthehedgehog,17,132
sonsofanarchy,sonsofanarchy,3,99
sonsofliberty17,sonsofliberty17,1,1263
sophieturner,sophieturner,5,5172
sorceryofthespectacle,sorceryofthespectacle,85,1263
soros,soros,1,1263
sorosforprison,sorosforprison,8,1263
sorosinaction,sorosinaction,2,1263
sorospaidforthis,sorospaidforthis,2,1263
sose,sose,1,40
sothissubexists,sothissubexists,36,6
soulbleach,soulbleach,1,49
soundgarden,soundgarden,11,2380
soundsaboutright,soundsaboutright,6,1263
soundslikpatd,soundslikpatd,1,49
soundsystem,soundsystem,1,1263
soundtrack,soundtrack,2,99
soundtracks,soundtracks,3,2380
sourcefed,sourcefed,20,132
sourdough,sourdough,4,13
sousvide,sousvide,19,13
southafrica,southafrica,90,1263
southampton,southampton,7,132
southbend,southbend,7,6
southcarolina,southcarolina,26,6
southdakota,southdakota,13,40
southernjeb,southernjeb,2,3
southjersey,southjersey,11,40
southlandtv,southlandtv,1,2380
southpark,southpark,89,1263
southpaws,southpaws,9,3
southwestairlines,southwestairlines,1,3
soviethistory,soviethistory,36,40
sovietwomble,sovietwomble,11,132
sowhatnow,sowhatnow,12,3
soylent,soylent,31,13
soylentbuffalo,soylentbuffalo,1,1263
spacebottled,spacebottled,1,40
spacebuckets,spacebuckets,15,67
spacecats,spacecats,1,3
spacechem,spacechem,4,1263
spacecivilian,spacecivilian,1,1263
spaceengine,spaceengine,9,132
spaceengineers,spaceengineers,38,132
spaceflight,spaceflight,28,16
spacefraud,spacefraud,4,1263
spacegifs,spacegifs,3,16
spacemonkey,spacemonkey,1,49
spaceplaces,spaceplaces,2,3
spaceporn,spaceporn,27,16
spacesquid,spacesquid,1,49
spacex,spacex,81,16
spacexlounge,spacexlounge,8,16
spacextalk,spacextalk,1,1263
spain,spain,24,2167
spam,spam,74,1
spamlord,spamlord,1,1263
spamtrain,spamtrain,1,49
spanish,spanish,15,2167
spanking,spanking,8,5172
spawn_comics,spawn_comics,2,99
spcommunity,spcommunity,3,2380
speakinginreddits,speakinginreddits,3,3
spearfishing,spearfishing,5,3
specialaccess,specialaccess,7,1263
specialforces,specialforces,1,1263
specialneedschildren,specialneedschildren,2,1263
specificgermanwords,specificgermanwords,4,1263
specorgcorp,specorgcorp,2,160
speculativeevolution,speculativeevolution,11,160
speedrun,speedrun,69,132
speedruncelebrities,speedruncelebrities,1,1263
speedsliding,speedsliding,1,49
speling,speling,1,40
spelunky,spelunky,4,132
spermbank,spermbank,1,49
spezforprison,spezforprison,4,1263
spezgate,spezgate,1,1263
spheremasterrace,spheremasterrace,9,49
spicy,spicy,15,13
spiderbro,spiderbro,32,3
spiderman,spiderman,30,99
spiders,spiders,27,3
spikes,spikes,24,160
spinalcordinjuries,spinalcordinjuries,2,40
spinalmuscularatrophy,spinalmuscularatrophy,1,2380
spiritfilledbelievers,spiritfilledbelievers,3,1263
spirituality,spirituality,11,1263
spitegold,spitegold,20,1263
splash,splash,3,1263
splatoon,splatoon,47,132
splintercell,splintercell,3,2380
spokane,spokane,21,40
spongebob,spongebob,32,3
spontaneoushamilton,spontaneoushamilton,4,160
spontaneousseinfeld,spontaneousseinfeld,4,3
spore,spore,2,3
sportsarefun,sportsarefun,17,3
sportsbook,sportsbook,12,1
sportster,sportster,5,40
spotify,spotify,20,5
spotted,spotted,5,40
spotthevegan,spotthevegan,5,13
spottheveganspotter,spottheveganspotter,1,49
springfieldmo,springfieldmo,15,1263
sprint,sprint,23,5
sprinting,sprinting,4,13
spsu,spsu,2,40
spyro,spyro,4,132
sqm,sqm,1,49
squaredcirclejerk,squaredcirclejerk,10,95
squareenix,squareenix,4,132
squareonetv,squareonetv,1,49
squirrelsgonewild,squirrelsgonewild,1,3
squishbeans,squishbeans,1,40
sr71,sr71,10,40
srdbeingcirclebroke,srdbeingcirclebroke,1,1263
srdbroke,srdbroke,14,1263
srdcirclejerk,srdcirclejerk,1,1263
srdmodanarchists,srdmodanarchists,2,1263
srdormsf,srdormsf,1,1263
srdreactiongifs,srdreactiongifs,2,1263
srdsucks,srdsucks,1,1263
srilanka,srilanka,19,1263
srs,srs,16,1263
srsar,srsar,5,1263
srsdisabilities,srsdisabilities,1,3
srsdiscussion,srsdiscussion,48,1263
srsfeminism,srsfeminism,11,1263
srsfunny,srsfunny,15,1263
srsgaming,srsgaming,44,132
srsmen,srsmen,12,1263
srsmeta,srsmeta,17,1263
srsmythos,srsmythos,70,1263
srsorwestboro,srsorwestboro,4,1263
srsredditdrama,srsredditdrama,19,1263
srsreloaded,srsreloaded,7,1263
srsscience,srsscience,1,1263
srsshillwatch,srsshillwatch,2,1263
srssocialism,srssocialism,4,1263
srssucksorstormfront,srssucksorstormfront,2,1263
srstechnology,srstechnology,2,5
srstranny,srstranny,8,1263
srsvaccineedition,srsvaccineedition,3,1263
srswomen,srswomen,12,1263
ss13,ss13,32,132
ssbbw,ssbbw,6,5172
ssbm,ssbm,28,132
ssbpm,ssbpm,37,132
staged_hate,staged_hate,1,1263
stalker,stalker,19,132
stalkerwatch,stalkerwatch,43,1263
stalking,stalking,1,1263
stallmanwasright,stallmanwasright,44,1263
stand,stand,23,1263
standup,standup,34,2380
standupcomedy,standupcomedy,33,2380
standupshots,standupshots,70,1263
standwithrand,standwithrand,16,1263
stanford,stanford,6,6
stanisms,stanisms,86,5
stankmeme,stankmeme,2,3
stanleykubrick,stanleykubrick,8,99
stanleyparable,stanleyparable,2,3
stapleman,stapleman,1,40
staples,staples,18,3
star_wars_battlefront,star_wars_battlefront,11,132
starblecch,starblecch,11,99
starbomb,starbomb,3,132
starbound,starbound,30,132
starbucks,starbucks,42,3
starcitizen_trades,starcitizen_trades,10,132
starcraftcirclejerk,starcraftcirclejerk,30,132
starcucks,starcucks,3,1263
stardewvalley,stardewvalley,30,132
stardustcrusaders,stardustcrusaders,51,132
starfighterinc,starfighterinc,1,2380
stargate,stargate,48,3
starmade,starmade,3,132
starpointgemini,starpointgemini,3,132
startledcats,startledcats,16,3
startrekscience,startrekscience,1,1263
startup,startup,4,1
startupaccelerators,startupaccelerators,2,1263
startups,startups,70,5
starwarsbattlefront,starwarsbattlefront,46,132
starwarseu,starwarseu,12,99
starwarsforcearena,starwarsforcearena,2,3
starwarsgamers,starwarsgamers,4,132
starwarsleaks,starwarsleaks,23,99
starwarsmemes,starwarsmemes,1,3
starwarsnsfw,starwarsnsfw,3,5172
starwarsrebels,starwarsrebels,5,99
starwarsspeculation,starwarsspeculation,14,99
starwarstrader,starwarstrader,4,172
statenisland,statenisland,6,40
statingcurrentyear,statingcurrentyear,8,1263
stationq,stationq,1,49
statistics,statistics,33,5
staunton,staunton,2,49
std,std,8,1263
steak,steak,9,13
steam_giveaway,steam_giveaway,4,132
steamcontroller,steamcontroller,23,132
steamgameswap,steamgameswap,18,132
steammonstergame,steammonstergame,4,5
steampunk,steampunk,13,1
steamr,steamr,17,1695
steamsaledetectives,steamsaledetectives,5,132
steelbeams,steelbeams,2,3
steelers,steelers,41,6
steelfighting,steelfighting,1,3
steelydan,steelydan,1,49
steep,steep,4,132
steinsgate,steinsgate,17,99
stellaris,stellaris,41,132
steminaction,steminaction,5,3
stencils,stencils,7,132
stepbrothers,stepbrothers,1,49
stephen,stephen,1,3
stephenking,stephenking,15,40
stephenmalkmus,stephenmalkmus,2,2380
stepparents,stepparents,3,1321
steroids,steroids,30,13
steroidsourcetalk,steroidsourcetalk,2,1263
steve,steve,1,1263
steveandgreg,steveandgreg,1,49
stevebuscemi,stevebuscemi,2,40
stevebuscemi911,stevebuscemi911,1,3
stevedangle,stevedangle,5,3
stevenissocool,stevenissocool,1,1263
stevenlahuff,stevenlahuff,1,2380
stevens,stevens,1,40
stevenuniversejerk,stevenuniversejerk,5,132
stevenwilson,stevenwilson,2,2380
stewartlee,stewartlee,1,3
stillsandersforpres,stillsandersforpres,33,1263
stims,stims,37,67
stlouis,stlouis,74,40
stlouisbluesjerk,stlouisbluesjerk,1,1263
stlouiscirclejerk,stlouiscirclejerk,2,40
stlouisrams,stlouisrams,17,6
sto,sto,25,99
stockmarket,stockmarket,15,1
stocks,stocks,33,1
stocksandboobs,stocksandboobs,2,1
stoicism,stoicism,33,1321
stonecarving,stonecarving,2,40
stonedcomments,stonedcomments,14,13
stonerengineering,stonerengineering,17,67
stonerphilosophy,stonerphilosophy,27,5
stonerprotips,stonerprotips,4,67
stonerrock,stonerrock,10,2380
stonerstoryhour,stonerstoryhour,2,67
stonetear,stonetear,1,1263
stop_motion,stop_motion,3,99
stop_soros,stop_soros,1,1263
stopcyberbullying,stopcyberbullying,1,1263
stopdrinking,stopdrinking,23,67
stopgaming,stopgaming,28,132
stophate,stophate,2,1263
stopmakingmorelwgsubs,stopmakingmorelwgsubs,3,3
stoppedworking,stoppedworking,10,3
stoppingaspergers,stoppingaspergers,5,13
stopresisting,stopresisting,2,1321
stopsayinggoodtimes,stopsayinggoodtimes,5,13
stopsmoking,stopsmoking,33,3
stopspanking,stopspanking,2,1263
stoptouchingme,stoptouchingme,9,3
stopuptightmodlunacy,stopuptightmodlunacy,1,40
storiesaboutidiots,storiesaboutidiots,2,49
storiesaboutkevin,storiesaboutkevin,13,3
stormchasing,stormchasing,4,40
stormcoming,stormcoming,61,40
stormfrontanimals,stormfrontanimals,2,1263
stormfrontin,stormfrontin,1,49
stormfrontorsjw,stormfrontorsjw,6,1263
stormlight_archive,stormlight_archive,11,160
stormtroofers,stormtroofers,1,1263
storycollective,storycollective,3,3
storytellerbob,storytellerbob,4,4042
stpetersburgfl,stpetersburgfl,12,40
straightedge,straightedge,7,1263
strangerthings,strangerthings,38,3
strava,strava,5,40
straya,straya,46,1263
streetart,streetart,11,3
streeteats,streeteats,3,13
streetfighter,streetfighter,35,132
streetfighterv,streetfighterv,1,132
streetfights,streetfights,28,1263
streetlightmanifesto,streetlightmanifesto,3,2380
streetmusic,streetmusic,1,1321
streetwear,streetwear,98,2380
streetwearstartup,streetwearstartup,5,2380
streisand,streisand,2,2380
strengthsfinder,strengthsfinder,1,1263
stretched,stretched,7,3
strife,strife,5,132
strobecirclejerk,strobecirclejerk,5,2380
strokeorautocorrect,strokeorautocorrect,1,49
strongcurves,strongcurves,4,13
strongman,strongman,6,13
strugglefucking,strugglefucking,8,5172
strymon,strymon,1,2380
stss,stss,1,1263
stuckgirls,stuckgirls,2,40
studentaffairs,studentaffairs,5,1263
studentloandefaulters,studentloandefaulters,35,1263
studentloans,studentloans,10,1263
studsfortrump,studsfortrump,1,1263
stuffformybosstolearn,stuffformybosstolearn,1,1263
stuffisaved,stuffisaved,11,40
stuffredditsays,stuffredditsays,4,1263
stupid,stupid,3,132
stupidfood,stupidfood,3,13
stupidfuckingcup,stupidfuckingcup,1,49
stupidggcomments,stupidggcomments,2,1263
sturton,sturton,1,3
stutter,stutter,4,13
stuttgart,stuttgart,5,2167
stwnhms15ya,stwnhms15ya,10,5
styxhexenhammer666,styxhexenhammer666,2,1263
suami,suami,8,1321
subaddiction,subaddiction,7,132
subaru,subaru,74,40
subaruforester,subaruforester,7,40
subbie,subbie,4,3
subcultures,subcultures,2,2380
subliminal,subliminal,3,6
submarines,submarines,5,160
submechanophobia,submechanophobia,12,132
submitanythingatall,submitanythingatall,1,40
subnautica,subnautica,9,3
subredditanalysis,subredditanalysis,72,1263
subredditbanter,subredditbanter,12,1263
subredditcansur,subredditcansur,2,1263
subredditcomedy,subredditcomedy,2,1263
subredditdrama,subredditdrama,2434,1263
subredditdramaanarchy,subredditdramaanarchy,2,1263
subredditdramadrama,subredditdramadrama,28,1263
subredditdramax4,subredditdramax4,3,1263
subredditgenerator,subredditgenerator,1,49
subredditharmony,subredditharmony,4,2380
subreddithashtags,subreddithashtags,14,3
subreddithere,subreddithere,1,3
subredditkiller,subredditkiller,4,99
subredditorigins,subredditorigins,12,3
subredditsarehashtags,subredditsarehashtags,5,1263
subredditsashashtags,subredditsashashtags,75,3
subredditsimmeta,subredditsimmeta,61,3
subredditsongs,subredditsongs,8,3
subredditwaawaa,subredditwaawaa,1,1263
subricharddawkins,subricharddawkins,13,1263
subscriptionboxes,subscriptionboxes,4,132
subslashwork,subslashwork,1,49
subsubredditdrama,subsubredditdrama,3,1263
subtlenudity,subtlenudity,1,3
subtletv,subtletv,1,1321
subway,subway,4,1
succulents,succulents,20,40
suchsubreddit,suchsubreddit,2,132
suckituppussy,suckituppussy,2,1263
suckmydragonpunch,suckmydragonpunch,7,1263
suddenfuturama,suddenfuturama,2,3
suddenlydepressed,suddenlydepressed,1,3
suddenlygay,suddenlygay,9,3
suddenlyjesus,suddenlyjesus,1,3
suddenlyrickandmorty,suddenlyrickandmorty,1,49
suddenlyrocketleague,suddenlyrocketleague,3,5
suddenlysoulcrushing,suddenlysoulcrushing,2,132
sufficiently_advanced,sufficiently_advanced,1,49
sugarlifestyleforum,sugarlifestyleforum,9,1263
suggestalaptop,suggestalaptop,19,5
suggestiveobjects,suggestiveobjects,1,3
suggestmeabook,suggestmeabook,18,67
suicidebereavement,suicidebereavement,2,160
suicidelaws,suicidelaws,13,1263
suicideprevention,suicideprevention,4,40
suicidepreventionres,suicidepreventionres,2,2380
suicidesquad,suicidesquad,3,99
suicidewatch,suicidewatch,44,1263
suitablyodd,suitablyodd,3,3
suits,suits,8,99
sum41,sum41,1,40
summereddit,summereddit,1,1263
summerreddit,summerreddit,97,3
summonerschool,summonerschool,83,3404
summonerswar,summonerswar,21,132
sumo,sumo,4,1695
sunlight,sunlight,5,40
suns,suns,14,6
sunshinecoast,sunshinecoast,2,40
suomi,suomi,83,1321
superawesomequest,superawesomequest,1,2380
superawesomerpg,superawesomerpg,1,2380
superbowl,superbowl,17,3
superdadjokes,superdadjokes,2,3
supergirltv,supergirltv,7,99
superherocirclejerk,superherocirclejerk,15,99
superhexagon,superhexagon,1,132
superhot,superhot,8,132
superjail,superjail,3,3
supermam,supermam,4,1321
superman,superman,26,99
supermonkeyball,supermonkeyball,1,132
supernatural,supernatural,18,1910
supernaturaltv,supernaturaltv,3,1910
supernovasongparodies,supernovasongparodies,1,49
supersaiyangifs,supersaiyangifs,5,3
supersecretcoffeeshop,supersecretcoffeeshop,10,1263
supershibe,supershibe,14,2380
suponkonttori,suponkonttori,1,2380
supplements,supplements,18,13
support_group,support_group,1,132
supportforsupporters,supportforsupporters,2,49
supraball,supraball,3,1321
supremeballs,supremeballs,1,3
supremeclothing,supremeclothing,21,2380
supremecommander,supremecommander,2,99
supremeforpresident,supremeforpresident,1,3
surface,surface,65,5
surface4,surface4,2,5
surfacebook,surfacebook,2,5
surfing,surfing,32,3
surgeonsimulator,surgeonsimulator,1,132
surgery,surgery,8,13
surgerygifs,surgerygifs,4,1695
surpriseanthropology,surpriseanthropology,2,3
surprisedparents,surprisedparents,2,3
surprisespacemarine,surprisespacemarine,5,3
surprisinglysfw,surprisinglysfw,3,3
surveying,surveying,7,5
survival,survival,45,40
survivetheculling,survivetheculling,9,132
survivetheforest,survivetheforest,1,132
survivinginfidelity,survivinginfidelity,4,40
survivor,survivor,69,3
sushi,sushi,15,13
sushiabomination,sushiabomination,8,13
sushiroll,sushiroll,3,3
suspense,suspense,1,40
suspiciousquotes,suspiciousquotes,6,40
sustainability,sustainability,14,40
sustainable,sustainable,1,2380
svenska,svenska,4,2167
svenskpolitik,svenskpolitik,19,2167
sverige,sverige,6,2167
svsu,svsu,1,3
swaah,swaah,1,1263
swagbucks,swagbucks,8,3404
swans,swans,1,2380
swarje,swarje,52,3
swdestiny,swdestiny,1,3
swearnet,swearnet,1,2380
sweatypalms,sweatypalms,27,3
swedetzerland,swedetzerland,17,2167
swedishproblems,swedishproblems,1,40
swg,swg,5,132
swgalaxyofheroes,swgalaxyofheroes,31,4138
swgemu,swgemu,3,132
swift,swift,15,5
swiftmangacomics,swiftmangacomics,2,1263
swiggityswootygifs,swiggityswootygifs,7,3
swiminstructors,swiminstructors,1,3
swimming,swimming,13,40
swimmingpools,swimmingpools,2,40
swingdancing,swingdancing,10,3
swingers,swingers,24,5172
swingmusic,swingmusic,1,2380
swirclejerk,swirclejerk,5,2167
switch,switch,2,40
switcharoo,switcharoo,754,3
switzerland,switzerland,66,2167
swoleacceptance,swoleacceptance,13,1263
swordartonline,swordartonline,33,99
swords,swords,19,13
swordscale,swordscale,1,1263
swrpg,swrpg,11,160
swtor,swtor,32,132
sxsw,sxsw,6,1910
sydney,sydney,65,2167
symphonicmetal,symphonicmetal,4,2380
syncedgifs,syncedgifs,1,3
synchronicities,synchronicities,10,3
synereo,synereo,7,1
synesthesia,synesthesia,3,2380
synthesizers,synthesizers,50,2380
syracuse,syracuse,11,1263
syreloilo_hedvteowps,syreloilo_hedvteowps,1,49
syriancirclejerkwar,syriancirclejerkwar,13,1263
syrianrebels,syrianrebels,11,1263
sysadminhumor,sysadminhumor,3,3
sytycd,sytycd,1,2380
szaszism,szaszism,4,1263
szechuansauceseekers,szechuansauceseekers,5,3
t:1930s,t:1930s,6,40
taaofficial,taaofficial,17,1263
taard,taard,6,1263
tabled,tabled,25,132
tablesrights,tablesrights,14,3
tabletennis,tabletennis,7,40
tabletop,tabletop,8,160
tabletopgamedesign,tabletopgamedesign,29,132
tabletopsimulator,tabletopsimulator,8,160
tablets,tablets,14,5
tacn,tacn,4,1321
tacobell,tacobell,15,40
tacoconspiracy,tacoconspiracy,1,3
tacoma,tacoma,14,3
tacos,tacos,5,3
tacosalad,tacosalad,1,2380
tacotracker,tacotracker,2,2380
tacsdiscussion,tacsdiscussion,18,1321
tafpwwtkwsmawtlotgt,tafpwwtkwsmawtlotgt,1,49
tagproirl,tagproirl,14,49
tagsgonewild,tagsgonewild,2,5
tahoe,tahoe,7,67
tahoelocal,tahoelocal,2,67
tailopez,tailopez,3,132
taintperfume,taintperfume,1,49
taiwan,taiwan,40,1263
taiwancirclejerk,taiwancirclejerk,5,1263
take_back_america,take_back_america,1,1263
takebackva,takebackva,1,1263
takeittorcirclejerk,takeittorcirclejerk,2,1263
tales,tales,6,132
talesbytoxlab,talesbytoxlab,5,1263
talesfromcallcenters,talesfromcallcenters,7,3
talesfromretail,talesfromretail,99,3
talesfromsecurity,talesfromsecurity,7,1263
talesfromthecustomer,talesfromthecustomer,10,1263
talesfromthefrontdesk,talesfromthefrontdesk,10,1263
talesfromthekitchen,talesfromthekitchen,4,1263
talesfromthepharmacy,talesfromthepharmacy,14,1263
talesfromthepizzaguy,talesfromthepizzaguy,22,3
talesfromthesquadcar,talesfromthesquadcar,6,3
talesfromyourbarista,talesfromyourbarista,1,3
talesfromyourserver,talesfromyourserver,45,1263
talesfromyourstripper,talesfromyourstripper,4,5172
talesofmybowels,talesofmybowels,3,13
talkingnerdy,talkingnerdy,3,3
talktoeachother16,talktoeachother16,2,1263
tall,tall,58,13
tallahassee,tallahassee,6,40
tallpeopleproblems,tallpeopleproblems,1,49
tallships,tallships,2,3
talltales,talltales,1,49
tameimpala,tameimpala,7,2380
tampa,tampa,46,40
tampabayrays,tampabayrays,11,6
tangentiallyspeaking,tangentiallyspeaking,8,1263
tangents,tangents,2,1263
tanks,tanks,2,132
tappedout,tappedout,4,3
taptitans,taptitans,2,4042
tarandfeathers,tarandfeathers,1,1263
tarantino,tarantino,14,132
tarantulas,tarantulas,9,3
tarastrong,tarastrong,1,2380
tardar,tardar,4,1263
tardtales,tardtales,3,1263
target,target,10,5
targetedenergyweapons,targetedenergyweapons,37,67
targetedindividuals,targetedindividuals,9,1263
targetfixation,targetfixation,1,3
tarheels,tarheels,4,6
tarl,tarl,1,3
tarot,tarot,10,67
tasmanguard,tasmanguard,1,1263
tasmania,tasmania,8,1321
tastefullyracist,tastefullyracist,1,3
tastefulmoms,tastefulmoms,1,3
tastyanimals,tastyanimals,1,3
taterdragon,taterdragon,1,49
tattoo,tattoo,9,3
tattoos,tattoos,100,2380
tautology,tautology,13,3
tawp,tawp,3,99
tax,tax,11,1
tay_tweets,tay_tweets,1,1263
taylorswift,taylorswift,43,2380
tbi,tbi,4,67
tbreksit,tbreksit,1,1263
tcgte,tcgte,2,40
tcihaocomb,tcihaocomb,2,1321
tck,tck,3,1263
td_uncensored,td_uncensored,18,1263
tdcs,tdcs,7,1321
tdi,tdi,6,40
tea,tea,39,40
teacheroutfitguessing,teacheroutfitguessing,2,3
teachers,teachers,61,5
teachertales,teachertales,5,5
teaching,teaching,25,5
teahate,teahate,1,49
team_rocketgo,team_rocketgo,4,1301
teamaozora,teamaozora,1,2380
teamcoco,teamcoco,1,3
teamdonkeyman,teamdonkeyman,7,6
teamfortress2,teamfortress2,1,132
teamfourstar,teamfourstar,6,132
teamitup,teamitup,1,3
teamketchup,teamketchup,4,6
teamsolomid,teamsolomid,15,132
teamtits,teamtits,1,49
teamus,teamus,1,3
teaparty,teaparty,2,1263
teardroptrailers,teardroptrailers,3,40
tearsoflaughter,tearsoflaughter,1,3
tech,tech,60,5
techn9ne,techn9ne,2,2380
technews,technews,19,1263
technewstoday,technewstoday,21,5
technewz,technewz,3,5
technicaldeathmetal,technicaldeathmetal,2,2380
technicallyright,technicallyright,4,3
techno,techno,8,2380
technode,technode,1,264
technology_circlejerk,technology_circlejerk,2,5
technologyporn,technologyporn,6,5
technologyprotips,technologyprotips,4,1
technologytrend,technologytrend,1,132
technoproduction,technoproduction,4,2380
technoprolapse,technoprolapse,2,1263
technostism,technostism,12,132
techoblanco,techoblanco,41,3
techsnap,techsnap,21,5
techsupportanimals,techsupportanimals,1,1263
techsupportgore,techsupportgore,93,5
techsupportmacgyver,techsupportmacgyver,40,3
techtalktoday,techtalktoday,8,5
techtheatre,techtheatre,22,5
techwar,techwar,9,1263
techwrit002,techwrit002,11,5
tecknowledge,tecknowledge,5,5
ted,ted,5,2380
tedbear,tedbear,7,3
tedcruz,tedcruz,7,1263
tedcruzforpresident,tedcruzforpresident,10,1263
teddyroosevelt,teddyroosevelt,1,49
tedtalks,tedtalks,4,2380
teefies,teefies,6,3
teemoarchive,teemoarchive,1,1321
teemotalk,teemotalk,6,3404
teenguide,teenguide,17,1263
teenmfa,teenmfa,5,2380
teenmom,teenmom,14,1263
teethdrumming,teethdrumming,1,49
teetotal,teetotal,8,67
teh_dahnald,teh_dahnald,1,1263
tekken,tekken,10,132
teknology,teknology,5,5
teksyndicate,teksyndicate,3,132
tekzilla,tekzilla,1,49
telbirts,telbirts,18,40
telemarketing,telemarketing,1,40
telescopefeed,telescopefeed,2,16
televisioncirclejerk,televisioncirclejerk,16,99
televisionpromos,televisionpromos,1,40
tellest,tellest,2,160
tellmeafact,tellmeafact,27,3
tellreddit,tellreddit,5,2167
telseccompolicy,telseccompolicy,1,2380
telugu,telugu,4,1321
tempe,tempe,7,40
templarsofreddit,templarsofreddit,2,3
temple,temple,6,5
ten,ten,1,1321
tendies,tendies,13,3
tennessee,tennessee,20,1263
tennesseetitans,tennesseetitans,35,6
tennis,tennis,39,6
tenqi,tenqi,9,1263
tenwordsofwisdom,tenwordsofwisdom,1,49
tenyearsagoonreddit,tenyearsagoonreddit,1,1263
teran,teran,3,16
teraonline,teraonline,6,132
terfisaslur,terfisaslur,8,1263
terminator,terminator,6,99
terrafirmacraft,terrafirmacraft,1,264
terrainbuilding,terrainbuilding,10,160
terranova,terranova,1,49
terraria,terraria,43,132
terrariums,terrariums,4,40
terriblefacebookmemes,terriblefacebookmemes,22,1263
terrorism,terrorism,14,1263
tesdcares,tesdcares,29,3
tesla,tesla,5,5
teslacirclejerk,teslacirclejerk,3,40
teslore,teslore,15,132
teso,teso,4,132
test,test,36,1695
test3,test3,1,1263
test567765,test567765,1,2380
test571,test571,9,1263
tested,tested,4,3
testosterone,testosterone,5,13
testreddit1919,testreddit1919,1,132
testscripts,testscripts,1,49
testsquadron,testsquadron,10,132
texans,texans,50,6
texas,texas,96,1910
texascountry,texascountry,2,1321
texasfacts,texasfacts,1,1263
texasnorth,texasnorth,4,7
texasrangers,texasrangers,13,6
texastech,texastech,7,1910
textblade,textblade,3,1321
textbookautist,textbookautist,4,132
textdoor,textdoor,3,1695
texts,texts,3,132
textsdotcom,textsdotcom,1,2380
tf2shitposterclub,tf2shitposterclub,26,132
tforcenetwork,tforcenetwork,2,3404
tgsct,tgsct,1,1263
tha_pit,tha_pit,7,2167
thailand,thailand,43,1263
thailandnews,thailandnews,6,1263
thalassophobia,thalassophobia,45,3
thanksbasedcoalshower,thanksbasedcoalshower,1,49
thanksbutno,thanksbutno,1,49
thanksdad,thanksdad,1,1263
thanksgiving,thanksgiving,1,3
thanksobama,thanksobama,17,1263
thanksobongo,thanksobongo,1,1263
thankyoubasedgod,thankyoubasedgod,6,99
thankyouforsharing,thankyouforsharing,4,5
thankyouhuman,thankyouhuman,1,40
thankyoukindstranger,thankyoukindstranger,4,49
that70sshow,that70sshow,5,3
that_happened,that_happened,1,1263
thatballscomment,thatballscomment,7,3
thatcouldhavehappened,thatcouldhavehappened,1,49
thatcouldvebeenworse,thatcouldvebeenworse,1,1321
thatdidnthappen,thatdidnthappen,1,49
thatdudewithstories,thatdudewithstories,3,160
thatescalatedquickly,thatescalatedquickly,2,3
thatgavemecancer,thatgavemecancer,5,1263
thatgotdark,thatgotdark,2,132
thatgotdarkfast,thatgotdarkfast,2,3
thathappend,thathappend,7,13
thathappens,thathappens,1,49
thatkisscamgif,thatkisscamgif,8,3
thatlauriecolbertpic,thatlauriecolbertpic,1,3
thatpeelingfeeling,thatpeelingfeeling,11,3
thatsamazing,thatsamazing,3,3
thatshitsfunny,thatshitsfunny,13,1263
thatsnobempire,thatsnobempire,5,99
thatsnotasonglyric,thatsnotasonglyric,3,1
thatsstayingblue,thatsstayingblue,6,3
thatsthejoke,thatsthejoke,3,3
thatswhatshesaid,thatswhatshesaid,4,3
thaturltho,thaturltho,2,3
thatusernamechecksout,thatusernamechecksout,7,132
thatwentovermyhead,thatwentovermyhead,1,49
thatwillhappen,thatwillhappen,1,1263
the100,the100,13,99
the48lawsofpower,the48lawsofpower,10,67
the911,the911,1,49
the_asylum,the_asylum,5,1263
the_book,the_book,2,1263
the_brendan,the_brendan,2,6
the_clusterfuck,the_clusterfuck,3,6
the_crew,the_crew,3,7
the_deplorables,the_deplorables,1,1263
the_dinald,the_dinald,1,1263
the_doland,the_doland,1,1263
the_donald,the_donald,1042,1263
the_donald_2,the_donald_2,1,1263
the_donald_2020,the_donald_2020,1,1263
the_donald_ca,the_donald_ca,11,1263
the_donald_circlejerk,the_donald_circlejerk,1,1263
the_donald_dissenters,the_donald_dissenters,1,1263
the_donald_meta,the_donald_meta,1,1263
the_donald_mnyga,the_donald_mnyga,1,1263
the_donald_news,the_donald_news,1,1263
the_donald_tv,the_donald_tv,1,1263
the_donaldaudiovisual,the_donaldaudiovisual,1,1263
the_donaldbookclub,the_donaldbookclub,3,1263
the_donaldunleashed,the_donaldunleashed,12,1263
the_dumbass,the_dumbass,1,1263
the_duped,the_duped,1,1263
the_europe,the_europe,17,1263
the_farage,the_farage,15,1263
the_filtered_donald,the_filtered_donald,1,1263
the_fine_bros,the_fine_bros,1,1321
the_frauke,the_frauke,11,1263
the_gaben,the_gaben,24,132
the_great_outdoors,the_great_outdoors,2,1910
the_hofer,the_hofer,1,1263
the_jews_did_this,the_jews_did_this,4,1263
the_melania,the_melania,2,6391
the_meltdown,the_meltdown,37,1263
the_mike,the_mike,1,1263
the_milo,the_milo,1,1263
the_nehlen,the_nehlen,1,1263
the_nye,the_nye,1,1321
the_oc,the_oc,2,3
the_pack,the_pack,7,1263
the_redacted,the_redacted,3,1263
the_reptilians,the_reptilians,1,1263
the_schulz,the_schulz,24,1263
the_seattle,the_seattle,4,95
the_sutsu,the_sutsu,1,49
the_wife,the_wife,2,1263
the_wilders,the_wilders,4,1263
the_write_knight,the_write_knight,1,49
theadventuresoftintin,theadventuresoftintin,4,99
theadventurezone,theadventurezone,9,160
theafterdisaster,theafterdisaster,1,3
theamazingrace,theamazingrace,6,99
theamericans,theamericans,7,40
theamphour,theamphour,11,5
theartofwarfare,theartofwarfare,3,132
theatre,theatre,17,2380
theattack,theattack,3,132
theattackpile,theattackpile,16,3
theavalanches,theavalanches,6,132
thebachelor,thebachelor,9,3
thebath,thebath,1,3
thebenefitsofalcohol,thebenefitsofalcohol,2,1263
thebiggestloser,thebiggestloser,1,49
thebindingofisaac,thebindingofisaac,3,132
thebiphobiaproject,thebiphobiaproject,5,1263
thebirdcage,thebirdcage,2,160
theblackkeys,theblackkeys,2,132
theblacklist,theblacklist,4,99
theblackvoid,theblackvoid,17,132
thebluecorner,thebluecorner,13,132
thebook,thebook,3,5
theboondocks,theboondocks,3,3
thebrainstorm,thebrainstorm,1,132
thebrewery,thebrewery,8,40
thebugle,thebugle,4,5
thebullwins,thebullwins,2,3
thebutton2016,thebutton2016,3,4042
thecancer,thecancer,10,67
thecannibalcaverns,thecannibalcaverns,26,3
thecasualplates,thecasualplates,13,99
thecatdimension,thecatdimension,6,3
thechurchofjadensmith,thechurchofjadensmith,2,3
thechurchofrogers,thechurchofrogers,11,132
thecinemassacre,thecinemassacre,12,132
thecollegiatealliance,thecollegiatealliance,1,1263
thecomedybutton,thecomedybutton,1,49
thecommentgraveyard,thecommentgraveyard,2,160
thecompletionist,thecompletionist,12,132
thecontinuum,thecontinuum,3,99
thecorporation,thecorporation,1,49
thecpdp,thecpdp,1,3
thecrabfeast,thecrabfeast,2,3
thecreatures,thecreatures,15,132
theculture,theculture,13,3
thecure,thecure,2,3
thedankmemescrew,thedankmemescrew,9,99
thedao,thedao,10,1
thedarktower,thedarktower,18,3
thedavidpakmanshow,thedavidpakmanshow,22,1263
thedaywefightback,thedaywefightback,4,6
thedentite,thedentite,4,1263
thedepthsbelow,thedepthsbelow,28,3
thedickshow,thedickshow,19,1321
thedivision,thedivision,49,132
thedobson,thedobson,4,1263
thedollop,thedollop,5,3
thedonald,thedonald,14,1263
thedonaldbestof,thedonaldbestof,1,1263
thedskreet,thedskreet,1,3
theericandreshow,theericandreshow,8,3
theeternalwar,theeternalwar,6,160
theevidence,theevidence,1,1263
theexpanse,theexpanse,15,16
theezu,theezu,2,49
thefacebookdelusion,thefacebookdelusion,10,1263
thefederalreserve,thefederalreserve,2,95
thefempill,thefempill,11,1263
thefence,thefence,9,2380
thefilmvault,thefilmvault,1,2380
theflash,theflash,10,99
theforum,theforum,4,49
thefreemarket,thefreemarket,2,1263
thefrontbottoms,thefrontbottoms,6,2380
thefuckery,thefuckery,6,3
thegatekeepers,thegatekeepers,1,3
thegdstudio,thegdstudio,7,132
thegirlsurvivalguide,thegirlsurvivalguide,26,1263
thegoats,thegoats,4,2167
thegoodineveryone,thegoodineveryone,3,5
thegrandtour,thegrandtour,25,3
thegreatpastawars,thegreatpastawars,2,160
thegreatwarchannel,thegreatwarchannel,14,40
theguys,theguys,1,3
thehoaxhotel,thehoaxhotel,1,3
thehobbit,thehobbit,9,160
theholysphere,theholysphere,3,1263
thehunterprimal,thehunterprimal,1,132
theinformationleague,theinformationleague,1,49
theinlaws,theinlaws,1,3
theirishleft,theirishleft,9,1263
theisle,theisle,1,1263
theitcrowd,theitcrowd,2,2167
thejoint,thejoint,2,132
thekillers,thekillers,2,132
theknick,theknick,2,99
thelastofus,thelastofus,15,132
thelastofusfactions,thelastofusfactions,10,132
thelastpsychiatrist,thelastpsychiatrist,8,1263
thelastship,thelastship,3,3
theleaguefx,theleaguefx,8,1263
theleft,theleft,4,132
theleftovers,theleftovers,7,3
thelibrarians,thelibrarians,2,2380
thelinklibrary,thelinklibrary,4,2380
theloglog,theloglog,1,3
thelongdark,thelongdark,3,160
thelongestjourney,thelongestjourney,2,132
thelossantosaliens,thelossantosaliens,4,132
thelounge,thelounge,1,3
themagneticzeros,themagneticzeros,1,2380
themajorityreport,themajorityreport,11,1263
themakingofgames,themakingofgames,4,132
themarsvolta,themarsvolta,1,40
themartian,themartian,9,132
themepark,themepark,6,40
themiddle,themiddle,1,3
themixednuts,themixednuts,1,49
themodssaidthat,themodssaidthat,3,1321
themostinterestingman,themostinterestingman,2,1
themoviewithin,themoviewithin,1,3
thenandnow,thenandnow,1,40
thenerdist,thenerdist,1,2380
thenewright,thenewright,1,1263
thenewsroom,thenewsroom,6,3
thenext,thenext,6,40
thenextpresident,thenextpresident,1,1263
thenightof,thenightof,3,3
thenumber42,thenumber42,3,3
theocho,theocho,25,3
theoffspring,theoffspring,2,2380
theonion,theonion,3,1263
theoryofreddit,theoryofreddit,97,1263
theosophy,theosophy,1,1263
thepapinis,thepapinis,1,2380
thepedofile,thepedofile,1,1263
thephenomenon,thephenomenon,5,160
thepoopaccelerates,thepoopaccelerates,1,49
theprojects,theprojects,4,1263
thequestion,thequestion,1,2380
therealhrc,therealhrc,1,40
therealjillstein,therealjillstein,14,1263
thereallpt,thereallpt,3,3
therealmisandry,therealmisandry,19,1263
therecordcorrected,therecordcorrected,48,1263
theredditcrew,theredditcrew,1,49
theredlion,theredlion,4,3
theredpants,theredpants,3,3
theredpillcirclejerk,theredpillcirclejerk,5,1263
theredpillright,theredpillright,5,1263
thereisnogod,thereisnogod,1,49
therememberers,therememberers,4,67
thereportoftheweek,thereportoftheweek,6,3
theresistance,theresistance,9,40
theretheirtheyre,theretheirtheyre,1,3
therevolutionaries,therevolutionaries,2,2380
therewasanattempt,therewasanattempt,33,3
therightboycott,therightboycott,7,1263
thermalperformance,thermalperformance,5,40
thermodynamics,thermodynamics,1,3
theroadtoeldorado,theroadtoeldorado,1,3
theroom,theroom,5,2380
theroundabout,theroundabout,1,1321
thescienceofdeduction,thescienceofdeduction,1,3
thesecomments,thesecomments,4,1263
thesecretforum,thesecretforum,1,49
thesecretworld,thesecretworld,6,132
thesefuckingaccounts,thesefuckingaccounts,22,3
thesexfactor,thesexfactor,1,1263
thesif,thesif,2,5
thesimpsons,thesimpsons,76,3
thesims,thesims,40,132
theslowmoguys,theslowmoguys,2,3
thesmithstreetband,thesmithstreetband,1,2380
thesopranos,thesopranos,9,1263
thesphinxclub,thesphinxclub,3,1263
thesquadonpoint,thesquadonpoint,7,132
thestompingland,thestompingland,1,132
thestrain,thestrain,5,13
thestrokes,thestrokes,8,2380
thetechnomancer,thetechnomancer,1,132
theticket,theticket,8,1910
thetoolshed,thetoolshed,1,49
thetransphobiasquad,thetransphobiasquad,9,5172
thetrews,thetrews,1,49
thetruthishere,thetruthishere,21,67
theunderbelly,theunderbelly,1,1263
theundisclosedpodcast,theundisclosedpodcast,3,213
theunsungstory,theunsungstory,1,132
theveneration,theveneration,28,40
thevenusproject,thevenusproject,5,1263
theverymask,theverymask,14,1263
thevoice,thevoice,1,40
thewalkingdeadgame,thewalkingdeadgame,6,132
thewaterlew,thewaterlew,8,3
thewaywewere,thewaywewere,42,40
theweirdness,theweirdness,2,160
thewestwing,thewestwing,12,16
thewhitecommunity,thewhitecommunity,5,1263
thewho,thewho,3,40
thewire,thewire,24,6
thewitness,thewitness,4,132
thewitnessirl,thewitnessirl,3,40
thewolfskullparty,thewolfskullparty,3,3
thewoodlands,thewoodlands,4,1910
theworld2,theworld2,1,2380
theworldisflat,theworldisflat,23,1263
theworstgeneration,theworstgeneration,8,1263
theworstsongever,theworstsongever,1,3
thexeffect,thexeffect,7,67
theyactuallybelieveit,theyactuallybelieveit,1,1263
theyakuza,theyakuza,1,1263
theyalmostdidthemath,theyalmostdidthemath,1,40
theycansmellyourcum,theycansmellyourcum,1,49
theydidnotdothemath,theydidnotdothemath,3,3
theydidntdothemath,theydidntdothemath,13,2380
theydidtheacronym,theydidtheacronym,1,1321
theydidthecath,theydidthecath,1,3
theydidtheeasymath,theydidtheeasymath,2,1263
theydidtheetymology,theydidtheetymology,5,3
theydidthefuckyou,theydidthefuckyou,10,3
theydidthegenealogy,theydidthegenealogy,2,49
theydidthegeometry,theydidthegeometry,1,49
theydidthelanguage,theydidthelanguage,2,49
theydidthelogic,theydidthelogic,3,3
theydidthemap,theydidthemap,2,3
theydidthemathpoorly,theydidthemathpoorly,1,49
theydidthemathslowly,theydidthemathslowly,1,49
theydidthemonstermath,theydidthemonstermath,19,3
theydidthemulletmath,theydidthemulletmath,1,3
theydidthepescimath,theydidthepescimath,1,3
theydidthepiratemath,theydidthepiratemath,1,3
theydidthepizzamath,theydidthepizzamath,1,3
theydidtheresearch,theydidtheresearch,3,3
theydidthescience,theydidthescience,1,49
theydidtheshittymath,theydidtheshittymath,11,3
theydidtheshuttafukup,theydidtheshuttafukup,1,40
theydidthestfu,theydidthestfu,1,49
theygotgoldforthat,theygotgoldforthat,14,3
theyguessedthemath,theyguessedthemath,3,132
theyignoredthemath,theyignoredthemath,1,40
theymathedthedid,theymathedthedid,1,49
theyshoulddothemath,theyshoulddothemath,1,1263
theysortadidthemath,theysortadidthemath,1,49
theytriedtodothemath,theytriedtodothemath,6,99
theyusedacalculator,theyusedacalculator,1,1263
theywrotethecode,theywrotethecode,2,3
thick,thick,14,1263
thief,thief,2,132
thieftactics,thieftactics,1,49
thingsatheistssay,thingsatheistssay,1,3
thingscutinhalfporn,thingscutinhalfporn,29,40
thingsfightingidiots,thingsfightingidiots,1,3
thingsforants,thingsforants,30,3
thingsididonambien,thingsididonambien,1,49
thingsjasonfoundcool,thingsjasonfoundcool,1,49
thingsjohnsnowknows,thingsjohnsnowknows,2,3
thingsmatthieufound,thingsmatthieufound,19,1263
thingsredditdoes,thingsredditdoes,4,1263
thingssacrixlikes,thingssacrixlikes,6,132
thingssaidaftersex,thingssaidaftersex,1,49
thingssaidduringsex,thingssaidduringsex,1,49
thingswhitepeoplesay,thingswhitepeoplesay,1,3
thinkfact,thinkfact,1,2675
thinkingofharambe,thinkingofharambe,2,67
thinkology,thinkology,1,1263
thinkpad,thinkpad,32,5
thinkpadcirclejerk,thinkpadcirclejerk,2,5
thinnerbeauty,thinnerbeauty,1,1263
thinspo,thinspo,4,3
thiosk,thiosk,1,132
thirdegreedrnk,thirdegreedrnk,1,40
thirdparty,thirdparty,1,2380
thirdworld21stcentury,thirdworld21stcentury,3,5
thirdworldanarchists,thirdworldanarchists,1,3
this,this,2,3
thisamericanlife,thisamericanlife,4,1263
thisguyducks,thisguyducks,1,49
thisguygetsit,thisguygetsit,4,3
thishappened,thishappened,2,3
thisisatroll,thisisatroll,16,1263
thisiscarter,thisiscarter,1,3
thisismydeathnow,thisismydeathnow,1,3
thisismylifenow,thisismylifenow,24,3
thisismysubredditonly,thisismysubredditonly,1,132
thisisnotasafespace,thisisnotasafespace,6,1263
thisisthewayitwillbe,thisisthewayitwillbe,11,132
thisiswhyilovepeople,thisiswhyilovepeople,1,40
thisiswhyredditsucks,thisiswhyredditsucks,3,132
thisonedoesnt,thisonedoesnt,2,3
thisstorywillsuck,thisstorywillsuck,4,3
thissubreddit,thissubreddit,1,3
thiswaspleasant,thiswaspleasant,4,3
thisweekintech,thisweekintech,2,5
thomas,thomas,1,3
thomasmassie,thomasmassie,1,40
thomaspynchon,thomaspynchon,2,2380
thomasthedankengine,thomasthedankengine,6,3
thomasthetankengine,thomasthetankengine,2,3
thompsonfalls,thompsonfalls,1,3
thorgf,thorgf,1,132
thornwatch,thornwatch,1,2380
thoughtpolice,thoughtpolice,1,1263
thoughtprocess,thoughtprocess,1,40
thrashpandasgonewild,thrashpandasgonewild,1,1321
threadevolution,threadevolution,13,3
threadholocaust,threadholocaust,1,49
threadoftheyear,threadoftheyear,1,3
threadporn,threadporn,2,3
threadpromote,threadpromote,18,3
threadsuckerpunch,threadsuckerpunch,1,49
threats,threats,2,1321
threelions,threelions,3,2167
threeseatersofa,threeseatersofa,2,1321
thriftstorehauls,thriftstorehauls,60,40
thritis,thritis,5,5
thrive,thrive,3,132
throatpies,throatpies,2,49
throwawaylibrary,throwawaylibrary,12,1263
throwers,throwers,15,40
throwingseagulls,throwingseagulls,1,49
thrusthamster69,thrusthamster69,11,13
thuglife,thuglife,3,132
thugnotes,thugnotes,1,2380
thumbnailgore,thumbnailgore,1,3
thunder,thunder,10,6
thunderf00t,thunderf00t,2,1263
tiadiscussion,tiadiscussion,44,1263
tiamythos,tiamythos,2,1263
tibiammo,tibiammo,6,5
tickledbycomment,tickledbycomment,7,1263
ticktockmanitowoc,ticktockmanitowoc,12,1321
tiddysandfaginas,tiddysandfaginas,1,3
tidtrt,tidtrt,1,40
tigerbelly,tigerbelly,1,1263
tightdresses,tightdresses,7,5172
tijuana,tijuana,5,2167
tillsverige,tillsverige,2,1263
tilmedia,tilmedia,1,3
tilpolitics,tilpolitics,1,3
tiltshift,tiltshift,6,40
tiltshiftabuse,tiltshiftabuse,1,40
tilwtf,tilwtf,3,3
timanderic,timanderic,18,132
timberwolves,timberwolves,12,6
timcanova,timcanova,11,1263
time_travel,time_travel,2,264
timelapse,timelapse,18,5
timelapseporn,timelapseporn,2,5
timeonhand,timeonhand,1,1321
timeors,timeors,3,160
timetolegalize,timetolegalize,12,1263
timetravel,timetravel,7,264
timetravelwhatif,timetravelwhatif,1,3
timferriss,timferriss,1,2380
timroth,timroth,2,132
tinktinks,tinktinks,1,49
tinnitus,tinnitus,9,67
tinydeal,tinydeal,1,3
tinyhouse,tinyhouse,2,2380
tinyhouses,tinyhouses,43,40
tinyrebellions,tinyrebellions,1,1321
tinytrumps,tinytrumps,4,1263
tinywrit,tinywrit,4,132
tipexchange,tipexchange,1,40
tipofmyjoystick,tipofmyjoystick,7,132
tipofmypenis,tipofmypenis,50,5172
tipsforidiots,tipsforidiots,3,40
tiresaretheenemy,tiresaretheenemy,4,3
tiresonfire,tiresonfire,4,3
tiretalk,tiretalk,3,40
tis100,tis100,3,5
titanfall,titanfall,76,132
titanic,titanic,2,49
titlebitching,titlebitching,4,67
titlecritique,titlecritique,2,3
titlegold,titlegold,9,3
titlegoreconfessions,titlegoreconfessions,4,5
titlehalloffame,titlehalloffame,9,3
titleispunchline,titleispunchline,2,3
titlelyaward,titlelyaward,2,3
titlepapercut,titlepapercut,51,3
titlescore,titlescore,9,1263
titletops,titletops,3,3
titrcdrama,titrcdrama,5,1263
tittydrop,tittydrop,12,5172
tiwishihadntl,tiwishihadntl,1,3
tiwo,tiwo,1,1321
tldrhalloffame,tldrhalloffame,3,3
tlhinganhol,tlhinganhol,7,99
tlozbotw,tlozbotw,1,132
tlyr,tlyr,1,1321
tmbg,tmbg,5,5
tmbr,tmbr,14,1263
tmnt,tmnt,11,99
tmobile,tmobile,64,5
tmobilecirclejerk,tmobilecirclejerk,5,5
tmro,tmro,6,16
tng,tng,5,99
tntacademy,tntacademy,2,1321
tnturner,tnturner,1,40
toa,toa,1,132
toastcrumbs,toastcrumbs,1,49
toasterrights,toasterrights,26,3
toastmasters,toastmasters,1,3
todaygoylearned,todaygoylearned,1,3
todayibullshitted,todayibullshitted,75,3
todayigrandstanded,todayigrandstanded,25,1263
todayilearned,todayilearned,1831,3
todayilistenedto,todayilistenedto,1,49
todayireland,todayireland,1,3
todayisaw,todayisaw,1,3
todayspropaganda,todayspropaganda,5,1263
todaywealllearned,todaywealllearned,1,2380
todd,todd,1,132
toddlertales,toddlertales,1,3
toddmargaret,toddmargaret,1,2380
todoist,todoist,2,3
tokyo,tokyo,27,1695
tokyoghoul,tokyoghoul,7,99
toledo,toledo,12,6
tolerantleft,tolerantleft,1,1263
tolkienfans,tolkienfans,11,160
tom,tom,5,160
tomanddan,tomanddan,1,1263
tomandnatescirklejerk,tomandnatescirklejerk,6,5172
tombraider,tombraider,6,132
tombstoning,tombstoning,4,3
tometric,tometric,16,5
tomgreenshow,tomgreenshow,2,1321
tomhiddleston,tomhiddleston,3,2380
tomodachilife,tomodachilife,2,132
tomorrow,tomorrow,4,132
tomorrowland,tomorrowland,6,2380
tomorrowworld,tomorrowworld,5,1301
tonguetwisters,tonguetwisters,1,40
tonightsdinner,tonightsdinner,10,13
tooafraidtoask,tooafraidtoask,5,1263
tooextrachromosomes,tooextrachromosomes,1,1263
toolazy,toolazy,10,132
toolband,toolband,28,2380
toomanypillows,toomanypillows,3,49
toomeirlformeirl,toomeirlformeirl,18,3
toonami,toonami,17,99
toontown,toontown,26,1
toosoon,toosoon,51,1263
top_dogs,top_dogs,4,3
topcommentoftheday,topcommentoftheday,22,3
topcuntsofreddit,topcuntsofreddit,6,1263
topedit,topedit,3,132
topgear,topgear,61,3
topgeardidit,topgeardidit,10,40
topmindsofnolibswatch,topmindsofnolibswatch,3,1263
topnotchshitposting,topnotchshitposting,48,1263
topofreddit,topofreddit,3,3
topreddit,topreddit,1,2380
topsandbottoms,topsandbottoms,7,5172
tor,tor,36,5
torfdot0,torfdot0,1,49
tori_black,tori_black,1,2380
toriamos,toriamos,1,3
toriko,toriko,4,99
torinaction,torinaction,5,1263
torontoanarchy,torontoanarchy,44,1263
torontobluejays,torontobluejays,37,6
torontoraptors,torontoraptors,25,6
torontorevolt,torontorevolt,3,1263
torrents,torrents,26,5
torylane,torylane,1,2380
tos,tos,5,99
toshredsyousay,toshredsyousay,4,3
totalfark,totalfark,1,40
totallynotamerican,totallynotamerican,1,49
totallynotcorporate,totallynotcorporate,1,49
totallynotdogs,totallynotdogs,2,3
totallynotdrawings,totallynotdrawings,1,49
totallynotlions,totallynotlions,1,3
totallynotmicrowaves,totallynotmicrowaves,1,49
totallynotracist,totallynotracist,5,1263
totallynotsharks,totallynotsharks,1,40
totallynotsynths,totallynotsynths,1,3
totallynotvulcans,totallynotvulcans,1,49
totallystraight,totallystraight,20,5172
totalreddit,totalreddit,7,40
totalwar,totalwar,54,132
totes_meta_bot_spam,totes_meta_bot_spam,8,1
totheground,totheground,1,1263
tothetuneof,tothetuneof,82,3
totse,totse,1,3
touhou,touhou,42,132
touhoujerk,touhoujerk,4,1321
touhoumusic,touhoumusic,3,132
tourettes,tourettes,6,2380
tourism,tourism,1,49
tower7,tower7,1,1263
townofsalemgame,townofsalemgame,16,132
townsville,townsville,3,1263
toybaking,toybaking,2,1321
toyota,toyota,16,40
toyotatacoma,toyotatacoma,4,40
toys,toys,3,99
tppdecoder,tppdecoder,1,1263
tppkappa,tppkappa,37,132
tpsreportersanonymous,tpsreportersanonymous,2,49
tr8r,tr8r,3,99
traaaaaaannnnnnnnnns,traaaaaaannnnnnnnnns,25,1263
trackers,trackers,30,5
trackingtrump,trackingtrump,1,1263
tradeissues,tradeissues,9,1263
tradelands,tradelands,5,40
trademarkersclan,trademarkersclan,1,49
traders,traders,1,2380
tradicalchristianity,tradicalchristianity,7,1263
traditionalcatholics,traditionalcatholics,4,1263
traditionalcovers,traditionalcovers,1,1321
trafficmonsoon,trafficmonsoon,1,3
tragedy,tragedy,1,49
trailerparkboys,trailerparkboys,35,3
trailrunning,trailrunning,9,13
traingifs,traingifs,3,3
trains,trains,35,3
trainspotting2,trainspotting2,1,2380
trainwrecks,trainwrecks,9,95
tramp,tramp,1,3
trance,trance,21,2380
trancecirclejerk,trancecirclejerk,18,2380
trans,trans,13,1263
transalute,transalute,2,2380
transchristianity,transchristianity,1,1263
transdiy,transdiy,2,1263
transfascism,transfascism,5,1263
transformers,transformers,31,99
transgamers,transgamers,14,132
transgender,transgender,57,1263
transgendercirclejerk,transgendercirclejerk,48,1263
transhuman,transhuman,15,1263
transhumanism,transhumanism,52,1263
transit,transit,19,5
translatednews,translatednews,2,1263
translationstudies,translationstudies,2,6
translator,translator,66,1263
transmogrification,transmogrification,3,3
transparency,transparency,2,2380
transpassing,transpassing,14,1263
transphobiaproject,transphobiaproject,40,1263
transplant,transplant,2,40
transportationmedia,transportationmedia,1,40
transpositive,transpositive,13,1263
transspace,transspace,21,1263
transylvania,transylvania,1,40
tranypanda,tranypanda,4,13
trap,trap,51,2380
traphentai,traphentai,3,160
trapproduction,trapproduction,10,2380
traps,traps,11,5172
trapstories,trapstories,2,40
trashpandas,trashpandas,11,3
trashyboners,trashyboners,12,1263
travelblogging,travelblogging,3,40
travelerstv,travelerstv,1,2380
travelpartners,travelpartners,3,40
travelvlogs,travelvlogs,1,1321
travis_fimmel,travis_fimmel,1,2380
treatmentforaddiction,treatmentforaddiction,3,13
trebblebiscuit,trebblebiscuit,2,160
trebuchetmemes,trebuchetmemes,34,3
treefiddy,treefiddy,12,3
treefood,treefood,1,49
treeparents,treeparents,2,3
treesgonewild,treesgonewild,4,5172
treknobabble,treknobabble,64,99
trendingreddits,trendingreddits,54,1263
tressless,tressless,17,95
trevor,trevor,1,49
trialsgames,trialsgames,3,132
triangle,triangle,27,6
triathlon,triathlon,11,40
tribes,tribes,18,132
trichotillomania,trichotillomania,1,40
trichsters,trichsters,1,3
tricities,tricities,2,3
tricitieswa,tricitieswa,5,40
tricking,tricking,1,3
trickoftheday,trickoftheday,1,3
triggered,triggered,5,2380
trinidadandtobago,trinidadandtobago,9,67
trinternational,trinternational,3,3
triplemeaning,triplemeaning,2,67
trippinthroughtime,trippinthroughtime,26,1263
trippy,trippy,7,3
trivialedits,trivialedits,10,3
trollfart,trollfart,2,3
trolling,trolling,20,1263
trollingforababy,trollingforababy,1,1263
trollmath,trollmath,1,2380
trollpastas,trollpastas,1,3
trolls,trolls,1,49
trollsofde,trollsofde,1,1263
trollxchromosome,trollxchromosome,2,3
trollxcommunism,trollxcommunism,3,1263
trollxfitness,trollxfitness,2,1263
trollxforum,trollxforum,1,2380
trollxminecraft,trollxminecraft,3,132
trollxmoms,trollxmoms,5,3
trollxsupport,trollxsupport,2,40
trollychromosome,trollychromosome,39,1263
tromso,tromso,1,40
tron,tron,5,132
tronscript,tronscript,3,5
trophies,trophies,7,132
tropicalweather,tropicalweather,21,40
tropico,tropico,4,132
troubledteens,troubledteens,15,1263
troutism,troutism,1,2380
trove,trove,5,1321
troy,troy,5,3
trpgame,trpgame,3,1263
trtbps,trtbps,6,6
trtest,trtest,1,1321
truckers,truckers,4,40
trucking,trucking,23,1263
trucks,trucks,34,40
trucksim,trucksim,16,132
trueaccounting,trueaccounting,3,3
trueanime,trueanime,10,99
trueaskreddit,trueaskreddit,53,1263
trueatheism,trueatheism,45,1263
trueaustralia,trueaustralia,6,1263
trueberniesupporters,trueberniesupporters,1,1263
truebestof,truebestof,10,40
trueblackfathers,trueblackfathers,1,1263
truecapitalistradio,truecapitalistradio,1,1263
truecels,truecels,25,1263
truechristian,truechristian,52,1263
trueconspiracy,trueconspiracy,3,1263
truecrimediscourse,truecrimediscourse,1,2380
truecrimereview,truecrimereview,15,1321
truecsgo,truecsgo,3,40
truedetective,truedetective,23,1263
trueducati,trueducati,4,40
truefilm,truefilm,52,99
truegaming,truegaming,84,132
trueheroes,trueheroes,2,3
truehinduism,truehinduism,1,1263
trueloseit,trueloseit,3,13
truememer,truememer,1,1263
trueobjectivism,trueobjectivism,12,1263
trueoffmychest,trueoffmychest,46,1263
trueotherkin,trueotherkin,9,1263
truepokemon,truepokemon,4,132
trueshitredditsays,trueshitredditsays,1,49
trueshitredditssays,trueshitredditssays,2,1263
trueskeptics,trueskeptics,2,1263
truesrdbrokerebooted,truesrdbrokerebooted,1,1263
truesssubredditsss,truesssubredditsss,2,49
truestl,truestl,84,132
truetf2,truetf2,14,132
truetherclub,truetherclub,2,40
truetictactoe,truetictactoe,2,160
truetruereddit,truetruereddit,6,1263
truewalkingdead,truewalkingdead,1,2380
truewhite,truewhite,2,2380
truewomensliberation,truewomensliberation,27,1263
truezelda,truezelda,13,132
trulyimpossible,trulyimpossible,1,49
trump,trump,7,1263
trump16,trump16,1,40
trump_fashions,trump_fashions,1,1263
trump_legal,trump_legal,1,1263
trump_the_implosion,trump_the_implosion,1,1263
trump_train,trump_train,2,1263
trumpbabes,trumpbabes,1,1263
trumpbehavingwell,trumpbehavingwell,1,49
trumpcalifornia,trumpcalifornia,1,1263
trumpconnecticut,trumpconnecticut,1,1263
trumpdrama,trumpdrama,4,1263
trumpera,trumpera,4,1263
trumpet,trumpet,4,7
trumpforpresident,trumpforpresident,7,1263
trumpforprison,trumpforprison,7,1263
trumpgold,trumpgold,3,99
trumpgret,trumpgret,23,1263
trumpinauguration,trumpinauguration,2,1263
trumpism,trumpism,1,1263
trumpistan,trumpistan,5,1263
trumplivesmatter,trumplivesmatter,1,1263
trumpmichigan,trumpmichigan,1,1263
trumpnewjersey,trumpnewjersey,1,1263
trumppa,trumppa,2,1263
trumppersonals,trumppersonals,1,1263
trumpregret,trumpregret,2,1263
trumpspam,trumpspam,3,1263
trumpspamvsthedonald,trumpspamvsthedonald,1,1263
trumpspiracy,trumpspiracy,1,1263
trumputah,trumputah,1,1263
trumpwisconsin,trumpwisconsin,1,1263
truthinpolitics,truthinpolitics,1,2380
truthleaks,truthleaks,4,1263
tryingforababy,tryingforababy,10,1321
trypophobia,trypophobia,30,3
tryptonaut,tryptonaut,11,67
tsa,tsa,2,40
tschukki,tschukki,1,40
tsunderesharks,tsunderesharks,14,3
tsunderespiders,tsunderespiders,2,3
tsunderetodash,tsunderetodash,2,3
tsundereworldleaders,tsundereworldleaders,1,1263
ttploreplaycentral,ttploreplaycentral,6,160
tuba,tuba,1,40
tubebroadcastyourself,tubebroadcastyourself,1,1321
tuck_frump,tuck_frump,1,1263
tucker_carlson,tucker_carlson,2,1263
tucson,tucson,27,40
tulpa_lounge,tulpa_lounge,3,7
tulpas,tulpas,19,160
tulsa,tulsa,12,5
tulsi,tulsi,13,1263
tumblr,tumblr,91,1263
tumblratrest,tumblratrest,20,2380
tumblrcirclejerk,tumblrcirclejerk,15,1263
tumblrpls,tumblrpls,2,1263
tummy,tummy,1,2380
tupac,tupac,2,3
turbografx,turbografx,4,132
turbojugend,turbojugend,1,3
turcophobia,turcophobia,3,1263
turdie5ever,turdie5ever,1,3
turkey,turkey,84,1263
turkish,turkish,2,49
turn,turn,1,1263
turningintosrs,turningintosrs,4,1
turnsignals,turnsignals,1,49
turnt_up_turtles,turnt_up_turtles,2,3
turntablists,turntablists,4,2380
turnyourlossintokarma,turnyourlossintokarma,2,3
turok,turok,2,5
turtle,turtle,7,3
turtlereddit,turtlereddit,1,3
turtlesonalligators,turtlesonalligators,2,172
tvlittlehouse,tvlittlehouse,2,1263
tvshow,tvshow,1,3
tvtropes,tvtropes,2,1263
twbif2015,twbif2015,1,49
tweakbounty,tweakbounty,2,5
twentyfour,twentyfour,5,99
twentyonepilots,twentyonepilots,25,3
twentyrocket,twentyrocket,1,49
twentyyearcycle,twentyyearcycle,3,1263
twincities,twincities,29,40
twincitiesmusic,twincitiesmusic,5,40
twinnovation,twinnovation,6,3
twinpeaks,twinpeaks,14,2380
twintails,twintails,2,99
twitch,twitch,72,132
twitchplayspokemon,twitchplayspokemon,94,132
twitchtvraids,twitchtvraids,1,3
twitter,twitter,26,5
twokinds,twokinds,1,1263
twokindsofpeople,twokindsofpeople,1,49
tworedditorsonecup,tworedditorsonecup,21,3
twosentencehorror,twosentencehorror,5,160
twowrights,twowrights,1,49
twoxlesbians,twoxlesbians,3,1263
twskidneys,twskidneys,4,40
txrenaissancefestival,txrenaissancefestival,2,1910
txstate,txstate,7,6
tycho,tycho,2,2380
tylertx,tylertx,6,132
typemoon,typemoon,7,99
typo,typo,2,5
typography,typography,19,3
tyrannygame,tyrannygame,4,132
tyt,tyt,7,1263
tytonreddit,tytonreddit,22,1263
tytpolitics,tytpolitics,3,1263
tzm,tzm,31,1263
u2band,u2band,2,1321
uab,uab,3,1301
ualbany,ualbany,2,3
ualberta,ualberta,9,172
ubc,ubc,19,172
uber,uber,20,1263
uberdrivers,uberdrivers,48,40
ubisoft,ubisoft,5,132
ublock,ublock,3,5
ubreddit,ubreddit,5,6
ubuntu,ubuntu,54,5
ubuntuhelpdesk,ubuntuhelpdesk,1,1321
uca,uca,4,6
ucdavis,ucdavis,4,40
ucf,ucf,11,40
uci,uci,4,132
ucla,ucla,7,6
uconn,uconn,6,6
ucry,ucry,2,40
ucsantabarbara,ucsantabarbara,17,3
ucsd,ucsd,8,5
ucurations,ucurations,4,5
udub,udub,8,6
ue4devs,ue4devs,6,132
ufc,ufc,22,13
ufl,ufl,11,6
ufos,ufos,54,67
uga,uga,10,6
ugh,ugh,1,1263
uglyamericans,uglyamericans,2,13
uglyduckling,uglyduckling,8,3
uhart,uhart,2,1321
uhccourtroom,uhccourtroom,6,264
uhhyeahdude,uhhyeahdude,3,13
uir,uir,1,3
uiuc,uiuc,53,1263
uk_politics,uk_politics,3,3
ukbike,ukbike,12,40
ukdrugsdebate,ukdrugsdebate,1,2380
ukipparty,ukipparty,36,1263
uklaw,uklaw,4,1263
ukpoliticsama,ukpoliticsama,5,1263
ukpoliticsx,ukpoliticsx,3,1263
ukraina,ukraina,41,1263
ukraine,ukraine,23,1263
ukrainianconflict,ukrainianconflict,65,1263
ukretrogaming,ukretrogaming,1,2380
uktrees,uktrees,23,67
ukulele,ukulele,11,2380
ula,ula,10,16
ule88,ule88,14,1263
ultimaonline,ultimaonline,3,132
ultimate,ultimate,20,6
ultracrepidarian,ultracrepidarian,12,1263
ultraculture,ultraculture,3,1263
ultrahardcore,ultrahardcore,40,264
ultralight,ultralight,23,40
ultramarathon,ultramarathon,4,13
ulyssesbucketlist,ulyssesbucketlist,1,40
umass,umass,7,3
umd,umd,17,6
umiami,umiami,1,1263
unagenda21,unagenda21,3,1263
unashamed,unashamed,2,6
unasur,unasur,1,1263
unbgbbiivchidctiicbg,unbgbbiivchidctiicbg,74,3
unbiasedworldnews,unbiasedworldnews,11,1263
unbirth,unbirth,1,3
unbreakable,unbreakable,1,2380
uncen,uncen,2,1263
uncensored_reddit,uncensored_reddit,3,1263
uncensoredconspiracy,uncensoredconspiracy,2,1263
uncensorednews,uncensorednews,86,1263
uncensorship,uncensorship,8,1263
uncg,uncg,1,1263
uncharted,uncharted,7,132
uncleardirections,uncleardirections,2,1321
unclephil,unclephil,2,1
unclesamuel,unclesamuel,6,1263
uncovered,uncovered,8,1263
undeletepredictions,undeletepredictions,12,1263
undeleteshadow,undeleteshadow,2,1263
undeleteundelete,undeleteundelete,2,1263
underratedcomments,underratedcomments,3,99
underreportednews,underreportednews,2,1263
undertalecringe,undertalecringe,23,132
underthedog,underthedog,1,2380
underthedome,underthedome,3,1263
underworldanarchy,underworldanarchy,1,49
underworldascendant,underworldascendant,1,2380
undisclosedpodcast,undisclosedpodcast,2,213
uneasyalliance,uneasyalliance,2,132
unemployed,unemployed,2,2380
unexpected40k,unexpected40k,3,99
unexpectedaesop,unexpectedaesop,2,3
unexpectedaggie,unexpectedaggie,5,3
unexpectedagriculture,unexpectedagriculture,1,49
unexpectedanalogies,unexpectedanalogies,1,49
unexpectedatla,unexpectedatla,5,2380
unexpectedauschwitz,unexpectedauschwitz,2,3
unexpectedautism,unexpectedautism,1,49
unexpectedavatar,unexpectedavatar,10,3
unexpectedbatman,unexpectedbatman,1,49
unexpectedbourne,unexpectedbourne,1,49
unexpectedcena,unexpectedcena,15,3
unexpectedciv,unexpectedciv,15,1263
unexpectedcivpolitics,unexpectedcivpolitics,2,40
unexpectedcomcast,unexpectedcomcast,2,5
unexpectedcommunism,unexpectedcommunism,1,49
unexpecteddadjoke,unexpecteddadjoke,3,3
unexpecteddaftpunk,unexpecteddaftpunk,1,132
unexpecteddestiny,unexpecteddestiny,2,132
unexpecteddiscworld,unexpecteddiscworld,4,160
unexpecteddmx,unexpecteddmx,2,40
unexpecteddnd,unexpecteddnd,11,40
unexpecteddrnick,unexpecteddrnick,1,49
unexpectedds9,unexpectedds9,21,1263
unexpecteddune,unexpecteddune,5,132
unexpecteddunkey,unexpecteddunkey,2,1321
unexpectededmonton,unexpectededmonton,1,1263
unexpectedeminem,unexpectedeminem,2,132
unexpectederb,unexpectederb,1,49
unexpectedevanescence,unexpectedevanescence,5,132
unexpectedexpected,unexpectedexpected,1,132
unexpectedfallout,unexpectedfallout,5,3
unexpectedfirefly,unexpectedfirefly,9,3
unexpectedfma,unexpectedfma,6,3
unexpectedfrankocean,unexpectedfrankocean,1,49
unexpectedfreedom,unexpectedfreedom,1,49
unexpectedfuturama,unexpectedfuturama,5,3
unexpectedfuture,unexpectedfuture,1,49
unexpectedfwd,unexpectedfwd,1,49
unexpectedgimli,unexpectedgimli,6,3
unexpectedgodemperor,unexpectedgodemperor,1,49
unexpectedgot,unexpectedgot,4,2167
unexpectedhaiku,unexpectedhaiku,1,1263
unexpectedhamilton,unexpectedhamilton,80,3
unexpectedhearthstone,unexpectedhearthstone,2,132
unexpectedheresy,unexpectedheresy,8,132
unexpectedhimym,unexpectedhimym,3,160
unexpectedhost,unexpectedhost,4,3
unexpectedhpc,unexpectedhpc,1,40
unexpectedinquisition,unexpectedinquisition,3,40
unexpectedjacksfilms,unexpectedjacksfilms,1,49
unexpectedjcole,unexpectedjcole,1,1321
unexpectedjeopardy,unexpectedjeopardy,4,3
unexpectedjihad,unexpectedjihad,30,1263
unexpectedjohndies,unexpectedjohndies,1,132
unexpectedjojo,unexpectedjojo,28,132
unexpectedjonestown,unexpectedjonestown,1,49
unexpectedjr,unexpectedjr,2,3
unexpectedkant,unexpectedkant,3,1263
unexpectedkanye,unexpectedkanye,7,6
unexpectedkilllakill,unexpectedkilllakill,1,3
unexpectedleeroy,unexpectedleeroy,1,3
unexpectedlinux,unexpectedlinux,3,1321
unexpectedlotr,unexpectedlotr,1,49
unexpectedmalcom,unexpectedmalcom,1,3
unexpectedmarxism,unexpectedmarxism,2,3
unexpectedmetallica,unexpectedmetallica,3,132
unexpectedmorrissey,unexpectedmorrissey,1,49
unexpectedmulaney,unexpectedmulaney,6,6
unexpectednaruto,unexpectednaruto,1,49
unexpectedneatmike,unexpectedneatmike,1,49
unexpectednightvale,unexpectednightvale,1,49
unexpectednsp,unexpectednsp,2,3
unexpectedoedipus,unexpectedoedipus,1,49
unexpectedouija,unexpectedouija,6,49
unexpectedoverwatch,unexpectedoverwatch,26,3
unexpectedpawnee,unexpectedpawnee,8,3
unexpectedpenis,unexpectedpenis,2,13
unexpectedphilosophy,unexpectedphilosophy,4,3
unexpectedpilkington,unexpectedpilkington,4,2380
unexpectedpixar,unexpectedpixar,1,3
unexpectedpoetry,unexpectedpoetry,3,5
unexpectedpokemon,unexpectedpokemon,1,3
unexpectedpokemongo,unexpectedpokemongo,2,3
unexpectedprompts,unexpectedprompts,7,132
unexpectedpsa,unexpectedpsa,1,1263
unexpectedpython,unexpectedpython,7,3
unexpectedracism,unexpectedracism,3,3
unexpectedrandm,unexpectedrandm,1,49
unexpectedreference,unexpectedreference,1,3
unexpectedrt,unexpectedrt,31,3
unexpectedrubio,unexpectedrubio,20,1263
unexpectedrunescape,unexpectedrunescape,14,3
unexpectedsabaton,unexpectedsabaton,28,132
unexpectedsanderson,unexpectedsanderson,1,40
unexpectedseinfeld,unexpectedseinfeld,3,1321
unexpectedshakespeare,unexpectedshakespeare,1,1321
unexpectedsips,unexpectedsips,4,3
unexpectedskyrim,unexpectedskyrim,10,3
unexpectedsmashmouth,unexpectedsmashmouth,1,49
unexpectedsnicket,unexpectedsnicket,2,1301
unexpectedsouthpark,unexpectedsouthpark,1,3
unexpectedspongebob,unexpectedspongebob,4,6
unexpectedspringfield,unexpectedspringfield,14,1263
unexpectedstarwars,unexpectedstarwars,4,5172
unexpectedstorytime,unexpectedstorytime,23,3
unexpectedsubreddit,unexpectedsubreddit,2,3
unexpectedswanson,unexpectedswanson,2,1321
unexpectedtf2,unexpectedtf2,4,132
unexpectedthuglife,unexpectedthuglife,30,13
unexpectedtrump,unexpectedtrump,2,3
unexpectedundertale,unexpectedundertale,8,132
unexpectedwesteros,unexpectedwesteros,2,3
unexpectedwestworld,unexpectedwestworld,6,40
unexpectedwh40k,unexpectedwh40k,2,3
unexpectedwingman,unexpectedwingman,1,49
unexpectedwitcher,unexpectedwitcher,1,3
unexpectedyoda,unexpectedyoda,1,49
unexpectedyogscast,unexpectedyogscast,3,132
unexpectedyugioh,unexpectedyugioh,2,49
unexpectedzelda,unexpectedzelda,1,3
unexplaineddownvotes,unexplaineddownvotes,1,1263
unexplainedphotos,unexplainedphotos,8,6
unextrekted,unextrekted,1,49
unfazed,unfazed,2,3
unfilter,unfilter,30,1263
unfundedopportunities,unfundedopportunities,1,2380
unfunny,unfunny,1,3
unhistory,unhistory,1,3
uni,uni,6,40
unicycling,unicycling,3,6
unidan,unidan,5,3
unidanfans,unidanfans,8,5
unidangonewild,unidangonewild,3,5172
unidanhaterclub,unidanhaterclub,1,40
unidanianuniversalist,unidanianuniversalist,1,2380
uniformporn,uniformporn,5,132
unintentionalasmr,unintentionalasmr,5,3
unintentionaldong,unintentionaldong,1,49
unintentionalpuns,unintentionalpuns,2,1263
unisonleague,unisonleague,1,2380
united_airlines,united_airlines,1,1263
unitedairlines,unitedairlines,4,3
unitedkingdomx,unitedkingdomx,3,1263
unitedwestand,unitedwestand,12,1263
unitehumanity,unitehumanity,1,1263
unitinu,unitinu,1,40
unitsd8u,unitsd8u,1,1263
unity3d,unity3d,54,132
universalexports,universalexports,1,3
universalgeek,universalgeek,17,160
universeproject,universeproject,3,1
universityofkansas,universityofkansas,5,40
universityofreddit,universityofreddit,9,1263
universityofulster,universityofulster,1,1263
unix,unix,13,5
unixporn,unixporn,34,5
unkarmanaut,unkarmanaut,7,132
unket,unket,2,1
unknowntradeco,unknowntradeco,8,264
unknownvideos,unknownvideos,14,3
unlikelyfriends,unlikelyfriends,2,3
unlimitedbreadsticks,unlimitedbreadsticks,7,99
unlockedthread,unlockedthread,7,132
unlockpost,unlockpost,21,1263
unluckyluke,unluckyluke,2,172
unnaturalobsessions,unnaturalobsessions,3,1263
unnecessary_nsfw_tags,unnecessary_nsfw_tags,6,13
unnecessaryapostrophe,unnecessaryapostrophe,13,3
unnecessarycensorship,unnecessarycensorship,4,3
unnecessaryhypeman,unnecessaryhypeman,4,3
unnecessaryprecision,unnecessaryprecision,3,3
unnecessaryquotes,unnecessaryquotes,11,3
unomaha,unomaha,2,3
unoriginalcomments,unoriginalcomments,2,3
unorthodog,unorthodog,9,3
unpopularopinion,unpopularopinion,40,1263
unpopularopinions,unpopularopinions,1,49
unprovokeddickmove,unprovokeddickmove,1,49
unrealtv,unrealtv,1,2380
unreleasedgames,unreleasedgames,2,132
unschool,unschool,7,1263
unscriptedvideo,unscriptedvideo,4,3
unsentletters,unsentletters,10,49
unsentmessages,unsentmessages,4,67
unshaped,unshaped,8,1
unsolvedmysteries,unsolvedmysteries,19,40
unsong,unsong,6,1321
unt,unt,9,1910
untildawn,untildawn,4,1695
untrustworthypoptarts,untrustworthypoptarts,8,132
unturned,unturned,17,132
unu,unu,4,1263
uofarizona,uofarizona,3,40
uofm,uofm,15,132
uofmn,uofmn,9,40
uofo,uofo,2,1263
uoft,uoft,48,172
uofteeb214,uofteeb214,2,172
uoguelph,uoguelph,1,3
updated,updated,10,1263
upforfun,upforfun,26,16
upholsterycorrection,upholsterycorrection,1,3
upperhutt,upperhutt,1,49
upsstore,upsstore,1,2380
upstate_new_york,upstate_new_york,13,6
upvote,upvote,53,132
upvotebecauseboy,upvotebecauseboy,7,3
upvotebecauseofass,upvotebecauseofass,1,40
upvotebrigade,upvotebrigade,1,1263
upvoted,upvoted,31,40
upvoted_,upvoted_,1,3
upvoted_because_tits,upvoted_because_tits,1,3
upvotedbccomments,upvotedbccomments,1,40
upvotedbecauseboobs,upvotedbecauseboobs,11,3
upvotedbecauseboss,upvotedbecauseboss,1,40
upvotedbecauseboy,upvotedbecauseboy,9,3
upvotedbecausebums,upvotedbecausebums,1,40
upvotedbecausebutts,upvotedbecausebutts,1,40
upvotedbecausecat,upvotedbecausecat,5,3
upvotedbecausedog,upvotedbecausedog,4,13
upvotedbecausefoot,upvotedbecausefoot,1,1321
upvotedbecausegay,upvotedbecausegay,28,1263
upvotedbecausegrohl,upvotedbecausegrohl,2,3
upvotedbecausemale,upvotedbecausemale,3,3
upvotedbecauseputin,upvotedbecauseputin,1,40
upvotedbecauseseo,upvotedbecauseseo,1,3
upvotedbecausetank,upvotedbecausetank,2,3
upvotedbecauseverne,upvotedbecauseverne,2,1321
upvotedforstarwars,upvotedforstarwars,3,1321
upvotegifs,upvotegifs,10,3
upvoteheaven,upvoteheaven,1,1263
upvoteme,upvoteme,1,49
upvotewaterfall,upvotewaterfall,1,3
upvtdcuzrobinwilliams,upvtdcuzrobinwilliams,5,1263
uqreddit,uqreddit,8,1263
urbanexploration,urbanexploration,31,3
urbanhell,urbanhell,16,1263
urbanplanning,urbanplanning,51,1263
urochester,urochester,3,6
uruguay,uruguay,17,1263
usa,usa,26,1263
usafa,usafa,5,1263
usanews,usanews,6,1263
uscg,uscg,9,1263
uselesssarcasmtag,uselesssarcasmtag,5,3
uselesssuperpowers,uselesssuperpowers,2,132
usenet,usenet,15,5
user_simulator,user_simulator,43,132
userexperience,userexperience,17,5
userhistory,userhistory,1,2380
username_cocktail,username_cocktail,1,3
usernamechecksout,usernamechecksout,6,1263
usernamesthatcheckout,usernamesthatcheckout,1,49
usf,usf,9,40
usfreepress,usfreepress,2,2380
ushistory,ushistory,6,67
usingsubsashashtags,usingsubsashashtags,1,132
usmc,usmc,53,1263
usnews,usnews,3,3
usnoisrael,usnoisrael,10,1263
usolutions,usolutions,12,5
uspolitics,uspolitics,30,1263
usps,usps,14,3
ussoccer,ussoccer,19,2167
usu,usu,3,1
usunited,usunited,13,1263
usyd,usyd,1,1263
utah,utah,24,40
utah4sanders,utah4sanders,2,1263
utaustin,utaustin,16,1910
utcognoscantveritatem,utcognoscantveritatem,3,5
utdallas,utdallas,7,2380
utk,utk,6,3
utopiafox,utopiafox,1,2380
utopiatv,utopiatv,6,99
uva,uva,12,40
uvajerk,uvajerk,1,3
uvm_cs292,uvm_cs292,1,49
uwaterloo,uwaterloo,62,172
uwmadison,uwmadison,7,6
uwo,uwo,8,3
uwotm8,uwotm8,14,3
v8supercars,v8supercars,12,40
v8superdoge,v8superdoge,1,2380
vaccinemyths,vaccinemyths,25,1263
vacsucks,vacsucks,2,1263
vacuumcleaners,vacuumcleaners,3,40
vagabond,vagabond,30,40
vagante,vagante,1,2380
vaguns,vaguns,13,7
vainglorygame,vainglorygame,17,132
valarmorghulis2013,valarmorghulis2013,1,3
valentine,valentine,1,49
vallessir,vallessir,1,49
valueinvesting,valueinvesting,5,1
valve,valve,17,132
vampires,vampires,5,3
vancouverisland,vancouverisland,4,67
vancouverwa,vancouverwa,7,1263
vandwellers,vandwellers,49,40
vanessahudgens,vanessahudgens,1,2380
vanguard,vanguard,1,2380
vanlife,vanlife,1,1321
vaping,vaping,37,1910
vaporents,vaporents,65,67
vaporwave,vaporwave,47,2380
vaporwaveaesthetics,vaporwaveaesthetics,23,3
vargas,vargas,17,3
vargas_gonewild,vargas_gonewild,1,1321
vargasgonewild,vargasgonewild,1,49
vaseline,vaseline,1,3
vastlystupid,vastlystupid,2,13
vaxjo,vaxjo,1,3
vba,vba,4,5
vcu,vcu,4,40
vectoredpics,vectoredpics,5,3
vedc,vedc,8,40
veep,veep,4,3
vegan1200isplenty,vegan1200isplenty,2,13
veganarchism,veganarchism,7,1263
veganchat,veganchat,3,2380
vegancirclejerk,vegancirclejerk,44,13
veganfitness,veganfitness,18,13
veganhouston,veganhouston,4,13
veganhumor,veganhumor,1,49
veganmormon,veganmormon,2,49
veganparenting,veganparenting,2,1263
veganrecipes,veganrecipes,9,13
veganscience,veganscience,4,1263
veganuk,veganuk,3,1263
vegas,vegas,37,40
vegaslocals,vegaslocals,3,2167
vegetablerights,vegetablerights,1,1263
vegetarian,vegetarian,60,1263
vegetarianism,vegetarianism,3,1263
veghumor,veghumor,5,3
vegproblems,vegproblems,1,3
velo,velo,13,40
velomobile,velomobile,4,40
vemma,vemma,3,5
venezia,venezia,3,40
venezuela,venezuela,2,1263
venicebeach,venicebeach,3,40
ventchat,ventchat,2,2380
venturebros,venturebros,15,3
veracruz,veracruz,2,2167
veritasium,veritasium,2,5
verizon,verizon,22,5
verlier,verlier,54,3
vermin_supreme_2016,vermin_supreme_2016,1,40
vermintide,vermintide,3,132
vermont,vermont,29,40
vernetroyer,vernetroyer,5,3
veronicabelmont,veronicabelmont,1,132
veronicamars,veronicamars,2,6
vertcoin,vertcoin,29,1
veryexpensive,veryexpensive,4,16
veryfakenews,veryfakenews,1,1263
veryinterestingatwork,veryinterestingatwork,1,3
verypunny,verypunny,51,3
veterans,veterans,44,1263
veterinarian,veterinarian,3,132
vetworship,vetworship,1,40
vexillologycirclejerk,vexillologycirclejerk,20,16
vfx,vfx,17,99
vfx_cgi_3d,vfx_cgi_3d,1,2380
vghs,vghs,5,132
viberightisatwat,viberightisatwat,2,49
vice,vice,2,3
victoriabc,victoriabc,32,67
video,video,10,40
videogamedunkey,videogamedunkey,16,132
videogamemetal,videogamemetal,1,2380
videogames,videogames,12,132
videography,videography,29,99
videojuegos,videojuegos,3,132
videoofvideo,videoofvideo,2,1321
videos,videos,1781,1321
videos_discussion,videos_discussion,5,1263
videosurveillance,videosurveillance,4,5
vidoes,vidoes,2,2380
vids,vids,1,3
vietnam,vietnam,19,1263
viewaskewniverse,viewaskewniverse,8,99
viewporn,viewporn,1,40
vif,vif,1,1321
vihadertheis,vihadertheis,1,40
vikingstv,vikingstv,8,132
villageporn,villageporn,10,40
vindictus,vindictus,2,132
vine,vine,1,1321
vinesauce,vinesauce,23,132
vinewoodlocos,vinewoodlocos,12,132
vintage,vintage,1,2380
vintageads,vintageads,2,40
vintagebabes,vintagebabes,1,40
vintagemotorcycles,vintagemotorcycles,4,40
vintagereddit,vintagereddit,2,40
vinyl,vinyl,82,2380
vinyldeals,vinyldeals,4,2380
vinyljerk,vinyljerk,8,2380
vinyltoys,vinyltoys,3,132
violinist,violinist,10,40
virgin,virgin,4,1263
virgingalactic,virgingalactic,1,1263
virginia,virginia,31,40
virginiaforsanders,virginiaforsanders,16,40
virginiapolitics,virginiapolitics,5,40
virginiatech,virginiatech,18,6
virtualcommunism,virtualcommunism,2,49
virtualreality,virtualreality,57,132
visibleshockwaves,visibleshockwaves,1,3
visualkei,visualkei,1,2380
visualnovels,visualnovels,37,99
vita,vita,57,132
vitahacks,vitahacks,9,132
vivahappy,vivahappy,1,132
vivalaempire,vivalaempire,5,3
vivemasterrace,vivemasterrace,1,132
vladimirputingifs,vladimirputingifs,1,3
vlc,vlc,3,132
vlg,vlg,3,264
vlogbrothers,vlogbrothers,1,3
vlogs,vlogs,2,264
vmware,vmware,14,5
voat,voat,22,1263
vocaloid,vocaloid,10,1695
vogonpoetrycircle,vogonpoetrycircle,1,40
voiceacting,voiceacting,11,2380
volkswagen,volkswagen,27,40
volleyball,volleyball,4,6
volleyballgirls,volleyballgirls,3,5172
vollzeit,vollzeit,1,1263
volt,volt,4,40
volunteer,volunteer,4,2380
volunteerliveteam,volunteerliveteam,1,2380
volvo,volvo,29,40
vonhaesslerdoctrine,vonhaesslerdoctrine,3,3
vore,vore,9,3
votebot,votebot,2,40
votecoin,votecoin,1,1263
votetrumpyouloser,votetrumpyouloser,3,132
voting,voting,9,1263
vpn,vpn,15,5
vrmasterrace,vrmasterrace,1,2380
vrphysics,vrphysics,2,3
vsauce,vsauce,2,3
vsaucemusic,vsaucemusic,1,2380
vulfpeck,vulfpeck,4,2380
vulkan,vulkan,7,132
vvvortic,vvvortic,3,3
vxjunkies,vxjunkies,32,5
w4lt3r,w4lt3r,1,49
wabushooo,wabushooo,1,49
waco,waco,5,6
wacom,wacom,4,5
wafflehouse,wafflehouse,1,2380
wafflehousestories,wafflehousestories,1,49
wagsathaetssob,wagsathaetssob,2,49
wagstores,wagstores,1,3
wahoostipi,wahoostipi,19,6
waifu,waifu,3,2380
waifu_wars,waifu_wars,1,49
waifuism,waifuism,16,1263
waiters,waiters,2,1263
waitingforop,waitingforop,9,99
waitwait,waitwait,2,2380
waitwhatchers,waitwhatchers,35,3
wakaliwood,wakaliwood,1,2380
wakarusa,wakarusa,1,40
wake,wake,3,40
wales,wales,24,2167
walking,walking,4,1263
wall2,wall2,21,1263
wallpaper,wallpaper,13,3
wallpapers,wallpapers,54,132
wallscrawl,wallscrawl,1,1263
wallsfortrump,wallsfortrump,1,1263
walmart,walmart,22,132
walruse,walruse,4,3
waltdisneyworld,waltdisneyworld,26,99
wankers,wankers,11,1263
wanttobelieve,wanttobelieve,10,67
war,war,2,1263
warcollege,warcollege,11,1263
warcraftlore,warcraftlore,5,132
warframe,warframe,53,132
wargame,wargame,23,1263
wargames,wargames,7,160
warhammer,warhammer,37,160
warhammer40k,warhammer40k,49,160
warinspace,warinspace,2,132
warlizard,warlizard,16,3
warlordproblems,warlordproblems,1,49
warmachine,warmachine,10,160
waroncomcast,waroncomcast,21,5
warpzone,warpzone,5,264
warriors,warriors,34,6
warshipporn,warshipporn,46,40
warships,warships,10,1695
warstories,warstories,1,3
warthunder,warthunder,71,132
washington,washington,29,40
washingtondc,washingtondc,98,40
washingtonwireless,washingtonwireless,3,160
washu,washu,3,7
wasilla,wasilla,1,40
wasps,wasps,2,3
wastedgifrequests,wastedgifrequests,6,3
wastedgifs,wastedgifs,11,3
wastelandpowers,wastelandpowers,7,49
wat,wat,2,132
watch_dogs,watch_dogs,20,132
watchdogsvideogame,watchdogsvideogame,1,132
watches,watches,71,6
watchescirclejerk,watchescirclejerk,6,6
watchexchange,watchexchange,6,6
watchhorology,watchhorology,3,40
watchingcongress,watchingcongress,7,1263
watchingphoequinox,watchingphoequinox,1,132
watchitfortheplot,watchitfortheplot,32,2167
watchmen,watchmen,5,40
watchpeopleargue,watchpeopleargue,5,3
watchpeopledie,watchpeopledie,96,1263
watchpeopledive,watchpeopledive,1,3
watchredditdie,watchredditdie,84,1263
watchrobotsdie,watchrobotsdie,1,3
watchthemods,watchthemods,15,1263
watchtheworldburn,watchtheworldburn,1,49
watchuntiltheend,watchuntiltheend,2,3
watchwatchthemods,watchwatchthemods,4,1263
watchworldnews,watchworldnews,1,1263
water,water,11,40
waterfalls,waterfalls,1,40
waterfowl,waterfowl,2,40
waterloo,waterloo,13,172
watershipdown,watershipdown,1,2380
watertreatment,watertreatment,2,3
waxpen,waxpen,15,67
wayforward,wayforward,2,2380
wayhome,wayhome,10,2380
waynestate,waynestate,2,40
waypointvice,waypointvice,1,2380
waywardpines,waywardpines,2,160
wbst,wbst,6,5
wc2014,wc2014,3,3
wc3,wc3,3,132
wdp,wdp,6,5
weakdogs,weakdogs,7,1263
weakendwarrior,weakendwarrior,1,1263
weakfags,weakfags,5,13
weakpots,weakpots,47,13
wealth,wealth,2,49
weaponsystems,weaponsystems,7,1263
wearables,wearables,3,5
weareindia,weareindia,4,16
wearescientists,wearescientists,1,2380
wearestars,wearestars,1,2380
wearewaiting,wearewaiting,1,49
wearytunes,wearytunes,3,1263
wearytunesinaction,wearytunesinaction,1,1263
weaselboy,weaselboy,1,49
weather,weather,24,40
weathergifs,weathergifs,11,3
web_design,web_design,84,5
web_development,web_development,6,5
webarebears,webarebears,3,132
webcomics,webcomics,26,160
webgames,webgames,21,132
webgl,webgl,9,132
webm,webm,3,1321
webofslime,webofslime,1,1263
webseries,webseries,5,99
webstuff,webstuff,2,1
wec,wec,27,40
weccirclejerk,weccirclejerk,8,40
wedding,wedding,17,40
weddingplanning,weddingplanning,48,40
wediditreddit,wediditreddit,7,3404
wednesdaywellness,wednesdaywellness,2,40
weeaboo,weeaboo,4,1695
weeabootales,weeabootales,21,1263
weed,weed,9,67
weedbiz,weedbiz,8,67
weedbot,weedbot,2,1263
weedisbadforyou,weedisbadforyou,1,3
weedstartups,weedstartups,4,1
weedstocks,weedstocks,21,67
weekendgunnit,weekendgunnit,83,7
weeklyplanetpodcast,weeklyplanetpodcast,9,99
ween,ween,2,1263
weezer,weezer,19,2380
wegmans,wegmans,2,132
wehappyfew,wehappyfew,1,49
wehatemovies,wehatemovies,5,3
wehaveconcerns,wehaveconcerns,8,5
wehaveseenthebutthole,wehaveseenthebutthole,5,13
wehraboosinaction,wehraboosinaction,18,1263
weightlifting,weightlifting,34,13
weightroom,weightroom,27,13
weird,weird,17,3
weirdal,weirdal,13,3
weirdbrag,weirdbrag,1,40
weirddogmixes,weirddogmixes,1,40
weirdsubreddits,weirdsubreddits,1,1263
weirdwheels,weirdwheels,15,40
weisssturm,weisssturm,1,1263
wekilledthem,wekilledthem,1,3
welcometonightvale,welcometonightvale,4,3
welding,welding,24,3
wellactually,wellactually,4,132
wellington,wellington,13,1
wellthatsfuckingnifty,wellthatsfuckingnifty,1,3
wellthatsucks,wellthatsucks,43,3
wellwaterdrinkers,wellwaterdrinkers,6,3
wemaketheterror,wemaketheterror,6,1263
weneedselfdrivingcars,weneedselfdrivingcars,1,1321
wepakistan,wepakistan,1,3
wereux,wereux,1,3
werkend,werkend,1,40
werthaminaction,werthaminaction,6,1263
wesanderson,wesanderson,4,3
wesleytowers,wesleytowers,2,40
westabootales,westabootales,2,40
westchester,westchester,5,40
western_mass,western_mass,1,40
westerns,westerns,2,40
westernterrorism,westernterrorism,5,1263
westpapua,westpapua,2,40
westvirginia,westvirginia,27,6
westwoods,westwoods,1,49
westworld,westworld,52,3
wet_shavers,wet_shavers,14,40
wethebest,wethebest,2,132
wewantplates,wewantplates,20,3
wfmtm,wfmtm,1,3
whalewatching,whalewatching,1,1263
whataboutamerica,whataboutamerica,4,1263
whataboutsjws,whataboutsjws,12,6
whataboutsrs,whataboutsrs,35,1263
whatcarshouldibuy,whatcarshouldibuy,11,40
whatcouldgowrong,whatcouldgowrong,97,3
whathappen,whathappen,3,1263
whatiddo4googlefiber,whatiddo4googlefiber,1,40
whatif,whatif,7,160
whatisanarchism,whatisanarchism,11,1263
whatisthis,whatisthis,39,40
whatisyourfavourite,whatisyourfavourite,1,49
whatsinthisthing,whatsinthisthing,35,3
whatsitlike,whatsitlike,14,1321
whatstheword,whatstheword,9,5
whatsthisbird,whatsthisbird,11,3
whatsthisbug,whatsthisbug,49,3
whatsthisplant,whatsthisplant,52,40
whatsthisworth,whatsthisworth,15,1
whatswrongwithyourdog,whatswrongwithyourdog,5,3
whatthefanfic,whatthefanfic,9,132
whatthefuckreddit,whatthefuckreddit,4,3
whatthesoda,whatthesoda,1,3
whatwouldtrumpsay,whatwouldtrumpsay,4,3
whelpisms,whelpisms,2,49
whenithits,whenithits,1,49
wherearethefeminists,wherearethefeminists,7,1263
wheredidthesodago,wheredidthesodago,48,3
whereisassange,whereisassange,34,1263
whereisbenswann,whereisbenswann,1,1263
whereisjulian,whereisjulian,1,1263
whereisthis,whereisthis,6,40
whereshouldipostthis,whereshouldipostthis,1,49
wheresthed,wheresthed,10,3
whichbike,whichbike,5,40
whineybitch,whineybitch,1,3
whippets,whippets,3,3
whiskey,whiskey,9,13
whiskeysecretsociety,whiskeysecretsociety,2,99
whiskyporn,whiskyporn,8,13
whitebeauty,whitebeauty,12,1263
whitecollar,whitecollar,4,99
whiteguilt,whiteguilt,2,1263
whiteknighting,whiteknighting,63,1263
whitepeoplegifs,whitepeoplegifs,42,3
whitepeoplereddit,whitepeoplereddit,7,1263
whitepeopletwitter,whitepeopletwitter,9,1263
whiterights,whiterights,87,1263
whitesox,whitesox,19,6
whitewater,whitewater,5,2380
whitewolfrpg,whitewolfrpg,14,160
whitewrongs,whitewrongs,2,3
whitneymcdogfucker,whitneymcdogfucker,1,1263
whitneywisconsinsub,whitneywisconsinsub,2,5172
whoarepinkandblue,whoarepinkandblue,1,2380
whoaretherothschilds,whoaretherothschilds,1,1263
whocares,whocares,2,132
whogivesashit,whogivesashit,2,132
whole30,whole30,2,13
wholesome,wholesome,2,160
wholesomebestof,wholesomebestof,10,99
wholesomeneighbors,wholesomeneighbors,1,49
wholesomestarterpacks,wholesomestarterpacks,2,3
wholesomevideos,wholesomevideos,2,3
wholesomeyelling,wholesomeyelling,1,49
whoreddithatesnow,whoreddithatesnow,21,3
whoreyourkidforkarma,whoreyourkidforkarma,1,40
whosagoodboy,whosagoodboy,1,40
whoscuttingonions,whoscuttingonions,6,3
whoselineisitanyway,whoselineisitanyway,4,99
whowillbuildtheroads,whowillbuildtheroads,38,1263
whowouldcirclejerk,whowouldcirclejerk,17,99
whs,whs,1,3
whyaminotsurprised,whyaminotsurprised,1,3
whydidtheydothemath,whydidtheydothemath,1,132
whyilove,whyilove,1,49
whyimsingle,whyimsingle,1,1263
whymygirlismad,whymygirlismad,1,49
whynotzoidberg,whynotzoidberg,2,3
whythedownvotes,whythedownvotes,3,2167
whywasidownvoted,whywasidownvoted,2,132
whywasmypostdeleted,whywasmypostdeleted,1,1263
whyweretheyfilming,whyweretheyfilming,4,3
wibblies,wibblies,1,3
wicca,wicca,13,1263
wichita,wichita,5,40
wicirclejerk,wicirclejerk,16,6
wicked,wicked,2,2380
wicked_edge,wicked_edge,50,3
wicro,wicro,3,1263
widowers,widowers,2,2380
wien,wien,10,2167
wifesharing,wifesharing,32,5172
wigglebutts,wigglebutts,6,3
wigviral,wigviral,13,3
wiiu,wiiu,86,132
wikidecentralized,wikidecentralized,5,1263
wikiinaction,wikiinaction,20,1263
wikileaks_org,wikileaks_org,2,1263
wikileaksalt,wikileaksalt,1,1263
wikileakstaskforce,wikileakstaskforce,3,1263
wikipedia,wikipedia,56,1263
wikitribune,wikitribune,1,2380
wildanimalsuffering,wildanimalsuffering,2,2380
wildcats,wildcats,8,6
wildernessbackpacking,wildernessbackpacking,14,40
wildhockey,wildhockey,21,6
wildlands,wildlands,3,132
wildlandsmovies,wildlandsmovies,1,132
wildlife,wildlife,4,1263
wildnews,wildnews,59,1263
wildstar,wildstar,35,132
wilfred,wilfred,2,99
william,william,1,1263
williamandmary,williamandmary,5,40
williamsburg,williamsburg,3,13
williamshatner,williamshatner,8,1910
williamsport,williamsport,3,67
willithappen,willithappen,1,1321
wilmington,wilmington,5,40
wimhof,wimhof,2,2380
wince,wince,6,1263
windows,windows,47,5
windows10,windows10,97,5
windowsfuckingdying,windowsfuckingdying,2,5
windowsmasterrace,windowsmasterrace,5,5
windsorontario,windsorontario,5,40
windwakerselfies,windwakerselfies,1,132
wine,wine,33,40
wine_gaming,wine_gaming,3,132
winemaking,winemaking,3,40
wingchun,wingchun,5,13
wings,wings,1,49
winnipeg,winnipeg,39,40
winphonecirclejerk,winphonecirclejerk,26,5
wintercharm,wintercharm,4,1263
wisconsin,wisconsin,50,6
wisconsin4sanders,wisconsin4sanders,26,6
wisconsinbadgers,wisconsinbadgers,7,6
wishlist,wishlist,3,5
wissenschaft,wissenschaft,5,2167
witchcraft,witchcraft,8,67
witcher,witcher,55,132
witcher3circlejerk,witcher3circlejerk,1,132
witchhunt,witchhunt,3,132
withanycontext,withanycontext,2,99
withoutanycontext,withoutanycontext,1,49
withoutcontext,withoutcontext,5,13
withoutthesarcasm,withoutthesarcasm,1,1321
withrice,withrice,4,1263
wizards,wizards,1,3
wizardwars,wizardwars,1,2380
wlresearchcommunity,wlresearchcommunity,4,1263
wma,wma,17,13
wmma,wmma,6,13
wmu,wmu,5,40
wmybag,wmybag,2,5172
woahtube,woahtube,6,2380
wolf359,wolf359,1,1263
wolfbear,wolfbear,1,3
wolfcop,wolfcop,1,2380
wolfenstein,wolfenstein,5,132
wollongong,wollongong,3,3
wololo,wololo,1,2380
wolves,wolves,1,2380
women,women,23,1263
womenfortrump,womenfortrump,7,1263
womenhate,womenhate,9,1263
womeninred,womeninred,1,40
womenpositive,womenpositive,1,1263
womenshredders,womenshredders,9,40
woodcarving,woodcarving,2,40
woodstoving,woodstoving,4,13
woodyallen,woodyallen,1,3
woof_irl,woof_irl,6,3
woooosh,woooosh,24,1263
woosh,woosh,5,3
wootpie,wootpie,1,3
woowoo,woowoo,7,1263
worcesterma,worcesterma,12,40
wordavalanches,wordavalanches,13,3
wordfindingdifficulty,wordfindingdifficulty,1,3
wordplay,wordplay,2,1263
wordpress,wordpress,23,5
words,words,8,1263
wordswordswords,wordswordswords,5,67
wordtrain,wordtrain,1,49
workaholics,workaholics,8,13
workgonewild,workgonewild,2,5172
workingmommy,workingmommy,1,49
workonline,workonline,10,5
worktruck,worktruck,9,40
worldanarchism,worldanarchism,9,1263
worldcrisis,worldcrisis,1,1263
worldcup,worldcup,39,2167
worlddisinformation,worlddisinformation,1,1263
worldevents,worldevents,17,1263
worldleft,worldleft,8,1263
worldnews,worldnews,1179,1263
worldnewshub,worldnewshub,20,99
worldnewsunbiased,worldnewsunbiased,5,1263
worldnewswatch,worldnewswatch,3,1263
worldofpancakes,worldofpancakes,1,40
worldoftanks,worldoftanks,49,132
worldoftanksconsole,worldoftanksconsole,5,132
worldofwarships,worldofwarships,26,132
worldpowers,worldpowers,13,132
worldproblems,worldproblems,14,16
worldwideralphies,worldwideralphies,2,3
wormrp,wormrp,1,40
wornout,wornout,2,2380
worsethantheholocaust,worsethantheholocaust,1,1321
worsewithcontext,worsewithcontext,7,5172
worstepisodeever,worstepisodeever,2,1321
worstgeneration,worstgeneration,5,1263
worstofrpics,worstofrpics,1,40
worststory,worststory,5,160
worthwhilecontent,worthwhilecontent,2,1263
worthyread,worthyread,1,1263
wot,wot,30,99
wotcirclejerk,wotcirclejerk,6,132
wouldhavenotwouldof,wouldhavenotwouldof,1,40
wouldnotbang,wouldnotbang,1,49
wouldyourather,wouldyourather,28,1263
wowcirclejerk,wowcirclejerk,5,132
wowcomics,wowcomics,4,3
wowthissubdoesntexist,wowthissubdoesntexist,1,49
wowthissubexists,wowthissubexists,78,3
wpi,wpi,3,40
wplockscreens,wplockscreens,1,40
wpwishes,wpwishes,3,5
wqhd_wallpaper,wqhd_wallpaper,4,3
wrangler,wrangler,4,13
wrapitinfoil,wrapitinfoil,1,49
wrapsterpiece,wrapsterpiece,2,3
wrasslin,wrasslin,13,95
wrestlewiththeplot,wrestlewiththeplot,11,95
wrestling,wrestling,10,1321
wrists,wrists,2,49
write,write,6,40
writers,writers,11,160
writersdustbin,writersdustbin,2,3
writesscifi,writesscifi,2,160
writingcirclejerk,writingcirclejerk,5,160
writingfertilizer,writingfertilizer,1,1263
writingonthestall,writingonthestall,1,3
writingstyle,writingstyle,3,160
wronginthehead,wronginthehead,2,1263
wrongthread,wrongthread,1,49
wrongthumbnail,wrongthumbnail,1,3
wsgy,wsgy,79,3
wsu,wsu,7,67
wtf,wtf,1079,3
wtf_amazon,wtf_amazon,1,2380
wtf_for_real,wtf_for_real,3,1263
wtf_porn_gifs,wtf_porn_gifs,1,40
wtfamazon,wtfamazon,4,3
wtfart,wtfart,4,3
wtfgaragesale,wtfgaragesale,6,3
wtfnews,wtfnews,1,1263
wtfstockphotos,wtfstockphotos,12,3
wtfwasthatagain,wtfwasthatagain,1,49
wtsstadamit,wtsstadamit,3,5172
wumbowrites,wumbowrites,2,160
wutang,wutang,3,2380
wutcamera,wutcamera,1,40
wwe,wwe,33,95
wwegames,wwegames,13,95
wwgha,wwgha,1,49
wwi,wwi,21,40
wwii,wwii,19,132
wwiiihype,wwiiihype,1,49
wwiipics,wwiipics,11,6
wwoof,wwoof,1,3
wwu,wwu,4,2380
xbox360,xbox360,25,132
xcom,xcom,56,132
xcution,xcution,3,2
xcyclone95,xcyclone95,1,49
xdfp,xdfp,25,132
xenia,xenia,1,1263
xenimus,xenimus,1,132
xenogears,xenogears,2,132
xfiles,xfiles,20,99
xfilesfiles,xfilesfiles,6,99
xidnaf,xidnaf,2,1321
xir0w,xir0w,2,6
xjapan,xjapan,1,2380
xkcd,xkcd,56,3
xmen,xmen,18,99
xntp,xntp,1,1263
xprize,xprize,4,40
xray,xray,10,5172
xtc,xtc,1,2380
xtrasideprkbnsatfdtrk,xtrasideprkbnsatfdtrk,1,40
xtrill,xtrill,14,2380
xwingtmg,xwingtmg,17,160
xxfitness,xxfitness,23,13
xxketo,xxketo,3,132
yale,yale,3,6
yandere,yandere,7,99
yandere_simulator,yandere_simulator,9,132
yandere_simulator_,yandere_simulator_,2,1263
yankees,yankees,9,6
yardworksimulator,yardworksimulator,1,40
yarntrolls,yarntrolls,3,40
yawriters,yawriters,21,160
yearofthelinuxdesktop,yearofthelinuxdesktop,1,49
yee,yee,1,2380
yellingbird,yellingbird,1,3
yellowperil,yellowperil,71,1263
yellowsnow,yellowsnow,1,3
yemen,yemen,5,1263
yemenicrisis,yemenicrisis,6,1263
yesno,yesno,33,5
yesspoilers,yesspoilers,1,49
yestap,yestap,2,4042
yesway,yesway,2,67
yesyesyesdamn,yesyesyesdamn,1,1263
yesyesyesno,yesyesyesno,4,3
yesyesyesyesno,yesyesyesyesno,11,67
yggdrasill,yggdrasill,2,132
yiannopoulos,yiannopoulos,2,1263
yiff,yiff,16,6
yikyak,yikyak,2,1263
yimo,yimo,3,3404
yishan,yishan,10,1263
yishansucks,yishansucks,4,2167
ymrealdeal,ymrealdeal,4,1263
yms,yms,18,3
yoga,yoga,29,13
yogscast,yogscast,75,264
yogscastkim,yogscastkim,5,264
yoi,yoi,4,49
yolo,yolo,1,3
yookalaylee,yookalaylee,9,132
yooper,yooper,3,40
yorkshire,yorkshire,3,2167
yorkshirebusiness,yorkshirebusiness,2,2167
yosemite,yosemite,7,40
youarenowamoderator,youarenowamoderator,2,95
youbigot,youbigot,2,1263
youdontsurf,youdontsurf,52,3
yougotglitched,yougotglitched,6,3
yougotgold,yougotgold,27,49
yougotthejoke,yougotthejoke,2,3
yougottold,yougottold,83,1263
youhaveastorytotell,youhaveastorytotell,3,3
youmakethegame,youmakethegame,1,132
youmightbea,youmightbea,7,160
youneedacomma,youneedacomma,1,49
youneedanewdoctor,youneedanewdoctor,5,13
youngearthcreationism,youngearthcreationism,2,49
youranonnews,youranonnews,3,49
yourbrainliestoyou,yourbrainliestoyou,3,1263
youreonalist,youreonalist,4,1263
youreonalistnow,youreonalistnow,11,132
yourestupidquitit,yourestupidquitit,1,1263
youretheworstfx,youretheworstfx,2,99
yourghoststories,yourghoststories,2,40
yourmomshouse,yourmomshouse,2,1263
yourmomshousepodcast,yourmomshousepodcast,21,1263
youscrewedme,youscrewedme,1,1263
youseecomrade,youseecomrade,11,6
youseeingthisshit,youseeingthisshit,8,3
yousernamestandsfor,yousernamestandsfor,1,49
yousuckblackdick,yousuckblackdick,5,5
youthrights,youthrights,13,1263
youtried,youtried,1,49
youtube,youtube,77,264
youtube__videos,youtube__videos,1,1321
youtube_builders,youtube_builders,1,1321
youtube_fun,youtube_fun,1,132
youtubebackups,youtubebackups,2,5
youtubegamers,youtubegamers,9,132
youtubesyllables,youtubesyllables,1,1263
youtubetitties,youtubetitties,4,5172
youwillbeokay,youwillbeokay,7,13
ypsi,ypsi,7,40
yrc,yrc,6,1695
ytstart,ytstart,1,49
ytvretro,ytvretro,1,49
yugijerk,yugijerk,3,99
yugioh,yugioh,37,99
yuri,yuri,6,99
yurop,yurop,25,1263
yuyuhakusho,yuyuhakusho,4,99
z_quinn,z_quinn,3,132
zadocpaet,zadocpaet,7,40
zago,zago,1,2380
zapopa,zapopa,5,40
zappa,zappa,8,2380
zapstream,zapstream,3,160
zeescheveningen,zeescheveningen,2,1321
zeitungskater,zeitungskater,2,2167
zelda,zelda,75,132
zeldaconspiracies,zeldaconspiracies,3,132
zelfies,zelfies,2,132
zen,zen,57,67
zenhabits,zenhabits,27,1263
zeroescape,zeroescape,6,3
zeropointmodule,zeropointmodule,84,3
zerowaste,zerowaste,3,3
zika,zika,4,4520
zika_virus,zika_virus,1,1263
zing,zing,12,132
zionism,zionism,7,1263
zionismexposed,zionismexposed,3,1263
zionismwatch,zionismwatch,2,1263
zionist,zionist,1,1263
ziplines,ziplines,1,1321
zizek,zizek,13,1263
zjcontroversy,zjcontroversy,2,160
znews,znews,1,1263
zog,zog,13,1263
zombiepilot15,zombiepilot15,1,3
zombies,zombies,28,40
zombiesurvivaltactics,zombiesurvivaltactics,1,1263
zoology,zoology,6,40
zoomies,zoomies,4,3
zoophilia,zoophilia,16,1263
zootopia,zootopia,33,99
zoroastrianism,zoroastrianism,5,1263
zwolle,zwolle,2,3
