subreddit,community_id
ahfforamerica,0
arfpress,0
australiasim,0
australiasimhouse,0
bestofconservative,0
catalanindependence,0
celtic,0
citizenandcountry,0
cmhoc,0
cmhocdebate,0
cmhocmeta,0
cmhocpress,0
cmhocspeaker,0
cmhocstrangersbar,0
cmhocvote,0
colonialmhoc,0
dailychronicle,0
de_vylander,0
freedom2017,0
greenleaves,0
gsplpcndp,0
historicalmhoc,0
historicalmodelusgov,0
iksdagen,0
isitforpresident,0
langevin_block,0
liberationnews,0
libertytribune,0
massociatedpress,0
mbbc,0
mbbc1,0
mbbcamerica,0
mbbcnews,0
mbbcparliament,0
mbbcvoice,0
mbreitbartnews,0
mbzeitung,0
mcbc,0
mchristianinstitute,0
mcnn,0
mcrfriends,0
mctv,0
mepl,0
meumeta,0
meup,0
mforwards,0
mglobal,0
mglobeandmail,0
mguardian,0
mhoc_endeavour,0
mhocball,0
mhoccirclejerk,0
mhocendeavour,0
mhocendeavourbreaking,0
mhoclabourpress,0
mhocldconference,0
mhoclectern,0
mhoclibdempress,0
mhocliberalpress,0
mhocmeta,0
mhocmorningstar,0
mhocpatriotpress,0
mhocpress,0
mhocsi,0
mhocspark,0
mhocstrangersbar,0
mhoctoryconference,0
mhocwagers,0
mhoir,0
mhoirarasnauachtaran,0
mhoiririshtimes,0
mhoirmeta,0
mhoirnuacht,0
mhoirpress,0
mhol,0
mholamendments,0
millbanktower,0
mnfluk,0
mnzgov,0
mnzgovpress,0
modelaja,0
modelasi,0
modelauselections,0
modelaustralia,0
modelaustraliahr,0
modelbarclays,0
modelbaseball,0
modelbellmedia,0
modelbowie,0
modelbowiegov,0
modelbowienews,0
modelcentralstate,0
modelconchrepublic,0
modelcr,0
modelctr,0
modelcuba,0
modeldemos,0
modeleasternstate,0
modelembassy,0
modelenquirer,0
modelespn,0
modelfactor,0
modelfbi,0
modelfirstthings,0
modelforeignaffairs,0
modelfoxnews,0
modelgpc,0
modelheritage,0
modelhuffpo,0
modelicc,0
modelindustrialworker,0
modelkcna,0
modelkickassfacts,0
modelldd,0
modelldiskussion,0
modellibertyreport,0
modellmedia,0
modellmpmedia,0
modellrevolution,0
modelmidwestchamber,0
modelmidwesternstate,0
modelmwsc,0
modelnbcnews,0
modelnbcsports,0
modelnewstatesman,0
modelnewsweek,0
modelnfl,0
modelnhl,0
modelnortheastchamber,0
modelnortheastcourts,0
modelnortheaststate,0
modelnyc,0
modelnzpress,0
modelpd,0
modelpew,0
modelpolitifact,0
modelpotatolobby,0
modelrussiagov,0
modelrussiapress,0
modelsouthernchamber,0
modelsouthernstate,0
modelsupcourt,0
modeltheonion,0
modeltimes,0
modeltrump,0
modelucr,0
modeluefa,0
modelusgovcirclejerk,0
modelusgovnasa,0
modelusgovpress,0
modelushouse,0
modeluslabor,0
modelusmeta,0
modeluspress,0
modelvice,0
modelwapo,0
modelwesternstate,0
modelwhpress,0
modelworldmeta,0
moxun,0
mpoipress,0
mskynews,0
mstormont,0
muswikileaks,0
mwnn,0
mwsummit_public,0
natesgate,0
opsmr,0
plainspeaking,0
politicsnow,0
politiskdebatt,0
providencegroup,0
randomphotographer110,0
reignandterror,0
rightwinguk,0
rmtk,0
rmtkcafe,0
rmtkmedia,0
rmtkmeta,0
rmun,0
social_democrats,0
solidaritynews,0
sssc,0
sunrise2016,0
supcourtwesternstate,0
sverigedemokraterna,0
syrizanews,0
theana,0
thebeacon,0
thebias,0
thecapitolclub,0
thegrandoldpaper,0
thegreenflag,0
thehamiltonpost,0
thehound,0
thei,0
theleft2016,0
thelibertine,0
themodelindependent,0
thenewdeal,0
theprinciple,0
theprogressive,0
theredflag,0
thespade,0
thetorch,0
theworker,0
ukgreens,0
unlockedhq,0
viktardforamerica,0
wahrheitspresse,0
wethepress,0
247doge,1
2wall2street,1
420ism,1
4panelcringe,1
60daysin,1
8bit_kittylove,1
8muses,1
aberdeen,1
abraxasinvitation,1
abraxasmarket,1
abraxasmarketinvite,1
abraxasreferrallink,1
abraxasreferrallinks,1
acceptbitcoin,1
acceptingbtc,1
actsofshibeness,1
actualmoney,1
adagency,1
adflyclickers,1
adviceanlmals,1
aeon,1
aeoncoin,1
aerocoin,1
aethereum,1
against_r_tmbs,1
againstallarchons,1
agmarketplace,1
agoramarketlinks,1
agorareferrallink,1
agorareferrallinks,1
agoraregistrationlink,1
aidencoin,1
airbitz,1
alcoholic,1
algotrading,1
aliceisntdead,1
aliexpress,1
aliexpresscheap,1
aligood,1
allcoins,1
alphaassetmanagement,1
alphabay,1
alphabaymarket,1
alphabayreferrallinks,1
altcoin,1
altcoinforum,1
altcointip,1
altcointrader,1
altnews,1
ama,1
amazone,1
amazontoprated,1
amd_stock,1
americanpegasus,1
americanstats,1
amiwrong,1
amptrader,1
ancap_futurology,1
ancientcoins,1
anglosaxon,1
anoncoin,1
antibitcoin,1
antiqueappraisal,1
antiquebottles,1
antiquefurniture,1
antiques,1
anylink,1
anything,1
appinventor,1
applepay,1
arbys,1
archive81,1
ardor,1
arfid,1
argenbitcoin,1
artcollecting,1
artcommissions,1
artinvesting,1
artstore,1
asheville,1
askashibe,1
askmoderators,1
atot,1
atporn,1
auckland,1
aucklanddrinks,1
audioblivious,1
audiodrama,1
augur,1
auroracoin,1
auscoin,1
ausprogressive,1
austinbtc,1
austinmeshnet,1
australianfascists,1
autistswithmoney,1
automoderator,1
automoderatorrebooted,1
autruche,1
axolotl_peyotl,1
badancapnobitcoin,1
badkerning,1
badreporting,1
bagnisegocalcare,1
balkanpolitics,1
balkans,1
ballbusting,1
bamt,1
banking,1
banknotes,1
bannedfromrbitcoin,1
bapcsalesuk,1
barbie,1
batfacts,1
battlefield_platoons,1
batty,1
bazaarmarkets,1
bcbc,1
bccoin,1
bcexchange,1
beardsgonedoge,1
beercoins,1
beermoney,1
beermoneycanada,1
beermoneyuk,1
behindbars,1
belfast,1
belicoin,1
bellacoin,1
benchjewelers,1
benefactory,1
benjamins,1
benlawsky,1
best_of_crypto,1
bestaliexpressfinds,1
bestofautomoderator,1
bestofbitcoin,1
bestofcantina,1
bestofdnms,1
bestofinvesting,1
bestoftimsposts,1
betmoose,1
betsmma,1
betterbitcoin,1
beyondbitcoinshow,1
bfxvictims,1
bgtow,1
bigri23,1
bilderberg,1
billiards,1
billings,1
bingpong,1
birdman,1
birnabrjansdottir,1
birthdayfreebies,1
bitangels,1
bitask,1
bitbay,1
bitbulls,1
bitcache,1
bitcloud,1
bitcoin,1
bitcoin_ancap,1
bitcoin_censored,1
bitcoin_censorship,1
bitcoin_classic,1
bitcoin_core,1
bitcoin_counseling,1
bitcoin_devlist,1
bitcoin_elitism,1
bitcoin_exposed,1
bitcoin_nodes,1
bitcoin_qi,1
bitcoin_singapore,1
bitcoin_uncensored,1
bitcoin_unlimited,1
bitcoinall,1
bitcoinarchy,1
bitcoinasheville,1
bitcoinatms,1
bitcoinaus,1
bitcoinaustin,1
bitcoinaustralia,1
bitcoinball,1
bitcoinbarbie,1
bitcoinbe,1
bitcoinbeer,1
bitcoinbeginners,1
bitcoinbeyond,1
bitcoinbitching,1
bitcoinbums,1
bitcoinca,1
bitcoinch,1
bitcoincharity,1
bitcoincirclejerk,1
bitcoinclassic,1
bitcoinclassicmarkets,1
bitcoincolombia,1
bitcoincopypasta,1
bitcoindark,1
bitcoinde,1
bitcoindevelopers,1
bitcoindiscussion,1
bitcoindk,1
bitcoindrama,1
bitcoineconomics,1
bitcoines,1
bitcoinextreme,1
bitcoinfanfiction,1
bitcoinfaucet,1
bitcoinfaucets,1
bitcoinflipside,1
bitcoinfrance,1
bitcoinfriendly,1
bitcoingambling,1
bitcoingiveaways,1
bitcoinhardforks,1
bitcoinheists,1
bitcoinhentai,1
bitcoinhistory,1
bitcoininternational,1
bitcoininvesting,1
bitcoinis,1
bitcoinjobs,1
bitcoinlibertarians,1
bitcoinmagazine,1
bitcoinmarkets,1
bitcoinmaximalists,1
bitcoinmeetups,1
bitcoinmemes,1
bitcoinmex,1
bitcoinmini,1
bitcoinmining,1
bitcoinmtl,1
bitcoinmusic,1
bitcoinnews,1
bitcoinno,1
bitcoinocho,1
bitcoinporn,1
bitcoinprivacy,1
bitcoinpuzzles,1
bitcoinsanonymous,1
bitcoinscaling,1
bitcoinscammers,1
bitcoinseattle,1
bitcoinstocks,1
bitcoinsuomi,1
bitcoinswe,1
bitcointechnology,1
bitcointhailand,1
bitcointhecommunity,1
bitcointippers,1
bitcointoday,1
bitcointoronto,1
bitcointradershq,1
bitcointv,1
bitcoinuk,1
bitcoinvenezuela,1
bitcoinveterans,1
bitcoinvzla,1
bitcoinwallet,1
bitcoinxt,1
bitcoinxttalk,1
bitconi,1
bitconned,1
bitdrop,1
bitexla,1
bitfantasy,1
bitfinex,1
bitfinexcal,1
bitfloored,1
bitfusion,1
bithalo,1
bitislands,1
bitmeme,1
bitmessage,1
bitquest,1
bitrated,1
bitrevolution,1
bitru,1
bitrussia,1
bitshares,1
bitsquare,1
bitstar,1
bitstore,1
bitthurt,1
bittippers,1
bitwars,1
blackandgold,1
blackbank,1
blackcoin,1
blackfriday,1
blackfridayporn,1
blackjack,1
blockbin,1
blockchains,1
blockchaintech,1
blockchainu,1
blockchainvr,1
blockio,1
blockseer,1
blockstack,1
blockstreams,1
bluecoins,1
bluekrill_,1
boinc,1
booklovers,1
boolberry,1
bostonindie,1
bottledigging,1
bowling,1
bozeman,1
brasilbitcoin,1
breakoutcoin,1
breakoutgaming,1
breakoutpvp,1
browserdota,1
browsergames,1
brushybrushy,1
btc,1
btc_mod_chat,1
btc_reviews,1
btcbtv,1
btces,1
btcfork,1
btcgreece,1
btcjam,1
btcnews,1
btcscamwatchdog,1
btctradingsignals,1
bubbles2016,1
budcentral,1
buildapcforme,1
buildapcsalesuk,1
bunnionaires,1
bunnycoin,1
bunnycoindev,1
bunnyshibes,1
burpee,1
burstcoin,1
buttal,1
buttbrigade,1
buttcoin,1
buttcoinrebooted,1
buttercoin,1
butterflylabs,1
butthearnia,1
butthurtbutthurtcoin,1
butthurtcoin,1
bys,1
byteball,1
c9marketplace,1
cabalofthebuildsmiths,1
cadeals,1
cairnterrier,1
calibre,1
cambridge,1
canadianfuturistparty,1
canadianinvestor,1
cancun,1
cannabisroad,1
capsol,1
car,1
cardcounters,1
carefirst,1
carolinabitcoin,1
cashmoneyriches,1
casino,1
casualbitcoin,1
catcoins,1
causes,1
cbtbdsm,1
centrist,1
chainofpoints,1
changetip,1
chaosreborn,1
chicagohelicopters,1
chimichangas,1
chinaart,1
chinesecoins,1
chinesereddit,1
choosetheadventure,1
chroncentrates,1
churchofsatoshi,1
cinni,1
citibank,1
clamcoin,1
cleverhash,1
clicksforbeermoney,1
coblee,1
cocainecowboys,1
coin_a_based,1
coinbase,1
coinbasesupport,1
coincapio,1
coincode,1
coindev,1
coindurp,1
coinedup,1
coineyecandy,1
coinfakes,1
coinfaucets,1
coinflow,1
coingiveaways,1
coininvesting,1
coinlaunch,1
coinmagi,1
coinmarketcapjson,1
coino,1
coins,1
coins4sale,1
coinsedotcom,1
coinshield,1
coinsortium,1
cointelegraph,1
coinye,1
coinyebeg,1
coinyecoin,1
coinyethecoin,1
coinyewest,1
collectables,1
coloredcoin,1
commercialrealestate,1
commissions,1
communist,1
composertalk,1
conceptcoin,1
confirmed,1
constipated,1
contest,1
contributoria,1
cookydough,1
copay,1
copper,1
copperhoarders,1
corgicoin,1
cornerstonecoin,1
counterparty,1
counterparty_xcp,1
coventry,1
coyotecoinnxt,1
coyotewallstreet,1
craibaby,1
crefinance,1
crh,1
crhcanada,1
crot_movie,1
crypt0wolf,1
cryptards,1
crypti,1
crypto_currency_news,1
cryptobullionx,1
cryptocoin,1
cryptocoincontrol,1
cryptocompare,1
cryptocreator,1
cryptocurrencies,1
cryptocurrency,1
cryptocurrency_ja,1
cryptocurrencylive,1
cryptocurrencynews,1
cryptoderivatives,1
cryptodev,1
cryptodro,1
cryptoeconomics,1
cryptofanfiction,1
cryptofundraiser,1
cryptogenicbullion,1
cryptoidentity,1
cryptoindia,1
cryptomarkets,1
cryptopia,1
cryptoportugal,1
cryptorigporn,1
cryptortrust,1
cryptospread,1
cryptostakecoin,1
cryptotax,1
cryptotown,1
cryptotrade,1
cryptoubi,1
cryptsy,1
cryptsyinsolvency,1
cryptx,1
cudaadministrator,1
cuecat,1
cultofsatoshi,1
currencyporn,1
cybermonday,1
cylentshadow,1
cypherpoker,1
dagorhir,1
dancarlin,1
daniele,1
dao,1
dao_proposals,1
daodil,1
daotrader,1
darkcoinmarket,1
darkestnight,1
darkmarketsbrasil,1
darknet,1
darknetdeals,1
darknetmarkets,1
darknetmarketsboobs,1
darknetmarketslinks,1
darknetmarketsno,1
darknetmarketsnoobs,1
darknetmarketsnz,1
darknetmarketsoz,1
darknetspace,1
darknote,1
darts,1
dashpay,1
dashtrader,1
daytraderparadise,1
daytrading,1
deadlydiseases,1
deals,1
dearpeople,1
decred,1
deepdotweb,1
deepthoughts,1
deepweb,1
definitelyacult,1
degreestohitler,1
deltaco,1
depreshibe,1
designjobs,1
devcoin,1
dgdtrader,1
diceforbrains,1
digibyte,1
digit,1
digitalcoin,1
digitalcomicsales,1
digitalnote,1
digix,1
disney_infinity,1
disney_infinity_trade,1
distrocoin,1
dnm_memes,1
dnmavengers,1
dnmcirclejerk,1
dnmde,1
dnmparanoia,1
dnmuk,1
dnotesbeg,1
dogcoin,1
doge4dinner,1
doge4tricks,1
dogeart,1
dogeassistance,1
dogeawards,1
dogebay,1
dogebillionaires,1
dogebirthdays,1
dogecavers,1
dogechinese,1
dogecoders,1
dogecoin,1
dogecoin_business,1
dogecoin_india,1
dogecoin_pr,1
dogecoinart,1
dogecoinau,1
dogecoinbeg,1
dogecoinbelgium,1
dogecoinbrasil,1
dogecoinbusiness,1
dogecoinca,1
dogecoinchallenge,1
dogecoincharity,1
dogecoindefenseforce,1
dogecoindev,1
dogecoinfaucets,1
dogecoinfrance,1
dogecoinfundation,1
dogecoingames,1
dogecoingaming,1
dogecoingermany,1
dogecoinhelp,1
dogecoinhypergrid,1
dogecoinisdumb,1
dogecoinlink,1
dogecoinmining,1
dogecoinnetherlands,1
dogecoinphilippines,1
dogecoinpif,1
dogecoinscamwatch,1
dogecoinserious,1
dogecoinstories,1
dogecoinsurvivalguide,1
dogecointranslation,1
dogecoinuk,1
dogecoinv2,1
dogecoinvotingforce,1
dogecontest,1
dogeducation,1
dogeeconomists,1
dogefest,1
dogefood,1
dogeforgames,1
dogegambling,1
dogegoods,1
dogehelmetcontest,1
dogeillionairemakers,1
dogekorea,1
dogelet,1
dogelympics,1
dogemarket,1
dogemc2,1
dogeme,1
dogemeetups,1
dogemining,1
dogenews,1
dogeos,1
dogeplayground,1
dogescavengerhunt,1
dogeseed,1
dogeservice,1
dogesnacks,1
dogespace,1
dogestarter,1
dogestartups,1
dogetag,1
dogetales,1
dogetard,1
dogethereum,1
dogetoolbot,1
dogetrain,1
dogetunes,1
dogevendors,1
dogevids,1
dogeyachtclub,1
doitforthecoin,1
domains,1
dominica,1
donationcoin,1
doner,1
donjonfakes,1
dopecoin,1
doxtank,1
dramapodcasts,1
dream_market,1
dreammarketplace,1
drkcoin,1
drkcoinmining,1
dropbox,1
dropzone,1
drunk_alcoholic,1
duckduckcoin,1
earlyamericancoins,1
eccoin,1
economiccollapse,1
ecurrencyguild,1
efreebies,1
einsteinium,1
electrum,1
elephant,1
elephants,1
elisayamaha,1
elliotrodger,1
els_test,1
emunie,1
engraving,1
enthony,1
entrepreneurs,1
entropydao,1
equibit,1
erisindustries,1
etc_uncensored,1
etctrader,1
eternalbrotherhood,1
etfs,1
eth,1
ethcrowdfund,1
ethcult,1
ethdev,1
etheregen,1
ethereo,1
ethereum,1
ethereumclassic,1
ethereumclassicx2,1
ethereumdiscussions,1
ethereumgov,1
ethereumprice,1
ethereumprogramming,1
ethereumprojects,1
ethereumthoughts,1
ethereumunlimited,1
etherex,1
ethermining,1
etheroll,1
etherplay,1
etherpool,1
etherscan,1
ethetc,1
ethinvestor,1
ethinvestorsgroup,1
ethlaw,1
ethmarket,1
ethstakers,1
ethtards,1
ethtradeclub,1
ethtrader,1
ethtrader_test,1
etoken,1
eu,1
eubazaar,1
eventtown,1
evergreencoin,1
execoin,1
exonumia,1
expanseofficial,1
exscudo,1
factom,1
fairshare,1
fairshareloans,1
fakeid,1
fakeid2,1
fakeidnoobs,1
fakeidporn,1
fakeidtraining,1
fakeiduk,1
fakeyourdrank,1
false1512,1
fankaveteam,1
fapfap,1
farleft,1
feathercoin,1
fedoracoin,1
fedoracoinmining,1
femdomhumiliation,1
ferengialliance,1
fiction,1
fidoruk,1
finance,1
financialadvice,1
financialcareers,1
financialplanning,1
finishinthecomments,1
fintech,1
firmerphallusfirm,1
flapcoin,1
flappycoin,1
flappycoinbeginners,1
flappycoinmarketplace,1
flappytip,1
flashgames,1
flirtcoin,1
flowygame,1
forex,1
forgeries,1
formyhonestreview,1
franko,1
fraudnet,1
fraudnet2,1
freebies,1
freebiesuk,1
freebietalk,1
freebitcoin,1
freebits,1
freecontests,1
freedoge,1
freefood,1
freemagazines,1
freemontanaproject,1
freemusicfindings,1
freestuff,1
freicoin,1
frogdg,1
fuckyou,1
fuckyouone,1
futurism,1
gameforbits,1
gameofmoney,1
gameofnyancat,1
gametheory,1
gamingdeals,1
gatehub,1
gawminers,1
gender,1
getfairshare,1
getgrowing,1
getpimp,1
ghettomining,1
giffgaff,1
giftgold,1
ginblossoms,1
girlsgonecrypto,1
girlsgonedogecoin,1
gishwhes,1
giveaway,1
givecoin,1
givedogecar,1
giving,1
globalboostcoin,1
gnosispm,1
golemproject,1
goodforbitcoin,1
goodkarma,1
goodshibe,1
googleopinionrewards,1
gotcrypto,1
gpumining,1
grandforks,1
greatfalls,1
greenland,1
greenwritingarchives,1
gridcoin,1
gridcoinjobs,1
grimerica,1
gta5onlinefreemoney,1
gta5pc,1
gtamodding,1
gtavunlimited,1
guestblog,1
h3h3teststylesheet,1
hallmarks,1
hansadarknetmarket,1
hansamarketfanclub,1
happybirthday,1
happybirthdayharv,1
hardwaredeals,1
heathen,1
heathenry,1
hedidthemeth,1
helena,1
hirocoin,1
hookah,1
hookahcirclejerk,1
hookahtrade,1
horrorworkshop,1
hypercrypto,1
ibwtofficial,1
icann,1
iceland,1
icocrypto,1
iconomi,1
id_team_six,1
idealreserve,1
idg0d,1
idgod,1
idgod2,1
iexec,1
iiipercent,1
immunology,1
improvrhymetime,1
incognitocoin,1
incrypto,1
infinitytrades,1
innovation,1
instantaddiction,1
interestingredditors,1
internationalnews,1
inversewallstreetbets,1
invest,1
investimentos,1
investing,1
investingcirclejerk,1
investingcj,1
investmentclub,1
investmenteducation,1
investmentproperty,1
investorthinktank,1
ipfs,1
iphones4bitcoins,1
isactuallygoodnews,1
isjewboymarriedyet,1
island,1
isleofman,1
isracoin,1
jahus,1
jailbreakcentral,1
jakeburnett,1
jaxx,1
jobs4bitcoins,1
jobs4crypto,1
jobs4dogecoins,1
jobs4reddcoins,1
jobs4xmr,1
joespool,1
johnwaters,1
joinmarket,1
joshgarzaisafraud,1
jtv,1
jugoslavija,1
justcool393,1
justdice,1
justthebitcointip,1
karma42,1
karma_police,1
karmacoin,1
karmacourt,1
karmacoverage,1
karmateam,1
kcbailiffunion,1
kcexecutioners,1
keepkey,1
keiraknightley,1
ketkatpack,1
kftalk,1
khan,1
kialara,1
kibo,1
kingfallsam,1
kittehcoin,1
knollwood_apartments,1
kraken,1
kryptogifters,1
ksi,1
labrys,1
lajobs,1
landlordadvice,1
landoffakes,1
latvia,1
lawschooladmissions,1
lazycoins,1
leafcoin,1
leagueofgiving,1
learnicelandic,1
ledgertech,1
ledgerwallet,1
legendarycoin,1
legocharity,1
leprocoin,1
letstalkbitcoin,1
libgen,1
libreoffice,1
lighthouseprojects,1
limetown,1
liraelettronica,1
lisk,1
liskdelegates,1
liskmarkets,1
litebar,1
litecoin,1
litecoinmining,1
litecoinprojects,1
litepool,1
livingonbitcoin,1
loans,1
localbitcoins,1
loseitnz,1
lowestprice,1
lsat,1
ltcmarket,1
lulzfunds,1
lunarbets,1
lunarcoin,1
madmoneymachine,1
magicinternetmoney,1
magnetfishing,1
maidsafe,1
maidsafecoin,1
makemoneyfromhome,1
makerdao,1
malebludoglivesmatter,1
mammothcoin,1
manchin,1
mariobroscoin,1
marketinvites,1
markywarky,1
mastercoin,1
matchpool,1
maxcoin,1
maxcoinmining,1
maxcoinproject,1
maxkeiser,1
mazacoin,1
mdnt,1
mediacomposing,1
medievalnorsestudies,1
meganet,1
megcoin,1
meirl_,1
melonproject,1
melroseplace,1
memeplus,1
mergers,1
meta_me_irl,1
metalworks,1
metaredditcancerjerk,1
microcoin,1
microstudy,1
midwestbitcoin,1
migros,1
mikecoin,1
millionairemakers,1
millionmakerslounge,1
mintcoin,1
mintcoinfund,1
mintcoinmarket,1
misfit_shibes,1
missoula,1
mmabets,1
mobiletechrealm,1
modelabc,1
modelaushr,1
modelparliament,1
modelparliamentpress,1
modernchinesecoins,1
moderncoins,1
monero,1
moneromarket,1
moneromarkets,1
moneromining,1
moneromoonprize,1
moneroversuszcash,1
monetas,1
money,1
monkeypilot,1
monoclecoin,1
montana,1
montfortrcs,1
moolah,1
moolah_news,1
mooncoin,1
moonpledge,1
moonshibe,1
morphis,1
mortgages,1
motechittr,1
mpospress,1
msocialistalliance,1
mtgoxinsolvency,1
mtred,1
muchbitcoin,1
mucowa,1
multidoge,1
multimining,1
murraycoin,1
musicoin,1
myforexbuysellclaims,1
myriadcoin,1
myrket,1
mysteryshopping,1
nadamobileapp,1
nakedbitcoins,1
namecoin,1
napkins,1
neebsgaming,1
nem,1
neobee,1
netent,1
neucoin,1
newbitcoinshop,1
newids,1
newquarkbar,1
newsbtc,1
newschina,1
nexxusrewards,1
nicehash,1
niceshibes,1
ninjashibefanclub,1
ninnippus,1
nitrogensports,1
nitrotype,1
njonlinepoker,1
noblecoin,1
nodecoin,1
nodemoney,1
nogovernmentspying,1
noirshares,1
noladeauxge,1
nongold,1
noodlyappendagecoin,1
normalparty,1
norse,1
norsemythology,1
norwegianents,1
notanothertavern,1
notdogecoinfud,1
notes4sale,1
nsl,1
nubits,1
nucleusmarket,1
number26bank,1
numismatics,1
nxivm,1
nxt,1
nyancat,1
nyancoin,1
nyancoins,1
nyangaming,1
nyanmining,1
nyantip,1
nyantrade,1
nycbitcoin,1
nzbeer,1
nzbitcoin,1
nzfood,1
oasisdex,1
obitcoin,1
oc4doge,1
occupycolumbus,1
occupyphiladelphia,1
officialbitcoin,1
officialcredits,1
okcash,1
okcoin,1
oldbooks,1
omgcon,1
omni,1
omniscientshadow,1
onesubmissiveact,1
onion,1
onlinegrocerydeals,1
onlinestreamingsites,1
onlywithcontext,1
openbazaar,1
openislam,1
openmemetics,1
opentransactions,1
optionmillionaires,1
options,1
optionsonly,1
otikatv,1
ourlisk,1
p2pool,1
panda_coin,1
paofacts,1
papermarket,1
papermoney,1
paralelnipolis,1
paycoin,1
paypaltobitcoin,1
pbbg,1
peerbox,1
peercoin,1
peerplays,1
peershares,1
penguincoin,1
pennypupdd,1
pennystocks,1
pennystockwatch,1
petbehavior,1
phoenixmoon,1
photosfromreddit,1
phyrexian,1
picsofdeaddrivers,1
piggycoin,1
pinkcoin,1
piperwallet,1
pirateparty,1
piratepartyuk,1
pirates,1
pivx,1
pixuleco,1
pizzaboyadventures,1
plc,1
plutus,1
pmsforsale,1
pmstradingpost,1
pnws,1
pocketwatch,1
poker,1
poker101,1
poker_irl,1
poker_theory,1
pokercirclejerk,1
pokereum,1
pokershibes,1
pokerstaples,1
pokertheory,1
pokertravis,1
polkadot_io,1
poloniex,1
poopatdaclub,1
popcoin,1
potcoin,1
potcoinjobs,1
potcoinmarket,1
pottery,1
preminecoin,1
pricetargets,1
probono,1
procshe,1
progressbar,1
projectcss,1
projectors,1
projectskyhook,1
projecttox,1
proof_inc,1
propertymanagement,1
protiphq,1
prypto,1
ps4homebrew,1
pumpgroup,1
purseio,1
quant,1
quantfinance,1
quantikxanax,1
quarkcoin,1
quarkomega,1
qubitcoin,1
queer,1
questbot,1
quora,1
qzrestaurant,1
rabbitcoin,1
raiblocks,1
random_acts_of_amazon,1
random_acts_of_lego,1
randomactsofamazon,1
randomactsofsubway,1
randomgifts,1
rapistcommunity,1
raybanreplicas,1
rbitcoin,1
rbt,1
rchain,1
rcrepo,1
reactos,1
realdogecoin,1
realestate,1
realestateinvesting,1
realrobinhood,1
realtors,1
recessionbeard,1
recrowdfunding,1
redactedcharts,1
reddbounty,1
reddcoin,1
reddcoinbeg,1
reddcoinmarket,1
reddcoinmining,1
reddcointippingarmy,1
reddcointippingwars,1
redddev,1
reddit_racing,1
redditbot,1
redditcontests,1
redditcritiques,1
redditdeals,1
redditexchange,1
redditisland,1
redditnews,1
redditstatus,1
redditum,1
refugees,1
remotejs,1
reportthespam,1
reptrader,1
retech,1
rickrocketed,1
rickyisms,1
riddleverse,1
riga,1
ripple,1
ripplers,1
rippletalk,1
riskyclickoftheday,1
robinhood,1
rollerblading,1
rootstock,1
rosehulman,1
rotocoin,1
rouleth,1
rscoin,1
rubycoin,1
ruspolitikk,1
saddit,1
safemarket,1
saffroncoin,1
saltcityminers,1
samourai,1
samstradingacademy,1
sanctuaryrpg,1
sandiegojobs,1
santaclara,1
satoshi_nakamoto,1
satoshistories,1
satwcomic,1
scamwatch,1
scannablefakeids,1
sciencefacts,1
scrotalimplosion,1
scryptmining,1
scryptminingrigs,1
sealswithclubs,1
secrettoon,1
securityanalysis,1
selfaware,1
sentdex,1
seriousdoge,1
seveneves,1
seventhcontinent,1
sexy_saffron,1
sglb,1
shadowcash,1
shapeit,1
shapeshiftio,1
sheepmarketplace,1
shelfjokes,1
sherlockcoin,1
shftz,1
shibecago,1
shibedojo,1
shibemining,1
shibenet,1
shit_ets_says,1
shitaquentsays,1
shitbitcoinhaterssay,1
shitcoin,1
shitrbtcsays,1
shittyaskbitcoin,1
shittyinvesting,1
showercoins,1
showerthoughs,1
shrug,1
shutupandtakemydoge,1
siacoin,1
sigler,1
signupsforpay,1
silkcoinofficial,1
silkroad,1
silverbugs,1
silvercasting,1
simplecrypto,1
singulardtv,1
slavelabour,1
slockit,1
slrep,1
slushpool,1
smarttv,1
smoknfx,1
snooker,1
socialistalternative,1
sociallending,1
softwaredeals,1
soliditydevelopment,1
solvingsybil,1
sorryforyourloss,1
sos,1
sound8bits,1
sourceforge,1
spam,1
spartancoin,1
speculation,1
spellsofgenesis,1
spg,1
sportsbook,1
sportsbookextra,1
spreadcoin,1
sproutscryptocurrency,1
stablecoin,1
stablit,1
stackonmyrack,1
stakemyrep,1
startup,1
stealthcoin,1
steameum,1
steampunk,1
steampunkforsale,1
steemit,1
stellar,1
stickers,1
stlcoin,1
stock,1
stockmarket,1
stocknews,1
stockpick,1
stocks,1
stocksandboobs,1
stoffel,1
storj,1
streaming,1
streamiumlive,1
strongholdkingdoms,1
stuffcoins,1
stukastukastuka,1
subredditcontests,1
subway,1
suchfunding,1
suchlist,1
sudopool,1
suleaks,1
supercoin,1
swingtrading,1
synereo,1
syscoin,1
t:2112,1
taasfund,1
tacocoin,1
tacocoinlottery,1
tails,1
tapirs,1
tax,1
taxpros,1
techkorner,1
techno_commercialism,1
technoanarchy,1
technologyprotips,1
technologyuncensored,1
teddanzig,1
tempidreview,1
templatesnfakes,1
tendermint,1
terracoin,1
tessafowler,1
testimonials,1
testingtesting1234321,1
tether,1
tezos,1
thanks,1
thatsnotasonglyric,1
the_dao,1
theabscondbundle,1
theagoramarket,1
thebarbarianclan,1
thebarbarians,1
thebarons,1
thebritishisles,1
thecosmos,1
thecypherfunks,1
thedailydecrypt,1
thedao,1
thedigitalparty,1
theforkening,1
thefutureisnow,1
theindiebox,1
theinvestmentclub,1
thelawschool,1
themagicmushrooms,1
themostinterestingman,1
themovienation,1
thenextlevelyou2017,1
thepandacoin,1
theprizm,1
therealantacular,1
therealpandacoin,1
theregime,1
theretirementdecision,1
thestellar,1
thestockmarket,1
thetoontowntheory,1
thevotecoin,1
thexanaxcartel,1
theymos,1
thinkgeek,1
thisfuckingawesome,1
thisshouldbecopypasta,1
thisweekscoin,1
thorcoin,1
threewordseach,1
tinyvulgarunicorn,1
tipbotcheck,1
tipdoge,1
tiphound,1
tipmoonbot,1
tipnyan,1
toontown,1
toontown2,1
toontowninfinite,1
toontownrewritten,1
toontownsfunnyfarm,1
topcoin,1
topmarket,1
tormarketplaces,1
torontorealestate,1
totes_meta_bot_spam,1
totesisinnocent,1
trade,1
trading,1
tradingeducation,1
tradingforadults,1
traincoin,1
translatethis,1
translations,1
treebies,1
trezor,1
trucoin,1
truebit,1
truebuttcoin,1
trueyacoin,1
truthereum,1
ttrcirclejerk,1
ttrsupport,1
tunes_and_franco_llp,1
turningintosrs,1
twitchtown,1
twittershibes,1
ukiyoe,1
uksales,1
unclephil,1
und,1
undeadpuffin,1
unexotic,1
universeproject,1
universityofaberdeen,1
universityofauckland,1
universityofmontana,1
unket,1
unobtanium,1
unshaped,1
usacryptocoins,1
useful4me,1
userbattles,1
userbattleslounge,1
usexpattaxes,1
ustocktrade,1
usu,1
utopiamp,1
uwf,1
valhallamarketplace,1
valueinvesting,1
valueinvestorsclub,1
vaporstation,1
venturecapital,1
vericoin,1
verifiedidvendors,1
vertcoin,1
vertcoinmining,1
vertcoinpif,1
vertcointipbot,1
viacoin,1
vincent21212,1
vinlandsaga,1
vintagecameras,1
virtualminingcoin,1
visitingiceland,1
vladare,1
vnet,1
vos,1
wafflepool,1
wallstreetbets,1
walmartsupercenter,1
warwickshire,1
watchbitcoindie,1
wavesplatform,1
wearebitcoin,1
wearebuttcoin,1
wearesatoshi,1
weavervillenc,1
webofcredit,1
webstuff,1
weedstartups,1
weipool,1
wellington,1
wesellcrypto,1
weselldoges,1
westernunion,1
whalebitcointradelogs,1
whatsthisworth,1
whitecoin,1
whycoin,1
winkeladvokatenllp,1
wittertainment,1
wizardsightings,1
worldcoinalliance,1
worldcryptonetwork,1
worldsilvercoins,1
wowcharts,1
writingcontests,1
writingforbitcoins,1
wtfiction,1
wtibets,1
xanzia,1
xcp,1
xdp,1
xmrtrader,1
xotikatv,1
xrptrader,1
yatch,1
yeshump,1
yoyhammer,1
yuan,1
yugoslavia,1
zcoin,1
zdash,1
zec,1
zectrader,1
zenminer,1
zerocoin,1
zetacoin,1
zeuscoin,1
zeusminer,1
ziftrcoin,1
zimstake,1
karakuratown,2
lasnoches,2
seireitei,2
xcution,2
0________0,3
0to100,3
100yearsago,3
1010circlejerk,3
10cloverfieldlane,3
1111comics,3
11bx1371,3
1234,3
12thman,3
13reasonswhyhate,3
13steinj,3
18bfriendzonest,3
1984,3
1linemusicpoetry,3
1stgencelica,3
2014,3
2017isdope,3
2609,3
292277026596,3
2deep4u,3
2jejobsjusticeeconomy,3
2mad4madlads,3
2meirl4meirl,3
2realirl4meirl,3
2spooky,3
30rock,3
311,3
315circlejerk,3
423fags,3
4519,3
52in52,3
59thstreetbridge,3
60fpsporn,3
633hd,3
680circlejerk,3
6thform,3
7719836421125,3
7daystodie,3
7daystodieservers,3
7dtd_official,3
7dtdletsplays,3
80s,3
80scartoons,3
838circlejerk,3
89yearoldfootballers,3
90sbabes,3
90scommercials,3
90sdesign,3
90shiphop,3
90sjerk,3
911,3
98rock,3
a10thunderbolt,3
a858de45f56d9bc9,3
a_hilltop,3
aardvarks,3
aaronsorkin,3
abandonedanimalporn,3
abandonedporn,3
abc123qwerty,3
abcqwerty123,3
abcqwerty123mods,3
abe_lincoln_fanfic,3
aberystwyth,3
aboringdystopia,3
about_quotes,3
aboxofroo,3
abrathatdoesntfit,3
absolutelynotmeirl,3
abyssrium,3
acapellas,3
accidentalartgallery,3
accidentalboobgrazes,3
accidentalcamouflage,3
accidentalcomedy,3
accidentalinsight,3
accidentaljabroni,3
accidentallyracist,3
accidentalracism,3
accidentalrockwell,3
accidentalsurrealism,3
accidentalswastica,3
accidentalswastika,3
accuratebattlesim,3
accursedkings,3
aceofthediamond,3
achievements,3
acidreflux,3
acjcss,3
ack,3
acousticpotatoes,3
actressesgossip,3
actualeagles,3
actuallymadlads,3
actuallynottrending,3
actualmadlads,3
acupuncture,3
adamcarolla,3
adamcarollacirclejerk,3
adame89,3
adamsavage,3
adirondacks,3
adminsimmeta,3
adminsimulator,3
adorabledragons,3
adulteducation,3
adultswim,3
advanceddogtraining,3
adventur,3
adventurecapitalist,3
adventureguild,3
adventuretheory,3
adventuretime,3
advertisingmeta,3
adviceanimal,3
advicehell,3
aerosmith,3
aevannsprofile,3
afol,3
after_shower_thoughts,3
afterlodge,3
againstkarmawhores,3
agility,3
ahodesign,3
aidcirclejerk,3
airbender,3
airbud,3
aircrashinvestigation,3
airedaleterrier,3
airhornremix,3
airplanes,3
airwalk,3
airz23,3
aisin,3
al_irl,3
albany,3
albanyga,3
alberteinstein,3
albumartporn,3
alevel,3
alevels,3
aleyadao,3
aliens,3
aliensamongus,3
alison_tyler,3
allhailcitizenguy,3
alliteration,3
allknowing_okmkz,3
allofreddit,3
allsubreddits,3
allthesciences,3
allthingsdogs,3
almostinteresting,3
almostperfectloops,3
alonetv,3
alpaca,3
aluckycupcake,3
alundra,3
amafromasoiaf,3
amazonflexdrivers,3
amazonrefunding,3
amazonwtf,3
amberbenson,3
ambigrams,3
amcifu,3
americanbully,3
americaneskimo,3
amphibians,3
amputeeporn,3
amstaffpitts,3
anabaptism,3
analogygifs,3
analogyking,3
analpunches,3
anch,3
anchorman,3
andr3wsky,3
andrew,3
androidapptesters,3
andydugan,3
andymilonakislive,3
anexcusetocomplain,3
angel,3
angelsandairwaves,3
angrydragon,3
angrypotato1,3
animalabuse,3
animalbloopers,3
animalcontrol,3
animalcounterparts,3
animalgore,3
animalid,3
animalintelligence,3
animalrescue,3
animals,3
animalsandmirrors,3
animalsbeingawesome,3
animalsbeingbros,3
animalsbeingconfused,3
animalsbeingderps,3
animalsbeingfunny,3
animalsbeinggeniuses,3
animalsbeingjerks,3
animalslookingstupid,3
animalsonhbo,3
animalswithoutnecks,3
animaltextgifs,3
animationthrowdownqfc,3
animegifsound,3
animewasamistake,3
animorphs,3
anonymous123421,3
anorexiclizardpeople,3
anormaldayinrussia,3
antarctica,3
anteaters,3
anthologymemes,3
antiantiatheismwatch,3
anticat,3
anticonspiracy,3
antidrug,3
antijakes,3
antijokes,3
antitroll,3
ants,3
anything4upvotes,3
anythingmayhappen,3
apareidolia,3
apotheoun,3
appstorearttheft,3
aprilfoolday2016,3
apstudents,3
aquajail,3
arachnids,3
arcata,3
archerfx,3
archivedposts,3
arcticmonkeys,3
areyoufuckingsorry,3
areyoutheguy,3
areyoutheone,3
argentina,3
argentinacirclejerk,3
argentinacirclejerk2,3
argentinacocina,3
argentinacringe,3
argentinasubcampeon,3
argentos,3
arggw,3
argsociety,3
armadillo,3
armoredwomen,3
arms,3
arrdef,3
artebrasileira,3
artgw,3
articles,3
artisangifts,3
artrequests,3
artycatnip,3
ascendingkarma,3
asgardia,3
ashens,3
ashkan_irl,3
ashvsevildead,3
asiangirlsbeingcute,3
asianidentity,3
asianpeoplegifs,3
askanengineer,3
askanyquestions,3
askanything,3
askargentina,3
askashittydoctor,3
askashittyparent,3
askashittyphilosopher,3
askbablo,3
askcats,3
askfantasyhistorians,3
askhsteacher,3
askmusic,3
askouija,3
askprwriting,3
askredditafterdark,3
askredditmods_durrx,3
askshittymathematics,3
askshowerthoughts,3
asksteven,3
asktrolly,3
askveddit,3
askvet,3
asmr,3
asoiaf,3
asoiafcirclejerk,3
asoiafreread,3
asoiaftournament,3
asongofmemesandrage,3
asoue,3
ass_krackers,3
asshathackers,3
asskisserreddit,3
assstabbing,3
assurityagile,3
astacology,3
astrocade,3
astronots,3
astrovikings,3
atheismcringe,3
atheismgonewild,3
atheistshowerthoughts,3
athernice,3
atleastonehundred,3
atopiary,3
attackgifs,3
attentiontodetail,3
atx4atx,3
aubreyplaza,3
austin_irl,3
australiancattledog,3
australianshepherd,3
autistoftheday,3
autotrope,3
autowikibot,3
autozone,3
avapoet,3
ave,3
awesome,3
awesomebots,3
awfuleyebrows,3
awkwardboners,3
awkwardtheturtle,3
awlias,3
aww,3
aww_gifs,3
awwducational,3
awwfromtechsupport,3
awwgifs,3
awwhate,3
awwnderwater,3
awwnverts,3
awwtf,3
awww,3
awwwtf,3
axethrowing,3
ayylmao,3
ayylmao2dongerbot,3
azizansari,3
azores,3
b_laget,3
baadermeinhof,3
babycorgis,3
babyelephants,3
babyrhinoappreciation,3
babystacking,3
backpropaganda,3
backyardchickens,3
baconcirclejerk,3
badai,3
badartcriticism,3
badass,3
badbiblehistory,3
badbritishflags,3
badchinese,3
badcosmology,3
baddeereatingchairs,3
baddoggy,3
baddogs,3
badenk,3
badfictionalhistory,3
badflags,3
badjokes,3
badlifechoices,3
badlydrawncelebrities,3
badmath,3
badmedicine,3
badnepaliflags,3
badscificovers,3
badtattoos,3
badtaxidermy,3
badthreads,3
bagels,3
bagtag,3
bali,3
ballistics,3
balloonshop,3
ballplay,3
ballpython,3
ballpythons,3
bam,3
bamboozle_insurance,3
banana,3
bananasareberriestoo,3
bananawisdom,3
band_names,3
baneisanigger,3
bangkokproperty,3
bankingclanmemes,3
bannedforshittypuns,3
bannedfromwtf,3
banpunthreads,3
banterbrigade,3
bantering,3
barefoot,3
bariloche,3
baseballboy95125,3
baseketballmovie,3
basicallyadoctor,3
basinx,3
baskets,3
basset,3
bastioncirclejerk,3
batesmotel,3
bats,3
batterypowered,3
battlebrothers,3
battlefront2,3
battlefrontmemes,3
battlegrounds,3
baww,3
bbuk,3
bc_eagles,3
bca,3
bdsmgonewild,3
beachdogs,3
beachporn,3
beagle,3
beamazed,3
bearclawnipplegifs,3
beardadvice,3
beardeddragons,3
beardoil,3
beards,3
beardsgonecuddly,3
beardtalk,3
bearing,3
bearisland,3
bears,3
bearsrepeating,3
beatdrops,3
beatmetoit,3
beatrat,3
beautifullyterrifying,3
beautifulreddit,3
beautyguruchatter,3
beavisandbutthead,3
beboprockss,3
bedfordshire,3
bedspiders,3
beekeeping,3
beetlejuicing,3
beetles,3
beforenafteradoption,3
behindthegifs,3
belissalovelycx,3
bellhunt,3
ben10fanfiction,3
bengalcats,3
benignexistence,3
berenbierbrigade,3
berensteinconspiracy,3
berkeley_jerk,3
bermuda,3
bernesemountaindogs,3
berniejerk,3
bertstrips,3
bestemmie,3
bestiality,3
bestof2014,3
bestofarchived,3
bestofbrasil,3
bestofcirclejerk,3
bestofcolorizebot,3
bestofedits,3
bestofouija,3
bestofrryd,3
bestofss,3
bestofstreamingvideo,3
bestofsuperscript,3
bestoftwt,3
bestofundelete,3
bestredditlinks,3
beststagecapitalism,3
bettercallsaul,3
bettercirclejerksaul,3
bettereveryloop,3
betternamesforthings,3
betterpositiveindia,3
beyondmbti,3
bgcjcj,3
bhagavadgita,3
biasedlawpllc,3
bichonfrise,3
bidenbro,3
bidenmemes,3
bielefeld,3
bifu,3
bigbangcomics,3
bigbangtheory,3
bigbrother,3
bigbrothercirclejerk,3
bigcon4ceo,3
bigdicklovers,3
bigfluffydogs,3
bikepolo,3
billandphil,3
billikens,3
billmurrayeverywhere,3
billythefridge,3
bimbofetish,3
binghamtonuniversity,3
bingingwithbabish,3
binobeingabully,3
bipolar_irl,3
birbs,3
bird,3
birding,3
birdsbeingdicks,3
birdstakingthetrain,3
birdswitharm,3
birdswitharms,3
birdwatching,3
birthdaydogs,3
bitchmode,3
bitcointip,3
bizarre_states,3
bizarrebuildings,3
bizarrosnoo,3
bjork,3
blackcats,3
blackfyreasoiaf,3
blackjesus,3
blacklabiasmatter,3
blacklabs,3
blackmagicfuckery,3
blackolivesmatter,3
blackpeoplegifs,3
blackscienceman,3
blackvulcangifs,3
blalu,3
blamemillennials,3
bleiburg,3
blep,3
blindspot,3
blockbustervideo,3
bloggersworldwide,3
bloodmugs,3
bloopers,3
bluesdancing,3
bluestopsigns,3
blunderartists,3
blunderyears,3
blunderyears2,3
bmovieideas,3
boardgamescirclejerk,3
boatbuilding,3
bobbit,3
bobsburgers,3
boburnham,3
bodybuildingpics,3
bodymods,3
bodypaint,3
boffer,3
bojackhorseman,3
bollardsbeingdicks,3
bolsonaro,3
bombingcirclejerk,3
bonecollecting,3
bonjovi,3
bonsai,3
boobsfordeadpool,3
boobsorkittens,3
boogeeb,3
boop,3
boostedboards,3
boottoobig,3
bordercollie,3
bored,3
boringreality,3
borrachos,3
bosnaihercegovina,3
bosozoku,3
bostoncollege,3
bostonsocialclub,3
bostonterrier,3
bot_irl,3
botsrights,3
botsrightsinaction,3
bottest,3
bottomlulz,3
botwatch,3
botwatchman,3
boundedlands,3
bowloflemons,3
boxer,3
boxers,3
bozarking,3
braceface,3
bradstion,3
brag,3
brailleskateboarding,3
braindead,3
brasil,3
brasil2,3
bravorealhousewives,3
brazil,3
brazilianmusic,3
brdev,3
breadeddragons,3
breakfast,3
breakingnequam,3
brewery,3
brineleas,3
bringdownticketmaster,3
britishideas,3
britishpornstars,3
brokengifs,3
brokenhorses,3
brokenlizard,3
brokenlogic,3
broncos,3
broomcloset,3
brugal,3
bruisedmanparts,3
bsfyl,3
bsquad,3
btecict,3
bubbline,3
bubbling,3
buckethead,3
budgies,3
buenosaires,3
buffy,3
bugs,3
bulimia,3
bulldog,3
bulldogs,3
bullmastiff,3
bullterrier,3
bullying,3
bumbelshirts,3
bumboroomba,3
bunnygifs,3
burgerconspiracies,3
burgersgonewild,3
businesscards,3
buttexpos,3
butthurt,3
butthurtrepublicans,3
buttrights,3
butttown,3
butwithcontext,3
buzzaldrinfacts,3
buzzfeed,3
buzzfeedtitles,3
bwaredapenguin,3
c137,3
cadenmorandiary,3
cadenreviews,3
cadoshoemaker,3
cakeporn,3
cakewrecks,3
cal_irl,3
calamariraceteam,3
calculationproblems,3
calculus,3
calligraphynottype,3
calmhands,3
calvin,3
calvinandhobbes,3
cameheretosaythis,3
camouflaged,3
canadacordcutters,3
candiceswanepoel,3
candidfashionpolice,3
candy,3
candymakers,3
caninemajesty,3
cannotwatchscottstots,3
canweplease,3
canyoujustnot,3
capecoral,3
capitalismdeaththroes,3
capoeira,3
capslock,3
captaindisillusion,3
captainhair59,3
captainsparklez,3
captchaart,3
capybara,3
caradelevingne,3
cardiology,3
cardistry,3
cardsagainstrumanity,3
cardsandcastlesccg,3
carmemes,3
carpetpythons,3
carsgivingbirth,3
cartoonsinreallife,3
cassiesplace,3
cassiusandclay,3
casualanimalcruelty,3
casualcasualties,3
casualconversation,3
casualgrilledcheese,3
casualtodayilearned,3
cataclysmdda,3
catadvice,3
catahoula,3
catastrophicfailure,3
catastrophicsuccess,3
catbellies,3
catcare,3
catchthefreebooters,3
catconspiracy,3
category5toddler,3
catflowers,3
catgifs,3
cathappened,3
cathighfive,3
catloaf,3
catoween,3
catphysics,3
catpranks,3
catquestions,3
cats,3
catsandmonocle,3
catsandsombreros,3
catsareassholes,3
catseatingpasta,3
catsinbags,3
catsinbusinessattire,3
catsinsinks,3
catsisuottatfo,3
catslaps,3
catsonglass,3
catsstandingup,3
catsvstechnology,3
cattaps,3
catvideos,3
catwiththebat,3
caymanislands,3
cazzeggio,3
cccult,3
ccjcjcjcjcjcjcjcjcjcj,3
cctvfootage,3
celebcannibalfetish2,3
celebrityhardcore,3
celebsfun,3
celery,3
celica,3
cemetery,3
cemeteryporn,3
censoredbyfeminists,3
centralmagnet,3
cephalopods,3
certifiedpuglover,3
cespursdatingtips,3
cfbcirclejerk,3
chadev,3
chads,3
chairs,3
challylads,3
chameleons,3
channel101,3
chaosmagic,3
chapolin,3
chardeemacdennis,3
charleston,3
chattanooga,3
chattanoogamarket,3
chaves,3
cheesesteak,3
cheesyholidaycards,3
cheetahs,3
chemicalreactiongifs,3
chewinggum,3
chewy_undername,3
chhopsky,3
chickenapocalypse,3
chickens,3
chicksfalling,3
chihuahua,3
chihuahuas,3
childpassdenied,3
childrenfallingover,3
childrensbooks,3
childtheories,3
chile,3
chilents,3
chili_t,3
chillconversation,3
chinchilla,3
chizeck,3
chocolate,3
chokingvictimwrites,3
chosen_ones,3
chosenone,3
chowchow,3
chowmane,3
christanity,3
christiancoffeetime,3
christianitymetatron,3
christmas,3
christmascirclejerk,3
christmasmusic,3
chubbydudes,3
chuck_irl,3
churchofoctogrape,3
cinemaculinary,3
cinemagraphs,3
cinemasins,3
cineshots,3
circlefeast,3
circlejerk,3
circlejerkcirclejerk,3
circlejerkrepublic,3
circojeca,3
circojeca2,3
circus,3
citriculture,3
civcirclejerk,3
civilarguments,3
clarkson,3
clarksville,3
clash_royal,3
clashdecks,3
clashroyale,3
clashroyalecards,3
clashroyalecirclejerk,3
classicmovieposters,3
classicoffensive,3
cleancutmasterrace,3
cleganebowl,3
cleverbot,3
clickbait,3
clickforme,3
clicksonlinks,3
climbingcirclejerk,3
clintonfrombehind,3
clojurescript,3
clonewars,3
closetfurry,3
closetotheborderline,3
clotsurvivors,3
clouds,3
cloverfeels,3
cloverfield,3
cloververse,3
clown,3
clown_sightings,3
clownpanties,3
clubesteban,3
clubfreeprettyteen,3
clutchband,3
coaxedintoasnafu,3
cobiesmulders,3
cockatiel,3
cockerspaniel,3
cocksoupmix,3
codehaiku,3
codelyoko,3
codinghumor,3
codyko,3
codyslab,3
coincidence,3
coinflipbot,3
coldwarpowers,3
collegeamateurs,3
collegelife,3
collegestation,3
colonelsandersforpres,3
colorblind,3
columbiners,3
combinedgifs,3
comedybangbang,3
comicprompts,3
comics,3
comm214,3
comm_ents,3
commentchains,3
commentlifeprotips,3
comments_of_reddit,3
commentsgetdrawn,3
commentsoftheyear,3
commenttales,3
community,3
competitivecr,3
compilebot,3
compulsiveskinpicking,3
conan,3
condimentpackets,3
coneofshame,3
confusedboners,3
confusedtravolta,3
confusing_perspective,3
confusinggravity,3
confusingprinters,3
congratslikeimfive,3
consentacles,3
conservativechristian,3
conspiracy_videos,3
conspiracylite,3
contactstaff,3
contagiouslaughter,3
contentawarescale,3
continuityporn,3
controllablewebcams,3
controversial,3
contwhilstrary,3
conures,3
convictedreposters,3
cookieclicker,3
cookiedecorating,3
cooldinosaurpictures,3
coolfoods,3
coolgamesinc,3
coolguides,3
coolmachines,3
coprophiles,3
copypastecreation,3
corbarresurrected,3
corbinreddit,3
corenet,3
corghybrids,3
corgi,3
corgigifs,3
corgisintubs,3
corn_irl,3
cornhub,3
corporatesuffrage,3
corporatethuglife,3
correlationcausation,3
corridor,3
cosmoandwanda,3
cosplaybabes,3
costumeideas,3
couchcensus,3
cougarsandcubs,3
councilofricks,3
counting,3
countingcirclejerk,3
covane,3
cover_this_song,3
cowsactinglikedogs,3
cozyplaces,3
crabmeat,3
crabseatingthings,3
crac,3
crackertown,3
craftsofwestworld,3
crappdesign,3
crappyart,3
crappydesign,3
crappyoffbrands,3
crappywebdesign,3
crazedcomics,3
crazyideas,3
crazyshithappening,3
crazystairs,3
crazytown,3
creations,3
creativecontext,3
creatures_of_earth,3
creepiereveryloop,3
creepiestof,3
creepy,3
creepyencounters,3
creepyinternetvideos,3
creepywikipedia,3
crescentallen,3
crestedgecko,3
crestedgeckos,3
crimemugshots,3
cringepuns,3
cringeworthy,3
cripplingdepression,3
criticalrole,3
croatia,3
crockpot,3
crokinole,3
cropolitika,3
crowdfund,3
crows,3
crredditalpha,3
cryaotic,3
crystalpepsi,3
csgogambling,3
css_irl,3
cthulhu,3
cubers,3
cuberssecretsanta2014,3
cubetrades,3
cubing,3
cubingcirclejerk,3
cudm,3
cuefour,3
cumberbitches,3
curitiba,3
curlsinthesquatrack,3
customeuropeanplates,3
custommagic,3
customsabers,3
cute,3
cutekids,3
cybercuzco,3
cyoagames,3
daboiz,3
dachshund,3
dada,3
daddicks,3
dadfacts,3
dadjokes,3
dadpaste,3
dadreflexes,3
dadrekt,3
dadskills,3
dae,3
daerelevantusername,3
daftlabs,3
daily_funny_pics,3
dailysketch,3
dairyqueen,3
dalhousie,3
dammitcoke,3
damnnatureyouscary,3
damnthatsinteresting,3
dan,3
dan_carlin,3
dancegavindance,3
dancemoms,3
dancinggifs,3
dancingsharks,3
dancingwiththestars,3
dancormier,3
dandidthemath,3
dank_meme,3
dankanimals,3
dankchive,3
dankdata,3
dankmeme,3
dankmemeoftheday,3
dankmemes,3
dankmemezinc,3
dankofamerica,3
dankruto,3
dankvideos,3
danmag,3
dannybeatty,3
dannydevito,3
dapado,3
darknetmarkets2,3
darksoulsirl,3
dartfrog,3
darthvaedor,3
darwinaward,3
darwinism,3
daryldixon,3
daschund,3
dasstar,3
datawithoutgreenland,3
datboi,3
datfeel,3
dave,3
daveramsey,3
davesofthunder,3
davesucks,3
davewinfield,3
david_bowie,3
dazdndcunfusd,3
dcfrenchstudent,3
deadinboxes,3
deadlivingrooms,3
deadpoolhatersclub,3
deadpoollogic,3
deardialogue,3
deathstrikes,3
debryceisright,3
deca,3
decemberists,3
decentlyinteresting,3
deep,3
deepfriedburrito,3
deepfriedmemes,3
deepintoyoutube,3
deepseacreatures,3
deeznuts,3
deeznutsforpresident,3
deeznutz,3
delawarecounty,3
delco,3
delete,3
deleted,3
delightfullychubby,3
deltabot,3
demhandsz81,3
democracy3,3
departmentord,3
depra,3
depressingfridgepoems,3
derby,3
derpporn,3
deservedgold,3
designmemes,3
designoutofcontext,3
desirepath,3
destabilized,3
destinymemes,3
destrehanxds,3
desynchronized,3
dethklok,3
deviantart,3
dexter,3
dfwdiscgolf,3
diabolo,3
diamoinaction,3
diamondjerkytalk,3
diamooftheday,3
dicklips,3
dicksonpepe,3
didntneedtodothemath,3
didthemath,3
digitalpinball,3
dillion_harper,3
dinghysailing,3
dinosaurdrawings,3
dinosaurking,3
dinosaurs,3
dinovgs,3
directdemocracyparty,3
direwolf,3
discdogs,3
discdyeing,3
discexchange,3
discgolf,3
discgolfcirclejerk,3
disciplesoftotes,3
discworld,3
dishwashers,3
dismaland,3
disneyisfuckingmetal,3
disneyoutofcontext,3
disneyvacation,3
disparaged,3
distracted,3
disturbinginterest,3
dittoditto,3
diving,3
diwhy,3
dixiefood,3
diy_tech,3
dobermanpinscher,3
doctorwho,3
doctorwhocirclejerk,3
doctorwholeaks,3
doctorwhumour,3
dofus,3
dog,3
dogadvice,3
dogbees,3
dogbootyattacks,3
dogcare,3
doge,3
dogetipbot,3
dogetipgroup,3
dogfood,3
dogfort,3
doggohate,3
doggosfuckingdying,3
doggus,3
dogloaf,3
dogpictures,3
dogrescue,3
dogs,3
dogsbeingbros,3
dogsbuttlookslike,3
dogsgoingdownslides,3
dogsinballpits,3
dogsinsocks,3
dogsnobs,3
dogsonhardwoodfloors,3
dogsource,3
dogswearinghats,3
dogswhodied,3
dogswitheyebrows,3
dogswithglasses,3
dogswithsticks,3
dogswithvests,3
dogtalk,3
dogtraining,3
dogvideos,3
dolan,3
dolphinconspiracy,3
domesticationismetal,3
domesticbirds,3
dominoesandmachines,3
dongerbenefits,3
dongerville,3
donotcorrectmygrammar,3
dontlookdown,3
dontpanic,3
dontpostanything,3
dontputyourdickinthat,3
donttellmom,3
doodles,3
doordash,3
doorkickers,3
doritos,3
dota2smut,3
doubledenim,3
doubledog,3
doublenegative,3
downtimebananas,3
downvotedbecauseop,3
downvotegifs,3
downvotetrolling,3
downwithets,3
doyoulikepinacoladas,3
dragonstone,3
dragqueens,3
dragracefanfiction,3
dragracereactiongifs,3
draining,3
drawforme,3
drawme,3
dreadfort,3
dresdenfiles,3
drinkingproblems,3
drivermacgyver,3
drivetribe,3
dropthen,3
drosteeffect,3
drunj,3
drunk,3
drunkama,3
drunkasoiaf,3
drunkbiology,3
drunkgirls,3
drunkjokes,3
drunkorakid,3
drunktechsupport,3
drwholegacy,3
dslrfilmmakers,3
dsnucetdgcoliicblpcrt,3
dtipics,3
dubbedgifs,3
dubrovnik,3
duckduckgoose,3
duckingugly,3
ducttape,3
dueling,3
dulwichcollege,3
dumbredditposts,3
dundermifflin,3
dust,3
dutch,3
dutcharegay,3
dutchposer,3
dyrus,3
dythchswtohaizngomsi,3
e621,3
ear_ased,3
earlyadopter,3
earpenis,3
earrape,3
earthflag,3
earthpornerrors,3
eashl,3
easttnchildrens,3
easykarma,3
eatsandwiches,3
ebes,3
eccoloc94922524,3
edf,3
edgyedits,3
editforthegold,3
editlines,3
edthousand,3
educationalgifs,3
edutainment,3
edwingustovsyndrome,3
eeeeeeee,3
efficient,3
eggcorn,3
egnuolplm,3
egret,3
ehhhyes,3
eidolongame,3
eintracht,3
ekg,3
ekgs,3
elaboratesetups,3
electricunicycle,3
eligangsta,3
elkriver,3
ellenpao,3
ellenpaofanclub,3
ellenpaoplehate,3
elmonorojo,3
elsalvador,3
elysiumproject,3
embroidery,3
emergencyshelter,3
emilyosment,3
eminem,3
emojipasta,3
emotestories,3
empiredidnothingwrong,3
empleos_ar,3
ems,3
emusrunningfromstuff,3
emuuprising,3
emuwarflashbacks,3
emwolbs,3
ender,3
engineerpoet,3
engrish,3
enhancement,3
enlightenedbirdmen,3
enlightenedclockmen,3
enoughrarepupperspam,3
entartung,3
enterpreneur,3
entertainment,3
entomology,3
epicmarvtales,3
eposting,3
equalattraction,3
erging,3
eric,3
erik,3
eritrea,3
erk,3
escarosavapers,3
escritoresbrasil,3
esolutions,3
especiallywithcontext,3
essassani,3
essex,3
ete,3
ethiopianfood,3
etra,3
etymology,3
eu_nvr,3
euphonium,3
eurofighter,3
eurofighterworld,3
europa,3
europics,3
eventual_cancer,3
evenwithcontext,3
evergreen,3
every_one_is_mod,3
everybodyisashill,3
everyfuckingthinghate,3
everyfuckingthread,3
everymanhybrid,3
evesgarden,3
evex,3
evexcirclejerk,3
evexplaysnomic,3
evilbuildings,3
ewwducational,3
excessiveheatsinks,3
excgarated,3
excgaration,3
executivesummary,3
existential_crisis,3
exmotrees,3
exoticspotting,3
expectedhamilton,3
expecttheunexpected,3
experthasarrived,3
expertknowledge,3
explainlikeiama,3
explainwithahoedown,3
exteel,3
extremelyinteresting,3
extremelysatisfying,3
extremelyunnecessary,3
eyaib,3
eyes,3
eyesex,3
eyesuphere,3
f1circlejerk,3
f1pcss,3
f22raptor,3
facefolding,3
faceswap,3
faceymcfaceface,3
facingtheirparenting,3
factcheck,3
factorio,3
factoriommo,3
fakealbumcovers,3
fakeasiangifs,3
fakebookcovers,3
fakebutfunny,3
fakecontext,3
fakescenarionames,3
familyfeud,3
fancast,3
fancyasfuck,3
fanedits,3
fanimpressions,3
fanshawe,3
fapsassinations,3
farmingsimulator,3
farpeoplehate,3
farright,3
farside,3
fascinating,3
fasciogrammatico,3
fashpics,3
fastpairing,3
fat,3
fat32peoplehate,3
fat_cat,3
fathermode,3
fatpeopleinscooters,3
fatpeoplethoughts,3
fatsoshop,3
fatsquirrelhate,3
fatwhalehate,3
fawns,3
fbawtft,3
fbiwatchlist,3
fearthewalkingdead,3
feelgood,3
feelslikethefirsttime,3
felinecare,3
felinesoninclines,3
femenism,3
feminazi,3
femininasmr,3
feminismisbad,3
feministpassdenied,3
fencing,3
fermata,3
fermiparadox,3
ffsgarry,3
fhict,3
fiberoptics,3
fiddydoge,3
fidgetspinners,3
fidgettoys,3
fifthworldpics,3
fifthworldpolitics,3
film,3
film_photo,3
filmbrits,3
filmeseseries,3
filteredinternet,3
filthygirls,3
filthyroyale,3
finches,3
findmymanual,3
findthevegan,3
finnishhistory,3
firefly,3
fireflyonline,3
fireporn,3
firesigntheatre,3
fireteamfenrir,3
first,3
first_order,3
firstcrush,3
firstdayontheinternet,3
firstfloorproblems,3
firstworldanarchists,3
firstworldconformists,3
firstworldproblems,3
fishpost,3
fisting,3
fite_me_irl,3
five,3
fiveheads,3
flagermus,3
flagwear,3
flappydoge,3
flash,3
flatout,3
flickr,3
flint,3
flipflops,3
flippyshit,3
floof,3
floorhens,3
flossdaily,3
flowtoys,3
floydthecat,3
fml,3
foodnews,3
foodvideos,3
footbag,3
footpedals,3
foradecasa,3
forcegrey,3
forgottengold,3
forjamaica,3
forjamaicasmom,3
formosasailboats,3
formywife,3
forsen,3
forthegloryofclevva,3
fortmyers,3
forts,3
forwardsfrombabushka,3
fosterdogs,3
found_femdom,3
foundthebitch,3
foundtheprogrammer,3
fourblackbars,3
fox,3
foxes,3
fpua,3
fractalporn,3
framebuilding,3
frameri,3
francehate,3
frankturner,3
frc,3
frederickmd,3
free_karma,3
freediving,3
freedomearth,3
freedonuts,3
freefolk,3
freehans,3
freekarma,3
freekarma4you,3
freekarmas,3
freemasonry,3
freemasonrycirclejerk,3
freemasonryexchange,3
freemspaint,3
freetechadvise,3
frenchhelp,3
freshmemes,3
friends_tv_show,3
friendzone,3
frightfullyfat,3
fringe,3
fringehub,3
friskydingo,3
fritolay,3
frontpagedoritos,3
frontpagerejects,3
froogler,3
frostbitefalls,3
frostshadows,3
frowneduponnotillegal,3
frugal_jerk,3
fuck,3
fuck_best_guy,3
fuckacup,3
fuckants,3
fuckchuck,3
fuckcoop,3
fuckdeadpool,3
fuckdrgeorge_man,3
fuckeasystreet,3
fuckfuckthisusername,3
fuckhaunt,3
fuckhoa,3
fuckinbxocounting,3
fuckindave,3
fuckinganything,3
fuckingdumbshit,3
fuckingwithnature,3
fuckjeff,3
fuckkimjongun,3
fucklinda,3
fucklucas,3
fuckmarrykill,3
fuckmrbugle,3
fuckmrbugle_,3
fuckmyshitup,3
fucknicholas,3
fuckoffmystage,3
fuckolly,3
fuckop,3
fuckpat,3
fuckpearl,3
fuckramsay,3
fuckstannis,3
fuckthemainmemer,3
fucktrampolines,3
fuckyeahwierd,3
fuckyoucunt,3
fuckyouimashark,3
fullhouse,3
fulllengthfilms,3
fullmoviesongoogle,3
fullscorpion,3
fullsweep,3
fun,3
fungal,3
funniestof,3
funnt,3
funny,3
funny_gifs,3
funnyandgifs,3
funnyatheist,3
funnybecausepenis,3
funnycomment,3
funnyfartstories,3
funnygifs,3
funnykids,3
funnymemesforalltime,3
funnymemesxd,3
funnymoment,3
funnyscifi,3
funnyshit,3
funnysigns,3
funnystreetview,3
funnysupernatural,3
funnyvocabulary,3
funwithfriends,3
furniturexorcism,3
furry_irl,3
furryjerk,3
futadomworld,3
futanari,3
futanari_comics,3
futurama,3
futureanthropology,3
futuredarwinawards,3
futureporn,3
futureworldleaders,3
fxstunts,3
gaaaaaaayyyyyyyyyyyy,3
gaiaweb,3
gallifreylive,3
gallowboob,3
gallowboobmasterrace,3
game_gear,3
gameattack,3
gamechanges,3
gameflysocial,3
gamegrump,3
gamehelp16,3
gamehumor,3
gamenightgiraffes,3
gameoftheories,3
gameofthrones,3
gamerjerk,3
gamesofthrones,3
gametheoryofthrones,3
gamingasmr,3
gandalf,3
gank,3
garbagesociety,3
gargoyles,3
garlicbread,3
garlicbreadmemes,3
garrettwatts,3
gaslighting,3
gasmask,3
gavemecancer,3
gavinnsfw,3
gayfaggots,3
gayforhotpie,3
gayforoberyn,3
gaystorylines,3
gba4ios,3
gcse,3
gdamania,3
geckos,3
geenpartij,3
gellis12,3
gemtd,3
genderdoublestandards,3
generally_happy_,3
genreinspiration,3
gentlemancontextdads,3
gentlemangabears,3
genuinemgtow,3
geocache,3
geoff,3
geordi,3
georeg,3
getout,3
gfriend,3
gggg,3
ggggg,3
ghostisesucks,3
ghosts,3
ghostsarereal,3
ghoststories,3
gif,3
gifbattle,3
gifextra,3
giffinishingtoosoon,3
gifrequests,3
gifs,3
gifshop,3
gifsofotters,3
gifsound,3
gifsthatendtoosoon,3
gifsthatkeepongiving,3
gifsthatstarttoolate,3
gift,3
giftournament,3
giftutorials,3
gigawrites,3
gijinkarp,3
gilf,3
gillianjacobs,3
gioxhe,3
giraffe,3
giraffes,3
girlsbeautyvlogs,3
girlscuddlingpuppies,3
girlshumpingthings,3
girlsonbikes,3
girlsselfies,3
girlsurfers,3
gitarhamquotes,3
gjovik,3
gladiatorjesus,3
glitch_art,3
glitch_dev,3
glitch_in_the_matrix,3
glitchedmemes,3
globalgarlicbread,3
glorioushayastan,3
glorp,3
gnostic,3
goa,3
goategg,3
goddammitreddit,3
godhatesyou,3
godjokes,3
godlyspacewhales,3
goldandblacktheme,3
goldbait,3
goldbet,3
goldedit,3
goldenjud,3
goldenretriever,3
goldenretrievers,3
goldreport,3
goldsuggestions,3
goldtrain,3
goldwatchers,3
goldwithlittleupvotes,3
golfcirclejerk,3
golfclash,3
gonewildnegev,3
goodforslothians,3
goodtales,3
goodworld,3
googleearth,3
googleknowswhatsup,3
googlescavengerhunt,3
googlyeyes,3
goonshow,3
goosememes,3
gororoba,3
gotporn,3
gotshowerthoughts,3
gottheories,3
govictoria,3
grammarfail,3
grammarnazis,3
grandmadgaf,3
graphicnovels,3
graphporn,3
grapp,3
grassyass,3
greasy,3
greatcostumes,3
greatdanes,3
greatgatsby,3
greatpyrenees,3
greenbrier,3
greendawn,3
greenday,3
greentext,3
greenvilletx,3
greyhounds,3
greyjoy,3
greypo,3
greypocirclejerk,3
greypojerktalkdiamond,3
greypoooftheday,3
greysanatomy,3
grilledcheese,3
grindsmygears,3
griswold,3
groceryshrinkray,3
growinguppoor,3
grumpycat,3
guessthatspot,3
guessthemovie,3
guessthesubreddit,3
guineapigs,3
gullsgonewild,3
gungan_philosophers,3
gunsexuals,3
guru_laghima,3
guyfeet,3
guygoald,3
guyswhogetit,3
gvesm,3
h3h3productions,3
habitats,3
hackettstown,3
hahastupidredditors,3
hahayouareanigger,3
haiku,3
hail_corporate,3
hailbreakinggood,3
hailcolgate,3
hailcorporate,3
hailcorporates,3
hailhailcorporate,3
hailmarketing,3
hailobama,3
hailpolitics,3
hailscandinavia,3
hailthepolice,3
halloween,3
halloweenprops,3
hamiltonmusical,3
hamstergifs,3
hannibal,3
happenedondigg,3
happiness,3
happy,3
happyfunplayground,3
happygifs,3
happyliving,3
happypeoplehate,3
happyskirmish,3
happysnakes,3
harambe,3
hardcoredadjokes,3
harmoncircles,3
harmoncraft,3
harmonquest,3
harmontown,3
harrogate,3
harrypotheads,3
harrypotter,3
harrypotterdadjokes,3
hauntedattractions,3
haveityourway,3
hawaii2,3
hbo,3
hbogameofthrones,3
headshaver,3
headsock,3
healthinspector,3
hearses,3
heartwarmingreddit,3
heavyseas,3
heb_hob,3
heil_corporate,3
hej,3
helix,3
hellabunk,3
hellscapeporn,3
helpfulshops,3
helpinghand,3
helpingmakethebed,3
helsinki,3
hemligasubredditen,3
heraldry,3
heraldrycirclejerk,3
herdsmen,3
hermitcrabs,3
hero0fwar,3
herpetoculture,3
herpetology,3
hey_look_at_me,3
heyscoops,3
hfgitpi,3
hhgttg,3
hiddenrooms,3
highdesert,3
higheffortnokarma,3
higherconsciousness,3
highered,3
highideas,3
highongoofballs,3
highqualitygifs,3
highschooltheater,3
highthoughts,3
highvalyrian,3
hillariousthreads,3
hillbillylogic,3
himym,3
himymagain,3
hipster,3
hipsters,3
hires,3
hissismylifenow,3
historicalbuttplugs,3
historicalrage,3
hitanimals,3
hitched,3
hitchhikerguide,3
hitlerparodies,3
hitlr,3
hitmanimals,3
hivemind,3
hl3,3
hmmm,3
hmmmgifs,3
hoaxes,3
hodor,3
hogwartsdebateclub,3
holdmybamboo,3
holdmybeer,3
holdmycatnip,3
holdmyfries,3
holdmyjuicebox,3
holdmyturban,3
holidaybullshit,3
hollywoodhandbook,3
hollywoodleak,3
holocaustdeniers,3
holocomment,3
homedepot,3
homemadedogfood,3
homestarrunner,3
homophobia,3
honeybees,3
honorarygold,3
hookertalk,3
hornedserpent,3
horrormoviechallenge,3
horsehate,3
horsens,3
hotchickmonalisa,3
hotdogs,3
hotwheelssoccer,3
houdekharcha,3
houseboat,3
houseboats,3
housemasterrace,3
houseporn,3
howdidthishappen,3
howitstarted,3
hownotto,3
howto,3
howtoskipscoutduty,3
hoya,3
hpcisco7965,3
hprankdown,3
hse_empire,3
hugofdeath,3
hugoflove,3
hull,3
humanmasterspecies,3
humansaremetal,3
humansbeingbros,3
humansbeingcute,3
humansbeingdicks,3
humansbeingjerks,3
humansbeingretarded,3
humorideas,3
humour,3
hungryhungryhumans,3
huntingdogs,3
husbandsharing,3
husky,3
hybpa,3
hybridanimals,3
hypnofur,3
hypocrisy,3
hypotheticalsituation,3
i_know,3
iak,3
iam14andthisiswtf,3
iamatotalpieceofshit,3
iamtheonewhocactus,3
iamversmart,3
iamverycool,3
iamverytired,3
ianstanley87,3
iasip,3
ibo,3
ibojerk,3
icandrawthat,3
icanfaptothat,3
ice_poseidon,3
icecream,3
icecreamsocial,3
icecube45,3
icwxp,3
id4,3
ideafeedback,3
ideasforcc,3
ideasthatmakesense,3
idecidethecontext,3
ididnazithatcoming,3
idiocracy,3
idiotsfightingthings,3
idiotsincars,3
idiotsnearlydying,3
iditarod,3
idleexclamations,3
idonteatbigmacs,3
idontsports,3
idoworkherelady,3
idubbbz,3
ifiwereprimeminister,3
ifuckedupthemath,3
igenforeplay,3
igs,3
igthft,3
iguanas,3
ihatestarwars,3
ihmaiwtd,3
ihopethishappened,3
ilabsightings,3
ilerminaty,3
illdiscgolf,3
illusionporn,3
ilvermornythunderbird,3
im11034andthisisdeep,3
im14andthisisbestof,3
im14andthisisedgy,3
im14andthisisfunny,3
im14andthisishistory,3
im14andthisisnsfw,3
im14andthisistophomo,3
im1776andthisisdeep,3
im75andthisiswtf,3
im_going_to_hell,3
image_linker_bot,3
images,3
imagesofcanada,3
imagesofnewyork,3
imagesofthe1940s,3
imagesofyemen,3
imagestabilization,3
imaginaryarchitecture,3
imaginarydialogues,3
imaginarydinosaurs,3
imaginaryjedi,3
imaginarymaps,3
imaginarymechs,3
imaginaryverse,3
imaginaryweather,3
imahorribleperson,3
imashill,3
imaxgamesb,3
imdrunk,3
imethanbradberry,3
imgoingtogulagforthis,3
imgz,3
imhomsarandthisisdeep,3
imopandimafag,3
impossiblebottles,3
impracticaljokers,3
improvementshoop,3
imsavingupforthis,3
in_n_outburger,3
inaccuratebearfacts,3
inappropriate_gifs,3
inappropriatelol,3
inceptionism,3
inconvenientponies,3
incorrectasfuck,3
incredible,3
independents4sanders,3
indianfood,3
industrialmetal,3
industryporn,3
ineptitude,3
inequality,3
infiniteworldproblems,3
infochammel,3
infuriating,3
initiald,3
injustice2,3
injusticegame,3
injusticemobile,3
inkmaster,3
innuendo_gifs,3
insectporn,3
insects,3
insidejorahshead,3
insidetheirhead,3
insightfulsquirrelmen,3
inspiration,3
inspirationalerrors,3
instagrambattles,3
instant_regret,3
instantregret,3
insulttestinggrounds,3
intentionallypenis,3
interdimensionalcable,3
interestingasallfuck,3
interestingasfuck,3
interestingassfuck,3
interestingfacts,3
interestinggifs,3
interestingstuffabout,3
internetbrasil,3
internetforumdrama,3
internetisbeautiful,3
internetisretarded,3
internetkillers,3
internetparents,3
internetpr,3
inthiscontext,3
intothetunnel,3
intox,3
intwelvehours,3
invadersm,3
invasivespecies,3
invertpets,3
iolpio_and_banana,3
ion_citat,3
iorg,3
iphone_8,3
iphoneography,3
ipl,3
irc_recaps,3
irdl2015,3
irishpride,3
irishwolfhound,3
ironicsigns,3
ironislands,3
irrationaldownvotes,3
irv,3
isadouche,3
iscuck_bot,3
ishatmyself,3
islamicstate,3
islands,3
isthesubnetrecruiting,3
isthisvegan,3
isthiswhereiputmydick,3
italian,3
italodisco,3
itbecameathing,3
itcrowd,3
ithappenedinflorida,3
itookapicture,3
itsadndmonsternow,3
itsaprank,3
itsasmallworld,3
itsaunixsystem,3
itsjasonbourne,3
itsjsonbourne,3
itsrandom,3
itsthetie,3
itthemovie,3
itwasagraveyardsmash,3
itwasunlocked,3
ivanafunny,3
ivefappedtothis,3
iwanttobelieve,3
iwaswrongallalong,3
jackrussellterrier,3
jacksfilms,3
jadensthoughts,3
jaejjjjjjafettbyeg,3
jaffles,3
jakeandamir,3
jakefromstatefarm,3
jakestesting,3
jakosampametan,3
jamesbond,3
janeanegarofalo,3
jaredfromsubwaymemes,3
jaretgoestothemovies,3
jdawg68,3
jedibytes,3
jeepdogs,3
jellorights,3
jellybeantoes,3
jellyfish,3
jennajulien,3
jennalouisecoleman,3
jennettemccurdy,3
jerktalkdiamond,3
jerktalklobby,3
jerktalkplatinum,3
jerktalkpudding,3
jesuscars,3
jesuschristouija,3
jesusfuckingchristwhy,3
jetski,3
jihadpenis,3
jimlast3,3
jimmyjongos,3
jinanenglish,3
jkj3001,3
jmdugan,3
jmri,3
jococruisecrazy,3
jogos,3
johnaddis,3
johnbarrowman,3
johnmcafee2016,3
johnspicks,3
joke,3
jokes,3
jokesfromtv,3
jokestopractice,3
joketheory,3
jolla,3
jon,3
jontronoutoftheloop,3
jonwolf,3
jora,3
jordamn,3
jortshate,3
joshsaid,3
joshuafrancois,3
joshwaters,3
josuee,3
jotboard,3
jthemmaster,3
juggling,3
jugglingjerk,3
jukmifgguggh,3
jurassicpark,3
just18,3
just_post,3
justanglothings,3
justbillnyethings,3
justchecking,3
justcockerthings,3
justdontgetit,3
justforsomelaughs,3
justfuckingnews,3
justfuckmyshitup,3
justgirlythings,3
justhighwaythings,3
justjamesthings,3
justkarmawhorethings,3
justmullerthings,3
justnicolaithings,3
justnormalpeople,3
justokaythings,3
justpostthevideo,3
justredditthings,3
juxtaposition,3
k_gifs,3
kaernten,3
kahoot_codes,3
kanjiklub,3
kanye,3
kanye_west,3
kanyewest,3
kap,3
karma,3
karmaconspiracy,3
karmacourtattorneys,3
karmacourtblog,3
karmaless3,3
karmamartyr,3
karmaplace,3
karmarussianroulette,3
katyacirclejerk,3
kava,3
keepbarbdead,3
kelloggs,3
keming,3
kendalljenner,3
kendama,3
kenm,3
kenme_irl,3
kesha,3
ketchup,3
ketchuphate,3
keto_maintenance,3
ketoaustralia,3
kev10000,3
kevin,3
keywestman,3
kezmetch,3
kfc,3
khadijatousagnia,3
kidswithwhiteboards,3
kilian,3
killerpotatoes,3
killfor,3
killpatick,3
kiltedcajun,3
kim_kardashian,3
kim_kardashian_naked,3
kimkardashian,3
kindereggsgonewild,3
kingcrimson,3
kinkyshowerthoughts,3
kipling,3
kites,3
kittengifs,3
kittens,3
kitting,3
kitty,3
kittypupperlove,3
kjernen,3
klakinn,3
klaushardybreslauer,3
kmja,3
kmultipliedbykfanclub,3
kn0thingsucks,3
knee_irl,3
knightsofpineapple,3
knightsradiantcr,3
knoxville,3
koalas,3
korn,3
kot,3
kpilkington,3
kronk,3
kspflags,3
kyle,3
kymcringeworthy,3
laboratorytuxedo,3
labradoodles,3
labrador,3
lacey,3
laciepettito,3
ladybaby,3
ladybonersgonecuddly,3
ladymras,3
ladystoneheart,3
lag_irl,3
lakecounty,3
lakefrontproperty,3
lamecomebacks,3
lammah,3
landoflinks,3
lapfoxshitpost,3
lapfoxtrax,3
laroja,3
lasertagleague,3
laslomas,3
lastdayonthejob,3
latestageautism,3
latexandloaf,3
latfo,3
latinopeopletwitter,3
latviajokes,3
latvianjokes,3
lawncare,3
lawnmowers,3
lazerteam,3
lazorwulf,3
lazycats,3
lazyfeminismjokes,3
lazypalpatine,3
ldd,3
leafyishere,3
leagueofmemes,3
learndothraki,3
learnruby,3
learntherules,3
learntodroppanties,3
learntofly,3
learnusefultalents,3
learnuselesstalents,3
lebowski,3
leclub,3
led_zeppelin,3
ledootgeneration,3
ledzeppelin,3
leeroyjenkins,3
leetkrewgoose,3
left4dead,3
lefthanging,3
lefunymimes,3
legalteens,3
legitimadefesa,3
legitpiercing,3
legituria,3
lego,3
legobdsm,3
legodeal,3
legoideas,3
legoisland,3
legomasterrace,3
legominifiguredisplay,3
legophotos,3
legoraffle,3
legostorage,3
legotrains,3
lehighacres,3
lemetageneration,3
leonprimrosewrites,3
leopardgecko,3
leopardgeckos,3
lesbians4mick,3
lesecretsubreddit,3
lestemgeneration,3
lethalweapon,3
lettering,3
letteringnottype,3
lettucenewtfacts,3
lewildrage,3
lgbt_de_argentina,3
lgbtvegans,3
liberalismosocial,3
libertariandemocrats,3
libertarianhope,3
libertyville,3
librarians,3
lifeguards,3
lifehacksbyunidan,3
lifeprotipscomputers,3
lifepyrotips,3
lifewithigor,3
lightbulb,3
lightsabers,3
likeus,3
limbless,3
limitedreddition,3
lindsayelyse,3
lineman,3
linkedlibraryofbabel,3
linkgore,3
linkopinguniversity,3
linuxbrasil,3
linuxcringe,3
liohunter,3
lisathepainfulrpg,3
listentothat,3
literallynocontext,3
literaltranslation,3
lithuaniaspheres,3
littlefingered,3
littlehelperrobot,3
littlepersonals,3
littlesafe,3
littlespace,3
littlewargame,3
liveaboard,3
liveconsumption,3
livefromnewyork,3
lizards,3
lmaovideos,3
loadedquestions,3
loadingicon,3
locationsound,3
lockpicking,3
locksport,3
lockswap,3
lol,3
lolbiscuits,3
lolcats,3
lomejorde,3
londonontario,3
longbeards,3
longboardbuilding,3
longboarding,3
longboardingdistance,3
longboardingkanyewest,3
longenoughgifs,3
longmire,3
longstabbything,3
loofafacedshitgibbon,3
lookatmyboyfriend,3
lookforthehelpers,3
lost,3
lost_2,3
lost_generation,3
lotr,3
loudsun,3
love_and_light33,3
lowpoly2d,3
lsfyl,3
lsgmedia,3
lsstest,3
ltcorbis,3
ltracy89jokes,3
lucifer,3
luka_reddit,3
lukecis,3
lukesbookmarks,3
lurkers,3
lynxes,3
macroporn,3
madeinchina,3
mademecry,3
mademesmile,3
madeupdata,3
madlads,3
madmudmen,3
magenta,3
magnetgifs,3
mahler,3
mahouka,3
maille,3
mainecoon,3
mainecoons,3
majorlazer,3
makebeccasmile,3
makemeagif,3
makemecry,3
makescaldagreatagain,3
malamuteadoption,3
maleequality,3
malegrooming,3
malloc64,3
maltomealmasterrace,3
mammaries,3
mandelaeffect,3
mandelajerk,3
manholeporn,3
manillalice,3
manity,3
mantids,3
manufacturingmistakes,3
mapsofirwonz,3
mapswith2newzealands,3
mapswithnojersey,3
mapswithouticeland,3
mapswithoutnz,3
marcopolo,3
marefriends,3
marijuanaenthusiasts,3
marilyn_manson,3
marinebiology,3
marinebiologygifs,3
marinelife,3
marmitebadgerslife,3
marvelmeta,3
masamedda,3
mask,3
maskar,3
masks,3
masonfreedomy,3
masonicbookclub,3
masqueporra,3
massagetherapy,3
masterrate,3
matonym,3
mattdoranhasblueeyes,3
mattengel,3
matthewsantoro,3
matthosszone,3
mattkerle,3
maturechat,3
maturestuffedbuddies,3
matuzy,3
mauvaisconseil,3
mawinstallation,3
maximussugarpopsjoffe,3
maxmsp,3
mayorsofcanada,3
mbmbam,3
mckinney,3
mclounge,3
mcnext,3
mcnsa,3
mcphslifehack,3
mcst,3
me_irl,3
me_irl_video,3
me_kirl,3
meatloaves,3
meatrobots,3
meatrules,3
mechanical_gifs,3
med_humor,3
medford,3
media_news,3
megalophobia,3
megamanlounge,3
mehbobe,3
meirl,3
melts,3
memeconspiracy,3
memeeconomy,3
memeeconomyeconomy,3
memeeconomyx3,3
mememarket,3
memeofthemonth,3
memersfortrump,3
memes,3
memesbymason,3
memestockmarket,3
memetank,3
memetown,3
memphiscirclejerk,3
mendoza,3
meneoftheday,3
menlaughingwithsalad,3
menskirts,3
menslegs,3
meow,3
mercadoreddit,3
merdasbrasildiz,3
merrypranksters,3
merval,3
meta_frugal_jerk,3
metal_me_irl,3
metalocalypse,3
metamandela,3
metatil,3
mewtwoism,3
miamalkova,3
michael7050,3
michaelbaygifs,3
michaeljackson,3
micspam,3
middleeasternmusic,3
middleschoolroasts,3
midnightcouncil,3
mikeglennon,3
mikehawksmockingbird,3
mikestories,3
milanavayntrub,3
mildly_illegal,3
mildlyamusing,3
mildlyboobs,3
mildlyclever,3
mildlyconfusing,3
mildlycool,3
mildlycumshot,3
mildlydangerous,3
mildlydepressing,3
mildlydisgusting,3
mildlydisturbing,3
mildlyeducational,3
mildlyevangelion,3
mildlyfunny,3
mildlygit,3
mildlygoatse,3
mildlyhomestuck,3
mildlyinfuriatedtoad,3
mildlyinfuriating,3
mildlyinteresting,3
mildlymetal,3
mildlymisleading,3
mildlypancake,3
mildlypenis,3
mildlyporn,3
mildlyracist,3
mildlysatisfying,3
mildlyscary,3
mildlysuspicious,3
mildlyterrifying,3
mildlyvagina,3
mildyinteresting,3
mildypenis,3
military_jp,3
militaryconspiracy,3
militaryporn,3
militarystrategy,3
milliondollarsbut,3
mindframe,3
minerapocalypse,3
minerva,3
minijokes,3
minilego,3
minimetro,3
minionhate,3
minionpolitics,3
minions,3
minisegway,3
minisegwaymarket,3
minolta,3
minus,3
mipmbglae,3
miraculousladybug,3
mirwin11,3
misdirection,3
misiones,3
misleadgoogle,3
misleadingpuddles,3
misleadingthumbnails,3
misleadingtitles,3
misophonia,3
misreddit,3
misspelledposts,3
mittromneystory,3
mixedemotions,3
mjek421,3
mkd,3
mmidd16_test,3
mnwildlings,3
mobiustrips,3
mobydick,3
mod_any_redditor,3
modabuse,3
modelgalacticsenate,3
modeltrains,3
moderationseverywhere,3
modern_pentathlon,3
modeveryone,3
modgifs,3
modless,3
modsarehitler,3
moistgarage,3
moji,3
mom,3
moneromarketing,3
monkeypics,3
monkeys,3
monsterdeconstruction,3
monstergirl,3
monstergirlquest,3
monstermusume,3
moonbasemmo,3
moonhoax,3
moonman_industries,3
moonmoon,3
mora,3
morbiddadjokes,3
morganwade,3
morrissey,3
mortalonline,3
mosquitooutlines,3
mostbeautiful,3
motherlyadvice,3
moths,3
motivatinggiraffe,3
motorcyclememes,3
mourinhogifs,3
moustache,3
movember,3
movieideas,3
movieposterporn,3
moviesonlinefree,3
movingtargetgaming,3
mrrazmuss,3
mrrepzion,3
mrrobotarg,3
ms_paint_doodles,3
msdn,3
mspaint,3
mst3k,3
mugen,3
multitrackdrifting,3
musclecars,3
museumofreddit,3
mushrooms,3
musicalcomedy,3
musicformywuv,3
musicplayer,3
musicwebgames,3
muxiphobia,3
myevilplan,3
myfather,3
myiasis,3
mykidisverysmart,3
mylifesuxnow,3
mynextband,3
mynoise,3
mypeopleneedme,3
mypersonalbestof,3
myrll,3
myrovian,3
mysterylittleliars,3
mysterymoo,3
mysteryspaghetti,3
mysummercar,3
nabisco,3
nailedit,3
nakedonstage,3
nameaserver,3
namflashbacks,3
nan0zer0,3
nanoblock,3
narutocirclejerk,3
nathanforyou,3
natifu,3
nativeamericanjoe,3
naturaltitties,3
naturegifs,3
natureisbeautiful,3
natureisfuckinglit,3
natureisfuckingnope,3
natureismetal,3
natureisrapey,3
nbn,3
ndnc,3
nearhate,3
neature,3
nebelung,3
nebraska_wesleyan,3
neckbeardfashiontips,3
neckbeards,3
needabro,3
negativecomments,3
nene,3
nenes,3
neoanalysis,3
neopets,3
neovirtualreality,3
nerdpowerbr,3
nerdstuff,3
nerfjihad,3
nerk,3
netflixnchill,3
netnegative,3
neverbrokeabone,3
neverendingpastasoul,3
neverforgetpete,3
nevertellmetheodds,3
nevertellthemods,3
newbeetle,3
newgirl,3
news_blog01,3
newsofthestupid,3
newsporn,3
newsspiritworld,3
newyeareve,3
nextfab,3
nflcirclejerk,3
nggyu,3
nhbeer,3
niceb8m8,3
nicememewatch,3
nicerecoverybro,3
nickapprovedjokes,3
nickelodeons,3
nicksanoob,3
nigelthornberry,3
nightmareprincess,3
nightvale,3
nihilistmemes,3
nintendogifs,3
nintendogs,3
nlsscirclejerk,3
nmssdb,3
no_til_story,3
no_turn_unstoned,3
nobleamnesia,3
nocontextbandnames,3
nocontextpics,3
nocrychallenge,3
nofapcirclejerk,3
noir,3
noisygifs,3
nojumper,3
nomorals,3
nonenglishmusic,3
nongolfers,3
nonononoaww,3
nonononoyes,3
nonsense,3
noonions,3
nope,3
nopee,3
noplastic,3
nordvei,3
norge,3
norgefornordmenn,3
normiesout,3
norsemythologyrp,3
northcharleston,3
northrupphoto,3
noseriding,3
noshit,3
nosmallparts,3
nostalgia,3
nostalgiatv,3
nostupidtheories,3
notbirdswitharms,3
notchimichangas,3
notdeadyet,3
notfoolinganybody,3
notfunny,3
nothing,3
nothinghere,3
notinteresting,3
notkenm,3
notmyjob,3
notocd,3
notperfecttiming,3
notstraight,3
notsureifsarcasmyet,3
nottimanderic,3
nottrending,3
notusualyintomrbtwtf,3
nouvelletaglinedusub,3
novationlaunchpad,3
novotvorenice,3
nowiknow,3
npbfaghaters,3
nscalemodeltrains,3
nsfw_archive,3
nsfw_busted,3
nsfw_wtf,3
nsfwautism,3
nsfwcelebarchive,3
nsfwcosplay,3
nsfwcostumes,3
nsfwexpectations,3
nsfwfunny,3
nsfwgreypo,3
nudelete,3
nudes4pizza,3
nudesue,3
nudityreviews,3
nun,3
nurserynightmares,3
nutritionscience,3
nwi,3
nycrideables,3
nyto,3
nyxnyxnyx,3
oasis,3
oberynlives,3
objectmanipulation,3
objectpeople,3
occupylangley,3
ocd,3
ocdporn,3
oceans,3
ococtatiat,3
ocpd,3
ocws,3
odditycollectors,3
oddlyarousing,3
oddlybeautiful,3
oddlysatisfying,3
oddlysatispi_ing,3
oddlyterrifying,3
oddlyunsatisfied,3
oddlyunsettling,3
oddlyweird,3
odesza,3
odometerporn,3
oecake,3
ofcoursethatsathing,3
officegossip,3
officialafs,3
officialafsarchive,3
officialprl,3
og_ops,3
ogden,3
ohchad,3
ohhellnaw,3
okaycomments,3
okayestof,3
okcthulhumonument,3
olafsworker,3
oldbabies,3
oldenburg,3
oldladiesbakingpies,3
oldmandog,3
oldnews,3
oldpeoplefacebook,3
oldpeoplehate,3
oldschoolcool,3
oldschoolcreepy,3
oldschoolfap,3
oldschoolsmokeshow,3
oldschooltechporn,3
olympia,3
onabf,3
onejob,3
onenationunderian,3
oneparagraph,3
onepercentlifeprotips,3
onereviewsentences,3
oneshotpodcast,3
onetruedog,3
onetruegod,3
onetruerobbierotten,3
onionhate,3
onionlovers,3
onionpeace,3
onlineshoppingmedia,3
onlycamwood7postshere,3
onlyintheory,3
onlyswearing,3
onlytopposts,3
onthemoney,3
ooer,3
oopisbad,3
oopsdidntmeanto,3
ooshmeggityoo,3
opdelivered,3
opdelivers,3
openai,3
opinionsonly,3
oppailove,3
orange,3
orangemind,3
order66,3
ordercorn,3
originaljokes,3
originallines,3
orionsarm,3
ornithology,3
orwhatever,3
osha,3
oslo,3
osteology,3
otolaryngology,3
otterable,3
ouchmyballs,3
ouijaisfuckinglit,3
outofcontextcomics,3
outofthejerk,3
outruncirclejerk,3
ovaltine,3
overjerked,3
overproduced,3
oversaturation,3
overwatch_memes,3
oviedo,3
owenandollie,3
owlcity,3
pachaedits,3
packsci,3
padmemes,3
padres_argentina,3
paintballbst,3
paintcomposer,3
palatecleanser,3
paleonews,3
paleoskincare,3
palletstorage,3
palletstoragegonewild,3
pancakes,3
panda,3
pandamoon,3
pandr,3
panoramicactivity,3
panoramicsgonewrong,3
paohate,3
papercraft,3
papergirls,3
parade,3
paradoxis,3
paraguay,3
parakeets,3
paralegal,3
parappa,3
parata,3
pareidolia,3
parentalreactions,3
parentingfail,3
parentmemes,3
parentsoftheyear,3
parking,3
parmeseanchickenhate,3
parody,3
parrots,3
partialfingerclub,3
participationtrophy,3
partyfavors,3
passiveaggressive,3
pastafarianism,3
pastlives,3
pastoring,3
patches765,3
pathofdiablo,3
patrig,3
patriotsftw,3
pcmasterace,3
pcmusic,3
peanuts,3
pedant,3
pedantic,3
pedantry,3
pedants,3
peeart,3
peekers,3
peenjacking,3
peinis,3
pekinillinois,3
penaajena,3
penguinpics,3
penisgraffiticoverups,3
penmanship,3
penmanshipporn,3
pennjillette,3
pensacola,3
peoplefuckingdying,3
peopleofearth,3
peopleofthesubway,3
peoplewhohatekevin,3
peoplewithbirdheads,3
percyjacksonrp,3
perfectfit,3
perfectfitcirclejerk,3
perfectloops,3
perfecttiming,3
perocristina,3
peronia,3
personalgrowthchannel,3
pervyteenagecomebacks,3
pestcontrol,3
pet,3
pet2ch,3
pet_advice,3
petadoption,3
petadvice,3
petdoves,3
petercapaldi,3
peterdavison,3
petfree,3
petmice,3
pets,3
pettyanarchy,3
pfcjcirclejerk,3
pgawards2017,3
phaethism,3
phascinatingphysics,3
phikappatheta,3
phonegifs,3
phonewallpapers,3
photobomb,3
photoedited,3
photoshopbattles,3
photoshopcomments,3
photoshoprequest,3
photoshopsofkimjongun,3
photoshoptroll,3
photoshoptrolls,3
photoshoptutorials,3
physec,3
physicalgif,3
physics_awt,3
physicsgifs,3
physicsisabitch,3
physicsjokes,3
pic,3
picklemilitia,3
pickuplines,3
picrequests,3
picrequestsorphans,3
picsofmenwiththings,3
picsofwaterandthesky,3
picturesofmymom,3
pieceofshitbookclub,3
piercing,3
pigeon,3
pigifs,3
pikachu,3
pilesofthings,3
pimpyourmomforkarma,3
pinball,3
pineapple,3
pineapple2016,3
pinkfloyd,3
pinkfloydcirclejerk,3
pinkpanther,3
piratecats,3
piratesofthrones,3
piss,3
pitbull,3
pitbullbodylanguage,3
pitbulls,3
pixel_phones,3
pixelartdaily,3
pizzahut,3
pizzaproposals,3
pjrp_community,3
pka,3
pkagaming,3
placepreservation,3
placerewritten,3
planetquake,3
plasticbagporn,3
platinumcomments,3
playingcards,3
playitagainsam,3
playlisterbot,3
pleasantexchange,3
pllcirclejerk,3
plnu,3
plottwist,3
plumbing,3
plushophile,3
plywood,3
pm_me_ur_nudes_4poem,3
pm_me_your_gifs_girl,3
poamcstwd,3
pocatello,3
pod6,3
pof,3
pointlessedits,3
pointlessterrorism,3
pointy_s_meme,3
pokego,3
pokemonapex,3
pokemongosaskatoon,3
pol__invictus__risen,3
polarbears,3
polishgauntlet,3
polite_users_bot,3
politicalbeauty,3
politicalcartoons,3
politicallyincorrect,3
politota,3
pomeranians,3
pooalexa,3
poodlecorp,3
poodles,3
poop,3
poopathon,3
poopfiasco,3
poopiphanies,3
poopsacks,3
poopstories,3
popartnouveau,3
poppytea,3
poptarts,3
popupbooks,3
porn_irl,3
pornanalysis,3
pornified,3
portaltrees,3
portraitphotos,3
portuguese,3
positivepepe,3
postal,3
postandshare,3
postearth,3
postelectionrage,3
postmetal,3
potsdam,3
pottermorewritings,3
potuswatch,3
poultry,3
powerkitten,3
powerrangers,3
practicallegoskills,3
prairiedogporn,3
pratchett,3
prayformantis,3
preaching,3
preachtheturtle,3
precognition,3
predictablereply,3
pregnantorhigh,3
preppercars,3
prequelmemes,3
presshearttocontinue,3
prettydisgusting,3
prettylittleliars,3
prettyteenagers,3
pricechopper,3
privilegedpeoplegifs,3
proalcoholism,3
problemdotsolved,3
professoranupdesai,3
programmercirclejerk,3
programmerdrama,3
programmerhumor,3
programminghorror,3
prom,3
promosbr,3
propagandaonreddit,3
prorock,3
prose,3
protectreddit,3
prototek,3
prototypegame,3
prsh,3
pstea,3
psyc2371,3
psychicpebbles,3
psychicsupportgroup,3
psycho_alpaca,3
ptsdfromretail,3
pubattlegrounds,3
pug,3
puggle,3
pugs,3
pugsliterallydying,3
pumpkins,3
pun,3
punbelievable,3
punchains,3
punfights,3
punintended,3
punk_rock,3
punnit,3
punny,3
puns,3
punthreads,3
pupliftingnews,3
puppies,3
puppiesvsstairs,3
puppy,3
puppy101,3
puppysmiles,3
pureasoiaf,3
pureasoiafcirclejerk,3
purplecoco,3
putin2012,3
pwblfarct,3
pxifrm,3
pyongang,3
pyrowolf8,3
qdzb,3
qtym,3
qualityfloors,3
quibblerapp,3
quitejarringirony,3
quittheirbullshit,3
quityourjackdawshit,3
quityourrepost,3
quixotica,3
quizhoid,3
quotemebot,3
qwertycourt,3
r4rdfw,3
rabbitdiy,3
rabbits,3
rackspace,3
radd_it,3
raddudes,3
radicalhistory,3
radioheadcirclejerk,3
rafale,3
ragingbear,3
railroad,3
railroading,3
raining,3
raiseyourdongers,3
raisin,3
rampaige,3
ranchounicorno,3
randomactsofmakingout,3
randomactsofshaving,3
randomactsofwingman,3
randomartsofwar,3
randomdandd,3
randomgimli,3
randomshitposts,3
randomspark,3
randomstories,3
randytaylor69,3
rantsfromretail,3
rapbattlefield,3
rapehoaxes,3
rapevan,3
rapidescalation,3
rapingmurderers,3
rarepuppers,3
ratinacage,3
rats,3
rattit,3
ravenhaired,3
reacherorsettler,3
reactionpics,3
reader313,3
reallifedoodles,3
reallifemtg,3
realmeat,3
realsaltlake,3
rebellegion,3
rebuildtheuniverse,3
rec4thedman,3
recursiveimagethreads,3
reddetdev,3
reddifacts,3
redditcatalog2015,3
redditcliches,3
redditcommentchains,3
redditcommenthof,3
redditdayof,3
redditedu,3
redditforensictools,3
redditforest,3
redditfortherestofus,3
redditgetsdrawn,3
reddithateswomen,3
redditirl,3
redditisfacebook,3
redditisfulloffaggots,3
redditlies,3
redditlovescats,3
redditmadeasong,3
redditnotes,3
redditores,3
redditorpredicts,3
redditorsrs,3
redditp,3
redditpets,3
redditpsychoanalysis,3
redditpuns,3
redditpunthreads,3
redditquote,3
redditquotes,3
redditracebait,3
redditrefined,3
redditrepost,3
redditretweet,3
redditroadrage,3
redditscrabble,3
redditsings,3
redditsmuseumoffilth,3
redditspells,3
redditsquirrels,3
redditstories,3
redditthecomic,3
redditwritesiasip,3
redditwritessunny,3
redditwritestheoffice,3
redditzeroroyale,3
redlettermedia,3
redneckengineering,3
redpillfeminism,3
redpillhumor,3
reducereuserecycle,3
reee,3
reeeeeeeeeeeee,3
regent_of_stories,3
reincarnation,3
relaxinggifs,3
relevantmanga,3
relevantname,3
relevantusername,3
religioninamerica,3
religiousexperiment,3
remindmebot,3
remindsmeofdf,3
rennit,3
repaintings,3
reportthepedophile,3
repostburns,3
repostchamps,3
reposteria,3
repostforkarma,3
repostsfromyesterday,3
reptiles,3
reptiliancelebs,3
reptiliandude,3
reptronics,3
resannouncements,3
rescue,3
rescuedogs,3
resentfulanimals,3
resissues,3
respectfullyyours,3
responseteam,3
resthemes,3
retiredalibaba,3
retiredbot,3
retiredcaptions,3
retiredcomment,3
retiredgifsound,3
retiredjpeg,3
retiredjpegs,3
retiredmaymays,3
retiredpic,3
retiredpuns,3
retiredresponse,3
retiredspecieses,3
retiredsub,3
retiredsubreddit,3
retiredsubreddits,3
retiredsubs,3
retiredsurvivorgif,3
retiredtitles,3
retiredusername,3
retiredvideos,3
retiredyoutube,3
retiredyoutubevideos,3
retorted,3
retrodespotism,3
retrofuturism,3
revered_beard,3
reverseanimalrescue,3
reversegif,3
reviewcircle,3
revivememes,3
rewording,3
reynad,3
rgbgonewild,3
rgs,3
rhettandlink,3
rhodesia,3
rhps,3
ricesnot,3
richpeoplebullshit,3
rickandmorty,3
rickandmortyjerk,3
rickandmortypodcast,3
rickrollbattles,3
rickygervais,3
ridgebacks,3
riffraff,3
riflegun2,3
rights4men,3
righttodie,3
rijeka,3
riodejaneiro,3
riograndedosul,3
riphearthstone,3
ripnfl,3
rising,3
riskyclick,3
rkoouttanowhere,3
roaches,3
roadbingo,3
roadkillballoons,3
roast_me,3
roast_me_,3
roastme,3
roastmeta,3
roastmyself,3
robo,3
roboriders,3
robotchicken,3
robotcyclone,3
robotsrights,3
robotuprising,3
rocd,3
rockbalancing,3
rockford,3
rockleesmile,3
rolex,3
rolledatwenty,3
rolledin2015,3
rollercoasterjerk,3
rollercoasters,3
rollofinches,3
roorh,3
roppongi,3
rosario,3
roseburg,3
rosicrucian,3
rottenmayo,3
rowing,3
royaleconspiracy,3
royalerecruit,3
rpdr_heathers,3
rpdrbussybois,3
rpdrcirclejerk,3
rpdrcjcirclejerk,3
rpdrclique,3
rpdrcringe,3
rpdrdrama,3
rpdrdramadrama,3
rpdrfanart,3
rpdrsjw,3
rpdrtearanny,3
rpghumor,3
rpi,3
rrx,3
ru_epl,3
rubbingherpussy,3
rubegoldberg,3
rubensole,3
rugbyworldcup,3
run,3
runmyrobot,3
runningjokes,3
runningwithdogs,3
runwaynudity,3
rupaulsdragrace,3
rupaulsdragracedrama,3
rupaulsdragraceuk,3
rusescape,3
russianimmersion,3
russiansontheinternet,3
russmartinshow,3
rutherfordnj,3
ryand,3
rykerhate,3
rylisjetv,3
rymdgymnasiet,3
rymdkommunism,3
sabaton,3
sadaskscience,3
safekeeping,3
sailboatcruising,3
sailing,3
saintcomix,3
salemwitchesinstitute,3
saltingspaghetti,3
saltyedits,3
samandpaul,3
samneill,3
sanders_for_president,3
sansastark,3
sanscontext,3
sanspantsradio,3
santaclarita,3
santiago,3
saopaulo,3
sarah_xxx,3
sashant,3
saskatchebrave,3
saskatoon,3
satisfiftyfifty,3
satisfyingassfuck,3
sausagestocking,3
saveit4later,3
savethebirds,3
sb4b,3
sbahjmemes,3
sbosrauof,3
sbuxpartners,3
scalingheights,3
scambait,3
scandalist,3
scape,3
scatporn,3
scfavss,3
schaumburg,3
schenectady,3
schenectadyny,3
schizotypal,3
schmoesknow,3
schmoyoho,3
schnauzers,3
schuylerl,3
scienceofdeduction,3
sciencepictures,3
scienceplayground,3
scifi_shortfilms,3
scifirealism,3
scmpauto,3
scorpion,3
scottishrite,3
scp,3
scp682,3
scrapmetal,3
scratchthedarkness,3
screamingfish,3
scriptstoldbackwards,3
scrubs,3
scuba,3
scufious,3
sdss,3
seacreatureporn,3
seal,3
secondworldproblems,3
secrecy,3
secretcompartments,3
secretsanta,3
secretsubreddit,3
see,3
seethru,3
seeyoulateralligator,3
seinfeldgifs,3
selben,3
selfcockblock,3
selfieaday,3
semanticsatiation,3
seniorpets,3
sentencegore,3
sequestertv,3
serene,3
serialreposting,3
sermonprompts,3
service_dogs,3
seut,3
sexykyle,3
sexynosleep,3
sexypizza,3
sexypolice,3
sfr4r,3
sfrj,3
sfwporngifs,3
sfwredheads,3
shadowfist,3
shaggydogstories,3
shambhala,3
shaneisms,3
shaqholdingthings,3
sharefeed,3
shareislove,3
sharialaw,3
sharingstories,3
sharks,3
sharkswithhumanteeth,3
sharktopus,3
shatter,3
shaveoftheday,3
shawonvaiit,3
sheltie,3
sherlock,3
shex,3
shhbbyisok,3
shiba,3
shibe,3
shipping,3
shit,3
shit4chansays,3
shit_circlejerk_says,3
shitcirclejerksays,3
shitcommunistssay,3
shitdedditsays,3
shitdogpeoplesay,3
shitimperialboossay,3
shitjidfsays,3
shitmyfriendssay,3
shitmysistersays,3
shitmyvetsays,3
shitpogsays,3
shitpost,3
shitpostandmod,3
shitpostinganarchy,3
shitpostshitpost,3
shitredditgilds,3
shitredditmemes,3
shitredditspells,3
shitredditssays,3
shitrunefallsays,3
shitsherbrookesays,3
shitshitpost,3
shitshitshitpost,3
shitshitshitshitpost,3
shitsnoopdoes,3
shitsrssays,3
shitstatisticianssay,3
shitsubredditsimsays,3
shitsupergauntletsays,3
shitterthoughts,3
shittherealcosmosays,3
shittingama,3
shittinglifeprotips,3
shittitle,3
shittyactionfigures,3
shittyadvice,3
shittyadviceanimals,3
shittyama,3
shittyanimalfacts,3
shittyaskchefs,3
shittyaskfolklore,3
shittyaskmath,3
shittyaskreddit,3
shittyaskscience,3
shittybathrooms,3
shittybestof,3
shittybestofreddit,3
shittybuildapc,3
shittycaptions,3
shittyconfusedboners,3
shittyconspiracy,3
shittycosplay,3
shittycreepy,3
shittyenhancement,3
shittyetymology,3
shittyfantheories,3
shittyfertilityadvice,3
shittyforeshadowing,3
shittyfunfacts,3
shittygold,3
shittygospel,3
shittygrilledcheese,3
shittyhub,3
shittykenm,3
shittylegaladvice,3
shittylifehacks,3
shittylifeprotips,3
shittynosleep,3
shittyoperators,3
shittyphrasing,3
shittypicrequests,3
shittypokemongo,3
shittyrealitytv,3
shittyrelationships,3
shittyresponses,3
shittyrobots,3
shittyscholar,3
shittyscience,3
shittyshitpost,3
shittyshitredditsays,3
shittyshittyadviceani,3
shittysubredditdrama,3
shittyteenmom,3
shittythewalkingdead,3
shittytodayilearned,3
shittytumblrinaction,3
shittyundelete,3
shitveganssay,3
shitwhitiessay,3
shoahthoughts,3
shoemath,3
shorthairchicks,3
shorthairedhotties,3
shotguns,3
shouldimod,3
showerbeer,3
showercirclejerk,3
showercomments,3
showerorange,3
showerreposts,3
showerthoughts,3
showerthoughtssucks,3
shrturl,3
shubreddit,3
shurima,3
shutupandtakemymoney,3
shy__redheadv2,3
siberiancats,3
siberianhusky,3
sickplays,3
sidsteaks,3
siegerhino,3
sighthounds,3
sigmundfreud,3
signlanguage,3
silentcinema,3
silentmoviegifs,3
siliconvalleyhbo,3
silly,3
sillybear,3
sillypornfaces,3
sillystickers,3
simonegiertz,3
simonheros,3
simpsonsdidit,3
simpsonsfaces,3
simulated,3
singwithme,3
sinks,3
sivabenemoltobene,3
sixwordstories,3
sjwnews_affiliate,3
skam,3
skatespotporn,3
skeletonclique,3
skeltaljokes,3
sketches_on_cats,3
skinstv,3
skinwars,3
skippedgeneration,3
skookum,3
skoolies,3
skynetpreppers,3
skywilliams,3
sladethings,3
slashcom,3
slashfanfiction,3
slashthread,3
slavaukraine,3
slavs_squatting,3
slbmlq,3
sleepyasians,3
slender_man,3
slightlysatisfying,3
slightlyunsatisfying,3
slimemolds,3
slipperputty,3
slothporn,3
sloths,3
slovenia,3
sloveniabeta,3
sluglife,3
smartphone,3
smbcomics,3
smile,3
smokecrack_hailsatan,3
smokerhate,3
smokingweedatthe46,3
smoobypost,3
smu,3
smugcats,3
snake,3
snakes,3
snakeswithhats,3
snapleaks,3
snapshillbot,3
sneakpeekbot,3
sneakyshrimpmen,3
snek,3
snek_irl,3
sneks,3
snipecity73,3
snoo,3
snoorequest,3
snoovatars,3
snoreway,3
so_once_upon_a_time,3
soapboxbanhammer,3
sobbingquietly,3
soccerpics,3
sockgorilla,3
sodertalje,3
sojin,3
solidwhetstone,3
solipsism,3
solteafranga,3
someclosure,3
somedonkus1,3
somefreeart,3
someoneisvegan,3
somesay,3
somethinggoodeveryday,3
songlyrics,3
songofbenjenandbenjen,3
songsincode,3
sono_b,3
sonydash,3
soundslikeaschrute,3
southernjeb,3
southpaws,3
southwedge,3
southwestairlines,3
sowhatnow,3
spa,3
spaceballs,3
spacecats,3
spaceflightart,3
spacegeek,3
spaceplaces,3
spacetacos,3
spacevideos,3
spacingnotkerning,3
spaghetti_policy,3
spaghettios,3
spchan,3
speakinginreddits,3
spearfishing,3
speccyspeccy,3
specializedtools,3
species,3
speedcubing,3
speedruns,3
sphynx,3
spicier_memes,3
spiderbites,3
spiderbro,3
spiders,3
spisak,3
split,3
splitdepthgifs,3
splittermond,3
spoiledsurvivor,3
spongebob,3
spontaneousseinfeld,3
spoonerize,3
spore,3
sportsarefun,3
spotthesjw,3
spotthetexan,3
springerspaniel,3
springy,3
spyzilla,3
squidbillies,3
squirrel_debate,3
squirrels,3
squirrelsgonewild,3
sremark,3
srsdisabilities,3
stabilizedgifs,3
staffiebullterriers,3
stairawareness,3
stamli,3
stankmeme,3
stanleyparable,3
stannisthemannis,3
stannisthemantis,3
staples,3
starbucks,3
stargate,3
staringocd,3
starshipporn,3
startledcats,3
startrekfunny,3
startrekstabilized,3
startupscroatia,3
starwars,3
starwarsforcearena,3
starwarsgames,3
starwarsmemes,3
starwarssatire,3
stbernards,3
steamporn,3
steamtrain,3
steelbeams,3
steelfighting,3
steminaction,3
stephen,3
stephentobolowsky,3
stevebuscemi911,3
stevedangle,3
stewartlee,3
stewartsshops,3
sticker,3
stillwatermn,3
stitch_joke_system,3
stonerdadjokes,3
stopapostropheabuse,3
stopmakingmorelwgsubs,3
stoppedworking,3
stopsmoking,3
stoptheevilmods,3
stoptouchingme,3
storiesaboutkevin,3
storiesfromyourschool,3
stormsend,3
storycollective,3
storytellers,3
strandeddeep,3
strangersbeingbros,3
strangerthings,3
strangestthings,3
streamersgonewild,3
streamingnews,3
streetart,3
streetfoodartists,3
streetphotography,3
streetview,3
streisandeffect,3
stretched,3
stretchedclassifieds,3
strippinthroughtime,3
stromae,3
stuckinmyhead,3
stuckinthisairport,3
stuffoncats,3
stupidforstupidssake,3
stupidideas,3
sturton,3
stylesquare,3
subbie,3
subbiejerk,3
subdoesnotexist,3
subfornoreason,3
subguess,3
sublime,3
subnautica,3
subnauticamod,3
subredditads,3
subreddithashtags,3
subreddithere,3
subredditideas,3
subredditnamehere,3
subredditoftheday,3
subredditorigins,3
subredditsashashtags,3
subredditsimdrama,3
subredditsimmeta,3
subredditsimsimulator,3
subredditsimulator,3
subredditsongs,3
substorequest,3
subtlenudity,3
successkid,3
suckmypepino,3
suddenfuturama,3
suddenlydepressed,3
suddenlygay,3
suddenlyjesus,3
suddenlystipe,3
sugarygifs,3
suggestiveobjects,3
suitablyodd,3
sulfitesensitivity,3
summerglau,3
summerreddit,3
summervillesc,3
sundaysermon,3
sunrisesunset,3
sunset,3
superathletegifs,3
superbowl,3
superbowlsharks,3
superdadjokes,3
superjail,3
supermodelcats,3
supersaiyangifs,3
supersentai,3
superwookkie,3
supportmains,3
supremeballs,3
supremeforpresident,3
surfboards,3
surfing,3
surpriseanthropology,3
surprisedparents,3
surprisepets,3
surprisespacemarine,3
surprisinglysfw,3
surrealmemes,3
survivor,3
survivorau,3
survivorbeauty,3
survivorcirclejerk,3
survivorrankdownii,3
survivorrankdowniii,3
survivorspoilers,3
survivortrivia,3
sushiroll,3
svsu,3
swaddled,3
swalot,3
swarje,3
swdestiny,3
sweatypalms,3
swempireatwar,3
swfl,3
swiggityswootygifs,3
swiminstructors,3
swingdancing,3
swissproblems,3
switcharoo,3
switcheroo,3
symbol,3
symbology,3
syncedgifs,3
synchronicities,3
sysadminhumor,3
szechuansauceseekers,3
tablerebellion,3
tablesrights,3
tacoconspiracy,3
tacoma,3
tacos,3
tacovsburrito,3
tahrox,3
takemymoney,3
takeonestepforward,3
talesfromc137,3
talesfromcallcenters,3
talesfromcell,3
talesfromems,3
talesfromlife,3
talesfrommulchland,3
talesfromprintandcopy,3
talesfromretail,3
talesfromtechsupport,3
talesfromthepizzaguy,3
talesfromthesquadcar,3
talesfromyourbank,3
talesfromyourbarista,3
talkingdead,3
talkingnerdy,3
tallships,3
tana_mongoose,3
tanamongeau,3
tandawn,3
tannershangout,3
tappedout,3
tarantinogifs,3
tarantulas,3
targetfixation,3
tarl,3
tastefullyracist,3
tastefulmoms,3
tastyanimals,3
tattoo,3
tautology,3
taxidermy,3
taxmarch,3
taxxpayermoney,3
tayai,3
taydolfswiftler,3
tbspeopleofearth,3
tcpcf,3
tcsotp,3
teacheroutfitguessing,3
teamcaden,3
teamcoco,3
teamitup,3
teammustard,3
teamus,3
teamviper,3
teamwhitewalker,3
tearsoflaughter,3
teava,3
technawwlogy,3
technicallyright,3
techoblanco,3
techsupportbydad,3
techsupportmacgyver,3
tedbear,3
teefies,3
teenagerpolitics,3
teenagers,3
teenagersmovienights,3
teenagersworld,3
teencookingclub,3
teeshirts,3
teeworlds,3
tegu,3
tehguise,3
telemedicine,3
teleshits,3
tellmeafact,3
templarsofreddit,3
tendies,3
tennesseeforsanders,3
termites,3
terrariadesign,3
terrarium,3
tesdcares,3
testdiscgolf,3
tested,3
textbasedadventure,3
tgifridays,3
thalassophobia,3
thank_mr_skeltal,3
thanksclan,3
thanksgiving,3
thanksosama,3
that70sshow,3
thatballscomment,3
thatescalatedquickly,3
thatgotdarkfast,3
thatkisscamgif,3
thatlauriecolbertpic,3
thatonenickyounggif,3
thatpeelingfeeling,3
thatsamazing,3
thatsstayingblue,3
thatsthejoke,3
thatswhatshesaid,3
thaturltho,3
thatwasthepoint,3
the404,3
the_dennis,3
the_oc,3
the_pixies,3
the_rupaul,3
the_shirley,3
the_zanza,3
theactualsubreddit,3
theafterdisaster,3
theamazingbulk,3
thearmorofgod,3
theattackpile,3
thebachelor,3
thebath,3
theblob,3
thebluepants,3
theboondocks,3
thebullwins,3
thecannibalcaverns,3
thecatdimension,3
thechurchofjadensmith,3
theclonewars,3
thecolorandthechaos,3
thecpdp,3
thecrabfeast,3
thecrownnetflix,3
thecssabove,3
theculture,3
thecure,3
thedarktower,3
thedepthsbelow,3
thedollop,3
thedskreet,3
theericandreshow,3
theflameintheflood,3
theforest,3
thefountain,3
thefuckery,3
thegatekeepers,3
thegentlepitbull,3
thegrandtour,3
theguys,3
thehalloffaces,3
thehoaxhotel,3
theholybarisax,3
theimitationgame,3
theinfection,3
theinlaws,3
thejoeroganexperience,3
thekangs,3
thekingsmen,3
thekinks,3
thelastship,3
theleftovers,3
theloglog,3
thelounge,3
theloungingrocket,3
them_irl,3
themiddle,3
themistbook,3
themodcomplex,3
themoviewithin,3
thenewenlightenment,3
thenewsroom,3
thenightof,3
thenormies,3
thenthemurdersbegan,3
thenumber42,3
theocho,3
theofficediscussions,3
theoffseason,3
theonionknight,3
theorevolution,3
theorganisation,3
thepodcastshow,3
theprocess,3
theprocrastinators,3
thequibbler,3
therealeastkorea,3
thereallpt,3
therealworld,3
theredditpolice,3
theredlion,3
theredpants,3
thereifixedit,3
thereneverwascontext,3
thereportoftheweek,3
theretheirtheyre,3
therewasanattempt,3
thermalexhaustport,3
thermodynamics,3
theroadtoeldorado,3
thescienceofdeduction,3
thesefuckingaccounts,3
thesetup,3
thesimpsons,3
theslowmoguys,3
thesuperiorspiderman,3
theswarm,3
thetravelingdiscs,3
theuselesssubreddit,3
theventurebrothers,3
thewalkingdead,3
thewaterlew,3
thewolfskullparty,3
thewordofthething,3
theworstofnetflix,3
theworstsongever,3
theydidnotdothemath,3
theydidthecath,3
theydidtheetymology,3
theydidtheexperiment,3
theydidthefuckyou,3
theydidthelogic,3
theydidthemap,3
theydidthemath,3
theydidthemathwrong,3
theydidthemonstergaff,3
theydidthemonstermath,3
theydidthemulletmath,3
theydidthepescimath,3
theydidthephilosophy,3
theydidthepiratemath,3
theydidthepizzamath,3
theydidtheresearch,3
theydidtheshittymath,3
theygotgoldforthat,3
theyundidthemath,3
theywrotethecode,3
thingsatheistssay,3
thingsfightingidiots,3
thingsforants,3
thingsinsidethings,3
thingsjohnsnowknows,3
thingsonthings,3
thingswhitepeoplesay,3
thinktwice,3
thinspo,3
thirdworldanarchists,3
this,3
thisdayinmovies,3
thisdreamihad,3
thisguyfucks,3
thisguygetsit,3
thishappened,3
thisis_myname,3
thisisathing,3
thisiscarter,3
thisishowidie,3
thisismydeathnow,3
thisismylifenow,3
thisisus,3
thisonedoesnt,3
thisstorywillsuck,3
thissubreddit,3
thiswaspleasant,3
thomas,3
thomasnoir,3
thomassons,3
thomasthedankengine,3
thomasthetankengine,3
thompsonfalls,3
thorgasm,3
thornhub,3
threadevolution,3
threadoftheyear,3
threadporn,3
threadpromote,3
threadsthatkeepgiving,3
threescompany,3
thuglifeprotips,3
thumbnailgore,3
thunderbirds,3
tiddysandfaginas,3
tidnwbsbhtstdi,3
tifo,3
tifu,3
tifureborn,3
tifuwhs,3
tilinindia,3
tilmedia,3
tilpolitics,3
tilwtf,3
timesuseless,3
timetravelproblems,3
timetravelwhatif,3
timex,3
timhortons,3
timkaine,3
tinderfail,3
tinyanimalsonfingers,3
tinydeal,3
tinyreddit,3
tinytardis,3
tinytools,3
tiresaretheenemy,3
tiresonfire,3
titlebore,3
titlecringe,3
titlecritique,3
titleglory,3
titlegold,3
titlehalloffame,3
titleispunchline,3
titlelyaward,3
titleofyoursextape,3
titlepapercut,3
titleporn,3
titleshouldbe,3
titletops,3
titletournament,3
tiwaw,3
tiwf,3
tiwishihadntl,3
tldrhalloffame,3
tlopshitposters,3
tmodal,3
toasterrights,3
toastmasters,3
todaygoylearned,3
todayibullshitted,3
todayilearned,3
todayilearned_til,3
todayireland,3
todayisaw,3
toddlertales,3
todoist,3
toiletbowlmasterrace,3
tokusatsu,3
tolkienart,3
tolkienbooks,3
tomato,3
tombstoning,3
tommync2010,3
tomorrowiforgot,3
tonightshowfallon,3
tonkahs,3
tonyhallamartist,3
toomeirlformeirl,3
toomeirlformeirlfam,3
top_dogs,3
topchef,3
topcirclejerk,3
topcommentoftheday,3
topgear,3
topofreddit,3
torchwood,3
toriamos,3
tortoise,3
tortoises,3
tosbuilds,3
toshredsyousay,3
totallybullshit,3
totallyhappened,3
totallynotcats,3
totallynotdogs,3
totallynotdolphins,3
totallynotlions,3
totallynotrobots,3
totallynotrobotsmeta,3
totallynotsynths,3
totallynyetcommunists,3
totallypenis,3
tothetuneof,3
totse,3
toucans,3
toughguysgroup,3
toupeeguineapigforvp,3
tournaments_royale,3
tovarishchbulletin,3
tprcirclejerk,3
trackingnotkerning,3
tradefederation,3
traditionalcurses,3
trafficmonsoon,3
trailerparkboys,3
traingifs,3
trains,3
traktorist,3
tramp,3
transmogrification,3
trashpandas,3
trashpost,3
trebuchetmemes,3
treefiddy,3
treeofsavior,3
treeparents,3
treessuckingonthings,3
treeswithrailroads,3
trekpets,3
trendingnsfw,3
trendingsubreddits,3
trianglejerk,3
trichsters,3
tricities,3
tricking,3
trickoftheday,3
triggeredrt,3
trinityhighschool,3
trinternational,3
trippy,3
trippygifs,3
trivialedits,3
trollfart,3
trollpastas,3
trollxchromosome,3
trollxfunny,3
trollxmeetups,3
trollxmoms,3
trollxover30,3
trombone,3
trovecreations,3
troy,3
trueaccounting,3
truebritishpolitics,3
truecrime,3
truedogs,3
trueheroes,3
truenottrending,3
trueshowerorange,3
trulyterrible,3
trump_memes,3
trumpablefaces,3
trumpgifs,3
trypophobia,3
tsmtaf,3
tstodesign,3
tsunderesharks,3
tsunderespiders,3
tsunderetodash,3
tsundoku,3
ttllj,3
tuckedinkitties,3
tuckedinpuppies,3
tuddystreats,3
tumamajustice,3
tumbledmtg,3
tumblybot,3
tumwater,3
tupac,3
turbojugend,3
turdie5ever,3
turismobrasil,3
turnt_up_turtles,3
turnyourlossintokarma,3
turtle,3
turtlefacts,3
turtlereddit,3
turtlerights,3
turtles,3
turtlesex,3
tutanota,3
tutor,3
tvcrackups,3
tvshow,3
twd,3
twentyonepilots,3
twiceasfunny,3
twinnovation,3
twistedfaggotry,3
twistypuzzles,3
twitchbroadcasters,3
twitchtvraids,3
twodollarloveaffair,3
tworedditorsonecup,3
tylerdylan,3
typedesign,3
typewriterrepair,3
typewriters,3
typography,3
ualbany,3
ucsantabarbara,3
ucsb4sale,3
ugcrowns,3
ugly,3
uglycouchshow,3
uglyduckling,3
uglypeopleofreddit,3
uglypets,3
uir,3
uk_politics,3
umass,3
umkc,3
unaustralianantarctic,3
unbgbbiivchidctiicbg,3
unbirth,3
unboxinggifs,3
unbpbbiioshidctiicbmf,3
unclejokes,3
uncomfortableasmr,3
uncw,3
undefined_sandwich,3
underthemicroscope,3
underwaterphotography,3
unexpected,3
unexpectedaesop,3
unexpectedaggie,3
unexpectedalpaca,3
unexpectedaperture,3
unexpectedauschwitz,3
unexpectedavatar,3
unexpectedbowie,3
unexpectedbugslife,3
unexpectedcena,3
unexpecteddadjoke,3
unexpecteddeathnote,3
unexpecteddemocracy,3
unexpecteddrill,3
unexpectedevildead,3
unexpectedfacism,3
unexpectedfallout,3
unexpectedfirefly,3
unexpectedfma,3
unexpectedfuturama,3
unexpectedgenocide,3
unexpectedgeology,3
unexpectedgimli,3
unexpectedhadouken,3
unexpectedhamilton,3
unexpectedhost,3
unexpectedjeopardy,3
unexpectedjr,3
unexpectedkilllakill,3
unexpectedkronk,3
unexpectedleeroy,3
unexpectedlesmis,3
unexpectedlocke,3
unexpectedlywholesome,3
unexpectedmalcom,3
unexpectedmario,3
unexpectedmarxism,3
unexpectedminecraft,3
unexpectedmob,3
unexpectedneckbeard,3
unexpectednsp,3
unexpectedonepiece,3
unexpectedoverwatch,3
unexpectedpawnee,3
unexpectedphilosophy,3
unexpectedpixar,3
unexpectedpokemon,3
unexpectedpokemongo,3
unexpectedpython,3
unexpectedracism,3
unexpectedrecursion,3
unexpectedreference,3
unexpectedrt,3
unexpectedrunescape,3
unexpectedsips,3
unexpectedskyrim,3
unexpectedsouthpark,3
unexpectedstamos,3
unexpectedstarcraft,3
unexpectedstorytime,3
unexpectedsubreddit,3
unexpectedswimming,3
unexpectedtechsupport,3
unexpectedtrump,3
unexpectedusername,3
unexpectedwesteros,3
unexpectedwh40k,3
unexpectedwitcher,3
unexpectedwoolie,3
unexpectedzelda,3
unexplained,3
unfairtoants,3
unfazed,3
unfunny,3
unhistory,3
unidan,3
unidanfoes,3
unintentionalasmr,3
unintentionalroberto,3
unitedairlines,3
universalexports,3
unknownarmies,3
unknownvideos,3
unlikelyfriends,3
unnecessaryapostrophe,3
unnecessarycensorship,3
unnecessarycommas,3
unnecessaryhypeman,3
unnecessarymath,3
unnecessaryprecision,3
unnecessaryquotes,3
unomaha,3
unoriginalcomments,3
unorthodog,3
unscriptedvideo,3
unstirredpaint,3
ununexpected,3
unwholesomeouija,3
uoguelph,3
uon,3
up8qqiae,3
updootedbecauseskull,3
upholsterycorrection,3
upliftingmews,3
upliftingtales,3
upvotebecauseboy,3
upvotebecausedankmeme,3
upvoted_,3
upvoted_because_tits,3
upvotedbecausebear,3
upvotedbecauseboobs,3
upvotedbecauseboy,3
upvotedbecausecat,3
upvotedbecausecorgi,3
upvotedbecausegirl,3
upvotedbecausegrohl,3
upvotedbecausemale,3
upvotedbecausepussy,3
upvotedbecauseseo,3
upvotedbecausetank,3
upvotedbecausetitle,3
upvotegifs,3
upvotewaterfall,3
urbanexploration,3
urbanmyths,3
urbex,3
urbexatx,3
urbexgear,3
urinalporn,3
usefulwebsites,3
uselesssarcasmtag,3
username_cocktail,3
usernamementions,3
usersketches,3
usnews,3
usps,3
utk,3
utkdining,3
utpa,3
uvajerk,3
uwo,3
uwotm8,3
valar_morghulis,3
valarjerkulis,3
valarmorghulis2013,3
valyria,3
vampires,3
vans,3
vaporwaveaesthetics,3
vaporwaveart,3
vaporwaveselect,3
vargas,3
vaseline,3
vaxjo,3
vectoredpics,3
veep,3
veghumor,3
vegproblems,3
vendastashenanigans,3
venstresiden,3
venturebros,3
verlier,3
vernetroyer,3
vertical,3
veryinterestingatwork,3
verymildlyinteresting,3
veryoldnews,3
verypunny,3
veterinarians,3
veterinary,3
vets,3
vexillographers,3
vexillology,3
vexillologytechnology,3
vhscoverart,3
vibby,3
vibraphoto,3
vice,3
vids,3
vintagef1,3
vintagefood,3
vintagejapaneseautos,3
vintagela,3
visibleshockwaves,3
vitiligo,3
vivagraveyard,3
vivalaempire,3
vivarium,3
vizsla,3
vladimirputingifs,3
vlctv,3
vlogbrothers,3
vodka,3
voluptuous,3
volvooceanrace,3
vonhaesslerdoctrine,3
vore,3
vrphysics,3
vsauce,3
vsauceoutofcontext,3
vvvortic,3
wagstores,3
waitwhatchers,3
wall,3
wallaceandgromitmemes,3
wallpaper,3
wallpapers4k,3
wallpapersiphone,3
walruse,3
waluigi,3
wampushouse,3
wandsmith,3
wardcannon,3
warlizard,3
waronchristmas,3
warstories,3
wasps,3
wastedgifrequests,3
wastedgifs,3
watch,3
watchadventuretime,3
watchpeopleargue,3
watchpeopledive,3
watchrobotsdie,3
watchuntiltheend,3
watertreatment,3
watervliet,3
watt,3
wavepools_for_surfing,3
waxsealers,3
wc2014,3
wdtsg,3
wearetheloddomgers,3
wearetopkek,3
wearflag,3
weathergifs,3
weber,3
wecangodeeper,3
wedidntstart,3
weedisbadforyou,3
wehatemovies,3
weimaraner,3
weird,3
weird3d,3
weirdal,3
weirdeggs,3
weirdwebsites,3
weirdwings,3
wekilledthem,3
welcometohell,3
welcometonightvale,3
welcometothelist,3
welding,3
wellthatsfuckingnifty,3
wellthatsucks,3
wellwaterdrinkers,3
welovepao,3
wem,3
wepakistan,3
wereux,3
wesanderson,3
westerosiproblems,3
westhighlandterriers,3
westie,3
westies,3
westworld,3
westworldcirclejerk,3
wewantplates,3
wfmtm,3
whalebait,3
whales,3
whataboutery,3
whatamiseeing,3
whatarestraycats,3
whatcouldgoright,3
whatcouldgowrong,3
whatintarnation,3
whatsinthisthing,3
whatsthatbook,3
whatsthisbird,3
whatsthisbug,3
whatsthisfish,3
whatsthissnake,3
whatswrongwithyourdog,3
whatthefuckreddit,3
whatthesoda,3
whatwouldtrumpsay,3
whentheacidkicksin,3
wheredidthelinkgo,3
wheredidtheshirtgo,3
wheredidthesodago,3
wheredidthesofago,3
whereditgo,3
whereisgendry,3
wheresthed,3
whiff,3
whineybitch,3
whinyfolk,3
whippets,3
whiteharbor,3
whiteknightproblems,3
whitepeoplegifs,3
whitepeopleproblems,3
whitewrongs,3
whoahdude,3
wholesomedadjokes,3
wholesomehaiku,3
wholesomejukmifgguggh,3
wholesomememes,3
wholesomeprequelmemes,3
wholesomeracism,3
wholesomestarterpacks,3
wholesomestories,3
wholesomesurrealmemes,3
wholesometechsupport,3
wholesomevideos,3
whoreddithatesnow,3
whoscuttingonions,3
whowasphone,3
whs,3
whyaminotsurprised,3
whyisthatathing,3
whynotzoidberg,3
whyweretheyfilming,3
wibblies,3
wicked_edge,3
wigglebutts,3
wigglewigglewiggle,3
wigviral,3
willitcrush,3
willphotos,3
willyoumarryme,3
wilwheaton,3
windows10sucks,3
windowscringe,3
windowsdev,3
winterfell,3
winterreddit,3
winterstormjonas,3
wirelesscharging,3
wirlockerroom,3
wishanem,3
wispy,3
wizard101,3
wizards,3
wizardsdidit,3
woahdoot,3
woahdude,3
wolfbear,3
wollongong,3
womby,3
wonderland,3
woodtable,3
woodyallen,3
woof_irl,3
woosh,3
wootpie,3
word_of_the_day,3
wordavalanches,3
wordfindingdifficulty,3
wordoftheday,3
workpets,3
worldwarpowers,3
worldwideralphies,3
worms,3
worseincontext,3
woundedpenis,3
wowcomics,3
wowthissubexists,3
wqhd_wallpaper,3
wrapping,3
wrapsterpiece,3
wrestlingisreddit,3
writersdustbin,3
writingonthestall,3
wrongthumbnail,3
wsgy,3
wsgycirclejerk,3
wtf,3
wtfamazon,3
wtfart,3
wtfgaragesale,3
wtfstockphotos,3
wwoof,3
xeve,3
xkcd,3
xkcd_substitutions,3
xkcd_transcriber,3
xoloitzcuintles,3
xterra,3
xxmasonic,3
yablewit,3
yachtracing,3
yahoo,3
yayornay,3
yaysubredditchains,3
yellingbird,3
yellow,3
yellowsnow,3
yellsaboutjokes,3
yes,3
yesyesyesno,3
yiffinhell,3
yms,3
yo_elvr,3
yogi7,3
yolo,3
yorkies,3
yorkrite,3
yorku,3
yorku3903,3
youarenowbanned,3
youareweirdasf,3
youdontsurf,3
youenteradungeon,3
yougotglitched,3
yougotthejoke,3
youhaveastorytotell,3
youngadults,3
youseeingthisshit,3
yousuckatcooking,3
youtube1,3
youtubehaiku,3
youtubevideos,3
yt_killer,3
yummykorearh,3
yupyup1234,3
zadar,3
zagreb,3
zak,3
zanna,3
zero,3
zeroescape,3
zeroescapecirclejerk,3
zeropointmodule,3
zerowaste,3
ziiiro,3
zombiepilot15,3
zoomies,3
zwolle,3
thingsthatarebadass,4
1950s,5
1990scomputing,5
2048,5
2048editions,5
23andme,5
24hoursupport,5
2fa,5
3cx,5
3dmovies,5
3dsmax,5
3par,5
45north,5
4hww,5
4ktv,5
4n6k,5
57north,5
8bitdev,5
8bitdo,5
90sbattlestations,5
aaronswartz,5
abode,5
aboutdesouffle,5
abstractalgebra,5
abstractgames,5
abu_dhabi,5
abudhabi,5
academia,5
acca,5
accenture,5
accessibility,5
accidentallyaword,5
accountantinbusiness,5
accounting,5
accounting101,5
accountinghumor,5
accountingstudenthelp,5
accountplanning,5
accunting,5
acerofficial,5
aclockworkolive,5
acronym,5
activator,5
activeassistedliving,5
activedirectory,5
actlikeyoubelong,5
ada,5
adafruit,5
adblock,5
adblockplus,5
addons4kodi,5
adfs,5
adguard,5
adhate,5
adobe,5
adobeillustrator,5
adops,5
adsb,5
adultcoloring,5
advancedentrepreneur,5
adventofcode,5
adventureoutdoor,5
advertising,5
adwords,5
aerospace,5
affiliate_marketing,5
affiliatemarket,5
affiliatemarketing,5
affiliates,5
aftereffects,5
aftereffectsbattles,5
agb260,5
aggregat0r,5
agile,5
aher,5
ahertest,5
aiclass,5
aihub,5
aikorea,5
ainothuman,5
airlinedesign,5
airlines,5
airplaneenhancer,5
airpods,5
airtv,5
akaproxy,5
alaincentre,5
alexa,5
alexa_skills,5
alexandra007,5
algebra,5
algorithms,5
alibabaimport,5
alienblue,5
alienware,5
alienwarealpha,5
allaccessplaylists,5
allio567,5
alphaandbetausers,5
altaro,5
altboostersna,5
altcoinconspiracy,5
altsocialmedia,5
amateurradio,5
amatuerarchives,5
amazfit,5
amazonalexa,5
amazondashbuttons,5
amazonecho,5
amazonechodev,5
amazonmasterrace,5
amazonseller,5
america,5
amishadowbanned,5
amplaylists,5
amrc,5
amstrad,5
analogyporn,5
analytics,5
anchorcms,5
ancientbeast,5
ancientegypt,5
ancientrome,5
ancientworld,5
andom,5
android,5
android_security,5
androidafterlife,5
androidanything,5
androidapppublish,5
androidapps,5
androidauto,5
androidbetaprogram,5
androidbuffet,5
androidcirclejerk,5
androidcompact,5
androiddeals,5
androiddev,5
androidgames,5
androidhelp,5
androidintents,5
androidkids,5
androidmastercard,5
androidmasterrace,5
androidn,5
androidone,5
androidpay,5
androidpreviews,5
androidquestions,5
androidroms,5
androidroot,5
androidstudio,5
androidsub,5
androidtablets,5
androidtechsupport,5
androidtv,5
androidusers,5
androidvr,5
androidwatchfaces,5
androidwear,5
androidwearapps,5
androidx86,5
andromedacirclejerk,5
andsec,5
angryentrepreneur,5
angular,5
angular2,5
angularjs,5
animalslookingatfood,5
animehate,5
animenocontext,5
ankylosingspondylitis,5
annemunition,5
annepro,5
annoyinonesentence,5
anonabox,5
ansiart,5
ansible,5
answering,5
answers,5
antennasporn,5
antergos,5
antiaging,5
antidepressants,5
antifacebook,5
antiforensics,5
antimicrobial,5
antimlm,5
antivirus,5
antiwork,5
aorus,5
apache,5
apachespark,5
apljk,5
apolloapp,5
apolonia,5
appandshit,5
appdev,5
appengine,5
apphookup,5
apple,5
apple2,5
apple_jp,5
apple_stocks_news,5
applearchives,5
applebandmarket,5
applecirclejerk,5
appleenthusiasts,5
applehelp,5
appleiscooked,5
applelivephotos,5
applemusic,5
applephotos,5
applescript,5
applesobstories,5
applesucks,5
applesupport,5
appletv,5
applewatch,5
applewatchsupport,5
applewatchwallpapers,5
applewhatshouldibuy,5
appliedfuturology,5
applinks,5
apppromo,5
approve_this,5
apps,5
appstoreoptimizations,5
appv,5
aprs,5
arcgis,5
archiveteam,5
archivists,5
archlinux,5
archlinuxcirclejerk,5
arduino,5
arduinoprojects,5
argaming,5
argirc,5
arguments,5
arjie,5
arkansasjobs,5
arm,5
armmbed,5
artificial,5
ascii,5
askacademia,5
askadentist,5
askandroid,5
askanelectrician,5
askbattlestations,5
askcomputerscience,5
askelectronics,5
askengineers,5
askgaming,5
asklegal,5
asklinuxusers,5
askliquidcooling,5
askmarketing,5
askmath,5
asknetsec,5
askphysics,5
askprogrammers,5
askprogramming,5
askscience,5
askscienceama,5
askstatistics,5
asksysadmin,5
asktechnology,5
asm,5
asmjs,5
ass_cleavage,5
assistivetechnology,5
asterisk,5
asteroidventures,5
astrogaming,5
asustransformer,5
atarist,5
atera,5
atlantabarters,5
atlantameshnet,5
atljobs,5
atom,5
ats,5
att,5
attackresist,5
attorneys,5
attwireless,5
atwoodslaw,5
atxgooglefiber,5
auction_house,5
auctions,5
audio,5
audiojerk,5
audiomemes,5
audiophile,5
audiophilemusic,5
audiorepair,5
aui,5
aureliajs,5
ausenviro,5
austinjobs,5
authy,5
autocorrectedtitles,5
autodidact,5
autolab,5
automation,5
automator,5
avaya,5
avdeals,5
avexchange,5
avporn,5
avr,5
avrequests,5
awesomewm,5
awk,5
aws,5
awwssistant,5
axon7,5
azure,5
b2b_sales,5
b2bforhire,5
b2bsaas,5
baby_names,5
babyrudin,5
backblaze,5
backpackingdogs,5
baconit,5
baconreader,5
badapps,5
badbios,5
badml,5
badphysics,5
baduk,5
baltimorejobs,5
banddevelopers,5
bangawker,5
bangkokbros,5
bannedfrompolitics,5
bantamkeyboards,5
baofeng,5
bapccanada,5
barbarianprogramming,5
barnaculesnerdgasm,5
bash,5
bashonubuntuonwindows,5
bashonwindows,5
batch,5
battlestations,5
battletops,5
bauski,5
bbandroid,5
bbc_comments,5
bbs,5
bcorp,5
beagleboard,5
beaglebone,5
beakers,5
bedrocklinux,5
beermoneyguides,5
behaviorchangetech,5
benfolds,5
bestlaptopdeals,5
bestofbapc,5
bestofbattlestations,5
bestoflizardculture,5
bestofvendor111,5
bestredditvpn,5
betterchess,5
betterflazer,5
big4,5
bigdata,5
bigdata_analytics,5
bigdataengineerjobs,5
bigdatajobs,5
bigquery,5
bigseo,5
billnye,5
bing,5
biochemistry,5
bioengineering,5
biogeography,5
biohackers,5
bioinformatics,5
biology,5
biology1,5
biomedicalengineers,5
biophysics,5
biosphere2,5
biotech,5
bitbucket,5
bitching,5
bitcoinsec,5
bitcoinserious,5
bitmarket,5
bitsoup,5
bittenarea,5
bittorrent,5
bitvid,5
bitwasp,5
bitwig,5
blackberry,5
blackhatseo,5
blacklight,5
blacklightopenworld,5
blacklightpower,5
blacksoldierfly,5
bleam,5
blenderhelp,5
blockchain,5
blockchainstartups,5
blogging,5
blrcurator,5
bluehost,5
bluetooth,5
bluetooth_audiophile,5
bodhilinux,5
bofhsysadmin,5
bofs,5
bohwaz,5
bonz,5
bookkeeping,5
bookmarklets,5
boostforreddit,5
bootcamp,5
bootstrap,5
borderlandspresequel,5
bos4g,5
bostonjobs,5
bostonmeshnet,5
boughttogether,5
boulderjobs,5
brain_damage,5
braintraining,5
bravia,5
breadboard,5
breakingnews24hr,5
breakmycode,5
bringbackpao,5
bristol,5
bristolcycling,5
bristoljobs,5
broadcastengineering,5
broadcasting,5
brocaps,5
brussels,5
bsd,5
bspwm,5
btrfs,5
btsecrets,5
btsync,5
buckinghamshire,5
budgetaudiophile,5
budgetlaptops,5
buildacompany,5
buildapc,5
buildapcsalesmeta,5
buildingscience,5
buildmeapc,5
buisness,5
bulkviews,5
bunnyhopping,5
bunsenlabs,5
burkeyacademy,5
business,5
business_ideas,5
businessanalysis,5
businesshub,5
businessintelligence,5
businessnews,5
businessschool,5
businessservices,5
butrspilicon0s0tatrn,5
butte,5
butterface,5
butterproject,5
buyanexus,5
c64,5
c_language,5
c_programming,5
cableadvice,5
cablegore,5
cablemanagement,5
cableporn,5
cadcam,5
cakephp,5
calculators,5
calicosummer,5
calix,5
callcenter,5
callingbullshittest,5
calpoly,5
camels,5
canadianandroid,5
canadianhardwareswap,5
canarias,5
canbus,5
capitalcontrol,5
captcha,5
career,5
career_advice,5
careeradvice,5
careeroptimist,5
careers,5
careersushi,5
carhacking,5
carml,5
carpetsforairports,5
carriers,5
caselabsusa,5
casualmath,5
cbase,5
cbrjack,5
ccent,5
ccna,5
ccnp,5
ceh,5
celebrities,5
cellphones,5
cellular_automata,5
cem1790,5
centos,5
ceph,5
cerner,5
ceslv,5
cfd,5
chakra,5
chaosmagick,5
chaoticmonki,5
charities,5
charlestonjobs,5
charlottejobs,5
chart_bot,5
charts,5
chatous,5
cheaponlinecerts,5
cheatatmathhomework,5
cheatthesystem,5
check_point,5
cheesemeals,5
chemhelp,5
chemicalengineering,5
chemistry,5
chemistryhelp,5
chess,5
chessbeginners,5
chessleagues,5
chi,5
chicagojobs,5
chillgroupweoncehad,5
chinaphones,5
chineselasercutters,5
chinesephones,5
chineseseo,5
chipcommunity,5
chipdesign,5
chmuranet,5
choicematerial,5
chrome,5
chrome_extensions,5
chromebooks,5
chromecast,5
chromecastgames,5
chromeextensions,5
chromeos,5
chromeproblems,5
chromium,5
chrubuntu,5
chrultrabook,5
cicadalanguage,5
cincodenada,5
cinema4d,5
cinnamonde,5
cio,5
circuits,5
cisco,5
cissp,5
citrix,5
civilengineering,5
civilengineers,5
civvi,5
cjdns,5
clarifai,5
clinicalgenetics,5
clippy,5
clocks,5
clojure,5
cloud,5
cloud_computing,5
cloudatcost,5
cloudcomputing,5
cloudflare,5
cloudtobutt,5
clublcd,5
clueboard,5
clusters,5
cms,5
cmvprogramming,5
cnc,5
cockroachdb,5
cocoa,5
code,5
codecademy,5
codelympics,5
codemasterrace,5
codeperformance,5
codereview,5
coderradio,5
coderversity,5
codev,5
coding,5
codingbootcamp,5
codinghelp,5
codinginterview,5
coffeescript,5
cofounder,5
cogent,5
cognos,5
colar,5
coldfusion,5
coldshowers,5
collaboration,5
collectyournobelprize,5
college,5
coloring,5
comcast,5
comcast_xfinity,5
comcasthate,5
comcastnazi,5
cometapp,5
comic,5
commandline,5
commercialav,5
commercialprinting,5
common_lisp,5
commoncore,5
commvault,5
companyofheroes,5
compbio,5
compgeo,5
compilers,5
complaints,5
compling,5
composting,5
compoundinterest,5
compressivesensing,5
compsci,5
compscistudents,5
compsec,5
compshop,5
comptia,5
computer_help,5
computer_tech_help,5
computerforensics,5
computergraphics,5
computers,5
computerscience,5
computersecurity,5
computertechs,5
computerviruses,5
computervision,5
computing,5
connected_gardening,5
connectthink,5
connectwise,5
consciousearthlings,5
consluting,5
conspiracymemes,5
constructionupdates,5
consulting,5
content_marketing,5
contentstrategist,5
controllercompanion,5
controltheory,5
coolermaster,5
coolgithubprojects,5
coolslogans,5
copperheados,5
copperplategothic,5
copywriting,5
coq,5
cordcutters,5
cordcutting,5
cordkillers,5
cordova,5
coreboot,5
cortana,5
cosmos,5
couchdb,5
couchpotato,5
couldbeuglier,5
coupons,5
coupons_promo_codes,5
coursera,5
cowsay,5
cpl,5
cplusplus,5
cpm,5
cpp,5
cpp14,5
cpp_questions,5
cprog,5
cprogramming,5
crackeye,5
crackstatus,5
craft,5
crankysysadmin,5
crapperdesign,5
craps,5
crashplan,5
crazytheories,5
crd,5
createjs,5
creativecoding,5
creo,5
creresearch,5
crestron,5
crestronprogramming,5
cricketwireless,5
cris9696,5
crispr,5
crispr_gmo,5
critheals,5
critiquemyresume,5
crouton,5
crowdfundbeatde,5
crowdfunding,5
crt,5
crunchyroll,5
cryo,5
cryptoanarchy,5
cryptography,5
crystal_programming,5
crystalclearpepsi,5
crystalgrowing,5
cs224n,5
cs231n,5
cs50,5
cs_questions,5
csbooks,5
cscareerquestions,5
csclub,5
cscqcirclejerk,5
cseducation,5
csharp,5
csharphomework,5
csinterviewproblems,5
csra_cycling,5
css,5
cswomen,5
cuba_opens,5
cubesat,5
curry,5
customboards,5
customcases,5
customerservice,5
customersuccess,5
custominstall,5
customization,5
cyanogenmod,5
cyberanakinvader,5
cyberlaws,5
cybersecurity,5
cypherpass,5
cypherpunks,5
d3js,5
d_programming,5
dailydatascience,5
dailyprogrammer,5
dailyprogrammer_ideas,5
dailytechnewsshow,5
danktuga,5
dapps,5
darcs,5
darkmail,5
darknetjobs,5
darknetplan,5
dartlang,5
dartmouth,5
database,5
databasehelp,5
databases,5
datacenter,5
dataengineering,5
datagangsta,5
datahoarder,5
datahorder,5
datamining,5
datarecovery,5
datascience,5
datasciencejobs,5
datasets,5
db2,5
dbrand,5
dcdump,5
dcpu16,5
ddwrt,5
deadpoolforpresident,5
deadpoolgamingforum,5
dealcast,5
dealsreddit,5
dearbooboo,5
deathtodenuvo,5
debian,5
debugging,5
debunkthis,5
decentralizeweb,5
decibite,5
deepgreenresistance,5
deepin,5
deepinos,5
deeplearners,5
deeplearning,5
deeplearningpapers,5
deepmolewire,5
deezloader,5
defcoin,5
defcon,5
deftruefalse,5
delayforreddit,5
dell,5
dellxps13,5
demeyor,5
demoscene,5
dentalhygiene,5
dentalrdh,5
dentalschool,5
dentaltechnicians,5
dentistry,5
denuvo,5
dependent_types,5
depict,5
derfla_bookmarks,5
derksnterts,5
descentos,5
deshpande,5
design,5
design_critiques,5
designthought,5
desktops,5
devel,5
develeire,5
developer,5
developerlinks,5
developers,5
development,5
devicemodder,5
devops,5
devopscomic,5
devopsjobs,5
devwars,5
dfwfireside,5
diaspora,5
dickbutt,5
diems,5
digital_immortality,5
digital_ocean,5
digitalelectronics,5
digitalmarketing,5
digitalnomad,5
digitalnomadjerk,5
digitalsignage,5
dip,5
directvnow,5
dirtytelegram,5
disabled,5
discogs,5
discordapp,5
discountedproducts,5
distritofederal,5
diyai,5
diyaudio,5
diydsp,5
diyelectronics,5
diysound,5
diytubes,5
django,5
djangolearning,5
dladigital,5
dlang,5
dmarc,5
dndapp,5
dns,5
docker,5
dojo,5
dosbox,5
dosgaming,5
dot_net_development,5
dotcom,5
dotnet,5
dotnet30,5
dotnetjobs,5
download,5
dragon029,5
dragonflybsd,5
dribbble,5
drizzlesms,5
drmremoval,5
drobo,5
droidturbo,5
druaga1,5
drunkhifi,5
drunksysadmins,5
drupal,5
drupaldrama,5
drush,5
dsp,5
dspd,5
dtns,5
dubai,5
dubairealestate,5
duckduckgo,5
duckietv,5
dudesbrunch,5
duellinks,5
dumbass,5
duradio,5
dvorak,5
dvorakmasterrace,5
dylanlang,5
dynastyclash,5
dysautonomia,5
dyscultured,5
dyvil,5
e17,5
e_lucas,5
earningmoney,5
earphones,5
ece,5
eclipse,5
ecobee,5
ecology,5
ecommerce,5
econometrics,5
economiaitaliana,5
edtech,5
edtechweekly,5
educationalav,5
educationalgames,5
eero,5
egpu,5
elastic,5
elateachers,5
elearning,5
electrical_engineers,5
electricalengineering,5
electricity,5
electricjet,5
electrochemistry,5
electronic_circuits,5
electronics,5
electronicssalvage,5
electronjs,5
elementaryos,5
elementaryosfr,5
eline,5
elixir,5
emacs,5
emacscirclejerk,5
email,5
emaillists,5
emailmarketing,5
emailprivacy,5
embedded,5
embeddedlinux,5
embellish,5
emberjs,5
embrio,5
emby,5
emdrive,5
emdrivenews,5
emfeffects,5
emobatman,5
emoticongore,5
encyclopaediaauraxia,5
engineering,5
engineeringstudents,5
englishsetter,5
enlightenmentde,5
entertaintechtraining,5
entrepreneur,5
entrepreneurbloggers,5
entrepreneurridealong,5
entrepreneurship,5
entreprenuers,5
epicstream,5
epicsystems,5
epigenetics,5
epochfail,5
equity_crowdfunding,5
erde,5
ergodox,5
erlang,5
esbio,5
eset,5
esolangs,5
esp32,5
esp8266,5
esxi,5
etchasketch,5
ethereumfraud,5
ethnomusicology,5
etl,5
eudyptula,5
euglug,5
eurodocs,5
europrivacy,5
evanrelf,5
evernote,5
eviewers,5
excel,5
exchange,5
exchangeonline,5
exchangeserver,5
excons,5
expealrecords,5
expectedfactorial,5
experimentstodo,5
explainlikeimcalvin,5
explainlikeimdrunk,5
exponent,5
expressionengine,5
ext3nder,5
extron,5
eyetracking,5
facebook,5
facebookhelp,5
facer,5
factoriocirclejerk,5
factorize_request,5
fail,5
falconprogramming,5
falloutshelter,5
fandroids,5
faotd,5
farcraft,5
farcraft1,5
fathacks,5
favsub,5
fayco,5
fdmgroup,5
fea,5
fearme,5
fedora,5
feedback,5
felixstatus,5
fenomenit,5
ffmpeg,5
fia,5
fighterjets,5
filemaker,5
filesharing,5
filesystems,5
finalcutpro,5
findatweak,5
finman,5
fios,5
fire_snyper,5
firebase,5
firefox,5
firepao,5
firepe,5
firetv,5
firetvstick,5
firstgrabber,5
fixato,5
fixlaptop,5
fixrnews,5
flappybird,5
flashapplications,5
flask,5
flexihub,5
flextweak,5
flights,5
flixtorme,5
floor9circlejerk,5
floridaham,5
fluidmechanics,5
fluxbox,5
foamed,5
font,5
fonts,5
foreignmovieposters,5
forensics,5
forgotthefilm,5
forhire,5
forobviousreasons,5
forth,5
fortinet,5
fortran,5
fossconfession,5
fossdroid,5
fosswareeliteclub,5
fossworldproblems,5
foxteltv,5
fpga,5
frameworks,5
francecode,5
franchise,5
franchisetips,5
free_satellite_tv,5
freebsd,5
freecodecamp,5
freeculture,5
freedombox,5
freedompop,5
freeenergy,5
freeformats,5
freeformost,5
freehardware,5
freelance,5
freelance_forhire,5
freelanceprogramming,5
freelanceuk,5
freelancing,5
freelancing_india,5
freenas,5
freenet,5
freerct,5
freesoftware,5
freesoftwarelaw,5
freestockphotos,5
freesync,5
french_commander,5
frontend,5
frostwire,5
frozenshoulder,5
frugalamazon,5
frugalcanada,5
frugaldining,5
fsae,5
fsf,5
fsharp,5
fstar,5
ftc,5
fuckbestbuy,5
fuckcomcast,5
fuckcomcastsupport,5
fuckgnome,5
fuckgoogle,5
fuckingwithfascists,5
fuckvalve,5
fuckyoumicrosoft,5
fulfillmentbyamazon,5
fullstack,5
functional,5
functionalprint,5
functionalprogramming,5
funding,5
fundraise,5
funko,5
funmath,5
funnycomments,5
fusionim,5
futurecirclejerk,5
futureofprogramming,5
futureshowerthoughts,5
fuzzylogic,5
gadget,5
gadgets,5
galaxy_s,5
galaxy_s8,5
galaxygear,5
galaxynexus,5
galaxynote2,5
galaxynote3,5
galaxynote4,5
galaxynote5,5
galaxynote7,5
galaxyphones,5
galaxys3,5
galaxys4,5
galaxys5,5
galaxys6,5
galaxys7,5
galaxys8,5
galaxytab,5
galliumos,5
gameai,5
gamedev1,5
gamification,5
gaminghardware,5
gamingpc,5
gcc,5
gcode,5
gearedup,5
gears2,5
gears3,5
geek,5
geekporn,5
geeksnack,5
geeksquad,5
gemspark,5
genart,5
general,5
generalelectric,5
generalnetworking,5
generative,5
genericinternet,5
genetic_algorithms,5
genetics,5
genomics,5
gentoo,5
geologycareers,5
geomorphology,5
geophysics,5
georgialibertarians,5
geoscience,5
gerontology,5
gestaponews,5
getnarwhal,5
getperk,5
getsmarter,5
gfish93,5
gfycat,5
ghostery,5
gifcreators,5
gifpaper,5
gigabytegaming,5
gigglebang,5
gingerbread,5
girlsgonewired,5
girlsinanklesocks,5
gis,5
git,5
github,5
giveusthekarmas,5
glaciology,5
glass,5
glennmacdonald,5
globaloffensivelinux,5
gloriouscrtmasterrace,5
gmarketing,5
gnome,5
gnome3,5
gns3,5
gnu,5
gnuradio,5
goban_css,5
gobashing,5
goboardgame,5
godaddy,5
gogamedev,5
gogpodcast,5
gohugo,5
golang,5
golang_infosec,5
goldbenefits,5
gonemadmusicplayer,5
gonemildplus,5
goodguyapps,5
goodleagueofgood,5
goodprogramming,5
google,5
google_pixel_phones,5
googleallo,5
googleapis,5
googlecirclejerk,5
googlecloud,5
googledrive,5
googlefiber,5
googlefit,5
googleglass,5
googleglassapks,5
googlehome,5
googleio,5
googlemusic,5
googlenow,5
googlepixel,5
googlepixelc,5
googlepixelcirclejerk,5
googleplay,5
googleplaydeals,5
googleplaymusic,5
googleplus,5
googlevoice,5
googlewallet,5
googlewifi,5
gotrich,5
gpgpractice,5
gpgpu,5
gphone,5
gpl,5
gpu,5
gradle,5
gradschool,5
grafiker,5
graph,5
graphene,5
graphic_design,5
graphql,5
grassrootslongevity,5
greasemonkey,5
grouppolicy,5
growthmindset,5
gsec,5
gtd,5
gtron,5
guitarix,5
guix,5
gumballspowershouse,5
gurugames,5
gwt,5
gwu,5
hackaday,5
hackastream,5
hackathon,5
hackedgadgets,5
hackedteam,5
hackerboxes,5
hackernews,5
hackersec,5
hackerspaces,5
hacking,5
hacking_tutorials,5
hackintosh,5
hackintosh_ja,5
hackrf,5
hadoop,5
haduisms,5
haier,5
hail_military,5
halt,5
hamdevs,5
hamfest,5
hamitforward,5
hampota,5
hamradio,5
hangouts,5
hannahhart,5
hardware,5
hardwareswap,5
hardwareswapaustralia,5
hardwareswapeu,5
hardwareswapuk,5
hardwire,5
haskell,5
haskellgamedev,5
haskellquestions,5
hatefueledadmins,5
hawkscan,5
hazardops,5
hbang,5
hbl,5
hci,5
headphonegore,5
headphoneporn,5
headphones,5
headsets,5
healthcare,5
healthit,5
hellscasino,5
hemochromatosis,5
hermetas,5
heroku,5
hessen,5
hewlett_packard,5
hfr,5
highendaudio,5
highschooltycoons,5
hillary,5
hipaa,5
hired,5
hirenj,5
history_bookclub,5
historyofcomputers,5
historyofscience,5
historyteachers,5
hitchbot,5
hitdeals,5
hlzz,5
holidayhole,5
hollowearth,5
hollywood,5
hombalinks,5
homeassistant,5
homeautomation,5
homeautomationtrade,5
homeav,5
homebridge,5
homechemistry,5
homedeals,5
homedecordeals,5
homedefense,5
homegoods,5
homekit,5
homelab,5
homelabsales,5
homenetworking,5
homes,5
homesecurity,5
homeseer,5
homeserver,5
hometheater,5
hometheatre,5
homeworkhelp,5
homm_iii,5
honor8,5
horrorsfromlab,5
hosting,5
hotsmartwatch,5
houdini,5
howtohack,5
howtohackwifi,5
hpc,5
hpx,5
hsmm_mesh,5
htc,5
htc10,5
htcinvestors,5
htcm8,5
htcone,5
html,5
html5,5
html5gamedevs,5
html5games,5
htpc,5
htwo,5
huawei,5
huaweihonor5x,5
hue,5
huelights,5
hulu,5
huluaccounts,5
hum,5
humai,5
humanresourcemachine,5
humorousreviews,5
hungryforhumor,5
hurd,5
hwatch,5
hwstartups,5
hybridapps,5
hyperboria,5
hypercrud,5
hyperv,5
i2p,5
i3wm,5
iamarequest,5
ibeacon,5
ibeacons,5
ibm,5
ibmer,5
ibmi,5
ibuypower,5
icinga,5
icloud,5
iconpacks,5
icouldhavebeenrich,5
ictforfree,5
idelovski,5
identifythisfont,5
idesignedthis,5
idol3,5
idris,5
ifans,5
igem,5
igg0,5
ign,5
ignorantarch,5
igothacked,5
iiiiiiitttttttttttt,5
ikea,5
ikeahacks,5
illegaltorrents,5
illustrations,5
imac5k,5
imadethis,5
imaginginformatics,5
imaxgames,5
impega,5
improvingwindows,5
imustleaveamerica,5
inat,5
inbox,5
inboxinvites,5
indesign,5
indianoceanislands,5
indiastartups,5
indiegogo,5
indiescience,5
industrial_controls,5
infinitydonuts,5
infographic,5
information_security,5
informationtechnology,5
infosecnews,5
infrastructurefans,5
inkscape,5
innernetworking,5
insanephysics,5
instagram,5
instagramshots,5
instructionaldesign,5
intel,5
inteledison,5
intellectualreddit,5
intelligenceexplosion,5
intellijidea,5
interactiondesign,5
interesting_reads,5
internet,5
internetawareness,5
internetexplorer,5
internetofthings,5
interstellartravel,5
interviewfauxyou,5
interviews,5
intoblu,5
intrusiveupdates,5
inventions,5
inventwithpython,5
invites,5
ios,5
ios10,5
ios7,5
ios8,5
ios9,5
iosapps,5
iosappshowcase,5
iosbeta,5
iosbetas,5
ioscirclejerk,5
iosdev,5
iosfonts,5
iosgames,5
iosmasterrace,5
iosnews,5
iosprogramming,5
iosthemes,5
iostraverse,5
iot,5
iota,5
ipahub,5
ipcamera,5
iphone,5
iphone6s,5
iphoneapps,5
iphonehelp,5
iphonemasterrace,5
iphonewallpapers,5
ipod,5
iptv,5
iptvgta,5
iptvreviews,5
iptvtalk,5
ipv4,5
ipv6,5
irc,5
irishcirclejerk,5
irlsmurfing,5
irobeth,5
ismylogoacock,5
italks,5
italytest,5
itcareerquestions,5
itdept,5
itmanagers,5
itriedit,5
itunes,5
iusedtobeagenius,5
iwallpaperrequests,5
iwantoutjobs,5
iwatch,5
iwouldbuy,5
j2ee,5
jailang,5
jailbreak,5
jailbreakcirclejerk3,5
jailbreakcj,5
jailbreakidiots,5
jailbreakpirates,5
jailbreakstories,5
jailbroke,5
jailcast,5
java,5
java_programming,5
javafx,5
javahell,5
javahelp,5
javaone,5
javascript,5
javaserverfaces,5
javatil,5
jbinto,5
jbrequest,5
jekyll,5
jelbrek,5
jenkinsci,5
jetdotcom,5
jewsdidthis,5
jjesh,5
jjg,5
jobbit,5
jobdoneboss,5
jobopenings,5
jobpostings,5
jobsearch,5
joeyforreddit,5
jomsocial,5
joomla,5
joomlahate,5
jormy,5
journal_club,5
jpgibbshumor,5
jpgibbstorrent_n_ish,5
jquery,5
json,5
judgeit,5
jugroma,5
julia,5
juniper,5
jupiterbroadcasting,5
justcause,5
justengaged,5
justy76,5
k12sysadmin,5
kairosoft,5
kalilinux,5
kaltura,5
kanban,5
karmajobs,5
karmamachine,5
kaseya,5
kboy101222,5
kde,5
keepass,5
kekistan,5
kelowna,5
kernel,5
key_irl,5
keybase,5
keybaseproofs,5
keyboard,5
keyboards,5
keyboardshortcuts,5
keycapdesigners,5
keycaps,5
kholdlinks,5
kickasstorrents,5
kickstarter,5
kids_stem,5
kidsapps,5
killyelp,5
kindle,5
kipplebits,5
kivy,5
kjfqatest,5
klug,5
knowm,5
koajs,5
kodi,5
kotlin,5
kreatos,5
krita,5
ksguns,5
kubernetes,5
kubuntu,5
kurzweilai,5
kvm,5
labonachip,5
labrats,5
labsafety,5
ladiesofscience,5
landscaping,5
landsurveying,5
languagetechnology,5
laptop,5
laptop_reviews,5
laptopama,5
laptopdeals,5
laptops,5
lara,5
laravel,5
lasercutting,5
lasers,5
lastweeksnews,5
latex,5
latexproblems,5
launchcodecs50x,5
leads,5
leander,5
leansixsigma,5
learnandroid,5
learnc,5
learncsharp,5
learningscience,5
learnjava,5
learnjavascript,5
learnkanji,5
learnlinux,5
learnlisp,5
learnmachinelearning,5
learnmath,5
learnmusic,5
learnmysql,5
learnphysics,5
learnprogramming,5
learnpython,5
learnrubyonrails,5
learntyping,5
learnwebdev,5
leavingacademia,5
leavingthelab,5
led,5
led_lighting,5
leecophones,5
legacyjailbreak,5
legalnews,5
leifdevelopment,5
lenovo,5
lenovosupport,5
lenr,5
leocoinorg,5
letmeexplain,5
letstakeamoment,5
letterkenny,5
lettersfromofficials,5
lgg2,5
lgg3,5
lgg4,5
lgg4photography,5
lgg5,5
lgg6,5
lggggglcirclejerk,5
lggpad7,5
lggwatch,5
lggwatchr,5
lgv10,5
lgv20,5
lgwatchurbane,5
librarybox,5
libreboot,5
librelife,5
librenms,5
libreprojects,5
libsridan,5
lidar,5
life_extension,5
lifeaccordingtojoe,5
lifeextension,5
lifehack,5
lifehacker,5
lifehacks,5
lifemoreefforts,5
lifx,5
lightingdesign,5
lilyhammer,5
lineageos,5
linkbuilding,5
linusrants,5
linustechtips,5
linux,5
linux4developers,5
linux4noobs,5
linux_cucks,5
linux_devices,5
linux_filmmaking,5
linux_jp,5
linux_mentor,5
linux_on_mac,5
linux_programming,5
linuxactionshow,5
linuxadmin,5
linuxaudio,5
linuxboards,5
linuxcirclejerk,5
linuxcirclejerkclub,5
linuxconfau,5
linuxdev,5
linuxgr,5
linuxhardware,5
linuxlovers,5
linuxmasterrace,5
linuxmemes,5
linuxmint,5
linuxmusicians,5
linuxprojects,5
linuxquestions,5
linuxvideos,5
linxtablet,5
lisp,5
littlebitback,5
liveoverflow,5
livesound,5
livetiles,5
livingspeedbump,5
llsa,5
localgamestore,5
localseo,5
locksmith,5
logistics,5
logmein,5
logo_critique,5
logodesign,5
loljs,5
lolphp,5
loltrepreneur,5
london_entrepreneurs,5
london_forhire,5
londonstartup,5
longevity,5
longonoted,5
lookwhatimade,5
loomknitting,5
lorawan,5
loudspeakers,5
louisrossmann,5
lovelytangent,5
lowlevel,5
lubuntu,5
lulzbot,5
lumen,5
lumialens,5
lumialovers,5
lxd,5
lxde,5
lylestevik,5
lyme,5
lync,5
m600,5
mac,5
macapps,5
macbook,5
macbookpro,5
macgaming,5
macheffectdrive,5
machinelearning,5
machinelearning_ru,5
machxo2,5
macos,5
macprogramming,5
macserver,5
macsetups,5
macsucks,5
macsysadmin,5
madethis,5
madmaxcrack,5
madnet,5
mageia,5
magento,5
magento2,5
magicmirrorinnovation,5
magicmirrors,5
magnepan,5
mailchimp,5
mainframe,5
majormud,5
makethisplease,5
malware,5
malwarebytes,5
mandolin,5
manjarolinux,5
mapprojects,5
maps,5
marbles,5
mariadb,5
maritimelaunch,5
marketing,5
marketingautomation,5
marketingcirclejerk,5
marshallbrain,5
marshmello,5
massdrop,5
masterspehfunny,5
materialdesign,5
materials,5
math,5
mathbookclub,5
mathbooks,5
matheducation,5
mathhelp,5
mathpics,5
mathporn,5
mathquestionoftheday,5
mathriddles,5
maths,5
mathstudygroups,5
matlab,5
mavic,5
maxfocus,5
maximumnonsense,5
maxscript,5
maybemaybemaybe,5
mbp2011,5
mbta,5
mcat,5
mcsa,5
mdt,5
meaningoflife,5
meanstack,5
mechanical_keyboard,5
mechanicalengineer,5
mechanicalengineering,5
mechanicalkeyboards,5
mechanicalkeyboardsuk,5
mechatronics,5
mechmarket,5
mechupaddiction,5
mediabrowser,5
mediacrush,5
mediahint,5
mediawiki,5
mega,5
megaming,5
membershipeconomy,5
memebroker_app,5
mempo,5
mentalmath,5
mentionhelper,5
mentors,5
meraki,5
merchantservices,5
meshnet,5
meshnetwork,5
meshnetworking,5
metallurgy,5
metapcj,5
metatruereddit,5
meteor,5
metrolosangeles,5
mflat,5
michaelochurchquotes,5
microbiology,5
microcontrollers,5
microdrones,5
micromanufacturing,5
microphones,5
microscopy,5
microservices,5
microsoft,5
microsoftband,5
microsoftdynamicscrm,5
microsoftignite,5
microsoftlicensing,5
microsoftshoulddothat,5
microsoftsoftwareswap,5
microsoftsucks,5
microsoftword,5
microstrategy,5
midtownatlanta,5
mike_irl,5
mikemol,5
mikrotik,5
mildlyinappropriate,5
mildlyinterestingiama,5
militaryfaq,5
mindupload,5
minetest,5
mining,5
minipcs,5
mintcast,5
mintsim,5
mitch,5
mithriljs,5
miui,5
mkbhd,5
mlpapers,5
mlquestions,5
mnemonics,5
mneumonese,5
mnjobs,5
mobile,5
mobileappsgonewild,5
mobilecanada,5
mobilecommerce,5
mobilegamingnews,5
mobilephotography,5
mobilerepair,5
mobilewebdev,5
modsforflappybird,5
moga,5
mondegreens,5
mongodb,5
monitoring,5
monitors,5
monkeyisland,5
mooc,5
moodle,5
mooltipass,5
moronicmondayandroid,5
morse,5
motiondesign,5
moto360,5
moto_z,5
motoe,5
motog,5
motorola,5
motox,5
motoxography,5
motoxpure,5
mousepadreview,5
moviehdlite,5
movingday,5
mozilla,5
msaccess,5
msdynamics,5
msilaptops,5
msp,5
mspaint3d,5
mspjobs,5
msx,5
mtu,5
mullit,5
multiplesclerosis,5
musclescience,5
musculardystrophy,5
musicandpoetry,5
musicbattlestations,5
mutjake,5
mygoblog,5
mysite,5
mysql,5
myterribleneighbors,5
mythtv,5
myweatherstation,5
n24,5
nagios,5
nairobilug,5
nakedbakers,5
name_of_subreddit,5
namibiaiosdev,5
nano,5
nanotechnology,5
napavalley,5
nascompares,5
nashvillejobs,5
nationbuilder,5
nautiluslive,5
navyblazer_irl,5
nbic,5
neo4j,5
neovim,5
nespresso,5
nest,5
netapp,5
netbsd,5
netflix,5
netflixaustralia,5
netflixuk,5
nethack,5
nethunter,5
netneutrality,5
netsec,5
netseccareers,5
netsecstudents,5
netsukuku,5
network,5
networkforsale,5
networking,5
networkingjobs,5
networksecurity,5
netzpolitik,5
neuralnetworks,5
neutralnet,5
new_websites,5
newarkde,5
newegg,5
newibm,5
newlisp,5
newproglangfight,5
newsbeard,5
newslangterms,5
newspapers,5
newyear,5
newznab,5
next,5
nexus,5
nexus10,5
nexus4,5
nexus5,5
nexus5x,5
nexus6,5
nexus6p,5
nexus7,5
nexus9,5
nexuschrist,5
nexuscirclejerk,5
nexusplayer,5
nexusq,5
nfc,5
ngconf,5
nginx,5
niceanalogies,5
nicechips,5
nichesites,5
nim,5
nintype,5
niu,5
nixlovers,5
nixos,5
njlinux,5
nmrspectroscopy,5
nntmux,5
noagenda,5
noaudiophile,5
nocontract,5
node,5
nodejs,5
nodered,5
nojs,5
nokia,5
nokia_stock,5
nomad,5
nonprofit,5
nonprofit_jobs,5
nordvpn,5
northdakota,5
nosql,5
nosystemd,5
note4,5
note7,5
notegram,5
notificationsapp,5
notliterally,5
notwork,5
novapbs,5
noveltyaccounts,5
novicecoder,5
npm,5
nprplanetmoney,5
nspire,5
ntu,5
nucleus,5
null0x00,5
numba,5
numberphile,5
numberstations,5
numix,5
nus,5
nutanix,5
nvidea,5
nvidiashield,5
nycjobs,5
nylist,5
nzpcmr,5
nzteachers,5
nzxt,5
oastme,5
objectivec,5
ocaml,5
octave,5
oddlymotivating,5
odroid,5
oeis,5
office,5
office365,5
ogpc,5
oilandgasjobs,5
oilandgasworkers,5
oilfield,5
oknotizie,5
oldcomputers,5
oldhandhelds,5
oliosmartwatch,5
olkb,5
omegle,5
oncology,5
onedrive,5
onenote,5
oneography,5
oneplus,5
oneplusinvites,5
oneplusone,5
oneplusphotos,5
oneplussupport,5
oneplusx,5
oneyearon,5
onhub,5
onions,5
online_marketing,5
onlinelearningnow,5
onthegrid,5
open_science,5
openbsd,5
opencog,5
opencv,5
opendata,5
opendirectories,5
openelec,5
openlang,5
openload,5
openmediavault,5
openmw,5
openrct2,5
openscad,5
opensignups,5
opensource,5
opensourcegames,5
opensourcehardware,5
openspectrum,5
openstack,5
opensuse,5
opentoallctfteam,5
opentrackersdotorg,5
openvpn,5
openwrt,5
opinion,5
opnscam,5
oppy1984,5
opsec,5
optics,5
oracle,5
oraclejdbc,5
orangepi,5
orbi,5
orbitrock,5
orchestratedchaos,5
orgmode,5
osdev,5
osmc,5
osuonlinecs,5
osx,5
osxbeta,5
osxelcapitan,5
osxtweaks,5
ota,5
ottawajobsearch,5
ottoplay,5
outages,5
outlook,5
outrageporn,5
ouya,5
overclocking,5
owncloud,5
p2p,5
p2pdev,5
packetfence,5
packt,5
pacmanupgrades,5
palemoon,5
papajohns,5
parabola,5
parallella,5
parametric_design,5
paranoid_android,5
parle,5
parsing,5
participants,5
passwords,5
patagonia,5
patent_trolls,5
patentexaminer,5
pathcases,5
pathology,5
patrolx,5
pbsod,5
pc98,5
pc98touhou,5
pc_builders,5
pcbsd,5
pchelp,5
pcicompliance,5
pcmasterracebuilds,5
pcmods,5
pcretailers,5
pcsound,5
pcsupport,5
pcupgrade,5
pdqdeploy,5
pdxhamradio,5
pdxkbc,5
pebble,5
pebblecirclejerk,5
pebbledevelopers,5
pebbler,5
pelvicfloor,5
penguinpunch,5
pensacolachristian,5
peoplegettingrocked,5
perktv,5
perl,5
perl6,5
pfsense,5
pharmatising,5
phaser,5
phd,5
phdrepository,5
philadelphiajobs,5
philadelphiamusic,5
philanthropy,5
phillyguns,5
phillylist,5
phishing,5
phonegap,5
phonepics,5
phonerepair,5
phoneswap,5
photoshop,5
photox,5
php,5
php_devs,5
phpbb,5
phphelp,5
physicsbooks,5
physicshelp,5
physicsstudents,5
pibutts,5
pic_programming,5
picases,5
pickanandroidforme,5
pico8,5
piet,5
pihole,5
pillows,5
pinealcyst,5
pinoyprogrammer,5
pipelinemarketing,5
piracy,5
piratebay,5
piratebayaes,5
piratebox,5
pitchforkassistant,5
piwik,5
pixelpushing,5
pixelxl,5
pkgoftheday,5
placedevs,5
placenostalgia,5
placepixelart,5
plain,5
planetmanix,5
plano,5
plastic,5
platformio,5
plex,5
plsql,5
pltw,5
poettrix,5
pokemongoep,5
politicaltech,5
polls,5
polymer,5
polyscapes,5
popcorntime,5
popcorntimece,5
popcorntimes,5
pornindustry,5
portablespeakers,5
portlandmeshnet,5
positivepsychology,5
postcards,5
postdoc,5
postfix,5
postgresql,5
postmodernjukebox,5
potatoempire,5
powerballington,5
powercli,5
powerline,5
powershell,5
powershellchallenge,5
practicalsingularity,5
preggers,5
premiere,5
premiumbattlestations,5
premiumdomains,5
prequel,5
pressurewashing,5
pressy,5
prestashop,5
primecoin,5
primeday2016,5
print,5
printedcircuitboard,5
printers,5
printingshop,5
prison,5
prisontalk,5
prius,5
privacy,5
privacytoolsio,5
privatelabeling,5
prizonescape,5
proanon,5
probability,5
probabilitytheory,5
processing,5
procrastinando,5
prodmgmt,5
product_design,5
productivity,5
professors,5
profoundtheories,5
programanalysisstudy,5
programing,5
programmatic,5
programme_irl,5
programmerart,5
programmerchat,5
programmercringe,5
programmerfacepalm,5
programmers,5
programmertil,5
programming,5
programming_interview,5
programming_ja,5
programming_jp,5
programmingbuddies,5
programmingbydoing,5
programmingchallenges,5
programmingcirclejerk,5
programmingforkids,5
programminglanguages,5
programmingtools,5
projectara,5
projectfi,5
projectmanagement,5
projectsundaymusic,5
prolivesound,5
prolog,5
promotion,5
proprietarygarbage,5
prostatitis,5
protonmail,5
prtg,5
pseudotv,5
psychowldelic,5
publicrelations,5
puppet,5
purescript,5
purism,5
pushbullet,5
pwned,5
pygame,5
pyongwashington,5
pystats,5
python,5
pythonforum,5
qageeks,5
qajobs,5
qamyapp,5
qemu_kvm,5
qlikview,5
qnap,5
qt5,5
qthruster,5
qualityassurance,5
quantum,5
qubes,5
quirky,5
qwantzparty,5
race_realism,5
rad1o,5
rad_decentralization,5
ragingotists,5
rails,5
railsjobs,5
ransomware,5
rarediseases,5
raspberry_pi,5
raspberry_pi_projects,5
raspberry_pi_zero,5
raspberrydiy,5
raspbmc,5
rasplex,5
rass,5
raylib,5
raytracing,5
razer,5
razerforgetv,5
rbe2,5
rdata,5
rdvtech,5
reactjs,5
reactnative,5
readablecode,5
readingteacher,5
readit,5
realestatetechnology,5
reallyjobs,5
realproblemsolvers,5
realtech,5
recommendlaptop,5
recruitinghell,5
red5,5
reddhub,5
redding,5
reddit_api_test,5
reddit_folder,5
reddit_news,5
redditaudio,5
redditbunker,5
redditdata,5
redditdesign,5
redditdev,5
redditdonate,5
reddithate,5
redditisfun,5
redditisfunthemes,5
redditjobs,5
redditmarketing,5
redditmobile,5
redditnow,5
redditscripting,5
redditsideproject,5
redditsupportsubuntu,5
redditsync,5
reddittools,5
redditwritesseinfeld,5
redhat,5
redis,5
redlang,5
rednetio,5
redox,5
redreader,5
reduxjs,5
regex,5
reinforcementlearning,5
relativity,5
relayforreddit,5
releaks,5
relevantxkcd,5
relounge,5
remacs,5
remath,5
remixos,5
renoise,5
repressedgonewild,5
republicwireless,5
requestedtweaks,5
resilientfs,5
resolutions,5
responsive_web_design,5
respringlogos,5
rest,5
restaurantmarketing,5
restaurateur,5
restof,5
resume,5
resumereview,5
resumes,5
retard,5
rethinkdb,5
retouching,5
retrobattlestations,5
retrocomputing,5
retropie,5
retrotucson,5
reverseengineering,5
reviews,5
reviewsofstuff,5
rfelectronics,5
rfid,5
rhetcomp,5
ridesharingpromocodes,5
riitoken,5
ringcx,5
ringplus,5
ripgames,5
ripplingvoices,5
ripster,5
ripsterisautistic,5
rlanguage,5
robbaz,5
robopizza,5
robotdev,5
robotics,5
robotstxt,5
robotswillbeourslaves,5
rochestermn,5
rockbox,5
roku,5
rokuchannels,5
root,5
rootedandroid,5
rootit,5
rootkit,5
rootstrikers,5
ros,5
rpicanada,5
rprogramming,5
rproject,5
rrrrrrruuuuuuuuuuuust,5
rsi,5
rsnadevs,5
rstats,5
rstudio,5
rtaw,5
rtfm,5
rtlsdr,5
ruby,5
ruby_infosec,5
rubyonrails,5
rugs,5
rust,5
rust_networking,5
ryantweddell,5
s7edge,5
saas,5
safari,5
safetyfirst,5
sales,5
salesengineers,5
salesforce,5
sametmax,5
samsung,5
samsunggalaxynote4,5
samsunggalaxys6,5
samsungnote7,5
samsungpay,5
sandbox,5
santacruz,5
santarosa,5
sap,5
sapcontractopps,5
sas,5
satechnews,5
satyadidnothingwrong,5
saurik,5
savedforerin,5
savethecomputer,5
saygus,5
sbir,5
sbsitindustrynews,5
scala,5
scammer,5
scammers,5
scams,5
scamslayers,5
scannerporn,5
sccm,5
scenekit,5
scheme,5
schiit,5
schrodingerscunt,5
science2,5
scienceillustration,5
scienceteachers,5
sciencex,5
scihi,5
scihub,5
scom,5
scpfuel,5
scratch,5
screwcomcast,5
scribus,5
scripting,5
scriptswap,5
scrum,5
scrumpracticioners,5
scsi2sd,5
sdr,5
sdsu,5
search,5
sears,5
seattleweb,5
secondlife,5
security,5
securitycamera,5
securityctf,5
sed,5
seedboxes,5
selectorlegend,5
selenium,5
selfdrivingcars,5
selfhosted,5
selfie,5
sellvana_marketplace,5
semanticweb,5
sens,5
seo,5
seo_marketing,5
seobookmarks,5
serials,5
seriesguide,5
serpwoo,5
server,5
serverconfig,5
serverporn,5
servicenow,5
servo,5
servocomputers,5
settopboxes,5
setupbattles,5
sexworkersonly,5
sfdc,5
sffpc,5
sfml,5
sgears2,5
sgu,5
shadowcoin,5
shapeoko,5
shareplex,5
sharepoint,5
sharepointdev,5
sharpx68000,5
shaw,5
shell,5
shieldandroidtv,5
shiftnrg,5
shippingconfirmations,5
shitcomments,5
shitdiamosays,5
shitgnomesays,5
shitjadensays,5
shitlinuxsays,5
shitludditessay,5
shitredditspez,5
shittotesmetabotsays,5
shittybapc,5
shittyhometheater,5
shittymath,5
shittynetworking,5
shittypcsupport,5
shittyprogramming,5
shittysysadmin,5
shittytumblrgifs,5
shittyunix,5
shopify,5
shoppingisbeautiful,5
shoretel,5
shortwave,5
shotonandroid,5
shotoniphone,5
shou,5
showbox,5
shrinktheweb,5
shutdown,5
sickbeard,5
sickrage,5
sideload,5
sideloaded,5
sideproject,5
signal,5
signalidentification,5
silicongraphics,5
simpleios,5
simulate,5
singularity,5
siri,5
sirifail,5
skarp,5
skeptics,5
sketchapp,5
skilstakforums,5
skullcandy,5
skype4b,5
sl,5
slackernews,5
slackware,5
sliceofpython,5
slideforreddit,5
slingbox,5
slingtv,5
slo,5
small_business_ideas,5
smallbusiness,5
smalltalk,5
smartdns,5
smartflix,5
smarthome,5
smartphones,5
smartthings,5
smartwatch,5
smartwatch3,5
smcartistinfodump,5
snapframework,5
socialbookmark,5
socialcitizens,5
socialmedia,5
socialnetwork,5
socialpreneur,5
software,5
software_cracking,5
software_design,5
softwarearchitecture,5
softwarebugs,5
softwaredevelopment,5
softwareengineering,5
softwaregore,5
softwarescience2016,5
softwarestab,5
softwaretesting,5
sokur2,5
solarenergy,5
solipsist_nation,5
solr,5
solusproject,5
somebodymakethis,5
sonarr,5
sonicwall,5
sonos,5
sonysmartwatch3,5
sonyxperia,5
sonyxperiaz3,5
sophos,5
southwestkansas,5
sovereignreddit,5
spaceapps,5
spacemacs,5
specialed,5
spectrex360,5
speculumsreddit,5
spidersilk,5
spikelobby,5
spiritualplace,5
splunk,5
spongbobdankmemes,5
spotify,5
spotthehustle,5
springsource,5
springtomize,5
sprint,5
spss,5
spygadgets,5
sql,5
sqlserver,5
srslinux,5
srsprogramming,5
srstechnology,5
ssl,5
stacking,5
stackoverflow,5
stagelighting,5
stanisms,5
startpages,5
startup_marketing,5
startupcirclejerk,5
startupit,5
startupnews,5
startupphilosophy,5
startups,5
statistics,5
steammonstergame,5
steelseries,5
stem,5
stemdents,5
stencyl,5
stickiedpost,5
stingray,5
stljobs,5
stm32f4,5
stock_picks,5
stonerphilosophy,5
storage,5
straighttalk,5
strawberryjamz,5
streetgeek,5
studentnurse,5
stupidcomments,5
stwnhms15ya,5
stylus,5
styrelserummet,5
sublimetext,5
submityourshit,5
subsea,5
subseatechnology,5
subswithpotential,5
subtitles,5
suddenlink,5
suddenlyrocketleague,5
suggestalaptop,5
suggestapc,5
sumspace,5
supertux,5
supplychainlogistics,5
surface,5
surface4,5
surface_pro_3,5
surfacebattlestations,5
surfacebook,5
surfacecirclejerk,5
surfacegaming,5
surfacelinux,5
surfacemasterrace,5
surfacepro4,5
surfi,5
surgeprotectorheroes,5
surveying,5
sushant,5
suzannevega,5
swift,5
swiftdevelopment,5
swiftlang,5
swiftonlinux,5
symfony,5
sync_alpha,5
syncterm,5
syncthing,5
synology,5
sysadmin,5
sysadmin_fr,5
sysadminalerts,5
sysadminhallofshame,5
sysadminjobs,5
sysadminresumes,5
sysadmintil,5
sysadmintools,5
sysops,5
syssec,5
systematize,5
systemd,5
systems,5
t2s,5
tabletlinux,5
tablets,5
tablotv,5
tacomasterrace,5
tagsgonewild,5
takingbacksunday,5
talend,5
talesofmidmanagement,5
tallyarchive,5
tanriinder,5
target,5
tasker,5
taskerfiles,5
tastelesskeycaps,5
tcl,5
tdcs_brainstimulation,5
teachers,5
teachersbitching,5
teachertales,5
teaching,5
teachinguk,5
teamevga,5
teamviewer,5
teardowns,5
tech,5
tech_support,5
techanalogies,5
techcompliant,5
techculture,5
techfeed,5
techforsale,5
techjobs,5
technewstoday,5
technewz,5
technism,5
technology,5
technology_circlejerk,5
technologyporn,5
techofthefuture,5
techolitics,5
techporn,5
techsnap,5
techsupport,5
techsupportgore,5
techtalktoday,5
techtheatre,5
techtheatrecirclejerk,5
techtips,5
techunder10,5
techwrit002,5
techwrit009,5
tecknowledge,5
tecnoscimmie,5
teendeveloper,5
teensy,5
teilifis,5
teknology,5
tekthingers,5
telecommunication,5
telecommuting,5
telegram,5
telegrambots,5
telegramgroups,5
televisions,5
tello,5
temple,5
tems,5
tenyearoldtech,5
terrariumtv,5
terrcin,5
tesla,5
test_km,5
testanythingprotocol,5
textdatamining,5
textra,5
thankyouforsharing,5
theamphour,5
theboard,5
thebook,5
thebugle,5
thecarrotempire,5
thecultcast,5
thedash,5
thedistillery,5
theequaliser,5
thegamesweplay,5
thegas,5
thegeekgroup,5
theghostofchurch,5
thegoodineveryone,5
theinternetofshit,5
themarketplace,5
thenewsrightnow,5
thenvidiashield,5
theoreticalcs,5
thepiratebay,5
thesif,5
theverge,5
thewitcher3,5
theyoungturks,5
thingsiwishiknew,5
thinkpad,5
thinkpadcirclejerk,5
thirdworld21stcentury,5
thisweekintech,5
threatintel,5
threema,5
thritis,5
thunderbolt,5
thunderleague,5
ti994a,5
ti_calculators,5
tibasicprograms,5
tibia,5
tibiammo,5
ticinoxp,5
tileart,5
tilingwindowmanagers,5
time4popcorn,5
timebugdj,5
timelapse,5
timelapseporn,5
timemanagement,5
timepage,5
timewarnercable,5
ting,5
tinybiome,5
tinycode,5
tis100,5
titlegoreconfessions,5
tivo,5
tiwikwis,5
tmb_circlejerk,5
tmbg,5
tmobile,5
tmobilecirclejerk,5
tmux,5
tnhiw,5
todayiresearched,5
tomatoftw,5
tometric,5
topboy,5
tor,5
torrentday,5
torrentrequests,5
torrents,5
torrentvpn,5
toshiba,5
totalcyberwar,5
towerchallenge,5
townhall,5
tpb,5
tpp,5
tppcrack,5
trackballs,5
trackers,5
trakt,5
transit,5
traveldeals,5
trello,5
trippyapps,5
trisquel,5
trolldevelopers,5
trollgang,5
tronscript,5
truemk,5
truenetsec,5
tsdotnetlibrary,5
tsis,5
tsscc,5
ttc,5
tulsa,5
turok,5
tvadvice,5
tvosbeta,5
tvrepair,5
tweakbounty,5
twitter,5
twowaytech,5
twoxtech,5
typedesignnottypogr,5
types,5
typescript,5
typicalprogrammer,5
typo,5
uae,5
ubiquiti,5
ublock,5
ublockorigin,5
ubuntu,5
ubuntu_phone,5
ubuntuappdev,5
ubuntuappshowdown,5
ubuntuphone,5
ubuntupodcast,5
ubuntutv,5
ucsd,5
ucsf,5
ucurations,5
udel,5
uhrswork,5
uhv,5
ui_design,5
ukeducation,5
ukforhire,5
ukjobs,5
ultrabooks,5
ultraviolent,5
umcs,5
umpc,5
unemployedunionuk,5
unexpectedcomcast,5
unexpectedemoticon,5
unexpectedpoetry,5
unexpectedpube,5
unidanfans,5
unikernel,5
unity3d_help,5
unity_tutorials,5
universityofphoenix,5
unix,5
unixgore,5
unixlogos,5
unixporn,5
unraid,5
unsolicitedredesigns,5
uob,5
uoit,5
upcos,5
uptimeporn,5
urbit,5
urm0m,5
urxvt,5
usability,5
usefulscripts,5
uselesstitles,5
usenet,5
userexperience,5
userscripts,5
usolutions,5
ususcript,5
utahjobs,5
utcognoscantveritatem,5
uverse,5
uwe,5
uxresearch,5
v64,5
vagrant,5
vancouverjobs,5
vanquishsecurity,5
vaporware,5
vax,5
vba,5
vectorart,5
vectorgraphics,5
vectorwatch,5
veeam,5
vemma,5
vera,5
verilog,5
veritasium,5
verizon,5
verizontradein,5
verizonudp,5
vermiculture,5
vesselrips,5
vfio,5
vidangel,5
videoediting,5
videoengineering,5
videoproduction,5
videostream,5
videosurveillance,5
vim,5
vimcirclejerk,5
vimgolf,5
vimplugins,5
vintageapple,5
vintageaudio,5
vintagecomputers,5
vintagecomputing,5
viper_seo,5
virginiajobs,5
virginmobile,5
virl,5
virtualbox,5
virtualfreakout,5
virtualization,5
virtualization_cloud,5
virtualteams,5
visualbasic,5
visualstudio,5
vjing,5
vlogger,5
vlogging,5
vmware,5
voip,5
voxelgamedev,5
vpn,5
vpn_info,5
vpncoupons,5
vpnreviews,5
vpntorrents,5
vps,5
vsco,5
vscode,5
vue,5
vuejs,5
vxjunkies,5
vyrdism,5
wacom,5
wadsworth,5
wallowacountytechs,5
wallpaperengine,5
waroncomcast,5
warriorcats,5
washingmachines,5
watchfacepro,5
watchfacerequest,5
watchitforthecat,5
watchosbeta,5
watchpeoplecode,5
watercooling,5
waterheater,5
watson,5
waze,5
wbst,5
wdp,5
weapons,5
wearables,5
wearabletech,5
wearapps,5
web_advice,5
web_design,5
web_dev,5
web_dev_help,5
web_development,5
web_programming,5
web_work,5
webadmin,5
webapps,5
webassembly,5
webaudio,5
webdev,5
webdevbattles,5
webdevcareerquestions,5
webdevelopment,5
webdevhalloffame,5
webhosting,5
webkit,5
webmarketing,5
webmaster,5
webrtc,5
websec,5
webseriesnews,5
webside,5
websitefeedback,5
websocket,5
weeklyreddit,5
wehaveconcerns,5
wemoji,5
westmochem,5
wgu,5
wgu_devs,5
whataburger,5
whatdowedo,5
whatisthisanimal,5
whatsapp,5
whatstheword,5
whatstoday,5
whattrumphasdone,5
wheelbuild,5
wholesomecomments,5
whonix,5
wifi,5
windmobile,5
windows,5
windows10,5
windows10design,5
windows10iot,5
windows10m,5
windows10masterrace,5
windows10mobile,5
windows10techsupport,5
windows8,5
windows81,5
windowsapps,5
windowsazure,5
windowsfuckingdying,5
windowsinsiders,5
windowsmasterrace,5
windowsmemes,5
windowsmobile,5
windowsphone,5
windowsphoneswap,5
windowspodcast,5
windowsrt,5
windowsserver,5
windowsstartscreens,5
windowssucks,5
winkhub,5
winlets,5
winphonecirclejerk,5
winsurfacemusic,5
wintiles,5
wip,5
wireless,5
wirelessrouters,5
wishlist,5
wisp,5
woah,5
woocommerce,5
word,5
wordpress,5
wordpressplugins,5
workflow,5
workingremotely,5
workonline,5
workspaces,5
workupwillmar,5
worldrecords,5
wpcirclejerk,5
wpdev,5
wpwishes,5
writinggroups,5
wyncode,5
xamarindevelopers,5
xbmc,5
xcode,5
xda_developers,5
xdacirclejerk,5
xen,5
xfce,5
xiaomi,5
xiaoyi,5
xiv,5
xmonad,5
xna,5
xoticpc,5
xperia,5
xperiaz3,5
xperiaz5,5
xposed,5
xposedrequests,5
xss,5
xt1032,5
xubuntu,5
xxstem,5
yaas,5
yamrepublic,5
yappy,5
yartch,5
yeoman,5
yesno,5
yetiapp,5
yodawg,5
yogabook,5
yosys,5
youngjobs,5
yousuckblackdick,5
youtubebackups,5
youtubecomments,5
youtuberssupport,5
youtubescience,5
yunit,5
yushe,5
z127545,5
z170,5
z3c,5
z3compact,5
zabbix,5
zapier,5
zenfone,5
zenfone2,5
zenwatch,5
zeos,5
zeosplatinumreborn,5
zeroesgaming,5
zeronet,5
zetetique,5
zfs,5
zingchart,5
zipitz2,5
zmr,5
zo34,5
zodiac,5
zorinos,5
zreviews,5
zsh,5
zune,5
zx81,5
zxspectrum,5
1895,6
2kbros,6
2qb,6
3dprinting4paintball,6
3rdandwinklervstrucks,6
413,6
49erholics,6
49ers,6
49erstickets,6
502gamers,6
50states,6
518circlejerk,6
60teams60days,6
69nice,6
aaamilb,6
aboutchinesejerseys,6
acc,6
accuratepredictions,6
adamhenrique,6
adamsmaynard,6
adickey,6
afc_south,6
afc_west,6
afceast,6
ahl,6
ajgreenfacts,6
akron,6
albanydevils,6
allencraig,6
allhail,6
allsportscards,6
alouettes,6
amazondailydealsplus,6
amazongrocery,6
americanathletic,6
americanbasketballfed,6
americanleagueeast,6
amtrak,6
anaheimducks,6
andreellington4eva,6
angelsbaseball,6
anglesbaseball,6
antique,6
antivolharwatch,6
appalachia,6
appstate,6
aptde,6
argonauts,6
arkst,6
arl,6
aroundthenfl,6
arresteddevelopment,6
artiequitter,6
asaliberal,6
asdrubalcabrera,6
astros,6
asu,6
atebskaelasn,6
athensohio,6
atlantahawks,6
atlantathrashers,6
auburn,6
audl,6
autocockers101,6
autographassistance,6
autographs,6
awip,6
azcardinals,6
azdiamondbacks,6
azwildcatfootball,6
bad_irl,6
badsportsanalysis,6
balisong,6
ballparks,6
ballstreams,6
barstool,6
barstoolsports,6
bartolo,6
barvesblabseal,6
baseball,6
baseball16offseason,6
baseballcards,6
baseballcirclejerk,6
baseballhof,6
baseballoffseason15,6
baseballoffseason16,6
baseballoffseason2014,6
baseballstats,6
baseballtradedeadline,6
basebaww,6
basketball,6
basketballabroad,6
basketballcoach,6
basketballgm,6
basketballjerseys,6
basketballtips,6
bathroomgraffiti,6
baylor,6
bballgmmultiplayerii,6
bballgmonline,6
bbc,6
bbw_chubby,6
bc_lions,6
beachvolleyball,6
beaufort,6
beerwithaview,6
behindcardsmodsbacks,6
bengals,6
benmallershow,6
bennington,6
bestaliexpress,6
bestofandyschat,6
bestofblues,6
bestofcardinals,6
bestofcfb,6
bestofclassic,6
bestoffantasyfootball,6
bestofgolf,6
bestofmlbtheshow,6
bestofnba,6
bestofnfl2,6
bestofreds,6
bestofultimate,6
bestredditadvice,6
bgmll,6
bgsu,6
bicycling412,6
bigbooty,6
bigeast,6
bigfootballfans,6
bigxii,6
bikingmad,6
billsimmons,6
binbrook,6
birdlandboners,6
birdteams,6
bjlg,6
blackpolitics,6
blacksburg,6
bluegoldmountaineers,6
bluejackets,6
bluejayscirclejerk,6
blueraiders,6
bobanholdingthings,6
boblong,6
boilermakers,6
boone,6
bostonbruins,6
bostonceltics,6
bostonpride,6
bostonsports,6
bostonu,6
box,6
bptcg,6
braves,6
breathinginformation,6
brewers,6
brockholt,6
brocku,6
brogdon,6
browns,6
bsfacts,6
btmh,6
buccaneers,6
buccos,6
buffalo,6
buffalobike,6
buffalobills,6
buffalojobs,6
buffalosoccer,6
buffalostate,6
buhockey,6
bullcity,6
bullsrunthistown,6
busrationalarguments,6
byu,6
byuecasual,6
byuelol,6
byuesmash,6
byuesports,6
byufootball,6
caboclocathedral,6
calfootball,6
calgaryflames,6
cameroncrazies,6
canadabasketball,6
canadianfootballrules,6
canadiansuperpromise,6
canes,6
canton,6
canucks,6
capit,6
caps,6
capstone,6
cardinals,6
cardinalscirclejerk,6
cardinalsfantasy,6
cardinalsinvasions,6
cardinalsonion,6
carolinabeer,6
carolinarenfest,6
carrboro,6
cary,6
casinos,6
cathyyansneakers,6
catteambrotherhood,6
cbbball,6
cbbstats,6
ccu,6
cfb,6
cfbanalysis,6
cfbb,6
cfbball,6
cfbconspiracy,6
cfbgifs,6
cfbhc,6
cfbmemes,6
cfbstreams,6
cfbuploads,6
cff,6
cfl,6
cflconspiracy,6
cfmmadden,6
chad,6
chanzhfsneakers,6
chapelhill,6
chargers,6
charitablebets,6
charlesbarkleyfanclub,6
charlestonuncensored,6
charlestonwv,6
charlotte,6
charlottebeer,6
charlotteclassifieds,6
charlottehornets,6
chatham,6
cheese,6
chibears,6
chibullscirclejerk,6
chicagobulls,6
chicagosports,6
chicksinhockeyjerseys,6
chicubs,6
chicubscirclejerk,6
churchofjohnscott,6
churchofpurplejesus,6
cinci_pokemon_go,6
cincibitcoin,6
cincinnati,6
cincinnatibeer,6
cincinnatibell,6
cincybearcats,6
cincygames,6
cirrusmio_party,6
ciscoisnotcertified,6
cityislanders,6
clayton_kershaw,6
claytonnc,6
clemson,6
clemsontigers,6
cleveland,6
clevelandcavs,6
clevelandtickets,6
clowncar,6
cltcomedy,6
cmu,6
coalitionagainstevil,6
coalitionforprison,6
cofc,6
coke,6
colby,6
collegebaseball,6
collegebasketball,6
collegehockey,6
collegesoftball,6
coloradoavalanche,6
coloradorockies,6
colts,6
columbiamo,6
columbiyeah,6
columbo,6
columbusbeer,6
comicquotes,6
commenthof,6
commercials,6
concisegameguides,6
connected2k,6
connectedcareers,6
connectedgamenights,6
connecticut,6
cornell,6
cornhole,6
coupon,6
couponsanddeals,6
covington,6
cowboys,6
coyotes,6
crappymusic,6
crazy_canucklehead,6
cronullasharks,6
cska,6
csonka,6
cssban,6
cssbuy,6
ctjobs,6
ctmusicians,6
cubs,6
cuse,6
cuyahoga,6
cwru,6
cyclonenation,6
d3sports,6
dailyquiz,6
dallasstars,6
danlebatardshow,6
davidkulma,6
dayton,6
daytonbusiness,6
daytongeeks,6
dceats,6
dddjdd,6
deadsea,6
debatinghockey,6
defundcbc,6
defundthecbc,6
demondeacons,6
denison,6
denverbroncos,6
denvernuggets,6
designerreps,6
detroitlions,6
detroitlions_mock,6
detroitpistons,6
detroitredwings,6
deutscheeishockeyliga,6
devils,6
dfs,6
dfsports,6
dfsports2,6
dhcirclejerk,6
dionlewis,6
dleaguebasketball,6
doctorwang,6
dodgers,6
dolphinscirclejerk,6
dominoeffect,6
donat28,6
donkelly,6
doorcounty,6
doping,6
doublemintdave79,6
drunkmindmedia,6
drunkshitpost,6
drwcirclejerk,6
ducks,6
duke,6
duluth,6
dumbthreads,6
duquesne,6
dwaynebowesblunt,6
dynastyff,6
dynastyfootballleague,6
ea_nhl,6
eacustomcovers,6
eagles,6
eanhlfranchise,6
easports_nhl,6
easternct,6
eastlansing,6
eau_claire,6
echl,6
ecu,6
edmontonoilers,6
edmontonsocialclub,6
egoiste,6
ehm,6
eku,6
elitserien,6
elkhart,6
elkinswv,6
elmo,6
elyria,6
errc,6
escaperooms,6
espn,6
espninaction,6
espnsucks,6
espnyankees,6
evansville,6
evilerleagueofevil,6
evilleagueofevil,6
evilluminati,6
expos,6
failedpredictions,6
falcons,6
falconshate,6
fantaseabeisbol,6
fantasy_football,6
fantasybaseball,6
fantasybaseballjerk,6
fantasyfb,6
fantasyfootball,6
fantasyfootballidp,6
fantasygolf,6
fantasyhockey,6
fantasynrl,6
fantasypgagolf,6
fargo,6
fasfac,6
fashion101,6
fashionreps,6
fashionrepsbst,6
fashionwatches,6
fbbtrades,6
fcs,6
femyiff,6
ffbstats,6
ffcommish,6
ffpodcasts,6
fifacoins,6
fightingillini,6
fightingirishfootball,6
fightingsioux,6
findaleague,6
findfashion,6
findthesniper,6
fingerupemoji,6
finlandconspiracy,6
floridagators,6
floridapanthers,6
floridawoman,6
flyers,6
flyerscirclejerk,6
footballamerica,6
footballcoach,6
footballgamefilm,6
footballshitpost,6
footballstrategy,6
formely48,6
fortwayne,6
foxvalleywi,6
franchisedraft,6
freecheese,6
freecompliments,6
freedesign,6
frfashionreps,6
fries,6
frisia,6
frugalfemalefashion,6
frugalwrist,6
fryemadden,6
fsu,6
fsusports,6
fucklatos,6
fucksenor_met,6
fucktheducks,6
fucktherangers,6
fursuitsex,6
gambling,6
gamecocks,6
gameofthronesnba,6
gandsand,6
ganggreen,6
garythelegendbarnidge,6
gastate,6
geeknights,6
genevany,6
georgiabulldogs,6
gijsdhg,6
girdletest,6
glads,6
glensfalls,6
gnv,6
gnvclassifieds,6
gnvents,6
gobuffs,6
goingtohellforthis,6
goldenageoftakes,6
goldenbears,6
goldenknights,6
goldenknightshockey,6
golf,6
golfgtg,6
golfwang,6
gonets,6
gonewildtrans,6
goodwillhunting,6
gophersports,6
goshencollege,6
gradadmissions,6
grandrapidsgriffins,6
grassrootsselectin,6
grassrootsselectsc,6
greenbay,6
greenbaypackers,6
greengold,6
greenpeppersbaby,6
greenville,6
greenvillecirclejerk,6
gshock,6
guam,6
habs,6
halfnakedwomen,6
hamilton,6
hamilton_ohio,6
hampdencounty,6
hartford,6
hashclt,6
hats,6
hawkeye_football,6
hawks,6
hawksmarketplace,6
hawwkey,6
heat,6
hedidtheparmmath,6
hehestreams,6
hersheybears,6
herydrg,6
hgd,6
hibbing,6
historicalaircraft,6
historyblogs,6
hjghkfdz,6
hockey,6
hockeyawards,6
hockeyball,6
hockeybot,6
hockeycirclejerk,6
hockeydesign,6
hockeyfandom,6
hockeygamegifs,6
hockeygamerecaps,6
hockeygear,6
hockeygoalies,6
hockeygtt,6
hockeyhistory,6
hockeyjerseys,6
hockeyplayers,6
hockeypowerrankings,6
hockeyprospects,6
hockeyquestionjerk,6
hockeystats,6
hockeysweaters,6
hockeywagers,6
hokies,6
homeplate,6
homicide_lots,6
horriblelifechoices,6
hot_mares,6
houstoncougars,6
howardstern,6
howtodrawreallygood,6
hqmgames,6
huntingtonwv,6
huskers,6
huskies,6
i_hate_lebron,6
icehogs,6
ieandrewpgttitlehate,6
iggles,6
illinois4sanders,6
illinoispolitics,6
ilovemnsports,6
imaginaryhistory,6
independentbaseball,6
indianademocrats,6
indianaforsanders,6
indianahoosiers,6
indianatrees,6
ineedadesign,6
inlinehockey,6
inqsclub,6
insanecringeposse,6
insidethenba,6
internationalhockey,6
internetgambling,6
interracial_porn,6
ivalry,6
iwaswrong,6
jaguars,6
jamestownny,6
janesville,6
japanesewatches,6
japers_at_braves,6
jayhawks,6
jaystickets,6
jcu,6
jdclowney_lethimeat,6
jeffjanis,6
jeromeboger,6
jerseysmarket,6
jhu,6
jlin7,6
joahfx,6
johnnymanziel,6
jokic,6
jokinen,6
juicedb,6
juicing,6
july12,6
justbutthurtthings,6
justklaythings,6
justtroutthings,6
kansascitychiefs,6
karmatrain,6
kbo,6
kcchiefs,6
kcroyals,6
kelmonstables,6
kent,6
kentstateuniversity,6
kentucky,6
kentuckyforsanders,6
kentuckyfuturistparty,6
kentuckysocialists,6
kevintheminion,6
kghfthdfy,6
kickersarepeopletoo,6
kings,6
kingsringleader,6
kirkcousins,6
kirkcousinshaters,6
knife_raffle,6
kokomo,6
kolob,6
kontinentalhl,6
kurokosbasketball,6
kylefeldt,6
kyleisanapple,6
laclippers,6
lacrossewi,6
lafayette,6
lafayettecollege,6
lakeeriemonsters,6
lakers,6
lakewood,6
lame,6
lastman,6
lasvegas51,6
lazyman,6
leafs,6
leafshockeygifs,6
league32,6
lebatardcsstest,6
lebo,6
legitcheck,6
legitchecker,6
letsgofish,6
lexington,6
lexsec,6
lifeprotip,6
lilwayne,6
lima,6
limitedtimesale,6
livegamethread,6
liveonthescene,6
livesportsstreaming,6
llehsadam,6
longcons,6
longhornnation,6
losangeleskings,6
losangelesrams,6
lostpets,6
lostpetscharlotte,6
louisianatech,6
louisville,6
louisvillecirclejerk,6
loveland_oh,6
loyolachicago,6
lsufootball,6
lwcommunity,6
lynahfaithful,6
macfootball,6
madden,6
madden15,6
madden16,6
madden_ngel,6
maddenbros,6
maddencc,6
maddencompetitive,6
maddeneventvods,6
maddenevolutioncc,6
maddenfl,6
maddengms,6
maddenmelee,6
maddenmobilebuysell,6
maddennflmobile,6
maddenultimateteam,6
madeinusa,6
madisonmusic,6
madisonpics,6
madisonwi,6
madmen,6
magfed,6
makenashville,6
malelifestyle,6
manitowoc,6
manlove,6
manningface,6
mansfield,6
map_porn,6
mapleleafs,6
mariners,6
marinersgifs,6
markborowiecki,6
marlinsman,6
marquette,6
marshall,6
mascots,6
masseyjerk,6
massillon,6
matatuculture,6
matt,6
matthewsnc,6
mavericks,6
maydaymadden,6
mcc,6
mcsrep,6
mcsxbox,6
me_irl_neue,6
meandering,6
meatballs,6
mega_game,6
melbournestorm,6
memphis,6
memphisgrizzlies,6
memtech,6
meninblazers,6
meowyinaction,6
metahamilton,6
metropolitan,6
mets,6
miamidolphins,6
miamihurricanes,6
miamioh,6
michaelsneakers,6
michiganforsanders,6
michiganwolverines,6
mid_majors,6
middletownohio,6
mikekafka,6
milb,6
milbtv,6
militaryhistory,6
milwaukee,6
milwaukeebucks,6
mind,6
minnesota4sanders,6
minnesotapolitics,6
minnesotatwins,6
minnesotavikings,6
missamerica,6
mississippistate,6
mizzou,6
mkebucks,6
mlb,6
mlbdraft,6
mlbprospects,6
mlbstreams,6
mlbtheshow,6
mockout,6
moderatorwatchdog,6
moorhead,6
moosehockey,6
moreheadstate,6
morgantown,6
morgantownwv,6
motorcitykitties,6
mountaineers,6
mountainwest,6
movingtoct,6
msstate,6
msu,6
msuvgdc,6
mtsu,6
mubb,6
muncie,6
murfreesboro,6
murray,6
mut,6
mutcoachexchange,6
mutcoinselling,6
muttrading,6
mvsw,6
myrtlebeach,6
narffl,6
nashville,6
nashvillebikes,6
nashvillebuyandsell,6
nashvilleevents,6
nashvillemusicians,6
nashvillesounds,6
nationals,6
nationalscirclejerk,6
nba,6
nba_draft,6
nbabreakdown,6
nbacirclejerk,6
nbaconspiracy,6
nbadiscussion,6
nbajersey,6
nbalounge,6
nbaplayerhighlights,6
nbarecap,6
nbashitpost,6
nbashitposts,6
nbasmallnews,6
nbaspurs,6
nbastreams,6
nbaww,6
nbl,6
ncaa,6
ncaabasketballtourney,6
ncaafbseries,6
ncaaw,6
ncbeer,6
ncfilm,6
ncsu,6
ncsu_wolfpack,6
need,6
neohbeer,6
newalbany,6
neweracaps,6
newhaven,6
newportky,6
newyorkislanders,6
newyorkmets,6
nextvr,6
nfceast,6
nfffffffluuuuuuuuuuuu,6
nfl,6
nfl2go,6
nfl_4_aussies,6
nfl_draft,6
nfl_free,6
nfladventureclub,6
nflaustralia,6
nflconspiracy,6
nflfandom,6
nfllivetvstream,6
nflmarketplace,6
nflreplay,6
nflroundtable,6
nflse,6
nflshowerthoughts,6
nflstreams,6
nflsurvivor,6
nfltrivia,6
nfoil,6
nftametro,6
nhl,6
nhl14,6
nhl16,6
nhl2k15,6
nhl_games,6
nhlchampionshipbelt,6
nhlfilms,6
nhlhut,6
nhlstreams,6
nhltransfers,6
niagara,6
niagarafallsny,6
nightlypick,6
nku,6
nolapelicans,6
nordiques,6
norfolkadmirals,6
northcarolina4sanders,6
northernwi,6
notcleverorcoolenough,6
notredame,6
notredamefootball,6
notredamesports,6
notthisshitagain,6
nrl,6
nrlcowboys,6
nrldragons,6
nrllove,6
nutmegnerds,6
nwhl,6
nygiants,6
nyjets,6
nyknicks,6
nyyankees,6
oaklandascirclejerk,6
oaklandathletics,6
oaklandraiders,6
oberlin,6
ockytop,6
ockytoptix,6
odu,6
offthedeck,6
ohio,6
ohioareabackpacking,6
ohiobobcats,6
ohioexploration,6
ohioforsanders,6
ohiopolitics,6
ohiostatebasketball,6
ohiostatefootball,6
okstate,6
oldcoolschool,6
oldsaybrook,6
oldtimehockey,6
olemiss,6
omahastormchasers,6
omarinfante,6
onepercentproblems,6
onlist,6
onthefarm,6
ootp,6
openandgenuine,6
oregonstate,6
orioles,6
orlandomagic,6
osu,6
ottawasenators,6
outbackjesus,6
owensboro,6
oxymorons,6
pac12,6
pacers,6
pacificdivision,6
padres,6
padresfarm,6
paducah,6
paintball,6
paintballvideos,6
panerai,6
panicciti,6
panthers,6
parakeet,6
paranormallockdown,6
pardonmytake,6
parodiesnutz,6
parrotheads,6
pataskala,6
patriots,6
paulscards,6
pavelbure,6
penguins,6
pepperdine,6
perfectgifs,6
periscope,6
pghurbanmechanics,6
philadelphiaeagles,6
phillies,6
philliesminorleagues,6
picatinnypb,6
picksixcomeback,6
picnicing,6
pirateseahawk,6
pitt,6
pittcommuters,6
pittsburgh,6
pittsburghbeers,6
pittsburghleft,6
pittsburghlist,6
pittsburghlocalmusic,6
pittsburghsra,6
pittsports,6
pkrepscommunity,6
plattsburgh,6
playoffshirts,6
pocketsports,6
pokemongo_triangle,6
policevehicles,6
politicalrevolutionny,6
politicalrevolutionsc,6
portlandpirates,6
powered_by_whale_oil,6
predators,6
pretendyourexyzzy,6
primedaydeals,6
procheerleaders,6
progolf,6
pslkrl,6
publixmasterrace,6
puckstreams,6
pulaskikentucky,6
puntersclub,6
purdue,6
purplesong,6
putinbay,6
qualityshitposts,6
quizzes,6
rabidhabs,6
racine,6
racketstringers,6
ragincajuns,6
raisingmen,6
raiskream,6
raleigh,6
random_acts_of_pizza,6
rangers,6
raptorscirclejerk,6
ravenna,6
ravens,6
ravens_war_room,6
rawchicago,6
razorbacks,6
realfinlandconspiracy,6
realignmentredraft,6
realnfl,6
realsimfootball,6
red,6
redditambayan,6
reddithax,6
reddithoplitescoc,6
redditleaguebaseball,6
redditratings,6
redditsportsradio,6
redditvideos,6
reds,6
redskins,6
redskinsvsbengalslive,6
redsox,6
rentagoalie,6
rentthejoe,6
repaintedsinner,6
repdynasty,6
repfashion,6
repladies,6
replica,6
replicasneakers,6
reps,6
repsneakers,6
reptime,6
republicansforsanders,6
respectporn,6
retiredgif,6
rhinossoccer,6
rhockeymockdraft,6
riceuniversity,6
ripcity,6
ripnba,6
rit,6
ritesports,6
ritforhire,6
riverfallswi,6
rkhusi,6
rochester,6
rochestergo,6
rochesterny,6
rockets,6
rockncock,6
rogerfederer,6
rollingstones,6
rolltide,6
roshifantasy,6
roycewhite,6
rtz,6
rugbyleague,6
russellwilson,6
ryanhollins,6
s01e01,6
sabermetrics,6
sabres,6
sabrescirclejerk,6
saints,6
saltysportsfans,6
sandiegogulls,6
sanjosesharks,6
sanmarcos,6
sarcasm,6
sbu,6
scarletknights,6
scnewshelper,6
scoliosis,6
scoreball,6
seahawks,6
seiko,6
seinfeld,6
sekrittennisclub,6
serendipity,6
sexyhair,6
sfggifs,6
sfgiants,6
sfgiantscirclejerk,6
sfgsocial,6
sg3751,6
shiner,6
shitonthepackers,6
shittyearthporn,6
shittyff,6
shituncleraysays,6
shortbusbonerboys,6
shotglassbets,6
shrekfedora,6
silicommonwealth,6
silphroadky,6
sinbin,6
sinclaircc,6
sioscout,6
sixers,6
skellefteaaik,6
skyfucker,6
smarterredskins,6
sneakerreps,6
softwarehamilton,6
soonernation,6
sothissubexists,6
southbend,6
southcarolina,6
southcarolina4sanders,6
southernillinois,6
southernnaz,6
southparksaiditsok,6
spartanburg,6
spondylolisthesis,6
sportpsychology,6
sports,6
sportsdiscuss,6
sportshistory,6
sportsjerseys,6
sportsreference,6
sportstalkstop,6
sportstrivia,6
springfield,6
springfieldtbirds,6
squash,6
sqwhate,6
ssfantasybaseball,6
staircasewit,6
stamfordct,6
stanford,6
stanfordcardinal,6
statispro,6
stcatharineson,6
stealherstyle,6
steelers,6
stevelombardozzi,6
stillbullstome,6
stlouisblues,6
stlouisrams,6
stpaul,6
subaru_ct,6
subliminal,6
subredditmixups,6
sultansofstats,6
sunbelt,6
sundevils,6
suns,6
superleague,6
swagnauts,6
swisshockey,6
syracuseu,6
tablestyles,6
tabletopbaseball,6
talesoftheforgotten,6
tallmadge,6
tampabaylightning,6
tampabayrays,6
taobaoguides,6
tapestrycharterschool,6
tardinals,6
tarheels,6
taylorswiftpictures,6
tcounty,6
teamcanada,6
teamdonkeyman,6
teamketchup,6
teamsandwich,6
tekko_official,6
televisionquotes,6
templefootball,6
templeofthephil,6
tennesseetitans,6
tennis,6
tenniscirclejerk,6
tennispartners,6
tennisstreams,6
tenyearsago,6
terps,6
terrehaute,6
texans,6
texanswarroom,6
texasleague,6
texasrangers,6
texastsaalumni,6
thankyoureddit,6
thatsgoodsports,6
the_brendan,6
the_cardale,6
the_clusterfuck,6
the_dale,6
the_donaldson,6
the_donta,6
the_lobster,6
the_wastes,6
theadamwarrenfanclub,6
theavettbrothers,6
theb1g,6
thebookofdan,6
thecanopener,6
thedallascowboys,6
thedaywefightback,6
thedregsfootball,6
theflutegirl,6
thefulmercup,6
thegameofhive,6
theinstagramhotties,6
thenfcwest,6
theonlycolors,6
theplunderhood,6
therealkozi,6
theredraft,6
theshowfranchise,6
thewire,6
thisdayinhistory,6
thunder,6
tigerwoods,6
timberwolves,6
tmastl,6
todayinhistory,6
toledo,6
toledosocial,6
tombradygifs,6
tony,6
torontobluejays,6
torontomarlies,6
torontoraptors,6
towolfpack,6
translationstudies,6
triangle,6
trianglejobs,6
trivia,6
troutformvp,6
troytrojans,6
trtbps,6
trudge,6
true_nba,6
turnerj5isatyrant,6
txstate,6
txstatebobcats,6
uakron,6
ubreddit,6
uca,6
ucfknights,6
uchicago,6
ucinci,6
ucla,6
uclabruins,6
uclafootball,6
uconn,6
udub,6
ufl,6
uga,6
uichicago,6
ukplace,6
ull,6
ultimate,6
ultimatefrisbee,6
ultimaterules,6
umd,6
umpireporn,6
unashamed,6
unca,6
unccharlotte,6
undisputedfs1,6
unexpectedarcher,6
unexpectedkanye,6
unexpectedmulaney,6
unexpectedspongebob,6
unexplainedphotos,6
ungulateteams,6
unicycling,6
unionsc,6
unitedstatesofamerica,6
universityofchicago,6
universityofkentucky,6
universityoftoledo,6
unm,6
uofdayton,6
uofmemphis,6
upsetpredatorsfans,6
upstate_new_york,6
upstatesc,6
urochester,6
usahockey,6
usk,6
usna,6
utahjazz,6
uticacomets,6
uweauclaire,6
uwm4sanders,6
uwmadison,6
uwmilwaukee,6
uwplatteville,6
uwstout,6
uwwhitewater,6
vanguardofevil,6
veronicamars,6
vikings_tvseries,6
vincennes,6
vintagevino,6
virginiatech,6
vja,6
volleyball,6
waco,6
wahoostipi,6
wahoowa,6
waitingforatrain,6
warriors,6
washingtonwizards,6
watch_now,6
watchdukelose,6
watches,6
watchescirclejerk,6
watchesshowerthoughts,6
watchexchange,6
watchpeoplegetfired,6
waukesha,6
waukeshacounty,6
wausau,6
wbc,6
wbsbabypenguins,6
wde,6
weakdefense,6
weare12andthisisfunny,6
wearepennstate,6
wehaveseendreamsdick,6
westcoastconference,6
weststigers,6
westvirginia,6
wfu,6
whataboutsjws,6
wheelingwv,6
whenyouseeit,6
whitesox,6
wicirclejerk,6
wicjcirclejerk,6
wildaccusations,6
wildcats,6
wildhockey,6
winnipegjets,6
winstonsalem,6
wisconsin,6
wisconsin4sanders,6
wisconsin_writers,6
wisconsinbadgers,6
wisconsinbeer,6
wisconsingamers,6
wisconsinpolitics,6
witbgolf,6
wiu,6
wku,6
wnba,6
woodbuffalonhl,6
wordcloud,6
wrightstate,6
wslfb,6
wsucougars,6
wtwfotmjajtratcab,6
wveasternpanhandle,6
wvforsanders,6
wvu,6
wwiipics,6
xavieruniversity,6
xir0w,6
xxhockey,6
yale,6
yankees,6
yeezyordie,6
yiff,6
yiffgif,6
yodelsdidthemath,6
youseecomrade,6
zanesville,6
zengmbaseball,6
zengmbasketballcoach,6
zengmhockey,6
zeppelin,6
1022,7
10mm,7
1911,7
1911fans,7
22lr,7
300blk,7
357magnum,7
3gun,7
458socom,7
45acpcirclejerk,7
50beowulf,7
50bmg,7
512oracles,7
545x39mm,7
65grendel,7
68spc,7
870,7
9mm,7
adagiodazzle,7
aimdownsights,7
ainbowdash,7
ak47,7
anthroclop,7
applebloom,7
applejack,7
ar10,7
ar15,7
arguns,7
ariablaze,7
arkieoutdoors,7
ashleymadisonhack,7
askmusicians,7
automags,7
bannedfrom4chan,7
batponies,7
batquisition,7
battlefield_3,7
bearjokes,7
belgianmalinois,7
beretta,7
berrytrain,7
berrytubedaily,7
berrytubelounge,7
berrytubemafia,7
best_pony,7
bestofmlas1,7
bestofmlp,7
betterponymotes,7
bicyclehawaii,7
brandnewideas,7
brass,7
brassswap,7
brony,7
bronyh8,7
bronymeetup,7
bronyrights,7
brse,7
btstumbleers,7
budgetgunnit,7
cadance,7
calgary_2,7
canadaguns,7
canadagunsee,7
canadahunting,7
castboolits,7
ccw,7
ccwfashion,7
celestia,7
cgpgrey,7
chromachan,7
circleclop,7
clickholeorbuzzfeed,7
clopclop,7
cocopommel,7
coguns,7
colt,7
comblocgundeals,7
competitionshooting,7
concealblat,7
contractorweapons,7
coolshitivefound,7
cronomusic,7
czfirearms,7
czscorpion,7
derpyhooves,7
digibro,7
disagreeable,7
diyguns,7
dwarfism,7
earhugs,7
edc,7
edcwhiners,7
enoughemberspam,7
equestriagirls,7
equestriandragons,7
europeinaction,7
everfreenw,7
fcfanclub,7
firearmraffles,7
firearmsgore,7
flashlight,7
flashlightsnobs,7
flguns,7
fnhscar,7
fuddpeoplestories,7
furchin,7
gatdeals,7
gats,7
gatsistite,7
glocks,7
gun,7
gunactivist,7
gunbuilds,7
guncases,7
guncleaning,7
gundeals,7
gundealsfu,7
gunholsterclassifieds,7
gunnit,7
gunnitforward,7
gunnithallofhonor,7
gunporn,7
guns,7
gunsforsale,7
gunsmithing,7
gunsvsguns,7
handguns,7
happybuckmarkowners,7
hawaii,7
hecklerkoch,7
hipower,7
hitlermods,7
holsters,7
honolulu,7
houstonguns,7
idguns,7
idliketobeatree,7
ilguns,7
imagesofthe1910s,7
inglip,7
injuries,7
issf,7
iwwtpm,7
jabrony,7
jackreacher,7
kauai,7
knifedeals,7
kowaimorning,7
laie,7
lboxtestingstylesheet,7
leverguns,7
lfairy,7
lightgraffiti,7
lineart,7
logicbox,7
lonewolfdist,7
longrange,7
lookingforanewcat,7
lossprevention,7
m1a,7
m1rifles,7
madazzahatter,7
maguns,7
marblemac,7
marblepie,7
maresmatingmanual,7
mastercutlet,7
maudpie,7
maui,7
mauser,7
mayormare,7
mdguns,7
meetlgbt,7
memelords69,7
miaetaponeo,7
mildlyfrustrating,7
milsurp,7
milsurpguns,7
mini14,7
mlpanalysis,7
mlpccg,7
mlpcharacters,7
mlpdrawingschool,7
mlplounge,7
mlplounge2,7
mlploungesteamgroup,7
mlpmature,7
mlpoc,7
mlptalentexchange,7
mlptcg,7
mlptunes,7
mlpwritingprompts,7
mosinnagant,7
mpx,7
mtguns,7
multitools,7
mylittleandysonic1,7
mylittlechangeling,7
mylittlecmc,7
mylittleconspiracy,7
mylittledoge,7
mylittledrematicread,7
mylittleduck,7
mylittlefanfic,7
mylittlefortress,7
mylittlefriends,7
mylittlefusions,7
mylittlegriffon,7
mylittlekitchen,7
mylittlelinux,7
mylittlelistentothis,7
mylittleminecraft,7
mylittlemotorhead,7
mylittlenosleep,7
mylittleoc,7
mylittleonions,7
mylittlepony,7
mylittleprogramming,7
mylittlerickandmorty,7
mylittleshipping,7
mylittlesociology,7
mylittlestorycontest,7
mynewgat,7
myrandall,7
nevertoomanymlpsubs,7
nfa,7
nhguns,7
nightglider,7
noclop,7
nsgunenthusiasts,7
nvguns,7
nyguns,7
oahu,7
onlybangsmodels,7
opencarry,7
parabox1sucks,7
partskits,7
pdxgunnuts,7
picsofhorsedicks,7
pinkquisition,7
plounge195,7
ploungeafterdark,7
ploungecirclejerk,7
ploungegaming,7
ploungemafia,7
ploungequotes,7
ploungsheviks,7
policeporn,7
politicalfreakout,7
poniesinplaces,7
ponygames,7
ponymon,7
ponymotes,7
ponyplushies,7
pwettypwinkpwincesses,7
rangevoting,7
rarijack,7
rarishy,7
ratshot,7
rbearjokesjokes,7
realscatgirls,7
relayfm_listeners,7
reloading,7
reloadingcanada,7
reloadingsales,7
retiredquotes,7
revolvers,7
rimfire,7
rockislandauction,7
roleplayponies,7
ruger,7
runningwithrifles,7
savageshooters,7
sc62masterrace,7
secretsniper,7
shirokumacafe,7
shitgunnitsayz,7
shitgunnitupvotes,7
shittyfatpeoplehate,7
shittygunadvice,7
shittygunpictures,7
shittyideas,7
shittyriddles,7
shittytechprotips,7
shittytechsupport,7
sigsauer,7
sks,7
slashfiction,7
sleeplessplounge,7
smithandwesson,7
sonatadusk,7
sovietcombloc,7
spanishinquisition,7
springfieldarmory,7
sr1911,7
sub2k,7
sunsetshimmer,7
survivalguns,7
svt40,7
swiftmangalovers,7
swiftmangaopposition,7
tacticalgear,7
taurus,7
tavor,7
texasguns,7
texasnorth,7
the_crew,7
theearshavewalls,7
thehattening,7
thehorsewifeuniverse,7
theonetruecaliber,7
thunderstroke,7
titaniumedc,7
toes,7
tomdevito,7
transhumanist,7
transscat,7
trueprivinv,7
trumpet,7
tulpa_lounge,7
twishy,7
twistarlight,7
twixie,7
ukraineconflict,7
uspmasterrace,7
vaguns,7
vinylscratch,7
wa_guns,7
walther,7
washu,7
weakendgunnit,7
weaponry,7
weekendgunnit,7
weekendgunnitjr,7
wkndgunnithallofshame,7
x95,7
zecora,7
d_language,8
gooddoge,9
worshipleading,10
obamacare_,11
calbarexam,12
100daysofketo,13
10k,13
1200isjerky,13
1200isplenty,13
13point1,13
1500isplenty,13
4hourbodyslowcarb,13
52weeksofcooking,13
70sbig,13
911dispatchers,13
a_mash_of_all_of_us,13
aal,13
absinthe,13
abuseporn2,13
accidentalpentameter,13
actifry,13
adaptivecenter,13
addiction,13
adminassistants,13
adoptabledogs,13
adporn,13
adult_industry,13
advancedfitness,13
advancedrunning,13
adventureracing,13
aerials,13
agingparents,13
alamogordo,13
alanpartridge,13
alcohol,13
alcohol_infusion,13
aldi,13
allfitness,13
alternativerock,13
amateur_boxing,13
amateurfights,13
amazon_giveaways,13
american_kenpo,13
american_tv,13
americanfoodporn,13
anaalius,13
anabolic,13
animefood,13
anotherdocobvious,13
antranik,13
anw,13
anythinggoespics,13
appetizers,13
aquafaba,13
armsandarmor,13
arrosticini,13
artesianm,13
artisanbread,13
asanas,13
ashoethatfits,13
asianeats,13
asianmartialarts,13
askculinary,13
askhaes,13
askmedical,13
atheisttwelvesteppers,13
athena,13
athleticgirls,13
atoast,13
aussievegans,13
autism,13
averagebattlestations,13
awesomefairfood,13
b210k,13
baby,13
babyanimals,13
backpain,13
baguazhang,13
bajiquan,13
baking,13
bakingrescueremedies,13
ballet,13
barbattlestations,13
barefootrunning,13
barreling,13
barrels,13
bartenders,13
basis,13
battleparty,13
bbq,13
beefjerky,13
beermile,13
beforeitwaspopular,13
beginnerfitness,13
behavioranalysis,13
besafe,13
bestofgifrecipes,13
bestofthuglife,13
betagaming,13
betatests,13
beyondketo,13
bicepcharles,13
biggreenegg,13
bigmenfashionadvice,13
biltong,13
birdtowncomics,13
birdup,13
bitters,13
bjj,13
bjjseminars,13
blackmirror,13
blessingnavystories,13
bluemilitia,13
bodyacceptance,13
bodybuilding,13
bodyhairacceptance,13
bodyweightfitness,13
bolarecipes,13
boogie2988,13
bookswap,13
borntoday,13
botrequests,13
bouldering,13
bourbon,13
boxdestroyers,13
boxing,13
boxingcirclejerk,13
boxingpredictions,13
boxingthrowback,13
braandpanties,13
brandy,13
breaddit,13
breadit,13
breadmachines,13
brogress,13
bronzeoverlord,13
broscience,13
btfc,13
budgetcooking,13
budgetfood,13
budgetveggie,13
buildabooty,13
bulkorcut,13
bullshitpsych,13
burgers,13
burlesque,13
butwhataboutconor,13
bwfcomplaints,13
bwfmemes,13
c25k,13
cakewin,13
caloriecount,13
campingfoodporn,13
canadawhisky,13
canadianpolitics,13
carmb,13
carnitas,13
carplay,13
casinoprofessionals,13
castiron,13
castironcooking,13
cdresdenrecipes,13
cgcarporn,13
chalkbags,13
charcoal,13
charcuterie,13
cheap_meals,13
cheesewheel,13
chefit,13
chefknives,13
chefs,13
chicagomeetup,13
chiliconcarne,13
chinesefood,13
chipotle,13
chopped,13
christianmetal,13
christianvids,13
churchofdom,13
citral,13
classicalfencing,13
classypornstars,13
cli5,13
climbergirls,13
climbharder,13
clonehigh,13
cocktails,13
cognac,13
collinsbeach,13
combatarts,13
combativesciences,13
commentlpts,13
commonsense,13
commonsensetips,13
compressionshorts,13
condiments,13
conor_mcgregor,13
cookies,13
cooking,13
cookingcollaboration,13
cookingforbeginners,13
cookingprotips,13
cornelltech,13
countertaprojects,13
coxncrendor,13
crabmeatdeadlifting,13
craftcocktails,13
crosscountry,13
crossfit,13
cruise,13
cryptoconomy,13
cubansandwiches,13
culinary,13
culinarycringepics,13
culinaryplating,13
cumputer,13
cupcake1713jerk,13
d3loot,13
dadjokesthatmomstole,13
dailymafia,13
dance,13
dancers,13
dancetutorials,13
dancevideos,13
datyolktho,13
dcwhisky,13
deathclub,13
degradingholes,13
dehydrating,13
delraymisfits,13
depressionfood,13
derekbest,13
desert,13
desiketo,13
dessert,13
destinydrinks,13
diabeats,13
diabetes,13
diabetes_t1,13
diabetical,13
diabetichumor,13
did,13
diet,13
dinnerconspiracies,13
dkmma,13
dogshaming,13
donuts,13
doughnuts,13
downsyndrome,13
downtonabbey,13
drinkinggames,13
drjasonfung,13
drunkencookery,13
dumbpeople,13
duncantrussell,13
dvdasa,13
earthoficeandfire,13
eatcheapandhealthy,13
eatcheapandvegan,13
eatsomebeans,13
eaufcps4,13
ecahq,13
eddieandrichie,13
edgewaterrogerspark,13
emoji,13
emolifeprotips,13
enforma,13
enlistment,13
erbspalsy,13
erickrowan,13
eskrima,13
ethicalbuying,13
ethicalfashion,13
ethicalmensfashion,13
ethics,13
exede,13
exercise,13
expectedplottwist,13
fa30plus,13
faimprovement,13
fairphone,13
familyrecipes,13
fansofmma,13
fantasybball,13
fantasysports,13
faroeislands,13
fasting,13
fatlifeprotips,13
fatpeoplehatehate,13
fightporn,13
fights,13
fightworkouts,13
fightzone,13
firewater,13
firstmarathon,13
fitandnatural,13
fitmama,13
fitmeals,13
fitmuslims,13
fitness,13
fitness30plus,13
fitnesscirclejerk,13
fitnesscriclejerk,13
fitnessdiary,13
fitnesslife,13
fitnessminus,13
fitnessporn,13
fitnessquestions,13
fitpregnancy,13
fitshionvsfatshion,13
flexibility,13
food,13
fooddev,13
foodhacks,13
foodhaikus,13
foodporn,13
foodscience,13
foood,13
for_r,13
forearmporn,13
formcheck,13
formerramenaddicts,13
fraudalerts,13
freegold,13
fromscratch,13
frozenyogurt,13
frugalfood,13
ftm,13
ftmfashionadv,13
ftmfitness,13
ftmporn,13
ftmskype,13
fuckingcooking,13
fuckingmanly,13
funnyanimals,13
futurefood,13
gainit,13
garmin,13
genes,13
gettingshredded,13
giakesieuthi,13
gifrecipes,13
gifrecipesketo,13
gifvideo,13
gildme,13
gin,13
glutenfree,13
glutenfreecooking,13
gnureddits,13
goddesses,13
gorillarecipes,13
gotojoe2,13
gout,13
gowheretheloveis,13
grammarnaziprotips,13
greyskulllp,13
grilling,13
griptraining,13
grocerystores,13
gso,13
gum,13
gymnastics,13
gzcl,13
gzcl_app,13
haes,13
halfbull,13
hammerchisel,13
hanson,13
hapkido,13
hardrhino,13
haribomasterrace,13
harpersrecession,13
hashhouseharriers,13
healthateverysize,13
healthprotips,13
healthtransformations,13
healthyfood,13
healthyrecipegifs,13
healthyweightloss,13
hearing,13
helpmewin,13
hema,13
herround,13
hesquats,13
highjump,13
highlandgames,13
hip_hop,13
historicalcooking,13
hl3confirmed,13
hobbyjogging,13
hogwartsrp,13
hokaoneone,13
holdmyredbull,13
holyjesus,13
homegym,13
hot_dog,13
hotness,13
hotsauce,13
houseofthugs,13
howtobesherlock,13
hstrack,13
hsxc,13
hungarian,13
hypermiling,13
iaido,13
iamveryculinary,13
iamverystrong,13
icecreamery,13
ihatecats,13
im10andthislooksyummy,13
innkeeping,13
insanity,13
instantpot,13
intermittentfasting,13
internal_arts,13
irenderedapic,13
irishmma,13
iron,13
itpdot,13
iwanttoeatthis,13
iwanttolearn,13
iwataptdmeocipcsm,13
jasonellisshow,13
jeeptechnical,13
jerky,13
jimmyjoy,13
jkd,13
joerogaine,13
joerogan2,13
joerogan4,13
joerogan9,13
joerogantoo,13
joincolony,13
jolenesrecipes,13
jonjones,13
joylent,13
ju_jutsu,13
judo,13
junkfoodveg,13
justified,13
justmanlythings,13
jwd,13
karate,13
kcvaginamonologues,13
kecipes,13
keepthorinthursday,13
kendo,13
kenya,13
kenyanews,13
keto,13
keto_food,13
ketobetic,13
ketochow,13
ketocirclejerk,13
ketodrunk,13
ketofoodporn,13
ketogains,13
ketohalloffame,13
ketonz,13
ketoporn,13
ketoproblems,13
ketorecipes,13
ketotrees,13
ketouk,13
ketovapers,13
kettlebell,13
kettlebells,13
kickboxing,13
kidneystones,13
kidsvideos,13
kimchibros,13
kindredspiritsgaming,13
kinkykallipygos,13
kitchenconfidential,13
kneeinjuries,13
kookietestsub,13
koreanfood,13
korosensei,13
koryu,13
kravmaga,13
krubb,13
kulime,13
kungfu,13
kungfuquest,13
kuntao,13
kyokushin,13
kyu,13
laaabaseball,13
lactoovo,13
lactoseintolerant,13
laicecream,13
landscapearchitecture,13
lchf,13
leangains,13
learning2learn,13
leatherclassifieds,13
leek,13
lesbiansagethealthy,13
letsdance,13
lidlus,13
lifedumbasstips,13
lifenoobtips,13
lifeofafighter,13
lifeplus,13
lifeprotips,13
liftingmusic,13
liftingroutines,13
liftingvideos,13
likekenm,13
linksinteressantes,13
liquor,13
live_cooking,13
livethewage,13
livingalone,13
lobsterroll,13
lolmedicine,13
loseit,13
losingfat,13
lowestoft,13
lowt,13
lptbreakdown,13
ltutdcares,13
macaroon,13
madtownruns,13
magnesium,13
maletime,13
mallninjashit,13
manass,13
manchesterorchestra,13
mangchi,13
manhands,13
maplesyrup,13
martialarts,13
martialartscirclejerk,13
martialartsevents,13
matlagning,13
mealprepsunday,13
meat,13
meatheads,13
med_diet,13
medicalphysics,13
medicalporn,13
mega64,13
meleeweapons,13
memefood,13
memesrights,13
menuitemjerkoff,13
metafcj,13
metafitnesscirclejerk,13
metametafcj,13
metametametametafcj,13
methadone,13
mexicanfood,13
mezcal,13
miband,13
mimicrecipes,13
mindbodyspirit,13
minimeals,13
mirrornetworktest,13
missingunits,13
mixedracepeople,13
mixo,13
mixology,13
mma,13
mmacirclejerk,13
mmagifs,13
mmagoldbets,13
mmahelp,13
mmamemes,13
mmapredictions,13
mmatechnique,13
mmaunderground,13
modsbeingdicks,13
moleculargastronomy,13
monica_james,13
monohearing,13
moov,13
moralfashionadvice,13
motiononlinedk,13
movementculture,13
moviescirclejerkjerk,13
mrbukowskifeminism,13
msexchangeserver,13
muaythai,13
muhammadali,13
muhcirclejerk,13
musclebuilding,13
musicaenespanol,13
my_fitness_journey,13
myfitnesspal,13
myshiftkeyisbroken,13
nairobi,13
nateisnthere,13
nattyorjuice,13
naturalbodybuilding,13
naturism,13
naturists,13
navyseals,13
necromancers,13
nerdfitness,13
newmexico,13
newmexicoforsanders,13
newproducts,13
newyorkpizzabestpizza,13
nikeplusrunning,13
ninjawarrior,13
nobanch,13
nobingeing,13
nonewsmma,13
northernshaolin,13
norwich,13
novelnonsense,13
nudism,13
numberoneposts,13
obnoxiousedits,13
obstaclecourseracing,13
omnomit,13
onepotmeals,13
ooga_chaka_saves,13
opiatesrecovery,13
orthopaedics,13
otr,13
ottawaketo,13
outlandishalcoholics,13
p90x,13
p90x3,13
paleo,13
paleomarine,13
pancetta,13
parkinsons,13
parkinsonsdisease,13
parkour,13
past_ufc,13
pasta,13
paul_d74,13
paxvobiscum,13
peanutbutter,13
peds,13
peppersinsidepeppers,13
pescetarian,13
pfftt,13
phones,13
physicaltherapy,13
pie,13
pimpmyreddit,13
pissoffreddit,13
pizzasrights,13
placesnek,13
plantarfasciitis,13
plasticsurgery,13
plcb,13
poledancing,13
policeuk,13
postpreview,13
posture,13
powerbuilding,13
powerlifting,13
pressurecooking,13
prettyfood,13
preworkouts,13
pricezombie,13
pricingmistakes,13
proautism,13
probioticsupplements,13
programmingjokes,13
progresspics,13
prolactinoma,13
proteincirclejerk,13
psmf,13
pub204,13
puff2tuff,13
pullthestrings,13
pumping,13
punchablewindows,13
purplespengler,13
quenya,13
raceit,13
radiology,13
ramen,13
reallifesuperheroes,13
recipeclones,13
recipes,13
redditcantjump,13
redditformen,13
redditorsinrecovery,13
remedialrunning,13
restofthefuckingowl,13
retiredmeme,13
rezeptbuch,13
riverrestoration,13
roadtrip,13
rockdagunk,13
rondarousey,13
rosenamajunas,13
rugbytraining,13
rum,13
runbully,13
runmeals,13
runnersinchicago,13
running,13
runningcirclejerk,13
runningcringe,13
runninglifestyle,13
ryewhiskey,13
sanda,13
sanshou,13
santafe,13
sausage,13
sausagetalk,13
saved_posts,13
savedrecipes,13
sca,13
sciatica,13
scootrrichards,13
scotch,13
scotchswap,13
scranton,13
sdfs,13
seasoning,13
secularsobriety,13
seriouseats,13
sexygirls,13
shami,13
shaolin,13
shawngupta,13
shelties,13
shitnutritionadvice,13
shitpostsfromgrandma,13
shitty_food_recipes,13
shittyamericanrecipes,13
shittyanalogies,13
shittyaskfitness,13
shittyfoodhacks,13
shittyfoodporn,13
shittyfrozenpizza,13
shittylpt,13
shittymma,13
shittyramen,13
shittyshittyfoodporn,13
shittyveganfoodporn,13
shitweebssay,13
shitwhitepeopledo,13
siblingsupport,13
sichuanfood,13
silphroadafrica,13
sindarin,13
siswimsuit2015,13
skellylogic,13
skinnyfatpeoplehate,13
skinnypeoplepraise,13
slandy,13
slideshowrecipes,13
slowcooking,13
slumnerdcix,13
smallbatchbaking,13
smallpenisproblems,13
smoking,13
smotheredfries,13
socialexperiments,13
sorrywhathappened,13
sourdough,13
sousvide,13
soylent,13
soylent_de,13
soylentflavours,13
spartanrace,13
speedupmypc,13
spicy,13
spinnerstyle,13
sportsmed,13
spotthevegan,13
sprinting,13
spuds,13
standingdesks,13
startmoving,13
stationbravo,13
stationd,13
steak,13
steak_n_shake,13
steroids,13
steroidscirclejerk,13
steroidsxx,13
stillbetterthanlpt,13
stonedcomments,13
stoppingaspergers,13
stopsayinggoodtimes,13
stratovarius,13
streeteats,13
strength_training,13
strengthcalc,13
strongcurves,13
stronglifts5x5,13
strongman,13
studentfood,13
studentsofphilosophy,13
stupidfood,13
stutter,13
suboxone,13
subredditcivility,13
supplements,13
supportiveketo,13
surgery,13
surprisinglyheavy,13
sushi,13
sushiabomination,13
sweenos,13
swoledominance,13
swords,13
systema,13
taamc,13
tabletopchampions,13
tacticalbarbell,13
taijiquan,13
talesofmybowels,13
tall,13
tallcringe,13
tallmeettall,13
talltwox,13
tango,13
tangsoodo,13
taos,13
tastyfood,13
taxi,13
taylormariehill,13
team_bat,13
team_galaxy,13
team_monarch,13
team_recharge,13
team_refuel,13
teambumblebee,13
teamconfetti,13
teamdaffodil,13
teamduckling,13
teamfathertime,13
teamghost,13
teamgingerbread,13
teamhayfever,13
teamhummingbird,13
teamjackolantern,13
teamjunebug,13
teamnutcracker,13
teamreindeer,13
teamskeleton,13
teamsnowman,13
teamtimessquare,13
teamvampire,13
teamwitch,13
teenfa,13
tengwar,13
tequila,13
test_posts,13
testosterone,13
testpost,13
tgphysio,13
thathappend,13
the_khabib,13
theamazingrepost,13
theboxingczar,13
thefighterandthekid,13
thereddithour,13
thestrain,13
thesweetscience,13
theweightswatch,13
theydidthesimplemath,13
theykindadidthemath,13
thickchixxx,13
thingsyouthought,13
thisshouldbeavideo,13
thrusthamster69,13
tiki,13
tinabelcher,13
tk2og,13
tk2og_2,13
tonightsdinner,13
totesmessenger,13
trackandfield,13
traditionalninjutsu,13
trailandultrarunning,13
trailrunning,13
transadorable,13
transontario,13
transparents,13
tranypanda,13
travelingsinglet,13
treatmentforaddiction,13
treecipes,13
treeted,13
trolledbynarcissists,13
truefreemasonry,13
trueloseit,13
tumblrmoney,13
type2diabetes,13
ufc,13
ufc_fight,13
ufcstream,13
uglyamericans,13
uhhyeahdude,13
ukbabybumps,13
ultramarathon,13
ultrarunning,13
underboob,13
unexpecteddarktower,13
unexpectedpenis,13
unexpectedthuglife,13
unnecessary_nsfw_tags,13
updates,13
upvotedbecausedog,13
upvotedbecausegrill,13
urbandance,13
urinefasting,13
urinetherapy,13
vagueadvicefrommom,13
vastlystupid,13
vegan1200isplenty,13
vegan_food,13
vegancirclejerk,13
veganfitness,13
veganfoodporn,13
vegangifrecipes,13
veganhouston,13
veganketo,13
veganpizza,13
veganrecipes,13
vegetables,13
vegetarianketo,13
vegrecipes,13
vermouth,13
verymeta,13
viky,13
vingtsun,13
vintagekitchentoys,13
visual_conlangs,13
vivosmart,13
vsangels,13
weakacceptance,13
weakdads,13
weakfags,13
weakpots,13
weakpotsdrama,13
wehaveseenthebutthole,13
weightlifting,13
weightroom,13
wellduhtip,13
wengchun,13
whiskey,13
whisky,13
whiskyporn,13
whitebeltbjj,13
whoisthebatman,13
whole30,13
wholesomegifs,13
whyumadbro,13
williamsburg,13
wilmette,13
wingchun,13
withoutcontext,13
wma,13
wmma,13
wok,13
woodstoves,13
woodstoving,13
workaholics,13
workout,13
worldwhisky,13
wormfacts,13
wormisland,13
wrangler,13
wushu,13
xingyi,13
xxfitness,13
xxfitnesscirclejerk,13
xxpowerlifting,13
xxrunning,13
xxweightroom,13
xxxwomensmma,13
y1ff,13
yahooanswers,13
yayog,13
yoga,13
youneedanewdoctor,13
youwillbeokay,13
zyzz,13
brentford,14
canceradvances,15
1000thworldproblems,16
1098thworldproblems,16
109freelancers,16
111111stworldproblems,16
1220thworldproblems,16
123rdworldproblems,16
127thworldproblems,16
40k,16
420thworldproblems,16
747thworldpirates,16
778899thworldproblems,16
7thworldcirclejerk,16
90210worldproblems,16
acecombattest,16
agc,16
aislingduval,16
aliothherald,16
almost_idle,16
anno,16
anno2205,16
antenna,16
antrixcorporation,16
apod,16
apollo,16
apollo11,16
archiveporn,16
areology,16
arianespace,16
askastronomy,16
askstampcollectors,16
asteroid,16
astronomy,16
astrophotography,16
astrophys,16
azzuroredoubt,16
backtothemoon,16
bananasforscale,16
betterhuman,16
bigkspfails,16
binaural,16
blueorigin,16
boringcompany,16
braainsio,16
brownsville,16
canonn,16
caravair,16
carawayseeds,16
chinadomination,16
citationneeded,16
classicskateboarding,16
clickpocalypse,16
consoleksp,16
coolspace,16
copsub,16
corpsealot,16
cortex,16
cosmology,16
counting_in_the_wild,16
cqcfightnight,16
crossview,16
crystalarmada,16
curioushuman,16
dafuqijustread,16
damninteresting,16
darkecho,16
delusionalap,16
denser,16
diamondhunt,16
diepio,16
diepio_,16
diepioftb,16
diepionazis,16
diepiopartylinks,16
diepiopartylinks_,16
diepioshooter,16
diepiosuggestions,16
diepiosuggestions_,16
diepscenemaker,16
discozoo,16
discusshuman,16
diyskatespots,16
doesthesungiveafuck,16
dreamchaser,16
drunkenksp,16
drunkgaming,16
ducttapemasterrace,16
earthfromspace,16
earthplanetzero,16
edex,16
edfactions,16
edoud,16
edpps,16
eitedagerous,16
eitelewis,16
elite_bgs,16
elite_dangerous,16
elite_pvp,16
elitealliance,16
eliteantal,16
elitebobblewords,16
elitebountyhunters,16
eliteccn,16
elitece,16
elitecg,16
elitecheaters,16
elitecombatloggers,16
elitecqc,16
elitedangerous,16
elitedangerouscmdr,16
elitedangerousrefunds,16
eliteexplorers,16
elitefarstar,16
elitegalcop,16
elitegoh,16
elitehudson,16
elitehumor,16
elitejaques,16
elitejayhawk,16
elitelavigny,16
elitelore,16
elitemahon,16
eliteminers,16
elitemysteries,16
eliteollo,16
eliteone,16
eliteoutfitters,16
elitepatreus,16
elitepirates,16
elitepress,16
eliteps,16
eliteracers,16
elitesirius,16
elitestories,16
elitetankers,16
elitetorval,16
elitetraders,16
elitevids,16
elitewiki,16
elitewings,16
elitewinters,16
elonmusk,16
elonmusktalks,16
empirecorsairs,16
enoughupforfunspam,16
enyim,16
esa,16
esarosettamission,16
exomars,16
exoplanets,16
exposenylon,16
falloftitan,16
federaldefenseleague,16
federalnavy,16
fifthworldcooking,16
fifthworldproblems,16
fireflyspace,16
flaggyflag,16
frlp,16
fuelrats,16
galacticpeacekeepers,16
geneva,16
gijoe,16
goldrush,16
goodbadmods,16
googlewhack,16
gtaeh,16
guardfreq,16
guesswhereiflewover,16
hd164595,16
heep,16
hellointernet,16
herbalspaceprogram,16
herosimulator,16
heroville,16
hi_res,16
high,16
highstakesspacex,16
hilistenerpartys,16
himuseum,16
hitlerwasfun,16
holome,16
howyoudoin,16
humanfanclub,16
humanitylovecoin,16
humanoiddiepians,16
hyperloop,16
idlegamemaker,16
idlemageattack,16
ijusthadastroke,16
imadeaboard,16
imperialhighcommand,16
imperialnavy,16
incremental_games,16
infoasyouneedit,16
inspirationscience,16
internationalspaceuni,16
ipcdangerous,16
iridiumwing,16
isleofparcerea,16
isro,16
itpub,16
itslenny,16
iwallpaper,16
jameswebb,16
jatwaaspaceprogram,16
jezza,16
junctiongate,16
junomission,16
jupiters,16
jwr,16
kcteamsnacks,16
keep_craft,16
kerbalraceprogram,16
kerbalspaceprogram,16
kic8462852,16
ksp2mars,16
kspmemes,16
kspmoddevelopment,16
kspnews,16
ksptexturepacks,16
ksptrickshots,16
kumocrew,16
langbelta,16
lavignyinquisition,16
limericks,16
lunchgrabbarna,16
mariasmining,16
mars,16
marsges,16
marsone,16
memevomit,16
metadiepio,16
meteors,16
meteorsightings,16
mfir,16
missionpatches,16
moderatorium,16
monstertailnetwork,16
moon,16
mopeio,16
mopeiodrama,16
muskmarscolony,16
nailandgear,16
nasa,16
nasamasterrace,16
nasascam,16
nerdfighters,16
neurallace,16
newbieshitposts,16
newskaters,16
nitelinks,16
nomoon,16
notksprelatedbut,16
nzfuturistparty,16
orbitalatk,16
orbitalpodcast,16
orbitalsciences,16
originalreddit,16
osirisrex,16
ostsaid,16
panspermia_party,16
pausedhank,16
pennyboard,16
perfecttower,16
peru,16
philaelander,16
philately,16
pillowfort,16
pincus,16
planetarysociety,16
planetjupiter,16
podcastpostcards,16
populatingmars,16
potato,16
praiseanokuu,16
pressreleases,16
prosperitygame,16
pseudospace,16
radiosidewinder,16
realismoverhaul,16
reallifeshinies,16
realsolarsystem,16
reddit_space_program,16
redditloop,16
redditwritesfriends,16
redneckfixes,16
replicatingrobots,16
rocketlaunches,16
rodina,16
sabis146,16
sandcastlebuilder,16
satellites,16
saturn,16
scrapocalypse,16
sesc,16
seti,16
seventhworldproblems,16
shittyworldproblems,16
simplerockets,16
simplespaceagency,16
skate,16
skateart,16
skateboarding,16
skatepark,16
skateparks,16
slenderrockprison,16
slitherio,16
smartereveryday,16
socialhuman,16
solar_system,16
space,16
space_colonization,16
space_settlement,16
spacecamp,16
spacecanada,16
spacediscussions,16
spaceelevator,16
spaceexploration,16
spaceflight,16
spaceflightporn,16
spacegifs,16
spaceonly,16
spaceparty,16
spacepolicy,16
spaceporn,16
spacerebooted,16
spaceresources,16
spacesimgames,16
spacewaxx,16
spacex,16
spacex_its,16
spacexlounge,16
spacexmasterrace,16
spacextalkopenforum,16
spaz,16
spiritualhuman,16
splashdownbingo,16
squats,16
srmod,16
starcommanderonline,16
starlancer,16
stars,16
starset,16
starshot,16
startools,16
sunknights,16
superheromovieclub,16
surreal,16
tabforacause,16
talesfromelite,16
technology_,16
telescopefeed,16
teran,16
testmostlyharmless,16
thats_so_kerbal,16
thebeach,16
theblessedfruitmen,16
thebork,16
thecodepiratesed,16
thedailyorbit,16
thedarkmountain,16
theexpanse,16
thegimp,16
theimperialcoalition,16
theiridiumplateau,16
thelema,16
themarketsofsidon,16
theoverbork,16
thesilentforest,16
thesilo,16
theunboundshrine,16
thewestwing,16
thisishuman,16
tinysoul,16
tmro,16
tothemoon,16
truespaz,16
turkmenistan,16
ula,16
uniquebusinesscards,16
uniquekeychains,16
unknownartefact,16
upforfun,16
usajobs,16
vaax,16
venus,16
veryexpensive,16
vexillologycirclejerk,16
weareindia,16
wearemods,16
widescreenwallpaper,16
wigglegrams,16
worldproblems,16
worldproblemsproblems,16
zalthor,16
bitjell,17
civsolitude,18
childrenofdeadparents,19
fussino,20
maddoge,21
giftcoin,22
giftcoinmining,23
zidisha,24
wassup,25
teenffa,26
orvilleawards,27
mathchallenges,28
turquoisemoors,29
teamredditmining,30
shittydesignporn,31
drumpants,32
pedalloops,32
earthcoin,33
aion,34
aionfreetoplay,34
civnewcovenant,35
minasminas,35
karmapolicedepartment,36
ido,37
hatersofswiftmanga,38
berrygood,39
kimyura,39
kpecs,39
kpics,39
secrettime,39
teentop,39
tiara,39
0to60,40
112263hulu,40
1233h,40
125r,40
14ers,40
18650masterrace,40
1940s,40
1960s,40
221bbakerst,40
240sx,40
250r,40
29er,40
2cb,40
2chainz,40
2strokes,40
2xchromosones,40
300zx,40
321,40
350z,40
360panoramas,40
3dprinter,40
3dprinting,40
3dprintinginfo,40
3dprintvr,40
414c424154524f53532d,40
4runner,40
4runner_1stgen,40
4x4,40
501st,40
52weeksof3dprinting,40
58thdaytona500,40
5ignal5,40
6perks,40
737southwestairlines,40
7x3stuff,40
8020,40
8bitleakage,40
90s,40
944,40
aasports,40
abandoned,40
abandonedbodyporn,40
abarth,40
abilene,40
abn,40
abseiling,40
acadiana,40
acadianafitness,40
acceleracers,40
accidentalblowjob,40
accidentaljedi,40
accidentalradiohead,40
acoustic,40
acousticoriginals,40
acrl,40
acroyoga,40
acrylics,40
activistmedia,40
actualanswer,40
acura,40
acve16,40
acworth,40
adbreakdown,40
addictsofreddit,40
adesignwork,40
adjectivenoun,40
adoptablepets,40
adoptme,40
adorableporn,40
advancedbackpacking,40
adventuremobile,40
adventurephotography,40
adventures,40
adventuresofchat,40
advicefromtheinternet,40
ae86,40
aerogarden,40
aeropress,40
aesthetics,40
agoristliving,40
airframeandpowerplant,40
airguns,40
airships,40
airstream,40
akela,40
akgaming,40
alameda,40
alaska,40
alaskabeer,40
alaskafilmnet,40
alaskaoddities,40
albury,40
alcoholiclifehacks,40
alcren,40
alexanderrhodes,40
alexbale,40
alfaromeo,40
alicematos,40
alienpumaspacetrain,40
all3dprinters,40
allkillers,40
allthingsfood,40
allyv1,40
almostalien,40
almostnotfunny,40
almostretiredgif,40
alonsocirclejerk,40
alpharetta,40
alpinism,40
alternativeeugene,40
altruism,40
amateurbikeporn,40
amateurphotography,40
amateurroomporn,40
amatuerhour,40
amazingtechnology,40
ambrosemonk,40
amen,40
americanairlines,40
americanu,40
americunts,40
amg,40
amigurumi,40
amipretty,40
amman,40
amorphophallus,40
amputee,40
anaerobicdigestion,40
anaheim,40
analog,40
anathem,40
anchorage,40
ancientcivilizations,40
ancienthistory,40
andolph,40
andrewmcmahon,40
anet3dprinters,40
angryarabs,40
animalporn,40
animalrescues,40
animalsbeingdicks,40
animalsonreddit,40
animalwelfarescience,40
animatedladyboners,40
animecons,40
animefaggotgifs,40
annapolis,40
annarbor,40
anomaliesunleashed,40
anomaly11c,40
anormaldayforralphie,40
anthonybourdain,40
anthroponics,40
antibiotic,40
anticonsumption,40
antifunnywatch,40
antipoaching,40
antitelevision,40
antivax,40
anyonebutsanders,40
anzaborrego,40
apartmenthacking,40
apnurses,40
apocalypse,40
apopka,40
apostrophepatrol,40
appalachiantrail,40
apples,40
appliancerepair,40
appliances,40
appraisals,40
aprilia,40
aquaculture,40
aquaponics,40
aquarist,40
aquarists,40
aquarium,40
aquariums,40
aquascape,40
aquaswap,40
aquatica,40
aquaticsnails,40
ar777,40
ar_innovations,40
arboretum,40
arborists,40
arbors,40
arcaracing,40
archery,40
architecturaltheory,40
architecture,40
archonclan,40
arcteryx,40
arcticsprayfoam,40
arenafootball,40
arg,40
arizona,40
arkansas,40
arkansasnews,40
armadafc,40
armenian,40
armyaviation,40
armygirls,40
arnhem,40
artdeco,40
artefactporn,40
artfundamentals,40
artisan,40
artisanvideos,40
artistgrants,40
artists,40
artix,40
artprize,40
arttocope,40
asanengineer,40
asburypark,40
ascensionparish,40
asgfootball,40
ashlandva,40
ashtrayporn,40
asiatravel,40
ask3d,40
askabrit,40
askacarsalesman,40
askamechanic,40
askarchitects,40
askashittymechanic,40
askcarguys,40
askcarsales,40
askdoctors,40
asklosangeles,40
askmechanics,40
asknola,40
asknyc,40
askphotography,40
askportland,40
askrealhipsterglasses,40
asksandiego,40
asoiaf_cosplay,40
asoldastheinternet,40
assettocorsa,40
assistance,40
assumedman,40
astoria,40
astoriaqueens,40
atbge,40
atc,40
atchison,40
atheists,40
athiest,40
atkgear,40
atlanta,40
atlantacirclejerk,40
atlantapetrescue,40
atlantar4r,40
atlantaweather,40
atlantaweddings,40
atlanticcity,40
atlbeer,40
atlgrmd,40
atlhomebrewing,40
atlriders,40
attackontitangame,40
atv,40
atvs,40
aubreymaturinseries,40
audi,40
audiobooksonyoutube,40
aurebesh,40
auroraco,40
auroraporn,40
ausbeer,40
ausguns,40
aushomebrew,40
aussiefirefighter,40
aussieriders,40
austinaugie,40
austinmotorcycles,40
austinmulticopter,40
austinpowers,40
australiasnow,40
auto,40
autobodycollision,40
autocad,40
autocorrect,40
autocross,40
autodetailing,40
automobilista,40
automotive,40
automotive_garage,40
automotivetraining,40
autorepair,40
autos,40
autotypepoetry,40
avalancheawareness,40
aviation,40
aviationmaintenance,40
aviationphotography,40
aviationpics,40
avionics,40
awesomecarmods,40
awesomedeals,40
awwwwhellyeah,40
axecraft,40
axolotl,40
axolotls,40
azhiking,40
azoffroad,40
b5audi,40
babies,40
babike,40
babolat,40
babyloss,40
backcountry,40
backmarkerwars,40
backpacking,40
backpacks,40
backwoodscooking,40
backyardmetalcasting,40
backyardorchard,40
backyardsuperheroes,40
baconittestingreddit,40
badlaw,40
badnewsusa,40
bais,40
bakersfield,40
bakersfieldcondors,40
balisongs,40
ballers,40
baltimore,40
baltimorebohemians,40
baltimorecounty,40
baltimoredogecoin,40
baltimoremusic,40
bamabeer,40
bandsofamerica,40
bangbros,40
banished,40
banishedchallenges,40
banishedmaps,40
banishedmodding,40
banksy,40
bannedfromavsim,40
barbados,40
barcraftpdx,40
barefoothoofcare,40
bargainbinvinyl,40
bariatricsurgery,40
barista,40
barnfinds,40
baruch,40
basement,40
bassfishing,40
bathrooms,40
bathurst,40
batonrouge,40
batteries,40
battlecars,40
battlegifs,40
battlewagon,40
baubleogle,40
bayareagunmeetups,40
bayridge,40
bbwhardcore,40
bdsmboston,40
beamng,40
beautifulindia,40
beautifulsemicolons,40
beaverton,40
becomeaman,40
bedbugs,40
beefheart,40
beer,40
beerblogs,40
beerbuzz,40
beercanada,40
beercirclejerk,40
beerdev,40
beergeek,40
beerhumor,40
beerinottawa,40
beerporn,40
beerreleases,40
beerreviews,40
beersandiego,40
beertrade,40
beertradecirclejerk,40
bees,40
beginnersworkshop,40
beginnerwoodworking,40
beginning_photography,40
begleri,40
behavioraleconomics,40
belmar,40
bemeapp,40
ben,40
benchmade,40
bend,40
berniesanders,40
berries,40
bertram,40
bestinclass,40
bestmotoring,40
bestof,40
bestofaskcarsales,40
bestofbestof,40
bestofboston,40
bestofbots,40
bestofcrops,40
bestofgreypo,40
bestofmoderation,40
bethesda,40
bettafish,40
bezels,40
bicla,40
bicycleculture,40
bicycleengineering,40
bicyclegear,40
bicycletouring,40
bicycling,40
bicyclingblogs,40
bicyclingcirclejerk,40
biereqc,40
bifl,40
bifl_jerk,40
bifweightloss,40
bigbendtx,40
biggestproblem,40
biggreen,40
bigisland,40
bigmacproblems,40
bigsur,40
bikeatl,40
bikeboston,40
bikebuilders,40
bikecommuting,40
bikedc,40
bikede,40
bikedeals,40
bikefit,40
bikegear,40
bikehash,40
bikein,40
bikeinottawa,40
bikekc,40
bikela,40
bikemessengers,40
bikenewengland,40
bikenz,40
bikepacking,40
bikepaths,40
bikeporn,40
bikerestorations,40
bikesandbabes,40
bikesgonewild,40
bikeshop,40
bikesocal,40
bikestuffforsale,40
biketowork,40
biketrials,40
bikeweek,40
bikewrench,40
bikingatx,40
billboardwisdom,40
biloxi,40
biochar,40
biofuel,40
biomass,40
biosphere,40
birdhunting,40
birminghammi,40
bismarckhq,40
bitchimweather,40
bitcoincuredmycancer,40
blackandwhite,40
blackops,40
blackpowder,40
blacksmith,40
blacksmithing,40
blacksmithtooldeals,40
bladesmith,40
blamelurlur,40
blancpain,40
blanketmaking,40
blogs,40
blogsabouttea,40
blondexxx,40
bloodbikes,40
bloodstained,40
blue,40
blueridgeforbernie,40
bmoremoto,40
bmw,40
bmw_s1000rr,40
bmwe24,40
bmwe36,40
bmwi3,40
bmwmotorsport,40
bmwtech,40
bmx,40
bmxracing,40
boardwalkempire,40
boating,40
boatporn,40
boats,40
bobbers,40
bobdylan,40
bobpockrass,40
bobsburgersdidit,40
bocaraton,40
boeing,40
boise,40
boise_idaho,40
boisebike,40
boltev,40
bonemarrow,40
boo,40
bookbinding,40
bookhaul,40
bookporn,40
booksvmovies,40
boomtimes,40
borntodaycosmos,40
borrow,40
boston,40
boston_running,40
bostonboardgames,40
bostonhousing,40
bostonmusic,40
bostonvapers,40
botanicalporn,40
botany,40
botcirclejerk,40
boulder,40
bouldercirclejerk,40
bouldergamers,40
boulderlist,40
bourbonchicken,40
bowhunting,40
bowyer,40
boyscouts,40
braceletcraft,40
bradenton,40
brandambassadors,40
brandonfl,40
brdm,40
breakawayminyan,40
breakingeggs,40
breakthiscode,40
breckenridge,40
breitbartnews,40
breweriana,40
brewgearfs,40
brewing,40
brianlehrer,40
bridgewaternj,40
bristolbikers,40
britishproblemsuccess,40
britpics,40
brochet,40
bromeliad,40
bronx,40
brookhaven,40
brookland,40
brooklyn,40
brooklynapartments,40
brookssaddles,40
broomball,40
broward,40
brunettes,40
brunswickga,40
brushlessgimbals,40
bsa,40
bsu,40
btcc,40
btsu,40
bubsy_politician,40
bucksnerf,40
budget_travel,40
budgetblades,40
buell,40
buffkate,40
bugin,40
bugout,40
buildacaravforme,40
buildahome,40
buildering,40
buildingcodes,40
bullion,40
bullshit,40
bullshitadvertising,40
bumperstickers,40
bumwine,40
bungii,40
burbank,40
burlingame,40
burncenter,40
burningman,40
burstpipes,40
bushcraft,40
bushcraftuk,40
bushwick,40
businessgenius,40
butterflies,40
buttsharpies,40
buyamattress,40
buyitforlife,40
buywoodworking,40
bwca,40
bwcaw,40
bytewave,40
ca_twitter,40
cabinporn,40
cablefail,40
cabletechs,40
cabshots,40
cacti,40
cactus,40
cad,40
cadillac,40
cafe,40
caferacer,40
caferacers,40
cajunhistory,40
cakes,40
california,40
california_politics,40
californiaburrito,40
californiadisasters,40
californiadrought,40
californiapics,40
calistoga,40
calligraphy,40
camaro,40
cambodia,40
cambridgema,40
camdencounty,40
cameralenses,40
cameras,40
cameronsshit,40
campandhikemichigan,40
campbell,40
campbellton,40
campbelltonbbs,40
camper,40
camphalfblood,40
camping,40
campingandhiking,40
campinggear,40
camry,40
camrydents,40
canadafilmmakers,40
canadiansforbernie,40
canberra,40
cannabissessions,40
canning,40
canoecamping,40
canoeing,40
canoewithaview,40
canon,40
canonade,40
canont6i,40
cantinacanonista,40
capecod,40
capecodgaming,40
capemay,40
capetown,40
capetownkinks,40
carav,40
caravclassifieds,40
carbonfiber,40
carcrash,40
cardboardlounge,40
cardiomyopathy,40
cardocs,40
care,40
carfix,40
cargobike,40
caribbean,40
carlhprogramming,40
carlsbadca,40
carmelindy,40
carmodification,40
carolinabikes,40
carpathy,40
carpentry,40
carpfishing,40
carporn,40
cars,40
carscirclejerk,40
carsq,40
cartalk,40
cartalkuk,40
cartech,40
caseyneistat,40
caseyneistatcirclejrk,40
cassandceleste,40
castleporn,40
casualknitting,40
cat5inthecradle,40
catcircles,40
catfishing,40
catfishstories,40
catonsville,40
catpictures,40
catsinsuitcases,40
cavehouses,40
cavemanpolitics,40
caving,40
cbrs,40
ccbc,40
cdinteractive,40
ceanothus,40
celebrityworship,40
centennialdtc,40
centralflorida,40
centralmich,40
centralvalley,40
ceramics,40
cfbmeetups,40
cfbofftopic,40
cfbotcookbook,40
ch1c0,40
chainmailartisans,40
chainsaw,40
chairsunderwater,40
challenge,40
chandleraz,40
chanhassenmn,40
charger,40
charity,40
charityknits,40
charlottesville,40
charlottesvilletech,40
charlottetown,40
chartercable,40
chat2,40
chatbots,40
checkthisvin,40
cheesemaking,40
chemistryporn,40
chemsnails,40
cherbourg,40
chernobyl,40
cherokeexj,40
chesapeake,40
chessboards,40
chessporn,40
chevrolet,40
chevy,40
chevyc10,40
chevycolorado,40
chevytrucks,40
cheyenne,40
chiari,40
chibike,40
chicagobeer,40
chicagocirclejerk,40
chicagofood,40
chicagomotorcycles,40
chicagonwside,40
chicoca,40
chilli,40
chillipeppers,40
chilliplant,40
chimichingas,40
chinesearenafootball,40
chippendale,40
chismosasdemiami,40
chocolatemilk,40
choctaw,40
chooters_hooters,40
chopmark,40
choppedcheese,40
chrisweredigital,40
chrysler,40
chupacabra,40
churchofnumbers,40
churchporn,40
chutyapa,40
cicada,40
cicerone,40
cichlid,40
cider,40
cigarettes,40
cigarmarket,40
cigars,40
cigarsrubwar,40
cincybiking,40
cinnamontitties,40
ciphers,40
circlejerkomaha,40
circlejerkpdx,40
cislunar,40
citibike,40
cities,40
citizenweather,40
citroen,40
citruscountyflorida,40
citybike,40
cityporn,40
cityscape,40
civic,40
civic_type_r,40
civilianjeep,40
clarku,40
classicbaseball,40
classiccars,40
classicminis,40
classicscreenbeauties,40
classictrucks,40
classicverne,40
classifieds,40
clearwater,40
clearwaterfl,40
cleftlip,40
cliffhangerpoems,40
climbing,40
climbingbyroadbike,40
climbingpartners,40
clopfics,40
cncmachining,40
cnu,40
coastalvirginia,40
cobeer,40
cobike,40
cocaine,40
cockpits,40
cocktail,40
codes,40
coffee,40
coffeemarket,40
cofishing,40
coketastesgood39,40
colin,40
collapseskills,40
collegeworks,40
colorado,40
colorado4sanders,40
coloradohikers,40
coloradooffroad,40
coloradoscene,40
coloradosprings,40
colorization,40
colorizationrequests,40
colorizebot,40
columbia,40
columbiamd,40
columbusclassifieds,40
columbusga,40
columbusphotography,40
comicthreads,40
commercialsolarguy,40
complaint,40
compoundbow,40
concertporn,40
concordnh,40
connectedbeer,40
connorave,40
conservation,40
construction,40
consultthetarot,40
containergardening,40
containerhomes,40
contests,40
contractor,40
coolcarsforsale,40
coolcollections,40
cooldesigns,40
coolstorybro,40
copssuckdick,40
corg,40
corinthandmegara,40
cornwall,40
corona,40
corpsmanup,40
corpsvids,40
corrado,40
corvallis,40
corvette,40
cosnow,40
costa_rica,40
costamesa,40
costco,40
cotreegifting,40
couchsurfing,40
councilbluffs,40
countingcrows,40
cousins,40
covertagents,40
cowx,40
cracktheclue,40
craftbeer,40
craftbeercast,40
craftsoficeandfire,40
craftytrolls,40
craggregate,40
crayfish,40
crazy,40
createwealth,40
creative_ideas,40
creativecommons,40
creaturebeer,40
credittotheforce,40
creepyclowns,40
crf250l,40
cripplingalcoholism,40
crm,40
crochet,40
crofton_md,40
crossstitch,40
crossword,40
crowdfundingprojects,40
crowdsource,40
crownheights,40
crownvictoria,40
cruiserculture,40
cruisers,40
cruisesreborn,40
cruze,40
crypticmotive,40
crystals,40
csuf,40
csufoco,40
csun,40
csurams,40
csusm,40
ct200h,40
ctbeer,40
ctd,40
cubancigars,40
cuboulder,40
cubscouts,40
cultcinemadrafthouse,40
cultofkanye,40
cultofsanders,40
culturalchanges,40
cumberland_maryland,40
cuny,40
curling,40
customcontrollers,40
customknifemakers,40
cutlery,40
cwu,40
cx5,40
cyael,40
cycleabq,40
cyclepdx,40
cycling,40
cyclingfashion,40
cyclingmsp,40
cyclingstagedesign,40
cyclisthate,40
cyclocross,40
cymru,40
daafgeluk,40
daddypics,40
dadpooljokes,40
dailyfootage,40
dakar,40
dallasriders,40
dammitminer,40
dancemusic,40
dankcrusadememes,40
danknugs,40
dankpuns,40
dansyndrome,40
danville_va,40
darkroom,40
darksky,40
darktable,40
dartmoor,40
dashcam,40
dashcamgifs,40
dashforreddit,40
datsun,40
davematthewsband,40
davidbowie,40
davinci3d,40
daysofnoah,40
daytonabeach,40
dazesoft,40
dbotcorexy,40
dc4sanders,40
dcbeer,40
dccoffee,40
dcforrent,40
dcgaybros,40
dcgaymers,40
dci,40
dcjobs,40
dcrideit,40
dcs,40
dcsworld,40
dctheatre,40
deal,40
deathrowdiesel,40
decaturga,40
decked,40
declutter,40
decor,40
deepdream,40
deepdreaming,40
deepdreamr,40
degrowth,40
deguns,40
delaware,40
delaware4sanders,40
delawarent,40
delawarepolitics,40
delmoto,40
delorean,40
delsol,40
deltaspy,40
delusionalcraigslist,40
denver,40
denverautoenthusiasts,40
denverbitcoin,40
denvercirclejerk,40
denvercomiccon,40
denvergamers,40
denverjobs,40
denverlist,40
denvermeshnet,40
denvermotorcycles,40
denvermusic,40
denveru,40
denvervolunteers,40
denverwhisky,40
deploy,40
desfoleyracing,40
designanenclosure,40
designcorner,40
designmyroom,40
designporn,40
deskcorners,40
desperate,40
destin,40
destructionporn,40
detectivepaper,40
detroit,40
detroitcirclejerk,40
detroitjobs,40
detroitsoftwaredev,40
dewalt,40
dhexchange,40
dhmtb,40
diablo2,40
diablo2resurgence,40
dialysis,40
diesel,40
dieseltechs,40
digital_marketing,40
dirgemusic,40
dirtbike,40
dirtbikes,40
dirtgame,40
dirtracing,40
dirty530,40
dirtypenpals,40
disableddevotion,40
disco,40
discus,40
diwhynot,40
diy,40
diycnc,40
diydrones,40
diyfail,40
diyfragrance,40
diyjapan,40
diyrafting,40
diytailor,40
diyuk,40
diyweddings,40
dji,40
djimavic,40
djiosmo,40
djiphantom,40
djmor,40
dmrnascarheat,40
dmvtokers,40
dodge,40
dodgeball,40
dodgedakota,40
dodgedart,40
doge4dega,40
dogecoin_nascar,40
dogeparty,40
dogetent,40
dogfashion,40
doggrooming,40
dogshowerthoughts,40
doingthemost,40
dollarstorediets,40
domes,40
dominican,40
dominos,40
donate,40
donation,40
dontyouknowwhoiam,40
dope_as_fuck_cooking,40
dorset,40
dot2dot,40
doublefine,40
doughnut_cat,40
downriver,40
dppprofiles,40
dr650,40
dragoncon,40
dragonsdogma,40
dragracing,40
drakensberg,40
draugrproject,40
drcconflict,40
dresden,40
drewcarey,40
drifting,40
driverless,40
driving,40
dronebuddy,40
dronefootage,40
dronepedia,40
drones,40
dronevideos,40
drought,40
drseuss,40
druggardening,40
drumcorps,40
drumcorpscirclejerk,40
drumline,40
drwho,40
drydockporn,40
drz400,40
dtla,40
dtm,40
dualsport,40
ducati,40
ducklifeprotips,40
dudeism,40
dumpster_fire,40
dumpsterdiving,40
dundalkmd,40
dunedinflorida,40
dunwoody,40
duramax,40
durango,40
durhamuk,40
durhamuni,40
dvbhistory,40
dwarfpuffers,40
dyeing,40
dyna,40
e30,40
e30classifieds,40
e46,40
eaf,40
earthlingporn,40
earthporn,40
earthpornvids,40
earthquake,40
eartufts,40
eastatlanta,40
easternoregon,40
easternshoremd,40
eastie,40
eatingdisorders,40
eatmylunchpics,40
eatyourwords,40
ebikes,40
ecig_deals,40
ecoboost,40
edcexchange,40
edmontoncycling,40
edsheeran,40
eggs,40
ejuice,40
elbanditos,40
eldersscrollsonline,40
electricaircraft,40
electrical,40
electriccars,40
electricians,40
electricvehicles,40
electroforming,40
electronmicroscopy,40
eliomotors,40
elitedangerouspics,40
elkgrove,40
elks,40
ellie22,40
elonmuskcirclejerk,40
elr,40
emeraldcoastbeer,40
emergencyfiction,40
emergencymedicine,40
emilyhancock,40
emory,40
emresident,40
emtstories,40
emu,40
emuhoops,40
enduro,40
energy,40
energydrinks,40
energyengineers,40
energypolitics,40
energystorage,40
engineeredattacks,40
engineeringjobs,40
engineeringporn,40
englewoodlittletonco,40
enough_tulsi_spam,40
entrepeneur,40
environmental_policy,40
environmentalism,40
epicureanism,40
epost,40
equestrian,40
equus,40
erieco,40
escondido,40
escorp_community,40
estoration,40
ethicalconsumerism,40
ethicalevidence,40
ethiopiapics,40
ethnobotany,40
etiquette,40
eugene,40
eureka,40
eurobeer,40
europeanmalefashion,40
eventplanning,40
everyblock,40
everydayride,40
everythread,40
evildead,40
ex500,40
examplesofgood,40
exmlm,40
exosphere,40
exoticpets,40
expatproblems,40
expats4sanders,40
expertprocrastination,40
explainlikedonald,40
explainlikeimscared,40
explorepakistan,40
exposureporn,40
extrahand,40
exwithalemonadestand,40
eyebombing,40
f04cb41f154db2f05a4a,40
f150,40
f1art,40
f1feederseries,40
f1helmets,40
f1hotornot,40
f1meetup,40
f1porn,40
f1resultsbot,40
f1technical,40
f35lightning,40
f800gsadventure,40
fabrication,40
facebookactivism,40
fairbanks,40
fairladyz,40
faithinhumanity,40
fake_education,40
fakefutureporn,40
fakehistoryporn,40
fakeowlsurvivors,40
fakepatrol,40
falconbms,40
fallfoliage,40
famguy07,40
fansofrizeupconnect,40
farming,40
farmtech,40
fashion,40
fashionadvice,40
fashionandstyle,40
fastgecko5,40
fatbike,40
fatcarhate,40
fayetteville,40
fayettevillear,40
fbhw,40
fbody,40
fcjbookclub,40
fdny,40
fearmongering,40
federalway,40
fednews,40
feels,40
felinebehavior,40
fellinggonewild,40
femra,40
fence,40
fences,40
fermentation,40
ferndale,40
ferrari,40
festivalsluts,40
fewdaysoff,40
fhritp,40
fiat,40
fiaworldrx,40
fiddle,40
fidelitypdx,40
fiestast,40
figs,40
filmheads,40
filmulator,40
filthydaymoon,40
finalfantasyviii,40
findaband,40
findareddit,40
fineartphoto,40
finecraftsmanship,40
finishing,40
finnwolfhard,40
firealarms,40
firefighters,40
firefighting,40
fireplaces2,40
fireprotection,40
firewatch,40
firstfloorwoodruff,40
fisherhall,40
fishing,40
fishingaustralia,40
fishingcanada,40
fishingontario,40
fishingrva,40
fishingtackle,40
fishtank,40
fiske,40
fisker,40
fitbit,40
fitbit_fitness,40
fitlogic,40
fitm,40
fiveredlights,40
fixedgear,40
fixedgearbicycle,40
fixit,40
fixmyprint,40
fixxit,40
flarpman,40
flatsleep,40
flh,40
flightsim,40
flooring,40
flordiaman,40
florida,40
floridabeer,40
floridabrew,40
floridaforsanders,40
floridagarden,40
floridagardening,40
floridapolitics,40
floridapoly,40
floridatrees,40
flower,40
flowers,40
flriders,40
fluffy_cactus,40
flyfishing,40
flying,40
flyingpnw,40
flyswap,40
flytying,40
flywheelcar,40
fm4,40
foamhenge,40
focoprogress,40
focusst,40
foggypics,40
foia,40
folgertech,40
folsom,40
food_bank,40
fooddisaster,40
foodlosangeles,40
foodsandiego,40
foraging,40
ford,40
forddiesels,40
fordescape,40
fordfiesta,40
fordfocus,40
fordfocusrs,40
fordfusion,40
fordranger,40
fordtrucks,40
forestgardening,40
forestry,40
forgedinfireshow,40
formula1,40
formula1gifs,40
formulae,40
formulareddit,40
formule1,40
forsale,40
forsyth,40
fortcollins,40
fortcollinsclassified,40
fortcollinsnewintown,40
fortlauderdale,40
fortlee,40
fortporn,40
fortsmith,40
fortwalton,40
forza,40
forza5tunes,40
forza_apex,40
forza_horizon3,40
forzahorizon2,40
forzatrackdays,40
fossilhunting,40
fossilid,40
fossils,40
fossphotography,40
fosterparents,40
foundpaper,40
foundphotos,40
fountainpenpals,40
fountainpens,40
fourcorners,40
foxbody,40
foxmustang,40
fpv,40
fpvracing,40
fpvvideos,40
fracking,40
fractals,40
fragrance,40
fragsplits,40
framinghamma,40
francepics,40
frankenbike,40
fredericksburg,40
fredericton,40
fredtesla,40
freebord,40
freedomlibrary,40
freeebooks,40
freeganism,40
freerva,40
freestateproject,40
freetoplaygames,40
frenchtwinks,40
freshbigtuna,40
fresno,40
froggyfresh,40
fromfieldtotable,40
frosh,40
frugal,40
frugalanarchy,40
frugalasvenskar,40
frugalmalefashion,40
frugalmalefashioncdn,40
frugalnyc,40
fruit,40
fruits,40
fsl3d,40
ft86,40
ftcollins,40
fuckableamateurs,40
fuckedbytrump,40
fuckellenpaoshirts,40
fuckingautos,40
fujifilm,40
fujix,40
fullbirdcommunism,40
fullcircle,40
fullenglishbreakfast,40
fullmouse,40
fullsail,40
fulltiming,40
functional_miniatures,40
fundraiser,40
fundraisers,40
fungi,40
fungus,40
funnyscience,40
furniture,40
furnituremaking,40
furniturerestoration,40
futurefunkairlines,40
futureofbusiness,40
futurologymoderators,40
fyi,40
fz07,40
fz09,40
fz6,40
g0pro,40
g35,40
gaa,40
gacare,40
gadgetdeals,40
gainitmeals,40
gaithersburg,40
galaxyphotography,40
gallinwr,40
gamedetectives,40
gameranks,40
gamingkc,40
gamming,40
gangstaswithwaifus,40
ganzo_knives,40
gapers,40
garagepunk,40
gardenfriends,40
gardening,40
garrettnotifications,40
gascar,40
gaston,40
gatech,40
gatechcirclejerk,40
gatechgonewild,40
gateway71,40
gayfeet,40
gayfootfetish,40
gcccc,40
gearbest,40
gearexchange,40
gearlists,40
geartrade,40
geeknitting,40
geekycrochet,40
gemstones,40
genderwagegap,40
genesiscoupe,40
geocaching,40
geodesicdomes,40
geology,40
georgia,40
georgia4sanders,40
georgiadualsporting,40
georgiatech,40
geospatial,40
geothermal,40
geotracker,40
germanmilitaria,40
germanshepherd,40
germanshepherds,40
getbamboozled,40
getemployed,40
getmearrested,40
gh0stbusters,40
ghettoglamourshots,40
ghettojerk,40
ghostbc,40
giftideas,40
gildedconspiracy,40
gildstats,40
gimbals,40
gimmiethosedeals,40
gingerbeer,40
gingerguys,40
girlrock,40
girls_smiling,40
girlsplayingsports,40
girlswithbikes,40
girlswithneonhair,40
gisjobs,40
glenburnie,40
gliding,40
globalcollapse,40
globalrallycross,40
globalwarming,40
gloomyphotos,40
glowforge,40
gluten,40
gmc,40
gmofail,40
gmu,40
goatfax,40
goats,40
gofundme,40
gogoro,40
goingupslope,40
goldendoodles,40
goldfish,40
golfgti,40
golfr,40
goneweld,40
gongfutea,40
gonzo,40
good_cop_yes_donut,40
goodbandname,40
goodcringe,40
goodpeople,40
goodyearwelt,40
googlefiberirvine,40
googlemaps,40
goonsquadalumni,40
gopro,40
goprodiy,40
gopromarket,40
goruck,40
gorving,40
government,40
gp_hall,40
gpc,40
gps,40
graeagle,40
grandcherokee,40
grandhavenmi,40
grandmanan,40
grandrapids,40
grantspass,40
granturismo,40
graphictruth,40
grassrootsselectmi,40
gratefuldoe,40
grbrew,40
greatlakespics,40
greatnwside,40
greeley,40
greenhouses,40
greenliving,40
greenmtncirclejerk,40
greensmoothies,40
grhousing,40
grimfandango,40
griptv,40
grmdplanning,40
groot,40
grotesquevocabulary,40
growcastle,40
gruit,40
grundschule,40
gsxr,40
gtamarketplace,40
guanajuato,40
guerillagardening,40
guerrillagardening,40
guiltypleasuremusic,40
guncollecting,40
gunnerkrigg,40
gunnison,40
gvsu,40
gwcommentsonearthporn,40
gwinnett,40
haasf1team,40
hacx,40
hagerstown,40
haggardgarage,40
hagstrom,40
hailadmins,40
haildad,40
hailsmallbusiness,40
halifax,40
halifaxregion,40
halifaxshitposts,40
halloweenhelp,40
hammockcamping,40
hammocks,40
hampshire,40
hamptonroads,40
hamsterhideout,40
hamtasticfaptastic,40
hamtramck,40
handheldpets,40
handmade,40
handspinning,40
handtools,40
handwriting,40
happycrowds,40
harborsprings,40
hardcoreshowpics,40
hardenergy,40
hardtotry4,40
hardwoodfloors,40
harfordcountymd,40
harlem,40
harley,40
harvard,40
hastingsne,40
hatcovetingputin,40
hatemachine,40
hattiesburg,40
hawaiigardening,40
hawaiiplantmedicine,40
hazing,40
hazmat,40
hdmi,40
hdswap,40
hedgehog,40
hedgehogs,40
heliciculture,40
helicopters,40
helimedicine,40
hellcat,40
helloimdylanboller,40
helpmefind,40
helpmefindthis,40
hephaestusaetnaean,40
herbalism,40
herblore,40
herbs,40
heroesofolympus,40
herons,40
hertonguesout,40
hexag1,40
heykcwhatwasthatnoise,40
hhhrpg,40
hhn,40
hiddendoor,40
hiddengarage,40
highdefhistory,40
highmaintenance,40
highmileclub,40
highstakesteslamotors,40
hikeatl,40
hiking,40
himynameisjay,40
hiphopheadsnyc,40
hippitty,40
hiring,40
historicmallninjashit,40
historyofaustria,40
hobbycnc,40
hobiecat,40
hobofo,40
hoboken,40
hoco,40
hogfornoobs,40
hoggit,40
holden,40
holdmyvodka,40
hombrewingquestions,40
home,40
homebrewcirclejerk,40
homebrewing,40
homebuilt,40
homedecorating,40
homefitness,40
homeimprovement,40
homeimprovementideas,40
homemadetools,40
homemaintenance,40
homemaking,40
homeoffice,40
homeowners,40
homeremodelingtalk,40
homestead,40
homesteadfl,40
homesteading,40
honda,40
honda_xr_and_xl,40
hondacb,40
hondafit,40
hondaridgeline,40
hondauk,40
hondavtx,40
honorroll,40
hoodlifeprotips,40
hookit,40
hooping,40
hopheadsde,40
hops,40
horizonair,40
horrorcore,40
horseracing,40
horseracinguk,40
horses,40
horsetraining,40
horticulture,40
hosta,40
hotandtrending,40
hotas,40
hotelhotties,40
hotpeppers,40
hottieswithjobs,40
houseplants,40
houstonmustang,40
houstonriders,40
houstonroadrage,40
howdoesthiswork,40
howtofindpassion,40
htf,40
hu3server,40
hubsan,40
hudsonvalley,40
huffnation,40
hughjass,40
humanoidconspiracy,40
humanshelpinganimals,40
humansnailalliance,40
humansvszombies,40
humboldt,40
humboldtstate,40
humerusbills,40
hummingbirds,40
hunks,40
hunting,40
huntingtonbeach,40
hurricane,40
hurricanematthew,40
hurricanewatch,40
hutchinson,40
hvac,40
hvachackscom,40
hybrid,40
hydro,40
hydroelectric,40
hydrogeology,40
hydroplanes,40
hydroponicgardening,40
hydroponics,40
hyenas,40
hyperion,40
hyundai,40
iammlbigi,40
ibew,40
iceclimbing,40
icecoast,40
icefishing,40
ich_iel,40
iconicimages,40
idinspiration,40
ifitfits,40
ihateart,40
ihscout,40
im14andthisisbrave,40
im32andthisisdeep,40
imadeanapp,40
imagesofafghanistan,40
imagesofalabama,40
imagesofarizona,40
imagesofarkansas,40
imagesofaustralia,40
imagesofbelgium,40
imagesofchile,40
imagesofcolorado,40
imagesofengland,40
imagesofflorida,40
imagesoffrance,40
imagesofhawaii,40
imagesofhongkong,40
imagesoficeland,40
imagesofillinois,40
imagesofindia,40
imagesofindiana,40
imagesofiowa,40
imagesofiran,40
imagesofjapan,40
imagesofkentucky,40
imagesoflouisiana,40
imagesofmaine,40
imagesofmichigan,40
imagesofminnesota,40
imagesofmississippi,40
imagesofmissouri,40
imagesofmontana,40
imagesofnetherlands,40
imagesofnevada,40
imagesofnewhampshire,40
imagesofnewmexico,40
imagesofnewzealand,40
imagesofnorway,40
imagesofperu,40
imagesofrussia,40
imagesofsingapore,40
imagesofsouthcarolina,40
imagesoftexas,40
imagesofthe1930s,40
imagesofthe1950s,40
imagesofthe1960s,40
imagesofthe1970s,40
imagesofthe1980s,40
imagesofthe2000s,40
imagesofthe2010s,40
imagesoftoronto,40
imagesofuae,40
imagesofusa,40
imagesofutah,40
imagesofvermont,40
imagesofvirginia,40
imagesofwashington,40
imagesofwestvirginia,40
imagesofwisconsin,40
imaginaryvikings,40
imaginarywarships,40
imaginefestival,40
imprezasti,40
incredibleindia,40
indepth,40
indianapolis,40
indoctrinated,40
indonesiacirclejerk,40
indoorgarden,40
industrialdesign,40
industrialmaintenance,40
indybeer,40
indycar,40
indyfood,40
ineedafavor,40
infidelity,40
infiniti,40
infographs,40
ingreenwood,40
initium,40
inlandempire,40
instacartshoppers,40
instantmeta,40
instascam,40
insulation,40
intentionalcommunity,40
interesante_curioso,40
interior_design,40
interiordecorating,40
interiordesign,40
interiordesignideas,40
interiorsandliving,40
interpol,40
interspeciesporn,40
intervention,40
interview,40
intresseklubben,40
invincibleironman,40
iomtt,40
iowahunting,40
ipad,40
iracing,40
iracingtheme,40
irishdance,40
irishdaymanssub,40
irvine,40
irvinegooglefiber,40
isidroid,40
islandporn,40
isp,40
italycirclejerk,40
italyphotos,40
itasha,40
ithaca,40
ithacacollege,40
itjobstc,40
itsstillgoing,40
ivwvbvdzgxsvh,40
iwannabevargas,40
jackoosh,40
jackooshupperclass,40
jacksonms,40
jacksonville,40
jaguar,40
jaguarcars,40
jaihind,40
jakedp,40
jamescassar,40
jamessnowenergy,40
japanpics,40
jarrariums,40
jasperga,40
jax,40
jaxbitcoin,40
jaxbrew,40
jaxgaming,40
jaxriders,40
jaysfroyo,40
jdm,40
jeep,40
jeepdiy,40
jeepgaragesale,40
jeeppatriot,40
jeeprenegade,40
jeeps,40
jeffersonparish,40
jekyllisland,40
jellymonster,40
jeq,40
jerseycity,40
jerseycityboardgames,40
jetta,40
jewelry,40
jewish,40
jimi_hendrix,40
jimmies,40
jmt,40
jnamesmasterrace,40
jobfair,40
jobsearchhacks,40
jobsinoc,40
joe56780,40
joehill,40
joeyoungblood,40
johngoodmanhate,40
johnmartyn,40
johnwayne,40
jointhefight,40
joltmasterrace,40
joplin,40
jordanpeterson,40
joshuatree,40
josvermeulen,40
journal,40
journaling,40
journalingisart,40
jritslounge,40
jritsmod,40
juggalo,40
juggaloholocaust,40
juneau,40
junkjack,40
justfatguythings,40
justinlillich,40
justinlong,40
justrealized,40
justretardthings,40
justrichwhiteguystuff,40
justridingalong,40
justrolledintotheshop,40
juvenilevitriol,40
jyvaskyla,40
k9spreadsheets,40
kampfy,40
kansas,40
kansas4sanders,40
kansascity,40
kansascitybeer,40
kantigi513,40
karlsruhe,40
karmaautomotive,40
karmawhoringgrandsons,40
karting,40
kat_fud,40
kawasaki,40
kaws,40
kayak,40
kayakfishing,40
kayaking,40
kayaktexas,40
kayamping,40
kccirclejerk,40
kcclouds,40
kcmakersguild,40
kctech,40
kearny,40
keene,40
kegerators,40
kenji,40
kennesaw,40
kentuckyroutezero,40
kerbalplanes,40
kernvalley,40
keurig,40
khazar_pride,40
khmer,40
kicksmarket,40
kidney,40
kidney_match,40
kidsfun,40
killington,40
kimmyschmidt,40
kindlefreebies,40
kingofthehammers,40
kingstonontario,40
kiss,40
kitchenprivilege,40
kittensheriff,40
kiwiriders,40
kkpsi,40
klamathfalls,40
klr650,40
klx,40
knife_swap,40
knifeclub,40
knifecringe,40
knifemaking,40
knifemarket,40
knifeporn,40
knifereview,40
knifes,40
knitrequest,40
knitting,40
knives,40
knolling,40
knots,40
koenigsegg,40
kohphangan,40
koi,40
koi_keepers,40
kombucha,40
konmari,40
kosovo,40
krakow,40
kristansfw,40
kroger,40
kstate,40
ksu,40
ktm,40
kukluxkreddit,40
kydex,40
kygo,40
kyudo,40
kzoo,40
labeer,40
ladycyclists,40
ladyladyboners,40
ladyshavers,40
laeastside,40
lafd,40
lagerbrewing,40
lahabra,40
lakecityquietpills,40
lakeland,40
lakeporn,40
lalist,40
lamborghini,40
lamy2000club,40
landcruisers,40
landlord,40
landlords,40
landlordsupport,40
landrover,40
landroverdefender,40
landscapeastro,40
landscapephotography,40
lansing,40
largeimages,40
lasagne,40
lasertag,40
lasvegas,40
lasvegasbeer,40
latinoamerica,40
latinosforbernie,40
latteart,40
laurelmd,40
lawrence,40
lawrencesounds,40
lazybob,40
lcc,40
leaf,40
leaguekc,40
learninganalytics,40
leather,40
leathercraft,40
leatherman,40
leathertutorials,40
leatherworking,40
leesburg,40
legalizeit,40
leica,40
leicaphotos,40
leicester,40
leicestercomedyfest,40
lemansfm,40
leonardcohen,40
lesbianpov,40
lesmiserables,40
letmetakeyourpicture,40
letsnevermeet,40
lewishamilton,40
lexingtonmass,40
lexus,40
li5,40
libertypositive,40
libgluer,40
light,40
lighting,40
lilburn,40
lincoln,40
lincolnmotorco,40
linksyoualwaysclick,40
linky_links,40
lioneltrains,40
lions,40
lit,40
literallyunnecessary,40
littleapple,40
littlebritishcars,40
littlebuddies,40
littlerock,40
littlesodusbay,40
live_stream,40
livecounting,40
liverawg,40
livingathomedefense,40
livinginmiami,40
livonia,40
lkf,40
llbeanshit,40
loadingreadyrun,40
localbeatnj,40
localmarketing,40
localsnowboarding,40
locatelostpersons,40
lodi,40
lodz,40
loganwestbury,40
logophilia,40
lolsjw,40
lomography,40
londoncycling,40
londonvapers,40
longbeach,40
longdistancehiking,40
longexposurepics,40
longisland,40
longmont,40
longshoremen,40
longtermtravel,40
longtrail,40
lookatmydog,40
lookatmykids,40
losangeles,40
losangelescirclejerk,40
losangelesmusic,40
loseyourself,40
lostandfound,40
lostpetsdenver,40
lostpetsla,40
lostpetsmiami,40
lottery,40
loudtext,40
loughborough,40
louisiana,40
louisianajobs,40
lovelace,40
loveletters,40
lowbatterysounds,40
lowcar,40
lowellma,40
lrsb,40
lsu,40
lunarcore,40
lurkershares,40
lyft,40
lynchburg,40
m1ec,40
m3d,40
m43,40
maa,40
machining,40
machinists,40
macklemore,40
madcastmedia,40
mageworks,40
magicite,40
magnuschase,40
mainebeer,40
makeaband,40
makeacaseforthekaiser,40
makeitfunnyiama,40
maker,40
makercommunity,40
makerfarm,40
makers,40
makerspace,40
makingfriends,40
malaria,40
malazan,40
malefashionadvice,40
malefashioncirclejerk,40
malefashionmarket,40
malelivingspace,40
malibu,40
malkovich,40
manasquan,40
mancave,40
manchesternh,40
mandmemes,40
manitoba,40
manufacturing,40
maou,40
maps_of_meaning,40
mapsofmeaningrg,40
marathons,40
marchingband,40
mardigras,40
maricelagarcia,40
maricopa,40
marideit,40
marietta,40
marineelectronics,40
marioandluigi,40
marvelpuzzlequest,40
maryland,40
maryland4sanders,40
marylandpolitics,40
masonicconspiracy,40
massachusetts,40
massage,40
masspoli,40
mastercam,40
masterclasses,40
mathpuzzles,40
mattress,40
matureladiesboners,40
maxima,40
mazda,40
mazda3,40
mazdaspeed6,40
mazerunner,40
mbhs,40
mdbeer,40
mdents,40
mead,40
mechanic,40
mechanicadvice,40
mechanicalheadpens,40
mechanicalpuzzles,40
mechanics,40
medfordma,40
medfordmass,40
medicalentomology,40
meetup,40
meetyakfish,40
megaalex,40
megalithporn,40
megamemecast,40
mehstof,40
melbourneriders,40
melbtrade,40
melsjourney,40
memorialuniversity,40
menfashion,40
mensfashion,40
menswear,40
meormyson,40
mepengineering,40
merced,40
mercedes,40
mercedes_benz,40
mercedgo,40
mesaaz,40
metaexposureporn,40
metalcasting,40
metaldetecting,40
metalfoundry,40
metalisbrutal,40
metalocalypseseason5,40
metalworking,40
metaphotography,40
meteorites,40
meteorology,40
metrodetroit,40
metrology,40
mezayon,40
mfa_irl,40
mfaindia,40
miabeer,40
mialist,40
miami,40
miamibiking,40
miamimls,40
miata,40
miataturbo,40
michael,40
michaelskarmafarm,40
michigan,40
michigan4sanders,40
michiganbeer,40
michiganriders,40
microfiber,40
microfishing,40
microgreens,40
microporn,40
microscoped,40
mid_century,40
midamerican,40
midburn,40
midcentury,40
midcenturydesign,40
middleearthproblems,40
midessa,40
midwestskinnydip,40
mightycarmods,40
mikejeavons,40
mildlydemonic,40
mildlyheroic,40
mildlypatriotic,40
mildlyvandalised,40
militaria,40
militaryaviation,40
militaryfans,40
militarygear,40
milwaukieor,40
mineralporn,40
minerals,40
mini,40
minimalism,40
minimalism_jerk,40
minimalist,40
miniquads,40
ministry,40
minivelo,40
minneapolis,40
minnesotabeer,40
miramichi,40
misociety,40
missedconnections,40
missing_person,40
missingmap,40
missingpersons,40
mississippiforsanders,40
missouri,40
missouripolitics,40
missouristate,40
mit,40
mitchellandwebb,40
mitsubishi,40
miweathercirclejerk,40
mixedunits,40
mmmmm,40
mnrideit,40
mobicycling,40
mockkarmacourt,40
modelf1,40
modelnascar,40
modelstreetstyle,40
modern,40
moderncharm,40
modernexplorers,40
modesto,40
modusoperandi,40
moen,40
moichandising,40
moldporn,40
monalisacans,40
monarch,40
monarchbutterfly,40
moncton,40
moneylaundering,40
mongolrally,40
monmouthcounty,40
monolithdigital,40
monopoly,40
montereybay,40
montgomerycollegemd,40
montgomerycountymd,40
montrealcycling,40
montrealimpact,40
moo,40
mopar,40
moped,40
morbo,40
morningtoncrescent,40
morristown,40
moscow,40
motde,40
moto,40
motocamping,40
motocross,40
motogp,40
motogpgifs,40
motograndprix,40
motohallofshame,40
motola,40
motomontreal,40
motoracing,40
motorbikes,40
motorcycleadventures,40
motorcyclecrash,40
motorcyclemeetup,40
motorcycleporn,40
motorcyclepricing,40
motorcycles,40
motorcyclesroadtrip,40
motorcyclesvancouver,40
motorcyclewisconsin,40
motorrad,40
motorsportmanagerpc,40
motorsports,40
motorsportscalendar,40
motorsportspickem,40
motorsportsreplays,40
motoswap,40
motouk,40
mountain,40
mountainbiking,40
mountaindew,40
mountaineering,40
mountainpics,40
mountdora,40
movers,40
moviespeculation,40
moving,40
moving2sandiego,40
movingtostlouis,40
mowerthoughts,40
mpcr,40
mpselectminiowners,40
mr2,40
mractivism,40
mrpownall,40
mrtrashwheel,40
msaeachubaets,40
msfc,40
mtb,40
mtbdeals,40
mtbtrailbuilding,40
mtw,40
muacjcirclejerk,40
multicopter,40
multicopterbuilds,40
multirotor,40
multirotor101,40
multirotors,40
multistrada,40
munich22july,40
musclecar,40
mushroomporn,40
musicgear,40
muskegon,40
mustachianism,40
mustang,40
mustangtech,40
mutualaid,40
muzyka,40
my_knowledge_vault,40
mycoporn,40
mylittlesupportgroup,40
mynameisandrew,40
myog,40
myrtbtracks,40
mysteries,40
mysteriesoftheworld,40
mysterysnails,40
mythbusted,40
mythbusters,40
nakedandafraid,40
nalbinding,40
namibia,40
nanotank,40
naples_fl,40
nascar,40
nascarcollectors,40
nascarconspiracy,40
nascaroffseasonseries,40
nashua,40
nashvillebeer,40
nateshomestead,40
nationalpark,40
nationalparks,40
natomas,40
natradeschool,40
naturalgas,40
natureisbrutal,40
naturepics,40
natureporn,40
naturindoor,40
nautical,40
navalaction,40
navalhistory,40
navy,40
nbamarketplace,40
ncis,40
ncpics,40
nctrails,40
nearlydied,40
nebraska,40
nebraska4sanders,40
nebraskabeer,40
necbl,40
negative40,40
neildegrassetyson,40
neipabrewing,40
neons,40
neoselfie,40
nerdcrafts,40
nerdsync,40
nerf,40
nerfexchange,40
nerfgonewild,40
nerftcg,40
neriders,40
netherlandspics,40
nettingub,40
neu,40
nevada,40
nevadapolitics,40
neverprivate,40
newark,40
newbrunswickcanada,40
newbrunswicknj,40
newcastleupontyne,40
newcydiatweaks,40
newedgemustang,40
newengland,40
newengland4sanders,40
newenglandbeer,40
newenglandwedding,40
newfishingbuddies,40
newforest,40
newfoundland,40
newhampshire,40
newjersey,40
newjerseyforsanders,40
newjerseyman,40
newmatter,40
neworleans,40
newpaltz,40
newportor,40
newportrichey,40
newsarahlongbridge,40
newsnews,40
newyorkforsanders,40
nhra,40
nicaragua,40
nicecatch,40
nightcrawler,40
nightjartravel,40
niifk,40
nike,40
nikon,40
nilgiris,40
ninaturner,40
ninjasexparty,40
nintendoswitchdeals,40
nissan,40
njbeer,40
njfishing,40
njhistory,40
njit,40
njriders,40
njtech,40
njtransit,40
noac,40
nobackspace,40
nobodycaresapostolate,40
nocar,40
nola,40
noladandd,40
nolahousing,40
noonecares,40
norcalhiking,40
norfolk,40
normlusf,40
northcounty,40
northeastla,40
northernnewjersey,40
northfloridagardening,40
northjersey,40
northshore,40
northshorela,40
northwestarkansas,40
norussiansorliberals,40
norwayonreddit,40
norwaypics,40
nosillysuffix,40
nosneeze,40
notebook_share,40
notebooks,40
notpeytonmanning,40
nottobragbut,40
nova,40
novacars,40
novajobs,40
novamusic,40
novarent,40
noveltranslations,40
nr2003,40
nsfw_gay,40
nsfwtravel,40
ntnu,40
nuclearpower,40
nursejoyproject,40
nursing,40
nvcc,40
nyc,40
nycapartments,40
nycbeer,40
nycbike,40
nyccss,40
nycguides,40
nychistory,40
nycjam,40
nycmeetups,40
nycpics,40
nycrail,40
nycrenovations,40
nycsocialism,40
nyctrees,40
nycvisionzero,40
nylt,40
nyspolitics,40
nyu,40
nzphotos,40
o_w_l_s,40
oakley,40
oakmontpa,40
obesity,40
obscureart,40
obx,40
occupationaltherapy,40
occupyboston,40
oceancity,40
oceancounty,40
oceanlinerporn,40
oceanside,40
oceansprings,40
oclions,40
ocpsmeanssuccess,40
octopustomfoolery,40
oddjobs,40
offensive_wallpapers,40
offgrid,40
offgridcabins,40
offgridelectric,40
official_trackir,40
officialmiami,40
offroad,40
offroadracing,40
offthegrid,40
oghhh,40
oha,40
ohiomom,40
ohsu,40
oldads,40
olddominionfootball,40
oldfarts,40
oldhardwarecharity,40
oldhouse,40
oldpeople,40
oldroot,40
oldschooltools,40
oldshipart,40
oldsmobile,40
oligarchicalproblems,40
olney,40
olympicarchery,40
omaha,40
oman,40
omsa,40
omscs,40
one_more_subreddit,40
onebag,40
onebagging,40
onesiefashion,40
onetruehulk,40
onlinetrafficteam,40
onshape_design,40
onthewaterfront,40
opel,40
opensourceecology,40
openstreetmap,40
opinel,40
opsfuneral,40
orangecounty,40
orchids,40
orderofthearrow,40
oregon,40
oregoncoast,40
oregonforsanders,40
oregonpolitics,40
oregonstateuniv,40
origami,40
orlando,40
orlandobeer,40
orlandojobs,40
ottawa_volvo_club,40
ottawafixedgear,40
outdooracademy,40
outdooractivism,40
outdoors,40
outdoorscotland,40
outdoorsgear,40
outdoortoilet,40
outerra,40
outlier,40
outsidephotography,40
overheard,40
overlanding,40
overlandtravel,40
ozarkmakerspace,40
ozarks,40
pacapellaandchill,40
pace,40
pacificcresttrail,40
packinglists,40
paddlecalifornia,40
paddlesports,40
paddling,40
paigevanzant,40
paint,40
painting,40
pairings,40
paleontology,40
paleoskills,40
palletfurniture,40
palmbeach,40
palmcoast,40
panamacity,40
panelementa,40
panicparty,40
papa_and_ghouls,40
paracord,40
paradisenl,40
parked_miatas,40
parkville,40
parrish,40
parrotbebop,40
partit,40
partying,40
pasadena,40
pasadenamd,40
pasco,40
pathologic,40
patiogardening,40
patiooutdoorfurniture,40
patriotlibrary,40
patterndrafting,40
paulwheatonwatch,40
pcars,40
pcarsleagues,40
pcsleeving,40
pdfs,40
pdx4trump,40
pdxagronomy,40
pdxchange,40
pdxcouncilagenda,40
pdxlivemusic,40
pdxrideit,40
pdxsmashedglass,40
pdxtransplanthate,40
peachtreecity,40
peachyprinter,40
peacocks,40
pedovehicles,40
pei,40
peloton,40
pen_swap,40
pencils,40
penmanshipgore,40
pens,40
pensacolabeer,40
pensandink,40
pentax,40
peoplebeingretarded,40
peopleholdingsigns,40
peoplewithouttalent,40
peppers,40
perd,40
permaculture,40
permies,40
personaltraining,40
petbeaconla,40
petersagan,40
petersonpipes,40
petittube,40
petoskey,40
petshopboys,40
phillycycling,40
phillyriders,40
phillyurbangardening,40
philmont,40
phineasandferb,40
phoenix,40
phoenixmoto,40
phonelosers,40
photoclass2014,40
photocritique,40
photoessay,40
photogrammetry,40
photographs,40
photography,40
photographycirclejerk,40
photojournalism,40
photomarket,40
photoquotes,40
phototechnique,40
photovoltaics,40
phscirclejerk,40
phxjobs,40
phytopathology,40
picforyourtypo,40
pick4fantasyseries,40
pickling,40
pics,40
picsofniggers,40
picturechallenge,40
picturegame,40
picturegamecirclejerk,40
pictures,40
picturesofiansleeping,40
picu,40
pigeondrawings,40
pikapp,40
pilambdaphi,40
pimpcancerforkarma,40
pimpwifeforkarma,40
pinellasclassifieds,40
pinguicula,40
pinterest,40
pipecringe,40
pipehogs,40
pipemaking,40
pipeporn,40
pipes,40
pipetobacco,40
pipetobaccoaustralia,40
pipetobaccomarket,40
pipreddit,40
pirelliworldchallenge,40
pizzapalooza,40
placenews,40
planemasterrace,40
planesgonewild,40
planetaryannihilation,40
planetsgonewild,40
plantclinic,40
plantedtank,40
plantpathology,40
plants,40
planyourvacation,40
playrustpublic,40
playzorkwithme,40
pleasekillhisplant,40
plecos,40
plgnyc,40
pluginhybrids,40
plushies,40
plymouthmi,40
pnwjeeps,40
pnwriders,40
podtfbam,40
poecilia,40
pokemongo_dc,40
pokemongo_rva,40
pokemongoauroraco,40
pokemongobaltimore,40
pokemongodelaware,40
pokemongodenver,40
pokemongoie,40
pokemongomd,40
pokemongonova,40
pokemongosandiego,40
pokemonpdx,40
pokestitch,40
pokeyjokeys,40
pol,40
poland,40
polaroid,40
policebrutality,40
politibull,40
politicalcalifornia,40
politicalnyc,40
politicalrevolutionaz,40
politicalrevolutionco,40
politicalrevolutionga,40
politicalrevolutionne,40
politicalrevolutionnv,40
politicalrevolutionut,40
politicsdebunked,40
polymerclay,40
pompffanclub,40
ponds,40
pondwater,40
pontiac,40
pools,40
porsche,40
porsche_cayman,40
portfoliocritique,40
portland,40
portlandbeer,40
portlandburnsiders,40
portlandmusic,40
portlandstate,40
portlandteau,40
portorange,40
portsmouthnh,40
portugalonreddit,40
postcollapse,40
postedinmomsbasement,40
postpostmodernism,40
postprocessing,40
poughkeepsie,40
powercube,40
powerwall,40
powerwashinggore,40
powerwashingporn,40
poznan,40
preppers,40
prepping,40
prettycatgirl,40
primecoinmining,40
primeday,40
primitivetechnology,40
prince,40
princegeorgescountymd,40
princeton,40
prisma_app,40
prismaphotos,40
prisonarchitect,40
prisons,40
privacypatriots,40
privinv,40
productmanagement,40
professionalcycling,40
project420,40
projectcar,40
projecthatefuck,40
promptcritical,40
prosthetics,40
proust,40
providence,40
provomusic,40
provoutah,40
prowoodworking,40
psoriasis,40
psychologicaltricks,40
psychopass,40
psychward,40
publiclands,40
pueblo,40
puer,40
pulsator,40
punchablecomments,40
puppycide,40
purses,40
puzzles,40
pween,40
pyonyang,40
quadcopter,40
quadrocopter,40
quality,40
queens,40
queenscollege,40
queensuniversity,40
questionsthreads,40
quincyma,40
quizzaciously,40
qwipit,40
r4e,40
rabbitry,40
raccoons,40
raceplaypenpals,40
racetrackdesigns,40
racialjustice,40
racing,40
racingtunes,40
racistreddit,40
racks,40
radag,40
radiocontrol,40
radiocontrolcar,40
ragbrai,40
ragecomics,40
ragenchastain,40
rainbowgathering,40
rally,40
rallyfm,40
ram_trucks,40
ranching,40
random_,40
randomactsofbicycle,40
randomactsofbirthday,40
randomactsofchristmas,40
randomactsofdoughnut,40
randomactsofmechanics,40
randomactsofmuffdive,40
randomactsofpizza,40
randomactsoftacobell,40
randomkindness,40
randomstats,40
randomsuboftheday,40
randomthoughts,40
randonneuring,40
rapidcity,40
raredeals,40
raulgrijalva,40
rawdenim,40
rayman,40
rbi,40
rcairplane,40
rcboats,40
rccars,40
rcclassifieds,40
rcdeals,40
rchobby,40
rchobbyclassified,40
rcigarsbattlezone,40
rcigarscanadabz,40
rcigarsproblems,40
rdt2,40
rdt3,40
rdth,40
rdux,40
readitnow,40
realitytv,40
rebus,40
recoilboobs,40
recreationalvehicles,40
recumbent,40
recut,40
redbank,40
redbull,40
reddiscuss,40
reddit_charity_gold,40
reddit_ebooks,40
redditbasic,40
redditcensored,40
redditdetectives,40
redditfilmfestival,40
redditfox,40
redditgetsdrawnbadly,40
redditgetsscribed,40
redditlogic,40
redditlogos,40
redditonebay,40
redditracing,40
redditroommates,40
redditsfavoriteshows,40
redditsilver,40
redditvibes,40
redditymcredditface,40
redesigned,40
redflags,40
redheadxxx,40
rednecktech,40
redoric,40
redstars,40
reef,40
reeftank,40
refrigeration,40
regularcarreviews,40
rehabtherapy,40
renault,40
renewable,40
renewables,40
renewabletech,40
rental,40
renting,40
renton,40
repostnesteggs,40
reprap,40
reprappif,40
rescuecats,40
resilientcommunities,40
resincasting,40
respiratorytherapy,40
reston,40
retailporn,40
retiredwikilink,40
reunionisland,40
reuseit,40
revit,40
rfactor2,40
rfactor2sim,40
rfaf,40
rgtrc,40
rhombusapp,40
ricecookerrecipes,40
richmond,40
richmond2015,40
rickemerson,40
riddeit,40
riddles,40
rideithallofshame,40
rideitkrauts,40
rideitnyc,40
rideitrelay,40
ridesafe,40
ridespokane,40
ridetampabay,40
ridetimeextended,40
ridgeline,40
righthanddrive,40
ril,40
rioproblems,40
ritaora,40
roadcycling,40
roadglide,40
roadkill,40
roadrage,40
roadsafety,40
roamingtypist,40
roamsweetroam,40
roanoke,40
roasting,40
roastmycar,40
rob_g,40
robert,40
roboracing,40
robotc,40
roboticsandautomation,40
rocketeer,40
rocketry,40
rockhoundexchange,40
rockhounds,40
rockhunters,40
rockland,40
rocks,40
rockvillemd,40
roflight,40
roguelands,40
rolleiflex,40
rollerderby,40
romanticasfuck,40
romega,40
roofing,40
roomporn,40
roomporncg,40
roses,40
roseville,40
roswell,40
rotarycars,40
roxbury,40
royalenfield,40
rr99,40
rrre,40
rtfdenver,40
rthepeoplesrcigarsbz,40
rtstudents,40
rubengallego,40
ruckus,40
runbmore,40
runner5,40
runner5k,40
ruralporn,40
rustfactions,40
rutgers,40
rutgerscamden,40
rutgersnewark,40
rva,40
rva_events,40
rva_housing,40
rvadandd,40
rvagamenight,40
rvajobs,40
rvamotorcycles,40
rx7,40
s10,40
s2000,40
s550mustang,40
s550mustangs,40
saab,40
sacbike,40
sacjobs,40
sacramento,40
saddlebackleatherfans,40
safes,40
safeway,40
saintclairrun4x4,40
saintpaul,40
sakuraconandancea,40
salem,40
salemcounty,40
salemma,40
salina,40
salisbury,40
salomondrin,40
saltlakecity,40
saltlakecitytech,40
saltwater,40
saltwaterfishing,40
salukis,40
san_angelo,40
sanantoniosportsradio,40
sandersnazis,40
sandiegan,40
sandiegans,40
sandiego,40
sandiego_photography,40
sandiego_soccer,40
sandiegobeer,40
sandiegocigars,40
sandiegoclassifieds,40
sandiegoriders,40
sandman,40
sandy,40
sandyriver,40
sanjose,40
sanjosesucks,40
santabarbara,40
santamonica,40
santaslittlehelpers,40
sarahmclachlan,40
sarasota,40
sasaustin,40
sassy,40
saultstemarie,40
savagegarden,40
saved4me,40
sawstop,40
scandinavianinterior,40
scanlationdrama,40
scarysigns,40
scavenger,40
scca,40
schoolshootings,40
schutzstaffeln,40
scion,40
scoby,40
scooterrides,40
scooters,40
scottishphotos,40
scottsdale,40
scouting,40
scrabble,40
scrollsaw,40
scuderiaferrari,40
scuderiaohokay,40
scuderiatororosso,40
sdbeer,40
sddc,40
sdfsdfsdfcvxc,40
seafriends,40
seaplanes,40
seaporn,40
searchandrescue,40
seashanties,40
seattlebike,40
seattleevents,40
secondcity,40
secrethidingplaces,40
secretmenus,40
seedexchange,40
seedstock,40
seedswap,40
sega32x,40
selffuck,40
selfharm,40
selfsufficiency,40
sellmycar,40
sellwood,40
semicolonconspiracy,40
semiotics,40
sentinelunion,40
serieslandrover,40
seriousconversation,40
servicedogs,40
seussit,40
seventies,40
severnapark,40
sewhelp,40
sewing,40
sexytummies,40
sfbeer,40
sflist,40
sfv,40
sfw_wtf,40
sfwtrees,40
shadeballs,40
shadestaff,40
shamepolice,40
shamokin,40
sharkfishing,40
sharksuit,40
shave_bazaar,40
shave_bazaar_feedback,40
shavecrafters,40
shaving,40
shavingscience,40
shedshops,40
sheetmetal,40
shelbygt350,40
shift1,40
shippainting,40
shitcasays,40
shitgreenistssay,40
shitlordlounge,40
shitmodsdo,40
shitpoop,40
shitredditdoes,40
shitrmotosays,40
shitslumlordssay,40
shittoliveby,40
shitty_car_mods,40
shitty_wraps,40
shittyaquariums,40
shittyaskflying,40
shittyasktheology,40
shittybikemods,40
shittydeusex,40
shittydiy,40
shittyhdr,40
shittyhomebrewing,40
shittylosangeles,40
shittymagicscrolls,40
shittymfa,40
shittypopanalysis,40
shittypost,40
shittypsa,40
shittyredditmovies,40
shittywarshipporn,40
shittywoodworking,40
shoemaking,40
shoes,40
shoestring,40
shootingcars,40
shopsmith,40
shortfashion,40
shortpumpmasterrace,40
shouldvebeencalled,40
shovelbums,40
showjumping,40
shredditgirls,40
shreveport,40
shrimptank,40
shrimptanks,40
shtf,40
shutterbuddies,40
siccoblue,40
sidecar,40
sierranevada,40
sigep,40
sighunzip,40
silentservice,40
silhouetteporn,40
siliconvalley,40
silverspring,40
simpleliving,40
simracing,40
simrally,40
singlespeed,40
singlespeedcycling,40
singlespeedmtb,40
siouxfalls,40
siouxfallsmusic,40
sitinthecorner,40
siuc,40
sixflagsthemeparks,40
sixties,40
sjsu,40
skanknotincluded,40
skeet_skeet,40
sketchup,40
skiing,40
skinnyskeletons,40
sky3ds,40
skyhill,40
skylineporn,40
skyporn,40
slackline,40
slacks,40
slashdiablo,40
slashdiabloevents,40
slccomiccon,40
sleepapnea,40
sleepingcats,40
slowplounge,40
slurpyderpy,40
smalafancub,40
smallytchannel,40
smeghead,40
smithing,40
smodcast,40
smoothies,40
smwuguk,40
smyrna,40
smyths,40
snails,40
sneaker,40
sneakerdeals,40
sneakerheads,40
sneakermarket,40
sneakers,40
snjoutdoor,40
snowboardcj,40
snowboardcross,40
snowboarding,40
snowboardingnoobs,40
snowmobile,40
snowmobiles,40
snowmobiling,40
snowshoeing,40
so_edgy,40
soapmaking,40
socal,40
socalfashion,40
socalgardening,40
socalhiking,40
socaloffroad,40
socaltrailriders,40
socialworkresources,40
sodastream,40
sodawars,40
soflogamers,40
softth,40
soil,40
solar,40
solardiy,40
solarnevada,40
solarpunk,40
solidworks,40
solobackpackers,40
solomon_islands,40
solotravel,40
solving_reddit_codes,40
solvingmyprophecies,40
somafabrications,40
somd,40
somerville,40
somervillenj,40
somethingimade,40
sonata,40
sonyalpha,40
sose,40
soulev,40
sourbeer,40
sousaphone,40
southbayla,40
southdakota,40
southeastprepnetwork,40
southernmiss,40
southflorida,40
southjersey,40
southshore,40
soviethistory,40
sp250,40
spacebottled,40
spd,40
speling,40
spinalcordinjuries,40
spliddit,40
spokane,40
spokanechiefs,40
spop,40
sportcompact,40
sportdocumentaries,40
sports_undelete,40
sportster,40
spotted,40
spottedonthestreet,40
springfieldor,40
spsu,40
spyshot,40
squamish,40
squatting,40
squawk7700,40
squishbeans,40
sr71,40
stainedglass,40
stance,40
standmixer,40
stapleman,40
staplers,40
startmotorsport,40
starwarscollectibles,40
statenisland,40
stateparks,40
stationery,40
staugustine,40
stavanger,40
stcharlesmo,40
steamtrains,40
steganography,40
stephenking,40
stevebuscemi,40
stevens,40
stitchmegifts,40
stjohnscollege,40
stledm,40
stlouis,40
stlouisbbq,40
stlouisbiking,40
stlouiscirclejerk,40
stlouismapdata,40
stlouismaps,40
stlouismarketplace,40
stlouistrees,40
stmaryscounty,40
stockton,40
stonecarving,40
stonemasonry,40
stonercringe,40
stopselfharm,40
stopuptightmodlunacy,40
storiesbehindsongs,40
stormchasing,40
stormcoming,40
stormfront,40
stormwater,40
storymfg,40
stoveless,40
stpaulsaints,40
stpetersburgfl,40
strangebrew,40
stratux,40
strava,40
strawbale,40
streetwearnews,40
streetwearsales,40
stuckgirls,40
student,40
stuffedanimals,40
stuffisaved,40
stuffithinkabout,40
subaru,40
subaru_outback,40
subaruforester,40
subarugonewild,40
subaruoutback,40
submarine,40
submitanythingatall,40
subredditashashtag,40
subredditrapedrama,40
succulents,40
sucksquishbangblow,40
suddenlyirealized,40
suggestamotorcycle,40
suicideprevention,40
sum41,40
summerscavengerhunt,40
summit,40
sundayassemblyhfx,40
sunlight,40
sunrise,40
sunshinecoast,40
super_gt,40
supercross,40
superiorhikingtrail,40
supermoto,40
supersoaker,40
supersportmotorcycles,40
surly,40
surlybikefans,40
surplusengineering,40
survival,40
survivalcamp,40
survivalist,40
survivalistcirclejerk,40
survive,40
survivinginfidelity,40
suspense,40
suspiciousquotes,40
sustainability,40
sustainable_homes,40
suzuki,40
suzukisamurai,40
swedishproblems,40
sweedenhomebrewing,40
sweepstakes,40
swimming,40
swimmingpools,40
switch,40
swva,40
synek,40
syrianrefugees,40
t:1930s,40
tabletennis,40
tacklebox,40
tacobell,40
tailors,40
takecareofmyplant,40
takeusonajourney,40
takingtheblack,40
talesfromautorepair,40
talesfromthedoghouse,40
tallahassee,40
tallbike,40
tallfashionadvice,40
tally4tally,40
tampa,40
tampabay,40
tampabaybeer,40
tampacirclejerk,40
tampaclassifieds,40
tampajobs,40
tankstarter,40
taylorswiftarmpit,40
tcgte,40
tcsbookclub,40
tdi,40
tea,40
teaexchange,40
team17,40
team17ltd,40
teamassociated,40
teammclaren,40
teardroptrailers,40
teasales,40
techniciansadvice,40
technohouse,40
techshopaustin,40
techwear,40
teddybears,40
telbirts,40
telemark,40
telemarketing,40
televisionposterporn,40
televisionpromos,40
tempe,40
templeterrace,40
terrariums,40
teslacirclejerk,40
teslaenergy,40
teslamotors,40
teslaporn,40
testpac,40
texasbeer,40
texasfavors,40
thanksautopilot,40
thankyou,40
thankyouhuman,40
the4thindustrialrevo,40
the_city,40
the_peg,40
theabdeefrrmystery,40
theamericans,40
theartofracing,40
thebrewery,40
thecreativebusiness,40
thedoors,40
thedoorsofperception,40
theeleventhdrop,40
theescapists,40
thefbw,40
thegorge,40
thegreatwarchannel,40
thegrid,40
thegulagarchipelagorg,40
thehopyard,40
themarsvolta,40
themepark,40
themeparksims,40
thenandnow,40
thenews,40
thenext,40
thenorthernhues,40
thenorthface,40
theoldlinestate,40
theoldpaperarchive,40
theoldrootmystery,40
thepeoplesrcigars,40
therangerokr,40
therealbubba,40
therealhrc,40
theresistance,40
thermalperformance,40
thesmokingtire,40
thesouthbay,40
thesurvivalguide,40
thetron,40
thevagabus,40
theveneration,40
thevoice,40
thewaywewere,40
thewaywewereonvideo,40
thewho,40
thewholecar,40
thewitnessirl,40
theyalmostdidthemath,40
theydidtheshuttafukup,40
theyignoredthemath,40
thingscutinhalfporn,40
thingsfittinginthings,40
third_position,40
thirdegreedrnk,40
thisismattssubreddit,40
thisiswhyilovepeople,40
thomasmassie,40
thoriumreactor,40
thorntonpark,40
thoughtprocess,40
threepedals,40
thriftstorehauls,40
thrifty,40
throwers,40
ticklepaws,40
ticos,40
tidtrt,40
tiguan,40
tiko3d,40
tiltshift,40
tiltshiftabuse,40
timberline,40
timeshareowners,40
tinycastles,40
tinyhouses,40
tinyweapons,40
tinywhoop,40
tipexchange,40
tipsforidiots,40
tiretalk,40
tjhsst,40
tnbeer,40
tnturner,40
tobacco,40
tofizzornottofizz,40
toilets,40
tolerism,40
tomatoes,40
tommyfyeah,40
tonguetwisters,40
toolboxmods,40
toolporn,40
tools,40
topgeardidit,40
topgolf,40
topmindsoff1,40
torontobiking,40
torontocraftbeer,40
torrance,40
totalfark,40
totallynotsharks,40
totalreddit,40
toughmudder,40
tourdefrance,40
touringcar,40
towpath,40
towson,40
toycameras,40
toynbee,40
toyota,40
toyotasupra,40
toyotatacoma,40
toyotatundra,40
trackdays,40
tradbowhunting,40
tradclimbing,40
tradehouse,40
tradelands,40
tradelands_shitposts,40
traditionalarchery,40
tragicallyhip,40
trailguides,40
trailhorses,40
trailmeals,40
trainporn,40
transalp,40
transam,40
transplant,40
transportation,40
transportationmedia,40
transylvania,40
trapstories,40
travel,40
travel_guide,40
travelagent,40
travelblog,40
travelblogging,40
travelblogs,40
travelcirclejerk,40
travelinginkbox,40
traveljobs,40
travelpartners,40
travelvideos,40
traversecity,40
treesactivism,40
treesunderwater,40
tremendoustacos,40
trenchless,40
triathlon,40
triathloncirclejerk,40
trichotillomania,40
tricitieswa,40
trieste,40
triparoundtheworld,40
trips,40
triumph,40
trojmiasto,40
trollmeta,40
trollxsupport,40
tromso,40
trondheim,40
tropicalplants,40
tropicalweather,40
troubleshooting,40
troutfishing,40
truckcampers,40
truckers,40
truckjerk,40
trucks,40
truebestof,40
trueblood,40
truecsgo,40
trueducati,40
truehouse,40
trueomaha,40
trueshreddit,40
truetherclub,40
truetravel,40
truevideos,40
truewetshaving,40
trump16,40
tsa,40
tschukki,40
tsundereimperialists,40
tuba,40
tucson,40
tucsonjobs,40
tucsonmeetup,40
tufts,40
tuglife,40
turbos,40
turkeyhunting,40
turning,40
turntsnuffy,40
tuscaloosa,40
twin_peaks,40
twincities,40
twincitiesmusic,40
twincitiessocial,40
twinfalls,40
twoxriders,40
twskidneys,40
txrangersexperience,40
tyedye,40
uaa,40
uaf,40
ualr,40
uas,40
uavdrones,40
uavmapping,40
uberdrivers,40
ubereatspartners,40
uberstl,40
uccs,40
ucdavis,40
ucf,40
ucmerced,40
ucry,40
uglyroomporn,40
ukbike,40
ukcigars,40
ukfrugal,40
uktrains,40
ukweddings,40
ulb,40
ultralight,40
ultralight_jerk,40
ulyssesbucketlist,40
umbc,40
umra,40
umsl,40
unboxing,40
unco,40
unexpectedcivpolitics,40
unexpecteddmx,40
unexpecteddnd,40
unexpectedhpc,40
unexpectedinquisition,40
unexpectedraptor,40
unexpectedsanderson,40
unexpectedwestworld,40
unf,40
uni,40
unidanhaterclub,40
unincorporatedcobb,40
unitinu,40
universityofkansas,40
unlv,40
unsolvedmysteries,40
untappd,40
uofarizona,40
uofi,40
uofmn,40
uofu,40
upcycling,40
upenn,40
upholstery,40
uppervalley,40
upvotebecauseofass,40
upvoted,40
upvotedbccomments,40
upvotedbecauseboss,40
upvotedbecausebums,40
upvotedbecausebutts,40
upvotedbecauseputin,40
upvoteva,40
urbanagriculture,40
urbanfarming,40
urbanhomestead,40
urbansurvivalism,40
uscr,40
useconomicrecovery,40
usedcars,40
usefulvids,40
usercars,40
usf,40
usfw,40
usparks,40
ussr,40
usvi,40
utah,40
utahfootball,40
utahriders,40
utahvalley,40
utica,40
utpokemongo,40
utterdrivelshow,40
uttyler,40
uva,40
uvu,40
v8supercars,40
vacationcolorado,40
vacuumcleaners,40
vacuums,40
vagabond,40
vahunting,40
vail,40
vaislying,40
valdosta,40
vancouvercycling,40
vandweller,40
vandwellers,40
vandwellers_europe,40
vandwelling,40
vanhomebrewing,40
vapemeets,40
vassar,40
vatsim,40
vcu,40
vedc,40
vegas,40
vegdc,40
veilance,40
velo,40
velodrome,40
velomobile,40
veloster,40
venezia,40
venicebeach,40
verments,40
vermin_supreme_2016,40
vermont,40
vermontbeer,40
vermontijuana,40
versys,40
vespa,40
vetworship,40
vex,40
vgb,40
vicandbob,40
victorymotorcycles,40
video,40
videoporn,40
viewporn,40
vihadertheis,40
villageporn,40
vintage_bicycles,40
vintage_electronics,40
vintage_snowmobiles,40
vintageads,40
vintagebabes,40
vintagecars,40
vintagemotorcycles,40
vintagereddit,40
vintagescooters,40
vintagesewing,40
vintagetees,40
vintagetools,40
vintageviral,40
vinylcutters,40
violets,40
violinist,40
violins,40
viper,40
virginia,40
virginiabeach,40
virginiaforsanders,40
virginiapolitics,40
virginients,40
vnvnation,40
vogonpoetrycircle,40
volkswagen,40
volkswagon,40
volt,40
voluntaryism,40
volvo,40
vonwong,40
votebot,40
voteharder,40
vr6,40
vrforarch,40
vulpennen,40
vulvapickles,40
vwbus,40
wagon,40
wagonporn,40
waitingforaplane,40
wakarusa,40
wake,40
walden_pond,40
waltham,40
warnerrobins,40
warplaneporn,40
warrnambool,40
warshipporn,40
washington,40
washingtondc,40
washingtonearthporn,40
wasilla,40
waste,40
wastewater,40
watchhorology,40
watchmaking,40
watchmen,40
water,40
waterfalls,40
waterfowl,40
wateringholes,40
waynesboro,40
waynestate,40
weather,40
wec,40
weccirclejerk,40
wedding,40
weddingdress,40
weddingphotocontest,40
weddingphotography,40
weddingplanning,40
weddings,40
weddingsunder10k,40
weddingswap,40
wednesdaywellness,40
weirdbrag,40
weirddogmixes,40
weirdglass,40
weirdwheels,40
wellusedwornout,40
wellworn,40
werkend,40
wesleychapel,40
wesleytowers,40
westabootales,40
westchester,40
westchesterpa,40
westcoast4rent,40
western_mass,40
westerns,40
westhighlandway,40
westjordanut,40
westpalmbeach,40
westpapua,40
wet_shavers,40
wetshaving,40
whatcanidoforbernie,40
whatcarshouldibuy,40
whatiddo4googlefiber,40
whatisnotthisthing,40
whatissnoodoing,40
whatisthis,40
whatisthispainting,40
whatisthisphonestand,40
whatisthisthing,40
whatitsworth,40
whatsinthebag,40
whatsongisthis,40
whatsthisplant,40
whatsthisrock,40
whatsthissong,40
whereismyflyingcar,40
whereisthis,40
whichbike,40
whistler,40
whitaker,40
whitehousepetitions,40
whoathisexists,40
wholesomelies,40
whoreyourkidforkarma,40
whosagoodboy,40
wichita,40
wichita_gaming,40
wichitalan,40
wicked_box,40
wicked_edge_deals,40
wickedhallofshame,40
wildernessbackpacking,40
wildfire,40
wildflowers,40
wildlifephotography,40
wildwhittlers,40
williamandmary,40
wilmington,40
wilmingtonde,40
winchesteruk,40
windowshots,40
windsor,40
windsorontario,40
wine,40
winemaking,40
winmyargument,40
winnipeg,40
wintercamping,40
wintercycling,40
wintergarden,40
winterhawks,40
winterpeg,40
winterporn,40
wintersurvival,40
wipeoutrun,40
wiring,40
wisconsinfishing,40
wisconsinoutdoors,40
wisdan,40
wmnf,40
wmu,40
wny,40
wolfeisland,40
wolkswagen,40
womanontop,40
womeninred,40
womensfashion,40
womenshredders,40
wood,40
woodcarving,40
woodstockga,40
woodworking,40
woodworkingcirclejerk,40
woodworkingplans,40
woodworkingvideos,40
worcesterma,40
workbenches,40
workingdogs,40
workplacesafety,40
worktruck,40
worldcoinassociation,40
worldofoutlaws,40
worldofpancakes,40
worldoftanksblitz,40
wormrp,40
worstofrpics,40
wotskraken,40
wou,40
wouldhavenotwouldof,40
wpgbookclub,40
wpi,40
wplockscreens,40
write,40
writeresearch,40
wroclaw,40
wrx,40
wtcc,40
wtf_porn_gifs,40
wtfdoesitsay,40
wutcamera,40
wwi,40
wwiiplanes,40
xcountryskiing,40
xplane,40
xprize,40
xr650,40
xtrasideprkbnsatfdtrk,40
xvcrosstrek,40
xyzprinting,40
yachts,40
yamaha,40
yardworksimulator,40
yaris,40
yarnaddicts,40
yarnbombing,40
yarnswap,40
yarntrolls,40
yeezyianity,40
yellowstone,40
yooper,40
yorktown,40
yosemite,40
yosemitephotography,40
youdiditwrong,40
yourghoststories,40
youwerewrong,40
ypsi,40
yucaipa,40
yukon,40
zadocpaet,40
zapopa,40
zerobag,40
zeroday,40
zippo,40
znation,40
zombielit,40
zombies,40
zoology,40
fourthwave,41
fourthwavefeminismism,41
jesalokcstaowallc,42
naturedocumentaries,43
glassetching,44
nilesy,45
elephant6,46
neutralmilkhotel,47
jokesaboutgermany,48
098f6bcd4621d373,49
19thworldproblems,49
1n1billionaznfilter,49
2112,49
2me4meirl,49
3agl,49
3ch,49
444,49
5yearcomcastjudgment,49
60fps,49
90daysgoal,49
90terabytes,49
aaaaaatheismmmmmmmmmm,49
absenceofcontext,49
abusedmen,49
accidental3rdreich,49
accidentalbandnames,49
accidentalkinks,49
accidentallyhilarious,49
accidentallyyoda,49
acim,49
acon_support,49
actualantennaporn,49
actuallyitshitler,49
adequaterevenge,49
adorablyracist,49
adreamofarendelle,49
adultinglifestuff,49
adventuresofedgar,49
afpwwtkwsmawtlotgt,49
alcoholicsanonymous,49
alonetogether,49
alphathea,49
altp,49
amaar,49
amateurrandalls,49
americanpsycho,49
amnesty,49
ampart,49
ancestry,49
andhisnameis,49
anna,49
annamasterrace,49
anofir,49
antilogic,49
anythinggoes,49
anyworldnews,49
apopalypse,49
araan,49
archivaltest,49
areaman,49
asatru,49
asiatagpro,49
askaginger,49
askaperture,49
askforgold,49
asknils,49
askoldpeople,49
askreddit,49
aspie,49
asteroidcountdown,49
autelec,49
avengersacademygame,49
ayelmao,49
badmusictheory,49
badtiming,49
baguetteshame,49
ballis4,49
bandname,49
bannedfrombananas,49
bar,49
barrie,49
bartenderstories,49
basedcomments,49
basicliving,49
basoran,49
bathsocks,49
bee_irl,49
beermoneyhumor,49
benisafucktard,49
bertolous,49
besof,49
besthave,49
bestofaskreddit,49
bestofdickgirls,49
bestofredditcomments,49
bestofrekt,49
beyblade,49
bigbustycoons,49
bigroad,49
birthofasub,49
bookdownloads,49
botbattle,49
boxxy,49
boycottboycott,49
brilliantthreads,49
britishorapun,49
britishrepublicans,49
brocode,49
brokenthreads,49
broreflexes,49
brush,49
brutetartarus67,49
budgetbirthcontrol,49
busselton,49
bustedbytheusername,49
campingalberta,49
canadaproblems,49
cancercaregivers,49
candidpoetry,49
canispeaktothemanager,49
cantmeltsteelbeams,49
canucktown,49
capitaldistrict,49
captaindeckers,49
captainmagictrousers,49
caramelstandingup,49
carebears,49
casualscience,49
caterpiller_writes,49
catroaring,49
catssuck,49
caughtcheating,49
caw747,49
cbradio,49
ccosentino,49
centralperkrollers,49
centrameetup,49
centratp,49
certainlynotaliens,49
cftp,49
chadjokes,49
chalskysux,49
charredgrass,49
checkmateatheists,49
cheeseandmac,49
cheetofans,49
chilecirclejerk,49
chordcontenders,49
chorlton,49
chumothy,49
churchillinsults,49
churchofzoidberg,49
circleregurjitate2,49
civ5,49
clt,49
cltp,49
cochincita,49
collegefree,49
coloringcorruptions,49
commentcalligraphy,49
commentjeopardy,49
commentnoire,49
commentstoremember,49
composerofwords,49
confusedoreos,49
continueshow,49
coolers,49
coolfacts,49
correlation,49
counterintuitive,49
countryballme,49
courtbreakdown,49
cptsd,49
creed,49
crossplay,49
cupcakeforceo,49
cupcakes_please,49
cuphalffull,49
currentyear,49
dadlessons,49
dadshowerthoughts,49
dadsinternaldialogue,49
dadtricks,49
daedricgod101,49
damnyouautocorrect,49
dandragons,49
danger5,49
dangerwanks,49
danielfromsl,49
dankfuel,49
dannythreads,49
dardanellesgunmemes,49
darklyfunny,49
darwinawards,49
daspar,49
deadlikeme,49
deathlings,49
deathnote,49
deathnotecirclejerk,49
debate,49
deepity,49
deportthomas,49
derscheisser,49
destroythissubreddit,49
dewel,49
dflovett,49
divit,49
diyporn,49
dmb,49
dnaancestry,49
docproduction,49
doctorsound,49
domyhomework,49
donaldandhobbes,49
donniedarko,49
dontfuckwithanonymous,49
dontwatchanime,49
doomkamen,49
dosomethingnice,49
doyouknowwhoiam,49
dragonfable,49
drdreamtime,49
drummers,49
drunkorstroke,49
drunkreddit,49
ducklings,49
dumb,49
dumbestever,49
dumbpro,49
dune,49
editwhores,49
eli5thebible,49
ell,49
elsamasterrace,49
elsanna,49
elselsa,49
eltp,49
eltprules,49
empireofjoshuanorton,49
english,49
englishlearning,49
esket,49
europeantagpro,49
explainlikeannpc,49
exploringperspectives,49
extemp,49
facebookgroupchat,49
fakehistoryfacts,49
fallenlondon,49
familyguygame,49
familyguythegame,49
fantasymltp,49
feedmeseymour,49
feeemales,49
feelthebern,49
femalesandgentlemen,49
fibi,49
fiftyshadesofreddit,49
filthymuseum,49
findtagproscripters,49
fittunes,49
floorplan,49
floss,49
flyingfucks,49
foodhumans,49
forgottenwebsites,49
forsvarsmakten,49
fortbadgerton,49
foundthedad,49
fourkings,49
fpsushifanclub,49
frccsociology,49
freeclams,49
freedomphotos,49
freenookbooks,49
freepizza,49
frenchgirlsapp,49
friendsclubunite,49
frozen,49
frozenfanfics,49
frozenfriends,49
frozenfun,49
frozenproject,49
frozenshipwars,49
frozenvirtualchoir,49
fscirclejerk,49
fuckcannotlol,49
fuckcilantro,49
fuckdave,49
fucked,49
fuckedupbooks,49
fuckgabe,49
funnybestof,49
galaxyquest,49
gameboyjrinaction,49
gayfacts,49
gazetteer,49
gdimr,49
genealogy,49
german,49
germanmilitaryorders,49
germanrants,49
getaroom,49
giftedkids,49
girlswithbeards,49
gittertiere,49
gloryholes,49
glowingrectangles,49
goldcoast,49
goldguysplayground,49
gonewildpopping,49
goteamjb,49
grammar,49
graphemics,49
greekmythology,49
greenpillchat,49
gregory_irl,49
grouptoothbrushing,49
gubbles,49
gurrenadriel,49
guyfawkes,49
gwell,49
haedox,49
halfexpectedhamilton,49
hamishandandy,49
hamratest,49
handrails,49
hansmasterrace,49
hardshipmates,49
harrisonburg,49
hasanyonereallybeen,49
hayden,49
heck,49
helicopterparents,49
hellskitchen,49
helpmemasturbate,49
helsamasterrace,49
heresafunfact,49
hexane,49
hikarinokiretsu,49
hikelsa,49
hilarious,49
hiringsucks,49
historyofreddit,49
hitbyanicecreamtruck,49
holdmylollipop,49
holyamericanstate,49
honk,49
horsemask,49
hotcheetosfans,49
howtodebate,49
howwastoday,49
hspas,49
httyd,49
humanbugreports,49
humanityboner,49
humanman42,49
hustles,49
hyiff,49
hyperlingo,49
hyphenatetheh,49
iainventions,49
iama_accounts,49
iamveryheathen,49
ian,49
iball,49
ideasforaskreddit,49
ididthemonstermath,49
ihopeyousteponalego,49
iknewatoncewhoitwas,49
illallowit,49
illbleed,49
illumilaundry,49
im14andthisisscary,49
im14andthisistrolling,49
im18andthisisdeep,49
im21andimretarded,49
imaginaryarrakis,49
imgoingtohell,49
imisstheoldreddit,49
imout,49
impostersyndrome,49
impshial,49
inaperfectworld,49
inbed,49
indianpeoplereddit,49
infertility,49
inspired,49
interviewtips,49
inventedwords,49
irvinecarvery,49
isitabot,49
ithunnmasterrace,49
itsathingnow,49
itsnotalldoomandgloom,49
jamesandted,49
jeb_irl,49
jedi_acadamy,49
jelsa,49
jesus,49
jesuscrustreddit,49
jobsearching,49
jokesofthedadvariety,49
jooshejokes,49
jspbwcctwasogc,49
jukesonyou,49
justbrothings,49
justgangstathings,49
justpatriarchythings,49
kaikaikaicult,49
kakosindustries,49
karmaprotips,49
kawaiipiranha,49
kevinserver,49
kijafa,49
killmarriage,49
kim,49
kingharvest,49
koalabeast,49
kristanna,49
kristoffmasterrace,49
krutonium,49
kurrent,49
kyle8998,49
la_redditejo,49
latin,49
latincirclejerk,49
learnbasiclifeskills,49
learnforfree,49
lease,49
ledankmemes,49
leftafters,49
lefunnybanana,49
letmeredditthatforyou,49
lifeafternarcissism,49
lifeaquatic,49
lincolndouglas,49
linesinsuccession,49
linguaporn,49
link_correction_bot,49
lipbite,49
livetsord_irl,49
lltp,49
lokifent4president,49
longthreads,49
losethegame,49
lotteryhorrorstories,49
louiefelipe,49
lrn2tagpro,49
macrofetish,49
mailorderbrides,49
makeitso,49
maleprivilege,49
mammeringscorn,49
manchildlifehacks,49
manicomio,49
manseekingwoman,49
mapleroot,49
matesstuff,49
me_ira,49
mealprepsundayrecipes,49
mediterraneanunion,49
megusta,49
mentalbreakdown,49
merderers,49
metaasfuck,49
metacirclejerk,49
metalasfuck,49
metametacirclejerk,49
mettatonsightings,49
mexicanjesus,49
mgtowrising,49
michangthoughts,49
microtia,49
mildlymotivated,49
minnesotagpro,49
minorltp,49
miscarriage,49
misquotes,49
missedsignals,49
missedthethread,49
mlacitation,49
mltp,49
mobileweb,49
monaleslie,49
moonies,49
mooseusernames,49
morbidfantasies,49
motivationalpics,49
mountainwisdom,49
moviebackwards,49
mrmanhub,49
muchhuman,49
mupdates,49
murican,49
musicalwritingprompts,49
musiclessmusicvideos,49
mybuddytom,49
myemotions,49
myrsdevtips,49
myth,49
mythology,49
mythweavers,49
mytreasurechest,49
naltp,49
namecritic,49
nancydisgrace,49
narrated,49
nerdconstories,49
newmarket,49
newpinglandrevolution,49
newsfromnowhere,49
newsyoushouldknow,49
nftl,49
nixon,49
nltp,49
noamountofcontext,49
noburp,49
nofaithinmanhattan,49
nohomeo,49
nomaam,49
northpole,49
noteworthymedia,49
notlikethis,49
notus,49
novahighschool,49
nyctagproirl,49
obviouslyfakestories,49
ocean,49
oceanictagpro,49
ocontenders,49
odditors,49
oddlyupvoted,49
ohdearreddit,49
oltp,49
oltpb,49
onceuponatime,49
onekill,49
oneliner,49
onestupidquestion,49
onetruespud,49
onetruetheenkrypt,49
onewordeach,49
onlineciv5,49
only10subscribers,49
onlysmellz,49
onodera,49
onthebuses,49
opisdumb,49
opmom,49
orgasmanic,49
origintp,49
osta1014,49
over40asksunder25,49
pachyderm,49
paganacht,49
pairmaker,49
pakushy,49
paulblartmallcop,49
peniscarrierfreedom,49
perfectdark,49
perfectplanet,49
pfporn,49
phantogram,49
pharmacyschool,49
phobia,49
pimasterrace,49
pingpyongyang,49
platypusforrotation,49
pltp,49
ponyphobia,49
poopvandals,49
poorpersonhobbies,49
positivealcoholtaxis,49
pottoblame,49
prevenge,49
profoundstatements,49
promgonewrong,49
prufrock451,49
pubert_irl,49
punctuationporn,49
purplepillcirclejerk,49
qerbside,49
queenelsa,49
questionablecontent,49
radicalreddit,49
radiustp,49
ragegaming,49
randomactsofaquarium,49
randomcirclejerk,49
rapefugees,49
rawwwbot,49
rbnlifeskills,49
rbnrelationships,49
readhisusername,49
readrequest,49
reasonablemurder,49
redcowentertainment,49
reddit_silver,49
redditandregretit,49
redditorstories,49
redditorvsreddit,49
reddittxd,49
redditvoice,49
redditwriteshimym,49
redhandgreen,49
redpower,49
redraptor_irl,49
regionwars,49
rektlist,49
releventusername,49
repost,49
republicanism,49
retiredcomics,49
retiredemoticon,49
reubenthefuckboy,49
riseofberk,49
rltp,49
roasted,49
robotfails,49
rolla,49
romesweetrome,49
rosesarered,49
rush,49
sadupvote,49
same,49
savecomment,49
scaryballoons,49
schlockstream,49
seagullmasterrace,49
sean,49
seanblithe,49
seaweed,49
secludedvendingmachin,49
secretpalace,49
securityculture,49
seekingthename,49
seinfeldbyreddit,49
semenboy,49
senselesssonnys,49
serialkillerthoughts,49
serioushangtime,49
sexystretch,49
shadowpeople,49
sharkbits,49
sharktits,49
shartingfreude,49
shibbysays,49
shitbfootdavsays,49
shitknotting,49
shitlaw,49
shitstories,49
shittyactsofgold,49
shittyasklawyers,49
shittyassassins,49
shittygoldedits,49
shittygrammar,49
shittymovieidea,49
shittynutritionadvice,49
shittyparentingtips,49
shittysuperpowers,49
shitwybothsays,49
shortmen,49
showertwerking,49
shrekislove,49
shybobby,49
sibusthoughts,49
simmo,49
simtorture,49
skurup,49
slavtranslations,49
smiteoceanic,49
smoleague,49
smpdonesensible,49
snapplesnipers,49
soad,49
soaryn,49
socialfightclub,49
socialisminonesub,49
solid364,49
somevideogame,49
songsgoneformal,49
songsstories,49
soulbleach,49
soundslikpatd,49
spacemonkey,49
spaceodditiesusc,49
spacesquid,49
spamtrain,49
speedsliding,49
spermbank,49
spheremasterrace,49
spheroid4captain,49
spottheveganspotter,49
sqm,49
squareonetv,49
squarepro,49
stationq,49
staunton,49
steelballstp,49
steelydan,49
stepbrothers,49
steveandgreg,49
stileproject,49
stolenicemasterrace,49
storiesaboutidiots,49
stormfrontin,49
strokeorautocorrect,49
stupidfuckingcup,49
subredditgenerator,49
subslashwork,49
suddenlyrickandmorty,49
sufficiently_advanced,49
sunlesssea,49
supernovasongparodies,49
supportforsupporters,49
supportingsupporters,49
survivorsofabuse,49
survivorsunited,49
svenmasterrace,49
syreloilo_hedvteowps,49
tafpwwtkwsmawtlotgt,49
tagpro,49
tagprobans,49
tagprobots,49
tagprocirclejerk,49
tagproconspiracies,49
tagprocreative,49
tagprogifts,49
tagproirl,49
tagprojams,49
tagpromapsharing,49
tagpronextdiscussion,49
tagpropoker,49
tagproracing,49
tagprorapbattles,49
tagproscripts,49
tagprosecretsanta,49
tagprosimulator,49
tagprostatistics,49
tagprostream,49
tagprostreaming,49
tagprotesting,49
tagprowc,49
tagreflex,49
taintperfume,49
tallpeopleproblems,49
talltales,49
tangled,49
taterdragon,49
teahate,49
teamtits,49
teddyroosevelt,49
teethdrumming,49
tekzilla,49
tempestmasterrace,49
tenwordsofwisdom,49
terranova,49
tesl,49
testscripts,49
thanksbasedcoalshower,49
thanksbutno,49
thankyoukindstranger,49
thatcouldhavehappened,49
thatdidnthappen,49
thathappens,49
thatwentovermyhead,49
the911,49
the_sutsu,49
the_write_knight,49
thebiggestloser,49
thecomedybutton,49
thecorporation,49
theezu,49
theforum,49
thefrozeneffect,49
thegameogres,49
theinformationleague,49
themixednuts,49
thepoopaccelerates,49
theredditcrew,49
thereisnogod,49
thesecretforum,49
thetoolshed,49
thetrews,49
theycansmellyourcum,49
theydidthegenealogy,49
theydidthegeometry,49
theydidthelanguage,49
theydidthemathpoorly,49
theydidthemathslowly,49
theydidthescience,49
theydidthestfu,49
theymathedthedid,49
theysortadidthemath,49
thieftactics,49
thingsididonambien,49
thingsjasonfoundcool,49
thingssaidaftersex,49
thingssaidduringsex,49
thisguyducks,49
threadholocaust,49
threadsuckerpunch,49
throatpies,49
throbbingorgasm,49
throwingseagulls,49
tikprof,49
tinktinks,49
titanic,49
toastcrumbs,49
todayilistenedto,49
toomanypillows,49
torfdot0,49
toroymoi,49
totallynotamerican,49
totallynotcorporate,49
totallynotdrawings,49
totallynotmicrowaves,49
totallynotvulcans,49
tourism,49
tpba,49
tplh,49
tpsreportersanonymous,49
tptb,49
tpwcmexico,49
trademarkersclan,49
tragedy,49
translation,49
treefood,49
trevor,49
trolls,49
trueshitredditsays,49
truesssubredditsss,49
trulyimpossible,49
trumpbehavingwell,49
turkish,49
turnsignals,49
twbif2015,49
twentyrocket,49
twokindsofpeople,49
twowrights,49
twrp,49
txuil,49
unbelievaballs,49
underworldanarchy,49
unexpectedagriculture,49
unexpectedanalogies,49
unexpectedautism,49
unexpectedbatman,49
unexpectedbourne,49
unexpectedcommunism,49
unexpecteddrnick,49
unexpectederb,49
unexpectedfrankocean,49
unexpectedfreedom,49
unexpectedfuture,49
unexpectedfwd,49
unexpectedgodemperor,49
unexpectedjacksfilms,49
unexpectedjonestown,49
unexpectedlotr,49
unexpectedmorrissey,49
unexpectednaruto,49
unexpectedneatmike,49
unexpectednightvale,49
unexpectedoedipus,49
unexpectedouija,49
unexpectedrandm,49
unexpectedsmashmouth,49
unexpectedwingman,49
unexpectedyoda,49
unexpectedyugioh,49
unextrekted,49
unintentionaldong,49
unpopularopinions,49
unprovokeddickmove,49
unsentletters,49
upperhutt,49
upvoteme,49
urglaawe,49
uscontenders,49
usernamesthatcheckout,49
uvm_cs292,49
valentine,49
vallessir,49
vargasgonewild,49
veganhumor,49
veganmormon,49
viberightisatwat,49
victorianworldpowers,49
virtualcommunism,49
w4lt3r,49
wabushooo,49
wafflehousestories,49
wagsathaetssob,49
waifu_wars,49
warlordproblems,49
wastelandball,49
wastelandcirclejerk,49
wastelandpowers,49
watchtheworldburn,49
wealth,49
wearewaiting,49
weaselboy,49
wehappyfew,49
westwoods,49
whatisyourfavourite,49
whelpisms,49
whenithits,49
whereshouldipostthis,49
wholesomeneighbors,49
wholesomeyelling,49
whyilove,49
whymygirlismad,49
winchester,49
wings,49
winnipugjets,49
withoutanycontext,49
wordtrain,49
workingmommy,49
wormy,49
wouldnotbang,49
wowthissubdoesntexist,49
wrapitinfoil,49
wreckitralph,49
wrists,49
wrongthread,49
wtfwasthatagain,49
wwgha,49
wwiiihype,49
xcyclone95,49
yearofthelinuxdesktop,49
yesspoilers,49
ylambda,49
yoi,49
yougotgold,49
youneedacomma,49
youngearthcreationism,49
youranonnews,49
yousernamestandsfor,49
youtried,49
ytstart,49
ytvretro,49
zirconspirapls,49
infinitecoin,50
fcfeathercoinmining,51
feathercoinexchange,51
necromunda,52
mcrosecity,53
sprintframily,54
catfishingtales,55
traditionalism,56
singleguymeals,57
heterodoxeconomics,58
groddsgamers,59
4414,60
cicada3302,60
comeonislam,61
vikingpod,62
brainsandbodies,63
acoa,64
adultchildren,64
thegameison,65
ballymena,66
100daysofrejection,67
1p_lsd,67
2centsjournal,67
2cx,67
30daysit,67
30daystosortmylifeout,67
333,67
3rdprecept,67
420,67
420code,67
45thworldproblems,67
844thworldproblems,67
a2cmentors,67
a_roo_journal,67
aboutdopamine,67
abpinaca,67
abrahadabra,67
abv,67
academicreligion_myth,67
accessibletravel,67
accidentalzen,67
accomplishedtoday,67
accutane,67
acid,67
acmpr,67
acrackletsthelightin,67
acsusa,67
actioncommittee,67
actiondesign,67
adderall,67
addictionprevention,67
addyup,67
adelaidetrees,67
adhd,67
adhd_anxiety,67
advocacy,67
aella_girl,67
aeroponics,67
aetheralresearch,67
affirmations,67
afinil,67
africaisntreal,67
africanhistory,67
afterlife,67
aging,67
agoraphobia,67
agorapodcastnetwork,67
alanon,67
alanwatts,67
alchemy,67
alcoholism,67
alexandria,67
alien_theory,67
alienagenda,67
allcapsmotivation,67
allentown,67
allergies,67
alpha,67
als,67
altars,67
altcancer,67
altdiabetes,67
alternativecancer,67
alternativehealth,67
alternativehistory,67
altmed,67
altmicrobiology,67
altoona,67
aluminumpoisoning,67
alzheimers,67
alzheimerscanada,67
amazingprojects,67
amendtheraveact,67
american_history,67
americanhistory,67
ancientknowledge,67
angelrealm,67
anger,67
anrikay,67
antisocialmedia,67
antistyle,67
anxiety,67
anymore,67
applyingtocollege,67
aquaponichronic,67
archaicrevival,67
arepo,67
arizer,67
artofrolling,67
arye,67
askandyanthing,67
askatarotreader,67
askdocs,67
askdoctorsmeeee,67
askdrugs,67
askhealth,67
askhr,67
askmedicine,67
askparanormal,67
askparents,67
askphillydisasters,67
asktrees,67
assassinscreedunmod,67
astralprojection,67
astrology,67
athleticents,67
atiyoga,67
atlantatrees,67
atltrees,67
auburnents,67
audiomeditation,67
auroracannabis,67
ausents,67
austents,67
australianhistory,67
autoflowers,67
autoimmunity,67
avb,67
awakened,67
awakening,67
awesomelife,67
ayahuasca,67
ayurveda,67
bad_info_bad_health,67
badcarnism,67
badkarma,67
badliterarystudies,67
bakedadventures,67
bakedart,67
bakker,67
banterbus,67
batmanism,67
battlepaintings,67
beautiful_women,67
behavior,67
behavioralmedicine,67
behaviordesign,67
belfastents,67
bellevue,67
benzodiazepines,67
benzorecovery,67
bestbuy,67
bestofbuddhism,67
bestoferowid,67
bestofjosephsantos,67
bestofrzen,67
bethlehem,67
betterhealth,67
biblicalarchaeology,67
bigfoot,67
bigprojects,67
bigsteps,67
binauralbeats,67
binghamton,67
bipolar,67
bipolarreddit,67
bipolarsos,67
blackbible,67
blazedents,67
blind,67
bloomsburg,67
boofing,67
boofit,67
borax,67
bostontrees,67
boundlesspotential,67
brainfog,67
breakups,67
breastcancer,67
bubblehash,67
buckscountypa,67
buddhism,67
buddhism1,67
buddhist,67
buddhistparents,67
buddhists,67
budtenders,67
butanevaporizers,67
c710lorado,67
caffeine,67
californiacannabis,67
canadaweedstocks,67
canadianhistory,67
canadianmoms,67
canadients,67
cancer,67
cancersurvivors,67
cannabis,67
cannabisbreeding,67
cannabiscultivation,67
cannabisculture,67
cannabisextracts,67
cannabisvideos,67
cannacoin,67
canopygrowthcorp,67
careersuccess,67
carlisle,67
carlsagan,67
carmarthenshirecarers,67
cascadianpreppers,67
catovadreams,67
cbd,67
celiac,67
centercitycomedy,67
centralpa,67
centralpaboardgaming,67
cfs,67
chakras,67
challengeaccepted,67
chan,67
cheatingrevenge,67
cheechandchong,67
chemdiary,67
chemtrail,67
chicagoroommates,67
chicagotrees,67
childrenofthelight,67
chinabiz,67
chinabuyers,67
chinaglass,67
chinesemedicine,67
chiropractic,67
christianoccultism,67
christiantestimonies,67
chronicbloating,67
chronicillness,67
chronicpain,67
chuangtzu,67
chyeadawg,67
classicalpsychedelics,67
coalregion,67
codeine,67
codeinecowboys,67
codingandbilling,67
coents,67
cogsec,67
coilgore,67
comicsans,67
commonwealths,67
comoxvalley,67
compck,67
complexsystems,67
concentrates,67
concussion,67
confidence,67
consciousness,67
conspiracydocumentary,67
cool,67
councilofsages,67
counselling,67
craftymighty,67
crappyoccultdrawings,67
crawlersightings,67
creativewriting,67
credibleufoevidence,67
criminology,67
criticalactivism,67
crocus,67
crohnsdisease,67
cryptozoology,67
curatedbybvonl,67
currentlytripping,67
cutdowndrinking,67
cyrilio,67
cysticfibrosis,67
dabart,67
dabrigs,67
dabs,67
dailydabbers,67
danishents,67
danknation,67
darkwoods,67
davidicke,67
davinciascent,67
dawn_of_writing,67
death,67
debateavegan,67
decidingtobebetter,67
deliriants,67
dementia,67
depressionregimens,67
dermatology,67
dermatologyddx,67
deschloroketamine,67
descriptionplease,67
destinylfg,67
determinism,67
dhammabooks,67
dharmawheel,67
diabetes_t2,67
diagnosethem,67
dickfagqueer,67
digitalcartel,67
disability,67
disabledgamers,67
discipline,67
discordia,67
discordian,67
disinformants,67
dissociatives,67
divination,67
divinetribevaporizers,67
diygrowlights,67
djhelpplus,67
dmt,67
docbaker,67
dogmeetup,67
doomsdaycult,67
dopple_glitch,67
doxcallity,67
dpdr,67
dreamanalysis,67
dreamingmeditation,67
dreaminterpretation,67
dreams,67
drexel,67
drudge,67
drugart,67
drugcirclejerk,67
drugcombos,67
drugdesign,67
drugnerds,67
drugromance,67
drugs,67
drugscirclejerk,67
drugsmart,67
drugsover30,67
drugstashes,67
drugswiki,67
drugswtf,67
drugtesthelp,67
druidism,67
drunkenama,67
duby,67
durgs,67
durian,67
dxm,67
dynavap,67
dysthymia,67
dzogchen,67
earlymoderneurope,67
earthing,67
easyetizolam,67
eaze,67
eczema,67
ehlersdanlos,67
eldertrees,67
electricalpollution,67
electricents,67
electrogalvanism,67
electromagnetics,67
electronicharassment,67
emhs,67
emotionless,67
empaths,67
enail,67
enano,67
enchantedrock,67
endall,67
energy_work,67
enfj,67
enfp,67
engagedbuddhism,67
enneagram,67
enochian,67
ent,67
entcouples,67
entcrafting,67
entexchange,67
entgaming,67
entheogens,67
entj,67
entottawa,67
entp,67
ents,67
entwives,67
enzymes,67
eood,67
epidemiology,67
epilepsy,67
epileptology,67
eprime,67
erie,67
esfj,67
esfp,67
essentialoil,67
essentialoils,67
estj,67
estp,67
etizolam,67
eu_rcsources,67
euchemics,67
ewk,67
ewkontherecord,67
explainlikedrcox,67
explorereligion,67
exurb1a,67
ezn,67
faerie,67
fajitastrippin,67
fashionhistory,67
fentanyl,67
fibro,67
fibromyalgia,67
findanentwifefriend,67
finesseboys,67
fireflyvape,67
firewoodvapes,67
fluoridepoisoning,67
focusmusic,67
fodmaps,67
foodallergies,67
fooddyefree,67
foodissues,67
foodnerds,67
forwardsfromjosh,67
fourthdimension,67
freebooting,67
freeyourspirit,67
freshstart,67
fringephysics,67
fuckcancer,67
fuckingtweakers,67
fullmoviesforfree,67
fullmoviesonyoutube,67
fullspectrum,67
funfacts,67
futuristicrealism,67
gamerentladies,67
gamesandtheory,67
gangstalkingmkultra,67
garbagememes,67
garrett,67
gastroparesis,67
geostashing,67
germanhistory,67
getdisciplined,67
getmotivated,67
getoutofbed,67
getstudying,67
getsuccessful,67
getting_over_it,67
gfd,67
girlsgonedopecoin,67
girlswithbongs,67
giveme40days,67
glassblowing,67
glassheads,67
glassine,67
glitchinthematrix,67
gnosis,67
goboof,67
goidelc,67
graffhelpplus,67
granddaddy,67
grasshoppervape,67
griefsupport,67
grimoirerequest,67
growinglikeaboss,67
growweedeasy,67
guidedmeditation,67
h2grow,67
habits,67
hadtohurt,67
happinessandpuppies,67
happyherbs,67
hardenedbsd,67
harekrishna,67
harrisburg,67
hashchurch,67
hashoah,67
hazevaporizer,67
headache,67
headaches,67
health,67
healthandfitness,67
healthanxiety,67
healthinsurance,67
healthymunchies,67
heavymetaltoxicity,67
hellenicpolytheism,67
helpmecope,67
hepatitis,67
hepatitisc,67
hepc,67
herbaltherapy,67
herbgrow,67
herbsgrowroom,67
hermit,67
hideall1,67
hierarchies,67
highart,67
highersidechats,67
highprobability,67
highstories,67
highstrangeness,67
hightechhaunts,67
historicalreligion,67
historicalstreetview,67
historynetwork,67
historypodcast,67
historywales,67
hitchbro,67
holistichealth,67
holofractal,67
holysummoners,67
homeopathy,67
hopeithurt,67
hospice,67
housebaelish,67
howtodab,67
howtonotgiveafuck,67
hppd,67
hsp,67
humanbeans,67
humanbody,67
humanoidencounters,67
hyperacusis,67
hypersexual,67
hypershape,67
hypothyroidism,67
iasdreams,67
ibd,67
ibdents,67
iboga,67
ibs,67
iching,67
icleanedmyroom,67
idealists,67
idiopathichypersomnia,67
iduna,67
improvementhub,67
indoorgardening,67
infj,67
influenceiq,67
infowars,67
infp,67
infrastructurist,67
insaneideas,67
insomnia,67
interesting,67
internships,67
intp,67
intpcirclejerk,67
intpcomedy,67
intpmusic,67
intuitivedominant,67
invisible,67
iodide,67
irishhistory,67
irrationalpsychonaut,67
isfj,67
isfp,67
israel2,67
istj,67
istp,67
italianhistory,67
jacksonhole,67
jetwaterpipes,67
jhana,67
johnnychronicseed,67
johnstown,67
jpgibbs,67
jpgibbsprogramming,67
jung,67
jungiantypology,67
juryduty,67
kabbalah,67
kaizenbrotherhood,67
ketamine,67
kindness,67
kinesiology,67
klosterbier,67
knowthedose,67
kratom,67
kratom411,67
kratomkorner,67
kratomone,67
kratomusersvendors,67
kundalini,67
ladylucklabs,67
lampwork,67
lanadelrey,67
lancaster,67
lansdale,67
laquerentstas,67
laughingbuddha,67
lbregs,67
leadership,67
learningdisabilities,67
leaves,67
ledwizard,67
lefthandpath,67
leftistsinanutshell,67
leftwinger,67
lehighvalley,67
lets_grow_an_owl,67
libertieswest,67
librariapsychedelia,67
libraryofbabel,67
life,67
lifeimprovement,67
lifeinsurance,67
lifelogging,67
lincolnshire,67
lititz,67
livestock,67
livetowin,67
lostinmind,67
lovehurts,67
lpotl,67
lptree,67
lsd,67
lsv,67
luciddreaming,67
luciddreams,67
machineporn,67
macrogrowery,67
magick,67
mahayana,67
maladaptivedreaming,67
manners,67
manprovement,67
marijuana,67
maryjane,67
mayors,67
mbti,67
mbtiarticles,67
mbtiplus,67
mdma,67
mdmatherapy,67
meaction,67
medibuds,67
medical,67
medical_news,67
medicalmarijuana,67
medicinalherbs,67
meditation,67
meditation_videos,67
meditationcirclejerk,67
medofchamps,67
medsforbitcoin,67
medtech,67
melanoma,67
melbents,67
melikeweed,67
memantinehcl,67
menieres,67
menofletters,67
menshealth,67
mentalskills,67
merchents,67
mercurypoisoning,67
messiahcomplex,67
metateenmom,67
meth,67
methoxetamine,67
metta,67
mflb,67
mflbninja,67
michigents,67
microbiome,67
microdosing,67
microeconomics,67
microgrowery,67
middleeasthistory,67
migraine,67
mindcommunication,67
mindcontrol,67
mindfuleating,67
mindfulness,67
mindundercontrol,67
missing411,67
mjmakesyouviolent,67
mkultra,67
mmj,67
mnd,67
mod4free,67
modadepot_nootropics,67
modadropship,67
modafinil,67
modafinil_talk,67
modafinilcat,67
modalert,67
modapharma,67
modashipper,67
modernmystics,67
modup,67
monomyth,67
montco,67
montrealents,67
montrealmeetup,67
montypython,67
mothman,67
motivateme,67
motivation,67
mungojelly,67
mushroom_cultivation,67
mushroomgrowers,67
music_video,67
musicwhilehigh,67
mutcirclejerk,67
my_mbti_type,67
mycology,67
myfavoritemurder,67
myponderings,67
mysteriousuniverse,67
mysterymedia,67
mysticism,67
mysticsontherise,67
nanomedicine,67
naranon,67
narcolepsy,67
naturalremedies,67
nbome,67
needacoach,67
nepa,67
neuro,67
neurobiology,67
neuroeconomics,67
neurofeedback,67
neuroimaging,67
neurology,67
neurophilosophy,67
neuropsychology,67
newage,67
newfentland,67
newtonsthirdlaw,67
nightmares,67
nirvanaschool,67
njtrees,67
nofapfailure,67
noids,67
nomorefluoride,67
nondirective,67
nonism,67
nonononowaitwhat,67
nonononoyesno,67
nonzeroday,67
noobgrow,67
noopept,67
nootarded,67
nootrobox,67
nootropics,67
nootropics_advice,67
nootropicsvendors,67
not_quite_right,67
nothowdrugswork,67
notillgrowery,67
notzen,67
noveldissos,67
nuclear911,67
nugs,67
numerology,67
nztrees,67
obscuresubreddits,67
obviouslybadideas,67
occult,67
occult_art,67
occultbusiness,67
occultism,67
occultmeme,67
occultpoetry,67
occultstudygroup,67
occulttrade,67
ocpoetry,67
octrees,67
oddlyspecific,67
oilvaporizers,67
okbestface,67
oldphotos,67
olling,67
onehumanity,67
oneirosophy,67
ontarients,67
opiaterollcall,67
opiates,67
opiates_memorial,67
opiatescirclejerk,67
opiatesmemorial,67
orangepapers,67
orbitalfox,67
orderoftheblackdog,67
orderoftheserpent,67
oregairusnafu,67
organicindoorgrowers,67
organicmarijuana,67
ouroverusedveins,67
overanalyses,67
paforsanders,67
paganism,67
painmanagement,67
painmed,67
painscience,67
paintingpixels,67
paleodiet,67
pali,67
palmtrees,67
panicattack,67
paradigmchange,67
paranoidlunatics,67
paranormal,67
parastupid,67
paruresis,67
paxvapor,67
pcmasterracents,67
pdxgiftingtrees,67
pediatriccancer,67
pennstatehousing,67
pennstateuniversity,67
pennsylvania,67
persian,67
pertinentnews,67
peterborough,67
petersmithisateacher,67
petioles,67
petitions,67
pharma,67
pharmacology,67
pharms,67
phenibut,67
philadelphia,67
philadelphia4sanders,67
phillycirclejerk,67
phillycraftbeer,67
phillymusicians,67
phillyshitposts,67
phillyuncensored,67
physicaldisability,67
physicgarden,67
physicianassistant,67
physiotherapy,67
picturedescribot,67
pieces,67
pilentexchange,67
pimping,67
pinealgland,67
pinnaclepro,67
plantschemistry,67
plasmacosmology,67
plato_thyself,67
ploompax,67
plugging,67
plumvillage,67
podcast,67
podiatry,67
poem,67
poems,67
poetry,67
poetryofscience,67
poetryprompts,67
poetryslam,67
pokeents,67
pooonyourefoot,67
popefrancisfanclub,67
porajmos,67
portabledabs,67
portlandhomegrowers,67
portlandtrees,67
positivementalhealth,67
pottstown,67
powdercity,67
powerandinfluence,67
powerball,67
powerballpool,67
powerpc,67
prebiotics,67
pregnant,67
probiotics,67
problemgambling,67
productporn,67
products,67
projectmkultra,67
projectreddit,67
prostatecancer,67
proteins,67
psilocybinmushrooms,67
psychedelic,67
psychedeliclaws,67
psychedelicmedicine,67
psychedelicreligion,67
psychedelics,67
psychedelicscience,67
psychedelicstudies,67
psychedelictelepathy,67
psychedelictherapy,67
psychic,67
psychicsdebunked,67
psychoactivebilluk,67
psychoactivepoetry,67
psychonaut,67
psychonautreadingclub,67
psychosis,67
psychoticreddit,67
publicspeaking,67
pullman,67
pureland,67
purelyobsessional,67
qabalah,67
quadricorns,67
qualitynews,67
quantifiedself,67
quittingkratom,67
qwisoinfo,67
r4rmelbourne,67
r4rstralia,67
radicalfeminism,67
radowl,67
ramblingjustcuz,67
randomactsofkratom,67
randomactsofspeciosa,67
rapty,67
rationalpsychonaut,67
rawhardparalysis,67
rcscams,67
rcsources,67
rcvendors,67
reagenttesting,67
realsocialengineering,67
redditknows,67
redditlists,67
redditorshatingreddit,67
reiki,67
reportthetrolls,67
reprehensible,67
reptiliandata,67
reptilians,67
researchchemicals,67
researchchemicalsuk,67
researchmarkets,67
researchrecovery,67
researchvendors,67
resistancehigh,67
retireddankmemes,67
rhapsodyonline,67
rmu,67
roomofrequirement,67
rootbrains,67
rosin,67
rosineers,67
rpgroup,67
rusmidler,67
russianhistory,67
rustycherry,67
rxrex,67
sacredgeometry,67
sadcomics,67
sagan,67
saionara,67
salvia,67
sandiegoents,67
santaclaritadiet,67
saplings,67
saplingstories,67
saved,67
schizoaffective,67
schizophrenia,67
scientificglasswork,67
scientismtoday,67
scorpio,67
scottishhistory,67
sct,67
sdaustin,67
sdboston,67
sdchicago,67
sdcleveakron,67
sdgiftexchange,67
sdmichigan,67
sdsouthafrica,67
seaents,67
seagray,67
seizures,67
selbyfam,67
selfchange,67
selfhelp,67
selfimprovement,67
sensiblecanada,67
sexondrugs,67
sgiusa,67
shadowsonthewall,67
shamanism,67
shin,67
shitflexiversesays,67
shittingadvice,67
shoplifterhate,67
shopping,67
shortstorytrips,67
shroomers,67
shroomery,67
shroomid,67
shrooms,67
shrubs,67
shruglifesyndicate,67
shulginmedal,67
sitt,67
ski,67
skin,67
skincareaddicts,67
skinwalkers,67
slctrees,67
sleep,67
sleepenhancement,67
sleepparalysis,67
smallfiberneuropathy,67
smokedot,67
smoketricks,67
sneakybackgroundfeet,67
soberskaters,67
socialengineering,67
societalengineering,67
sofian,67
solartoking,67
soto,67
sotontrees,67
sourcevapes,67
sousweed,67
sovereigncitizen,67
spacebuckets,67
spacend,67
spanishhistory,67
spiritual,67
spookyclub,67
sporeswap,67
sporetraders,67
spottingwinemoms,67
srsgsm,67
ssdp,67
stackadvice,67
standingdesk,67
starch,67
starwarsgonewild,67
statecollege,67
stevepavlina,67
stims,67
stonerengineering,67
stonergadgets,67
stonerphotography,67
stonerprotips,67
stonerstoryhour,67
stonerthoughts,67
stopdrinking,67
stopspeeding,67
strangesouthafrica,67
strategy,67
streetmedics,67
stress,67
strwyd,67
studylinks,67
studytips,67
stuffcrosbysays,67
submit_poetry,67
successtips,67
sugarfree,67
suggestmeabook,67
swedents,67
synchronicity,67
sysor,67
tahoe,67
tahoelocal,67
tanka,67
taoism,67
targetedenergyweapon,67
targetedenergyweapons,67
tarot,67
tarotarcana,67
tarots,67
tbi,67
tbisurvivors,67
techiecolorado,67
techlancaster,67
teduh_links,67
tees,67
teetotal,67
tellafone_fans,67
terencemckenna,67
texents,67
tgondii,67
the48lawsofpower,67
the_honest_politician,67
theamericas,67
thecancer,67
theehive,67
theexaminedlife,67
thefat_botchronicles,67
theforteantimes,67
themindilluminated,67
theodoreroosevelt,67
theoryofastrology,67
thepeoplesbard,67
therapy,67
therapytunes,67
therememberers,67
theseekofknowledge,67
thesourceof,67
thethyroidmadness,67
thetreesnetwork,67
thetruthishere,67
theunexplained,67
thewarondrugs,67
thexeffect,67
think_really_hard,67
thinkingofharambe,67
thyroidhealth,67
tianeptine,67
timetravelpragmatism,67
tinfoilhats,67
tinnitus,67
titlebitching,67
tivideos,67
tmj,67
todispensaries,67
tokespot,67
torontoevents,67
torontogaymers,67
totallynotleo,67
totrees,67
treas,67
treedibles,67
treehouseofhorrors,67
treepictures,67
trees,67
treesappraisal,67
treescirclejerk,67
tribalhero,67
trinidadandtobago,67
triplemeaning,67
tripmusic,67
tripreports,67
tripsit,67
triptales,67
triptongue,67
trollanxiety,67
trunks,67
truthcontest,67
tryptonaut,67
ts_withdrawal,67
turdswithdicks,67
twobitgeeks,67
u47700,67
u_here_comes_the_king,67
uap,67
ufos,67
ugdt,67
uglyandalone,67
ukdrugs,67
ukhistory,67
uktrees,67
uktreesmeets,67
underdogvapes,67
unexpectedcompsci,67
uniqueminds,67
unknown_name,67
unsentmessages,67
untranslatedphil,67
uptech,67
urbanexploring,67
urbanmycologyberlin,67
urology,67
ushistory,67
uvic,67
vancouverisland,67
vapebatteries,67
vapexhale,67
vaporents,67
vapormax,67
vce,67
venusapollo,67
veterents,67
vetschool,67
viceland,67
victoriabc,67
victoriacity,67
victorianmhoc,67
victoriaundelete,67
viewjacking,67
vipassana,67
viral,67
vividdreaming,67
volcanovaporizer,67
wanttobelieve,67
wawa,67
waxpen,67
waxrda,67
wayofthehoneybadger,67
weed,67
weedbiz,67
weedinvestments,67
weeds,67
weedstocks,67
weekly_occult_video,67
whatdoesthissayabout,67
whatsubreddit,67
whattoreadwhen,67
wheelchairs,67
wherewasthistaken,67
whiteeagle,67
wholesometrees,67
wholisticenchilada,67
wiccaknowledgeseekers,67
williamsport,67
willis7737_news,67
winstupidprizes,67
witchcraft,67
withoutatrace,67
wmasstrees,67
womeneuropeanhistory,67
wordswordswords,67
workersvanguard,67
worldhistory,67
worldnewsserious,67
wsu,67
wtfmusicvideos,67
xanax,67
yesway,67
yesyesyesyesno,67
yiddish,67
yoghurtweavers,67
yorkcountypa,67
yorkpa,67
zen,67
zenbuddhism,67
zendo,67
zenjerk,67
zerowastelabs,67
zipongjtcc,67
weloveftnt,68
truenocontext,69
ponycard,70
fellowship_services,71
3hm,72
4clash,72
adultaces6,72
adultincursion,72
agentsnarms,72
anewdarkage,72
apathyclan,72
archerclans,72
atheistlegioncoc,72
atxwolves,72
beastmodeninja,72
beergutcoc,72
bestofrabsho,72
bitcoinbombers,72
blackcocdown,72
boddagetta,72
bournetoclash,72
brb4wizzies,72
brokelan3,72
brothersco,72
calltoarmscoc,72
canadianbulls,72
capetowncofc,72
casualclashers,72
chaostheorycoc,72
circlejerkofclans,72
clandiscoverynetwork,72
clannut,72
clanofgondor,72
clanowar,72
clanredditomega,72
clanredditrebels,72
clantastic,72
clanvirus,72
clanwars,72
clanxenon,72
clanzen,72
clashbros,72
clashdark,72
clashforaiur,72
clashholyhandgrenade,72
clashkcco,72
clashlegionoflight,72
clashofclans,72
clashofclansmu,72
clashofclansrecruit,72
clashofclansstrategy,72
clashofclanstips,72
clashofclansucla,72
clashpro,72
clashredditgold,72
clashredditmike,72
coastalcrush,72
coc_redditoak,72
coc_sicology,72
cocaggies,72
cocaladeen,72
cocasdf,72
cocdadsquad,72
cocflamfans,72
cocmoyesway,72
cocmutiny,72
cocreddit,72
cocredditcerberus,72
cocredditclan,72
cocredditfoxtrot,72
cocredditheroes,72
cocredditpi,72
cocredditrise,72
cocredditsigma,72
cocreddittitanium,72
cocthebrotherhood,72
coczeta,72
coffeeandtv,72
columbusgold,72
ctrlaltwizz,72
dabslayers710,72
dadadan,72
diksminions,72
dirtyrob,72
district13coc,72
dragonrejects,72
droidinvasion,72
dynastyclans,72
estoniatmklann,72
evermind,72
exilescoc,72
expatjapan_coc,72
fastfordscoc,72
forgivemenate,72
fratopotamus1,72
fsuatl,72
gamecockcoc,72
genesiscorps,72
goatsonboats,72
gobsonly,72
godguns,72
gold_prodigy,72
goonsquadcoc,72
greenseers,72
harmonclans,72
highprofits,72
hogssquad,72
holderclashers,72
hwya,72
icanlike2clash,72
insanetwos,72
jinahlee,72
justbleedclan,72
kieftanscoc,72
kingarthurcoc,72
krebsie,72
kywildcatsbbn,72
laresistenza,72
legendwarriorbd,72
libertarianfeed,72
lionarena,72
lowb,72
mastersofdemise,72
midnight_legion,72
militarycrew,72
miniminotaurs,72
mischiefinc,72
mutinyotters,72
mystborn,72
neutralclan,72
ninjastyle2,72
notintheface,72
omisquad,72
palfest,72
parthos,72
patriotsclan,72
piggyboom,72
pillowpants,72
porcelainkings,72
projectpain,72
psilocybincoc,72
psychoclash,72
puppyexplosion,72
rcswartournament,72
rebelpunks,72
reddit_anarchy,72
reddit_kilo,72
reddit_phoenix,72
reddit_rain,72
reddit_templars,72
redditaardvark,72
redditacecoc,72
redditactive,72
redditadults,72
redditalchemy,72
redditalkycoc,72
redditallianceclans,72
redditalumni,72
redditangels,72
redditapex,72
redditares,72
redditargon,72
redditasylumcoc,72
redditatlas,72
redditazurite,72
redditbananas,72
redditbandits,72
redditbetaclan,72
redditbetaroyale,72
redditboom,72
redditcalcium,72
redditchi,72
redditclansystem,72
redditcrusadescoc,72
redditdawn,72
redditdemons,72
redditdogecoin,72
redditdragoons,72
redditdusk,72
redditecho,72
redditeclipse,72
redditelementscoc,72
redditelephino,72
redditempireclan,72
redditempirecoc,72
redditepsilon,72
redditexordium,72
redditfiber,72
redditforceclan,72
redditfreeze,72
redditfrost,72
redditfrostbyte,72
redditgamma,72
redditgauntlet,72
reddithavoc,72
reddithotel,72
reddithounds,72
reddithunters,72
reddithydrogen,72
redditillusion,72
redditindy,72
redditinfinity,72
redditinnuendo,72
redditinvictus,72
redditiota,72
redditjrs,72
redditjuliet,72
redditkappa,72
redditkings,72
redditknightsrcs,72
redditkoopas,72
redditlegacyclan,72
redditlight,72
redditlithium,72
redditlurkers,72
redditmercury,72
redditmist,72
redditnemesis,72
redditnight,72
redditnu,72
redditomicron,72
redditozone,72
redditparagon,72
redditphantom,72
redditpirates,72
redditpsi,72
redditraiderscoc,72
redditraincoc,72
redditraptors,72
redditrecon,72
redditrho,72
redditrivalsclan,72
redditrocket,72
redditronin,72
redditroyals,72
redditscorch,72
redditsnow,72
redditstealthcoc,72
redditstorm,72
redditstrike,72
redditsuns,72
reddittango,72
reddittau,72
redditthunderrcs,72
reddittitans,72
reddittroopers,72
redditupsilon,72
redditvikings,72
redditviper,72
redditvoidcoc,72
redditvortex,72
redditwarriors,72
redditwarriorscoc,72
redditwhiskey,72
reddityaks,72
redditzeroclan,72
redditzulucoc,72
riverrock,72
royaleclansystem,72
royalegamma,72
royalrebellioncoc,72
rtfmclan,72
runningriot,72
rustytrombones,72
ruzscoc,72
rwcs,72
saltminersclash,72
sbok,72
shadowstalkers,72
sithoverlords,72
smokin_aces,72
spencer,72
spider2ybananaclan,72
super_walker,72
supremacyclan,72
templarsroyale,72
terpswinb1g,72
thebatmanteam,72
theclashers,72
thesixwolves,72
thunderbuddycoc,72
tk9,72
tortugaclan,72
turkuazbandgames,72
twerkinarchers,72
uab_endo,72
valentines_day_gifts,72
valentines_pics,72
velocirafters,72
warbeaver,72
warcakes,72
warfarming,72
warmasters,72
warsnipersclash,72
wewhosaynee,72
wutangclancoc,72
xsfclan,72
yellowbelliescoc,72
duck,73
redditfr,74
colossuscoin,75
gamersgonetech,75
gravelgrinder,76
corpuschristi,77
hookahcringe,78
dlhcomputernerds,79
catchingbabies,80
rkellymemes,81
jumpgate,82
titanfail,83
hundalsanghaoverdrive,84
imaginarywesteros,84
dogetrader,85
thefollowing,86
mcrlycc,87
cbbuploads,88
counter_strike,89
foolishfeminism,90
humanacceptance,91
minecraftmario,92
warmnfuzzyguild,93
raoaopenmodmail,94
33c3,95
4b4t,95
4builders4tools,95
9b9t,95
_shrooms,95
acne,95
activewwe,95
afireinside,95
agender,95
alcoholorstroke,95
allabouthairloss,95
androgyny,95
annarbormua,95
aquaclawsquad,95
aquamarineregiment,95
aquamarines,95
aquamarinesbarracks,95
aquamarinesden,95
aquamarinevi,95
asianbeauty,95
asianbeautyexchange,95
asianbeautyrehab,95
aussiemakeupexchange,95
aussieprowrestling,95
ausskincare,95
australianmakeup,95
avalonlords,95
badwrestlingjokes,95
bald,95
ballstate,95
basc,95
beaksquad,95
beardporn,95
beauty,95
beautyaddiction,95
beautyblogs,95
beautyboxes,95
beautyreviewblog,95
beckercollege,95
beckylynchjokes,95
bellingham_wa,95
belttalk,95
benandlewisredditbant,95
bigshowfanclub,95
bisexualuk,95
bitcoinuncut,95
blackhair,95
blaqkaudio,95
blueangelssquad,95
borkcircle,95
breslin,95
buddymurphy,95
cardinalregimentv,95
cardinalregimentvi,95
careless,95
catsandcosmetics,95
ceruleanforlife,95
ceruleanregiment,95
chromeapks,95
circlejerkseattle,95
citadelkingsrs,95
classicwrestling,95
cmll,95
coloranalysis,95
comedybestof,95
cookwithbeer,95
crazywweideas,95
crimson_regiment,95
crimsonbarracks,95
crossdressing_support,95
curlyhair,95
czw,95
dailywallpapers,95
dear_white_people_,95
deathmatchwrestling,95
democrat,95
disciplesofgrace,95
disciplesofgracesbox,95
disturbed,95
diybeauty,95
dpsdolls,95
dualgender,95
eccc,95
ecw,95
ecwwrestling,95
elik,95
elm,95
expressivestatues,95
exseattlemoderators,95
failedminions,95
fancyfollicles,95
fantasybooking,95
fatpeoplehate30,95
feathersquad2,95
femalehairadvice,95
femininenotfeminist,95
fierceflow,95
findfashionuk,95
flightsquad,95
foodseattle,95
foodtrucks,95
freeprowrestling,95
fucksheamus,95
funwithbeauty,95
g4zdtechtv,95
genderfluid,95
gilmoregirls,95
girlsinagif,95
gwenthewelshgal,95
hair,95
haircarescience,95
hairexchange,95
hairloss,95
hairtransplants,95
hawkeyesquad,95
heathslaterbaybay,95
heirs_of_the_sun,95
heroes3,95
highendmakeup,95
highmarks,95
hocchan,95
homm,95
hoodedeyes,95
hotdogging,95
houseoftheholytrio,95
hsexperiments,95
hudhud,95
icesculptures,95
icw,95
ihealthjournal,95
imamsales,95
indiemakeupandmore,95
indiewrestling,95
indywrestling,95
ixecorpslounge,95
kanenites,95
kayfabe,95
kayfabescience,95
kcon,95
khalilyousuf,95
koreanbeauty,95
laqueraddictsuk,95
legoleaks,95
licensedforbeauty,95
lipstick,95
lolantlong,95
luchalibre,95
luchaunderground,95
maabmakeup,95
makents,95
makeup,95
makeupaddiction,95
makeupaddictionasia,95
makeupaddictionuk,95
makeupaddicts,95
makeupdeals,95
makeupexchange,95
makeupexchangeeu,95
makeupfreebies,95
makeuprehab,95
makeupswatches,95
malefemme,95
malehairadvice,95
malepolish,95
manbuns,95
mauroranallojokes,95
meeseeks,95
metsfan4ever,95
mistyfront,95
mmh7,95
modeluk,95
modsoftherealms,95
modssuck,95
mohawksquad,95
muacirclejerk,95
muaconspiracy,95
muaeurope,95
mylgbtpony,95
n64wrestlinggames,95
nailpolishdeals,95
naturalbeauty,95
naturalhair,95
navy_regiment,95
navybarracks,95
newlegacyinc,95
ninjago,95
njpw,95
nocontextroman,95
nofapwar,95
nofapwarrebooted,95
nomodsnomasters,95
nonbinary,95
nonbinaryuk,95
nopantsprovided,95
nopoo,95
nordicskincare,95
northwestfront,95
notwwe,95
nxtwrestling,95
official4b4tcommunity,95
olivemua,95
oncs,95
oswreview,95
panporn,95
pedohatersanonymous,95
pigmentation,95
planetstasiak,95
pornfreewar,95
prowrestling,95
puroresurevolution,95
randians,95
randomactsofab,95
randomactsofmakeup,95
randomactsofpolish,95
rapandwrestling,95
rapbattlesofreddit,95
redditlaqueristas,95
redditpolish,95
redditrequest,95
regalexplainsthings,95
restaurant,95
revdem,95
roh,95
rosacea,95
rosaceahelp,95
royalblue,95
royalbluebarracks,95
royalbluebootcamp,95
royalbluevi,95
rubybarracks,95
rubybarracksv4,95
russiawonwwii,95
saffron_regiment,95
saffronregiment,95
salmonbarracks,95
salmonregiment,95
sawsomethingscary,95
saxtonation,95
sc366,95
scacirclejerk,95
scbackstage,95
scjerk,95
scmovelibrary,95
sealist,95
seattleparody,95
seattleshitshow,95
seattlesucks,95
seiyuucirclejerk,95
shestillsucking,95
shitsquaredcirclesays,95
skincareaddiction,95
skincareaddictionuk,95
skincareexchange,95
socksandsandals,95
spacedadjokes,95
squaredcircle,95
squaredcircle_fr,95
squaredcirclejerk,95
stardomjoshi,95
steinermath,95
style,95
sugarfreemua,95
sunblock,95
sundayexchange,95
swiftsquadnfwiv,95
swisstemples,95
the_roman,95
the_seattle,95
thecardinalregiment,95
thedirtsheets,95
thefederalreserve,95
thegoodwife,95
thevioletregiment,95
tna,95
toptrends,95
trainwrecks,95
transgenderuk,95
transsupport,95
tressless,95
tretinoin,95
trfu,95
truth,95
twoxuk,95
typeonegative,95
uicwhatshot,95
uklgbt,95
uksquaredcircle,95
unaji,95
undeleteseattle,95
utopiagame,95
violetregiment,95
wcw,95
wewatchwpodcast,95
wfingw,95
whatculturewrestling,95
winterblues,95
womenswrestling,95
wonderwomenwrestling,95
wrasslin,95
wrecked,95
wredditconspiracies,95
wredditcountryclub,95
wredditpics,95
wredditschool,95
wredditstreams,95
wreddittv,95
wredditwrestling,95
wrestlecast,95
wrestlemaniaplans,95
wrestlewiththeplot,95
wrestling_jomaterial,95
wrestlinganimations,95
wrestlingmemorabilia,95
wrestlingpod,95
wrestlingpodcasts,95
wrestlingwallpaper,95
wwe,95
wwe2k15mods,95
wwe2k16,95
wwe_network,95
wweall,95
wwegames,95
wwenetwork,95
wwesmackdownlive,95
wwesupercard,95
xtrmst,95
yesterday,95
youarenowamoderator,95
youtubedoubler,95
answerreddit,96
mangryshitlords,97
dailydraw,98
07thexpansion,99
13reasonswhy,99
1channel,99
1cu14cu,99
3dart,99
3dcgi,99
3dma,99
73rdgoldenglobe,99
7kglobal,99
88thoscar,99
abc,99
abcspeechless,99
abuse,99
accelworld,99
actionfigures,99
actors,99
adobeaudition,99
adoptareddit,99
afip,99
afrosamurai,99
afterlifewitharchie,99
agentcarter,99
ageofaincrad,99
ahmygoddess,99
aikuro_mikisugi,99
akamegakill,99
akatsukinoyona,99
akira,99
akkordian,99
akunohana,99
albertwesker,99
alexanderfasching,99
alexanderthegreat,99
aliceismywaifu,99
alisonrosen,99
allclassicfilms,99
allianceofawesome,99
allscifi,99
allthelancers,99
alpaka,99
alternateoscars,99
alternativeart,99
altynbekovasabina,99
amalgamcharacters,99
americanflaginplace,99
amumu_irl,99
amv,99
amyacker,99
ancientmagusbride,99
andimack,99
angelbeats,99
ani_communism,99
animatedshorts,99
animatethis,99
animation,99
animation_porn,99
animationclub,99
anime,99
anime4noobs,99
animebaths,99
animebazaar,99
animechurch,99
animecirclebroke,99
animecirclejerk,99
animedeals,99
animedubs,99
animefigore,99
animefigures,99
animegifs,99
animeicons,99
animemeeconomy,99
animemerchandise,99
animemes,99
animemidriff,99
animemusic,99
animepcgaming,99
animephonewallpapers,99
animephotoshopbattles,99
animepodcasts,99
animeponytails,99
animereviews,99
animeshortfilms,99
animeshowerthoughts,99
animesketch,99
animesuggest,99
animevectorwallpapers,99
animewallpaper,99
animeworldproblems,99
anohana,99
anotherperiodtv,99
antiantimods,99
antiaxanar,99
antimods,99
aocnydp16bn,99
aonoexorcist,99
apocalypsenow,99
appliedsciencechannel,99
appmon,99
aquaman,99
aquamen,99
araragi,99
araragigirls,99
archerscripts,99
aria,99
arifureta,99
arkhamgames,99
arkhamknight,99
armzr,99
arnoldrender,99
arnoldschwarzenegger,99
arnoldschwarzeniceguy,99
arrivalmovie,99
arrow,99
arrowverse,99
asianfilms,99
asteriskwar,99
astonishinglegends,99
astrocity,99
asunasperniro,99
asylum,99
atheismsanspc,99
athf,99
atlfilmmakers,99
attackontitan,99
audraydemacedo,99
australianfilm,99
avorion,99
avp,99
awesome_shirts,99
awwnime,99
axanar,99
babygroothate,99
baccano,99
badfilm,99
bahamas,99
bakachika,99
bandmerch,99
banshee,99
barbelith,99
batcow,99
batman,99
batman_comics,99
batmanarkham,99
batmanarkhamknight,99
batmangifs,99
bayareafilmmakers,99
bbscirclejerk,99
beako,99
beautifulfemales,99
beemovie,99
beinghuman,99
belarus,99
belize,99
ben10,99
benchedtv,99
bendis,99
berserk,99
berserker,99
berserklejerk,99
bestofama,99
bestofclearandsweet,99
bestofnetflix,99
bestofrwbysub,99
bestoftypos,99
bhorrormovies,99
bhutan,99
bighero6,99
bih,99
billharper,99
bioniclelego,99
bitchholdon,99
bitten,99
bjd,99
blackclover,99
blackholesfilm,99
blackish,99
blacklove,99
blacksails,99
bladerunner,99
blankies,99
bleach,99
bleachbravesouls,99
bleachfightforums,99
blindfollowers,99
bluelanterns,99
bluray,99
bmpcc,99
bokunoeroacademia,99
bokunoheroacademia,99
boogienights,99
bookmarkinmania,99
bookofoa,99
borgasm,99
borgenproject,99
boruto,99
boschtv,99
boxoffice,99
boxofficecirclejerk,99
bprd,99
bradyharan,99
brakebills,99
bravefrontier,99
breakingbad,99
brotricians,99
bryancranston,99
bsg,99
buckteeth,99
buildingblocks,99
bulbasaurmasterrace,99
bumbleby,99
burn,99
burningblood,99
burnnotice,99
burundi,99
butwhygold,99
cabinpressure,99
cahideas,99
callofdutyworldwartwo,99
callsheet,99
cameroon,99
campcamp,99
canadianfilm,99
canadiantv,99
cancerfanfic,99
canoebuyers,99
caprica,99
captain_america_,99
captain_club,99
captain_marvel,99
captainamerica,99
captainworf,99
cardsagainsthumanity,99
carolcorps,99
cartoonnetwork,99
castletv,99
casualfilm,99
catastrophe,99
catmadeoffur,99
cbs,99
celebritydeath,99
celebritydeathlist,99
celebsintights,99
channelzero,99
charactercrossovers,99
characterrant,99
charliebrooker,99
charlotteanime,99
cheapdeepz,99
chicagofilm,99
chicano,99
chitoge,99
christopherhitchens,99
chronomaly,99
churchofluther,99
churchofmari,99
churchonthehill,99
cimmeria,99
cinema,99
cinematography,99
clannad,99
claris,99
classicfilms,99
classicmovietrailers,99
claymore,99
clearlakes44,99
cloneclub,99
closedclock,99
closetsanta,99
cluelessmillennials,99
codegeass,99
colbertreport,99
colony,99
colorists,99
columbine,99
comedycentral,99
comenews,99
comeonandslam,99
comic_conhq,99
comic_crits,99
comicbookart,99
comicbookcollabs,99
comicbookcollecting,99
comicbookfanart,99
comicbookmovies,99
comicbooks,99
comicbookscirclejerk,99
comicbooktv,99
comiccodes,99
comiccon,99
comiccontinuity,99
comicreadingorders,99
comicrelations,99
comicswap,99
comicwalls,99
comicwriting,99
commentsongs,99
complicationstv,99
constantine,99
corkyromano,99
corvoattano420,99
corybaxter,99
covertaffairs,99
cowboybebop,99
cowboybebopdeepcuts,99
craigferguson,99
crazydcfans,99
creativecloud,99
creativeconsulting,99
creatives,99
criterion,99
cryptology,99
curb,99
curbyourenthusiasm,99
customyugioh,99
cwarrow,99
cybersleuth,99
cyberspine,99
cyclopswasright,99
dagashikashi,99
dakimakuras,99
daphnecaruanagalizia,99
daredevil,99
daredeviltv,99
darkerthanblack,99
darkewoks,99
darkhorsecomics,99
darkmatter,99
darthjarjar,99
dattebayo,99
davidcook,99
davidduchovny,99
dawnofjustice,99
dbzmath,99
dc_cinematic,99
dc_collectables,99
dcanimateduniverse,99
dcau,99
dcbatman,99
dccomics,99
dceucirclejerk,99
dceuleaks,99
dcl,99
dcmemes,99
dctv_universe,99
deadpool,99
deathprotips,99
deathstroke,99
deckprofile,99
deepspacenine,99
defenders,99
defiance,99
defiancetv,99
denofgeek,99
designatedsurvivor,99
deskbots,99
deutschland83,99
dfo,99
dhmis,99
dhmisfandom,99
dickrolled,99
digimon,99
digimonlinkz,99
digimonrewatch,99
digitaljanitors,99
digitalwizards,99
dirkgently,99
disgaea,99
disney,99
disneyanimalkingdom,99
disneybound,99
disneychannel,99
disneyhs,99
disneyland,99
disneylandap,99
disneymovies,99
disneymusic,99
disneyparks,99
disneypins,99
disneypintrading,99
disneyprincess,99
disneysprings,99
disneytradingpost,99
disneytravel,99
dndiy,99
doctorstrange,99
dolls,99
domesticviolence,99
dominizzzle,99
donthugmeimscared,99
doubletoasted,99
douchebagchocolat,99
douglovesmovies,99
dragondrawings,99
dragons,99
dragonsmittleground,99
dramaland,99
dreamworks,99
dredd,99
drspectrum,99
drugwar,99
dslr,99
dtgprinting,99
dublin,99
dumbestof,99
dungeonfighterlevelup,99
dunkirk,99
dvcmember,99
dvdcollection,99
earth199999,99
ecchi,99
edgeofeternity_mff,99
editing,99
editors,99
elementary,99
elicaveman,99
ellenbaker,99
enoughgoprospam,99
ensignjfanclub,99
envious,99
eo,99
epcot,99
episodediscussion,99
episodehub,99
episodeviicomplaints,99
erasetheplace,99
ergoproxy,99
eriri,99
eroge,99
eroticdeath,99
escapefromnewyork,99
esdeath,99
ethiopia,99
eurekaseven,99
evangelion,99
evangelionmemes,99
everythingjadatoys,99
ewok_studies,99
explainlikeimspock,99
eyecandytv,99
facebookdrama,99
facebookmurdermystery,99
fairytail,99
fallingskies,99
fallingwatertv,99
falloutequestria,99
family,99
familyguy,99
fanfiction,99
fanfilms,99
fantasticfour,99
fantasticmrfox,99
fantrailers,99
fashion_adore,99
fastandfurious,99
fateextra,99
fategrandorder,99
fateprismaillya,99
fatestaynight,99
fatestaysalty,99
faunusarentpeople,99
faunusrights,99
faunussensitivityclub,99
feghoot,99
ferrisbueller,99
feud,99
ffspiderman,99
ffxivart,99
fightthevoid,99
fiji,99
fijian,99
filmcollecting,99
filmindustryla,99
filmindustrylondon,99
filmjunkies,99
filmmaker4filmmaker,99
filmmakercirclejerk,99
filmmakers,99
filmnoir,99
filmpool,99
filmproducers,99
filmreviewblogs,99
filmsexplained,99
filmsfr,99
fireballisland,99
firekings,99
firstimpressions,99
fishcenter,99
fitzsimmons,99
fivestars,99
fixingmovies,99
flarrowporn,99
flashtv,99
flcl,99
flicks,99
flip_flappers,99
floydvsvoid,99
fnmokou,99
foreignmovies,99
forever,99
foundationsofcomedy14,99
foundfootage,99
framebyframe,99
freezing,99
freshbakeddisney,99
freshofftheboattv,99
fridaynightdinner,99
frightfurs,99
fringefashion,99
fuckbloat,99
fuckcnn,99
fuckrolo,99
fuckslaine,99
fueradeseries,99
fullmovieonviooz,99
funimation,99
funwithgravity,99
future_fight,99
futurefight,99
futurefight_unions,99
futurefightextra,99
futurefightroleplay,99
gabefoundthisonreddit,99
gabon,99
gakkougurashi,99
gambit,99
gamemarathons,99
gameshare,99
ganbaruby,99
gangrelatedfoxtvshow,99
gasmonkey,99
gate,99
gayforbrendaniel,99
gayforkirito,99
gekkanshoujonozakikun,99
gendou,99
gentlemanboners,99
gentlemanthoughts,99
gh4,99
gh5,99
ghettoofswords,99
ghostrider,99
gilliananderson,99
gintama,99
girafasucks,99
girlgenius,99
girlsundpanzer,99
gochiusa,99
godofhighschool,99
gokukokunobrynhildr,99
gotg,99
gotham,99
gotrades,99
graceland,99
granblue_en,99
grandorder,99
grantmorrisonu,99
grav3yardgirl,99
greenarrow,99
greenlantern,99
grimm,99
grimmeclipse,99
groupanime,99
growthetree,99
guatemala,99
guillermodeltoro,99
guyver,99
guyverworld,99
haganai,99
haikyuu,99
hannibaltv,99
happyheartedfeminists,99
happytrees,99
hardcorehenry,99
harimenui,99
harleyquinn,99
haruhi,99
hasbro,99
hatsuvault,99
haveyoutriedpegging,99
hawkeye,99
heavensfeel,99
helck,99
hell_on_wheels,99
hellblazer,99
hellboy,99
heman,99
heroes,99
hexafusion,99
hidamarisketch,99
highlander,99
highschooldxd,99
highschooldxd34,99
highschooldxdcj,99
higurashinonakakoroni,99
hokageeziocirclejerk,99
holmes,99
holodeck,99
holosuite,99
homumado,99
homura,99
honkasumi,99
hoolsrools,99
horimiya,99
horrorlit,99
horrorreviewed,99
houseparty5v5,99
htgawm,99
hulk,99
humansoverbots,99
humanstv,99
hunterxhunter,99
hxhfanfics,99
hxhfanfiction,99
hymns,99
hyouka,99
i2mpro,99
iamgoingtohellforthis,99
iconcomics,99
idiots,99
idolcirclejerk,99
idolmaster,99
idwtransformers,99
ifyouhadtopickone,99
ignorantimgur,99
ihateadamtaurus,99
iliveinskyrim,99
illtake,99
imagesofcalifornia,99
imagesofthe1990s,99
imaginarydragons,99
imaginaryfederation,99
imaginaryinteriors,99
imaginarymarvel,99
imaginarytechnology,99
imaginaryvolcanoes,99
imdbfilmgeneral,99
impastor,99
improv,99
in_memory_of_advocate,99
inception,99
incorporated,99
indianajones,99
indiecinema,99
indoorkids,99
indypopcon,99
injustice,99
inoubattle,99
insideout,99
interracial,99
interstellar,99
introtofilmmaking,99
invisibles,99
ireadcomicbooks,99
irishfilm,99
ironfist,99
ironfistnetflix,99
ironman,99
irving_ms,99
isawthatyearsago,99
ismahawk,99
isthisredditavailable,99
ivorycoast,99
iwantthatonashirt,99
izombie,99
jakegyllenhaal,99
jamcar94,99
jamesirl,99
jamesjoyce,99
janethevirgincw,99
jansamagaming,99
japaneseanimation,99
jericho,99
jessandlen,99
jessicajones,99
jew_jokes,99
jimmy_neutron,99
jl8official,99
joebiden,99
johnny_irl,99
johntitor,99
joinordiehist,99
jojon,99
joker,99
jordy56,99
journalismreview,99
jsandmn,99
judgedredd,99
jumpmag,99
jurassicworld,99
justevangelionthings,99
justiceleague,99
k_on,99
kaiju,99
kalafina,99
kamalakhan,99
kampfer,99
kancolle,99
kangoku_gakuen,99
kanmusu,99
karanokyoukai,99
karmabait,99
katawashoujo,99
keijo,99
kekkaisensen,99
kemonofriends,99
kemonomimi,99
kettles,99
keyandpeele,99
kidsafevideos,99
kidsnextdoor,99
killedit,99
killerwomen,99
killlakill,99
kiminonawa,99
kingofthehill,99
kismet,99
knightrider,99
knightsofsidonia,99
knowledgebombshell,99
koenokatachi,99
konosuba,99
koutetsujounokabaneri,99
kubera,99
kubrick,99
kurisutina,99
kyoukainokanata,99
la_la_land,99
laika,99
lain,99
lancastercavalry,99
landroverdiscovery,99
lanterncorps,99
lappillows,99
latelateshow,99
latenighttalkshows,99
lateshow,99
laughingcoffinbase,99
laurabenanti,99
lavenderwallpaper,99
lawandorder,99
learnanimation,99
legacyoftheredditor,99
legartonline,99
legendaryminalinsky,99
legendsoftomorrow,99
legionfx,99
legomarket,99
lemonswithfacesonthem,99
letswriteadirtystory,99
letterboxd,99
lexibelle,99
lightnovels,99
limitless,99
linksretardedcomments,99
lists,99
literatureandshit,99
littlebusters,99
littlewitchacademia,99
logh,99
loghorizon,99
lolicondx,99
loltournamentz,99
lolwut,99
lordtakuro,99
lostsong,99
louie,99
louisisawesome,99
lovablecontrarian,99
lovearrowshoot,99
lovehina,99
lovelive,99
lovelivecustoms,99
lovelivediscord,99
lukecage,99
lumix,99
macedonia,99
macross,99
madagascar,99
madokamagica,99
magi,99
maher,99
makeabet,99
makecomics,99
makingmrrobot,99
malazanrts,99
maleseiyuu,99
mali,99
malta,99
manga,99
manhattantv,99
manhwa,99
maping,99
marblehornets,99
marvel,99
marvel_daredevil,99
marvel_lukecage,99
marvelatfox,99
marvelcirclejerk,99
marvelfans,99
marvelleaks,99
marvelmemes,99
marvelnsfw,99
marvelonnetflix,99
marvelsjessicajones,99
marvelstudios,99
marvelstudiosspoilers,99
marvelunlimited,99
mashe,99
masterofnone,99
mastersoftheuniverse,99
mauritania,99
maxlandis,99
maya,99
mcjcirclejerk,99
mcudp,99
mcx,99
mechamystic,99
meerkat_fanfiction,99
megalinks,99
megarequests,99
megumin,99
meltyblood,99
meme,99
memento,99
memorialofreddit,99
mercwithamouth,99
metamoviescirclejerk,99
mff_the_armageddon,99
mick,99
mii,99
milesmorales,99
minori,99
minorityreport,99
miqote,99
mirainikki,99
mizukamiverse,99
moana,99
mobileotaku,99
mobpsycho100,99
mocap,99
modcollective,99
moe_anthropomorphism,99
monarchs,99
monk,99
monogatari,99
monolouges,99
moonbeamcity,99
moowouldwin,99
morkandmindy,99
mothermeki,99
motorcyclelogistics,99
movieconceptart,99
moviefunfacts,99
movielovers,99
moviemistakes,99
movies,99
moviesboxoffice,99
moviescirclejerk,99
moviesfiltered,99
moviesinthemaking,99
moviesuggestions,99
mrdiepie,99
mrrobot,99
mrrobotcirclejerk,99
mrrobotlounge,99
mrrobotmotifs,99
mubookclub,99
mumkeysanimereviews,99
muricanized,99
musicals,99
musicgifstation,99
mycirclejerkacademia,99
mysticmessenger,99
mytesty2,99
n_uns,99
nabshow,99
nagato,99
nanatsunotaizai,99
naruto,99
naruto_oc,99
naruto_yaoi,99
narutoanime,99
narutoninjastorm,99
narutoonlinemmorpg,99
narutosekairp,99
nataliapoklonskaya,99
nationaltreasure,99
nbc,99
nekomimi,99
nekoparagame,99
nerdcoreblog,99
nerdgirls,99
nerds,99
netflixbestof,99
netsphere,99
new_game_,99
newgame,99
newjerseyfilm,99
newzealandfilm,99
nextorder,99
nichijou,99
nickcave,99
niconiconi,99
niger,99
nightwing,99
nijiirodays,99
nisekoi,99
noblesse,99
nogamenolife,99
nolafilmmakers,99
nolangonewild,99
nonon,99
noragami,99
nothingimade,99
notmegalinks,99
notorious,99
notreallyfamous,99
nsfw_3d_porn,99
nsfwanimewallpaper,99
nukevfx,99
nutrek,99
nycfilmmakers,99
octane,99
odenknight_sto,99
offseason,99
okoto,99
okotolegends,99
omakase,99
onbenchnow,99
one12collective,99
onepiece,99
onepiececirclejerk,99
onepieceroleplay,99
onepunchman,99
onetrueaccelerator,99
onetruebiribiri,99
onetruechiyo,99
onetruegilgamesh,99
onetrueidol,99
onetrueklein,99
onetruerem,99
onetruesaten,99
onetruetatsuya,99
onetruetohsaka,99
onlineconversation,99
openwhispersystems,99
oreimo,99
orphanblack,99
oscarrace,99
oscars,99
ostriches,99
otakon,99
otaku,99
otakusinindia,99
otherkininaction,99
otherspaceshow,99
otomegames,99
otonokizaka,99
otpros,99
ouranacademy,99
outcastcomic,99
outlander,99
outofideas,99
overlord,99
oysasumipunpun,99
pacificrim,99
palosyndicate,99
panasonic,99
panasonic_g80_g85,99
panasonicg7,99
pantyandstocking,99
passengers,99
paulthomasanderson,99
pennybot,99
pepe,99
pepethefrog,99
pepetraders,99
perfectpause,99
pewdiepie,99
phillyfilmmakers,99
picard,99
picardandgandalf,99
piratesofthecaribbean,99
pixar,99
pixarup,99
pixiv,99
placethugs,99
planetbroadcasting,99
planetoftheapes,99
plasmapyrography,99
plastidip,99
playinghouse,99
plexart,99
plotholes,99
pocmedia,99
podcastgear,99
podcasting,99
pointlesssiteoftheday,99
popularium,99
powerless,99
powerofthedarkside,99
practicalfx,99
precure,99
printmaking,99
prisonbreak,99
promoteyourpatreon,99
pyrography,99
qonos,99
quarry,99
queenofthesouth,99
queenyeney,99
questioning,99
quilling,99
raisinghope,99
rank10trains,99
ranma,99
ravensymone,99
raydonovan,99
re_zero,99
readalong,99
readmyscript,99
realrule34,99
reasonstohomeschool,99
rectify,99
redditbookmarks,99
redditbooru,99
redditcomments,99
redditfoodwars,99
redditgetsdistracted,99
redditgoneretarded,99
redditinanutshell,99
redditintensifies,99
redditlacqueristas,99
redicscore,99
redvditmoviechallenge,99
rekijoundpanzer,99
relaxationlounge,99
relife,99
renderman,99
replications,99
reposts,99
request,99
rescript,99
respectthreads,99
resurrection,99
retiredascii,99
revenge,99
reverseflashtv,99
revolutionnbc,99
rewrite,99
rewritingnewstarwars,99
rewritingthedceu,99
riddler,99
rideruniversity,99
rift,99
riftforsale,99
robin,99
robotech,99
rockybalboa,99
rogentlemanboners,99
rokkanoyuusha,99
rolereversal,99
royalpains,99
rozenmaiden,99
rugc_midwest,99
rule63,99
rundisney,99
rurisquad,99
rushhourtv,99
rushtv,99
rwanda,99
rwby,99
rwbycirclejerk,99
rwbycovers,99
rwbygore,99
rwbyoc,99
rwbyprompts,99
rwbyresl,99
rwbytabletop,99
ryanreynolds,99
saber,99
sabopiece,99
saekano,99
saenaiheroine,99
sagacomic,99
sakurasou,99
sakuratrick,99
salemtv,99
samanthabee,99
samoa,99
samuraijack,99
saolightnovel,99
saorpg,99
satisfactiontv,99
scandal,99
schmidke,99
schoolidolfestival,99
scifi,99
scificritique,99
scifigaming,99
scifiscroll,99
screenprinting,99
screenwriting,99
sculpture,99
sdcc,99
secondchance,99
secondstartotheright,99
secret_wars,99
seinfeldapocalypse,99
seitokaiyakuindomo,99
seiyuu,99
senegal,99
sense8,99
sequelmemes,99
sevenknightsglobal,99
sgtfrog,99
shaddolls,99
shakespeare,99
shakespeareauthorship,99
shaneblack,99
sharknado,99
shazam,99
shehulk,99
sheild,99
shelfporn,99
shield,99
shieldsynopsis,99
shigatsuwakiminouso,99
shingekinokyojin,99
shinobistriker,99
shitcoopsays,99
shiteiraboossay,99
shitmyexdid,99
shitnarutosays,99
shitpostartonline,99
shitrmoviessays,99
shittytechnicals,99
shittywritingprompts,99
shitvictorboosays,99
shokugekinosoma,99
shooter,99
shootmyshort,99
shortfilm,99
shortfilms,99
shorthairedwaifus,99
shorts,99
shoujoai,99
showbyrock,99
showtime,99
showyourcollection,99
shuffleanime,99
siberia,99
sickcostumes,99
sidonia,99
silveragecomics,99
sinonassonline,99
sirenstv,99
skecchi,99
sketchdaily,99
skipbeat,99
skullgirls,99
skywanderers,99
sliders,99
smashsisters,99
smugame,99
smzlialsn,99
soahhitlist,99
sofiathefirst,99
soledsnak,99
sonicshowerthoughts,99
sonofashepherd,99
sonohanabira,99
sonsofanarchy,99
sosickoftrannies,99
souka,99
souleater,99
soundtrack,99
spaceaboveandbeyond,99
spacevampires,99
spaceversions,99
spawn_comics,99
spiceandwolf,99
spicydexterslabpics,99
spidergwen,99
spiderman,99
spiderman2099,99
spidermanvsgoku,99
spiderwoman,99
squishable,99
srpska,99
srscinema,99
srspoc,99
st9982_hospital,99
stage9,99
stanleykubrick,99
star_armada,99
star_trek,99
star_wars,99
star_wars_last_jedi,99
star_wars_rogue_one,99
starblecch,99
starlightstage,99
startrek,99
startrek2017,99
startrekbattles,99
startrekdadjokes,99
startrekfanfilms,99
startrekmemes,99
startrekmusic,99
startrekpolls,99
startrekviewingparty,99
startrekwallpaper,99
starwars_rogueone,99
starwarscanon,99
starwarscollecting,99
starwarscomics,99
starwarseu,99
starwarsfanfiction,99
starwarsleaks,99
starwarsleakstest,99
starwarsrebels,99
starwarsspeculation,99
starwarstheories,99
stationp,99
steelbooks,99
steinsgate,99
stevebucky,99
sto,99
sto_pvp,99
stobuilds,99
stockcss,99
stodoff,99
stofoundry,99
stoground,99
stony,99
stop_motion,99
stormfrontladies,99
strangenewthings,99
streetoutlaws,99
streetsharks,99
stsos,99
stuffyangsays,99
stupidpeople,99
subredditdemographics,99
subredditkiller,99
suburgatory,99
suicidesquad,99
suits,99
sundancefestival,99
supergirltv,99
superherocirclejerk,99
superheronews,99
superman,99
superstore,99
supremecommander,99
suriname,99
surpriseappearances,99
swampthing,99
swimfashionporn,99
swingsetfm,99
swissneutralityzone,99
swordartonline,99
swordartonlinefandub,99
syfy,99
sympathywhores,99
symphogear,99
synopsisland,99
taiga,99
tajikistan,99
talesfromthecrypt,99
talkingaboutmovies,99
tawp,99
teen_titans,99
teentitans,99
television,99
televisioncirclejerk,99
terminator,99
testpostingonreddit,99
texasfilmmakers,99
tf2eastcoast,99
tfaspoilertalk,99
tgrp,99
thankyoubasedgod,99
thatsnobempire,99
the100,99
the80spicturehouse,99
the_kanye,99
theadventuresoftintin,99
thealiens,99
theamazingrace,99
thearrivalmovie,99
theartifice,99
theauroracycle,99
thebestlists,99
theblacklist,99
theboxtrolls,99
thebreaker,99
thebunkercomic,99
thecasualplates,99
thecontinuum,99
thecrazyones,99
thecw,99
thedankmemescrew,99
thedistantvalhalla,99
theflash,99
theflashtv,99
theforceawakens,99
thegeekonauts,99
thegoldbergs,99
thehandmaidstale,99
thehatredofpeace,99
thehauntedmansion,99
thejimgaffiganshow,99
theknick,99
themagicians,99
themindyproject,99
themuppets,99
theoa,99
theoreticalphysics,99
thepunisher,99
theraycwseed,99
thereverseflash,99
thesoup,99
thestrongests9ball,99
thesublimertwo,99
thetaste,99
thething82,99
thetoonamicoupdetat,99
thetotallyradshow,99
thetruebravefrontier,99
thevenomsite,99
thevirtueofignorance,99
thewhisperstv,99
thewrightsisters,99
thexdchat,99
thexfiles,99
theytriedtodothemath,99
thingsyweendoes,99
thor,99
thorki,99
throughtheyears,99
timor,99
titoism,99
tlhinganhol,99
tmnt,99
tng,99
toarumajutsunoindex,99
togo,99
tokyoghoul,99
toloveru,99
tomhardy,99
tomokobeingcute,99
tomtcoldcase,99
toonami,99
toonamicirclejerk,99
topreddit420,99
toradora,99
toriko,99
tos,99
tothestars,99
towerofgod,99
toyexchange,99
toyexchangefeedback,99
toys,99
toystory,99
tr8r,99
tradingcards,99
trailers,99
transcendental,99
transformers,99
transformersearthwars,99
transformerstrading,99
treejerk,99
trekbooks,99
trekfic,99
treknobabble,99
treks,99
trigger,99
trigun,99
trinityseven,99
trinitysevenanime,99
tripped,99
triviatime,99
troma,99
trueanime,99
trueblackdesertonline,99
truecinematography,99
truecirclejerk,99
truefilm,99
truefilmcirclejerk,99
truetruegameofthrones,99
truevoat,99
trumpgold,99
tscc,99
tshirt,99
tsukihime,99
tsunderes,99
tsuruya,99
tuxedocats,99
twentyfour,99
twintails,99
tyingherhairup,99
typemoon,99
u_roosterteeth,99
uea,99
uebs,99
ugcinema,99
ukzinesters,99
umaru,99
umineko,99
underratedcomments,99
unexpected40k,99
unexpectedshitpost,99
unexpectedtfs,99
universityofmalta,99
unlimitedbreadsticks,99
unlimitedredditworks,99
unnecessaryellipses,99
upvotedbecausewaifu,99
usa_wall,99
usanetwork,99
utopiatv,99
uzbekistan,99
valiant,99
valkyrie_en,99
venturedcapital,99
vfx,99
vfxunion,99
vhs,99
videogamefanfictions,99
videography,99
viewaskew,99
viewaskewniverse,99
vintagedisney,99
visnovs,99
visualnovels,99
vixencwseed,99
vndiscuss,99
wagnaria,99
waifubartending,99
waitingforop,99
waltdisneyworld,99
waltdisneyworldap,99
wapanese,99
warehouse13,99
watamote,99
wearethemusicalmakers,99
webseries,99
wecantstudy,99
weddingvideography,99
weeklyplanetpodcast,99
weissschwarz,99
wesree,99
westernhentai,99
whedon,99
wheeloftime,99
whereinthedisneyworld,99
wheresthejoke,99
whinylittlebitches,99
whiskeysecretsociety,99
whitecollar,99
whoismrrobot,99
whoissnoke,99
wholesomebestof,99
whoreanddogscj,99
whoselineisitanyway,99
whouwouldwin,99
whowhyhow,99
whowouldcirclejerk,99
whowouldwin,99
whowouldwinverse,99
wilfred,99
windowsthemes,99
winthings,99
withanycontext,99
wolverine,99
wonderwoman,99
wookieeleaks,99
worldnewshub,99
worldtrigger,99
wot,99
wotreadalong,99
wowcrendor,99
wtfjapan,99
wyt10,99
x3tc,99
xfiles,99
xfilesfiles,99
xmen,99
xrebirth,99
xxanime,99
yakusokunoneverland,99
yandere,99
yellowlanterns,99
ygolegacyoftheduelist,99
ygotournaments,99
yjupahk,99
youngjustice,99
youretheworstfx,99
yousoro,99
youtube_tv,99
ytchannelpromotions,99
yugijerk,99
yugioh,99
yugioh101,99
yugioh_manga,99
yugiohrulings,99
yuism,99
yukariakiyama,99
yuri,99
yuyuhakusho,99
yuyushiki,99
yuyuyu,99
zaregoto,99
zbrush,99
zendaya,99
zetman,99
zettairyouiki,99
zistopia,99
znyder,99
zoostrips,99
zootopia,99
zootopiacirclejerk,99
r4rperth,100
52weeksofketo,101
theketodiet,101
vintageeroticaforums,102
britishkent,103
margate,103
gripalliance,104
excelporn,105
drunkentweakery,106
halomodding,107
kirkit,108
sprintcars,109
thedogegameproject,110
americanfootball,111
cubeproject,112
litworkshop,113
amtgard,114
astrocoin,115
yvonnestrahovski,116
btcmarketscirclejerk,117
theplaceforthestuff,118
simplegiving,119
ammo,120
medialies,121
bookyourband,122
themightypen,123
usaolympics,124
waents,125
usm,126
dogecoinservices,127
readporn,128
litecoinbeg,129
mymusicshow,130
tug,131
tugsuggestions,131
0to100realquick,132
0x3642,132
100blackmen,132
100thieves,132
1308,132
1492,132
1509,132
16eralert,132
17thlegion,132
18_19,132
1917studios,132
195,132
1dash1,132
1hp,132
1stdigitalinfantry,132
2007oneclan,132
2007scape,132
2007scapecirclejerk,132
2007scapenomods,132
2007scapetil,132
20gx,132
20xxgame,132
20xxstories,132
2124,132
2124bant,132
2healthbars,132
2meta4meirl,132
2old,132
32c3,132
3305local,132
33rd,132
360porn,132
360video,132
360vr,132
3dhead,132
3dmodeling,132
3do,132
3ds,132
3dscanning,132
3dsdeals,132
3dsdecalgirl,132
3dsfcswap,132
3dsgamenight,132
3dshacks,132
3dslifehacks,132
3dsnsfw,132
3dsph,132
3dspiracy,132
3dsthemeswap,132
3kliksphilip,132
3v4i,132
3vleague,132
40something,132
421elite,132
421porn,132
422,132
4kgamers,132
4xgaming,132
50b,132
5by5dlc,132
5nafcirclejerk,132
5nafcringe,132
5nafworld,132
60fpsgaminggifs,132
666comma666,132
6v6,132
7alliance,132
7cl,132
80days,132
80sdesign,132
8bit,132
8bitworld,132
99gamers2,132
9gag,132
a_irsoft,132
aadt,132
aapsquad,132
aarhus,132
absolutelyproductions,132
acceptancespeech,132
accidentallyawesome,132
accidentalphilosopher,132
accidentaltrotsky,132
acd,132
acduplication,132
aceattorney,132
aceattorneycirclejerk,132
acecombat,132
acemasterrace,132
achacking,132
achacks,132
achappyhome,132
achievement_hunter,132
achingblood,132
acqr,132
activemeasures,132
activeworlds,132
activision,132
actrade,132
ad2l,132
adoptasilver,132
adoptmyvillager,132
adore,132
adshow,132
adultgamedev,132
adultgamers,132
adultvrgames,132
advance_wars,132
advancedgunpla,132
advancedmicrodevices,132
adventuregames,132
advertise,132
aegisguild,132
aeolus,132
aetherforged,132
aetherius,132
africancinema,132
afrowearmy,132
afterlifefnaf,132
aftermath1231,132
aftertheendckii,132
againstfnafcringe,132
againstgravity,132
agar,132
agario,132
agario_agar,132
agarioevents,132
agarioscripts,132
agarioteams,132
agdq,132
agentsofmayhem,132
ageofempires,132
ageofmythology,132
aggroguild,132
agivis,132
ahabofmotherbase,132
aifcentral,132
ainbowroad,132
airbrawl,132
airbrawlcirclejerk,132
airforcegamers,132
airmech,132
airmechcirclejerk,132
airsoft,132
airsoftcirclejerk,132
airsoftgore,132
airsoftmarket,132
airspft,132
akarui,132
akemiai7,132
akshonesports,132
alb,132
albatriangulum,132
albiononline,132
alchestbreach,132
alexandradaddario,132
alexhirsch,132
alienmasterrace,132
alivegaem,132
allegorithmic,132
allgamers,132
allgamersunited,132
alliancehall,132
allisonroadgame,132
alloverarchive,132
allreview,132
allthingsmech,132
allthingsmlg,132
allthingsprotoss,132
allthingsterran,132
allthingszerg,132
allvr,132
almightymerc,132
alphaarkserver,132
alphacentauri,132
alphageekradio,132
alpharadtv,132
alphysdefensesquad,132
alreadyansweredbydean,132
altbriggs,132
altf4games,132
altf4online,132
altislife,132
altruismdot,132
altspacevr,132
alysonhannigan,132
am2r,132
amandalove,132
amarrcirclejerk,132
amateurdota2league,132
amazon,132
ambercrusade,132
ambulancemayhem3d,132
amd,132
amd_linux,132
amdhelp,132
amdmasterrace,132
amdradeon,132
americancrimestory,132
americanhorrorstory,132
americansocialists,132
amfad,132
amiga,132
amiibo,132
amiibo_australia,132
amiibocanada,132
amiibocringe,132
amiiboflorida,132
amiibogeorgia,132
amiibomichigan,132
amiibonewmexico,132
amiiboohio,132
amiiboshowerthoughts,132
amiiboswap,132
amiiboswapca,132
amoledbackgrounds,132
amplitude,132
amwf_alice,132
analysemydota2,132
analyzelast100games,132
anarchogaming,132
anarchychess,132
anarchyonline,132
ancientsumeria,132
androidapppromotion,132
androidauthority2,132
androiddreams,132
androidgamedeals,132
androidgaming,132
androidnsfwgaming,132
androidthemes,132
andromeda321,132
angc,132
angory_tom,132
animalcrossing,132
animalcrossingjerk,132
animalsfailing,132
animebooty,132
aninnocuoussub,132
ankhbotr2,132
annefrankfanfics,132
anomalytale,132
anormaldayinnorway,132
anotherfnafshitposts,132
anothershittysub,132
anthersladder,132
anthro,132
anthrocon,132
antikluge,132
antizetsucirclejerk,132
anvilonline,132
anythinggoesfuta,132
aoe,132
aoe2,132
aoe3,132
aox,132
aperturelauncher,132
aperturetag,132
apocalypserising,132
appledevelopers,132
applesandbreaksquest,132
arado,132
arcade,132
arcadeheroes,132
arcades,132
arcaneadventures,132
arcanetendencies,132
arcaydegaming,132
archaeogaming,132
archeage,132
archeage_phoenixdown,132
archebards,132
archetypegaming,132
archmaster,132
arcringe,132
arduxim,132
area11band,132
arenafps,132
arenahs,132
arenatracker,132
argonian,132
argue,132
ark,132
ark_pc,132
arkadelphia,132
arkadmins,132
arkextinctioncore,132
arkfactions,132
arkitectureevolved,132
arkmayhem,132
arkmodding,132
arkmutations,132
arkone,132
arkpocalypserp,132
arkprimetime,132
arkps4,132
arkservers,132
arksotf,132
arksthunderdome,132
arkwarfare,132
arkwarpaint,132
arma,132
arma2,132
arma3,132
arma3epoch,132
armadev,132
armakingofthehill,132
armawasteland,132
armoredcore,132
armoredwarfare,132
arpeggioofbluesteel,132
arseniccatnip,132
arteezy,132
arthurdid911,132
articlesilike,132
arumba07,132
arya35,132
ascendingthearkreborn,132
asciipasta,132
asdfmovie,132
asfl,132
asgoredefensesquad,132
asheronscall,132
asi,132
asiancutierii,132
ask,132
ask_airsoft,132
askfreddit,132
askgamers,132
askgames,132
askmenadvice,132
askpcgamers,132
askphilly,132
askpolitburo,132
askredddit,132
askredditteenagers,132
askretail,132
askshittyscience,132
assassincommunity,132
assassinscirclejerk,132
assassinscreed,132
assassinscreed4,132
assassinsdadjokes,132
asscredit,132
assemblymasterrace,132
astralobservatory,132
astroglideguild,132
astroneer,132
asus,132
atahop,132
atari,132
atari2600,132
atari5200,132
atari8bit,132
atarilynx,132
atlasreactor,132
atlus,132
atomicdata,132
audioshield,132
aufbafexperiments,132
augmentedreality,132
aui_2k_circlejerk,132
aureaoculos,132
ausgamecollecting,132
autismisms,132
autisticatheistgamers,132
autocorrekt,132
autodraft,132
autoit,132
avatar_s,132
avatarball,132
avatartlabconspiracy,132
avengers,132
averagejoesgamer,132
avernus,132
avetint,132
avgn,132
avoid5,132
avoidavoid5,132
awardspeechedits,132
awayteam,132
awdawdawda,132
awesomenauts,132
awesomeredditors,132
awesomestudio,132
awesomeus,132
awildcomradeappears,132
awkward,132
axew,132
ayy7,132
ayymd,132
ayymdzone,132
azamiibo,132
b1900,132
bab,132
backdropvoids,132
bacongamejam,132
badcompany2,132
badcycling,132
baddragon,132
badfaketexts,132
badfanfiction,132
badgearcade,132
badgelevels,132
badlystuffedanimals,132
badmovieideas,132
badparking,132
badpress,132
badrocketleaguegoals,132
baftagames,132
balancedhackmons,132
baldursgate,132
ballahackairsoft,132
bananamasterfruit,132
banghowdy,132
banjokazooie,132
banjokazooiecsstest,132
banktabs,132
bannedfromclubpenguin,132
bapcsalescanada,132
bapcsaleseurope,132
barbara,132
barbarapalvin,132
barcitizen,132
barcraft,132
basebuildinggames,132
bassguitar,132
bastionmains,132
batenkaitos,132
battleborn,132
battlebornlft,132
battlebornmemes,132
battlebrigades,132
battlecats,132
battledomevr,132
battlefaf,132
battlefield,132
battlefield3,132
battlefield4,132
battlefield_4,132
battlefield_4_cte,132
battlefield_4_xbox360,132
battlefield_5,132
battlefield_hardline,132
battlefield_live,132
battlefield_one,132
battlefieldcirclejerk,132
battlefieldlfg,132
battlefront,132
battlefrontii,132
battlemonk,132
battlemusic,132
battlenetwork,132
battleofstalingrad,132
battlerite,132
battleroyale,132
battleroyalegames,132
battletech,132
battletechgame,132
battlezone_psvr,132
bayareaamiibros,132
bayeuxtapestry,132
bayonetta,132
bayonetta2,132
bayonettamains,132
bbwarshallofshame,132
bc689,132
bcivr,132
bdoguilds,132
bdorain,132
beachcity,132
beadsprites,132
beam,132
beardytown,132
bearstack,132
beaverknight,132
bechdel,132
beck,132
behindenemylines,132
beloola,132
bemani,132
bendingwallpapers,132
bengine,132
benq,132
besiege,132
bestedits,132
bestjokesof,132
bestof2d,132
bestofbanappeals,132
bestofcsgobetting,132
bestofdiablo,132
bestoffnaf,132
bestofgatekeeping,132
bestofrainbow6,132
bestofsoundcloud,132
bestofstevenuniverse,132
bestoftfcompbeta,132
bestofwat,132
betakeys,132
bethesdasoftworks,132
betterthanus,132
bf1942,132
bf1advancedtactics,132
bf2142,132
bf4,132
bf4_eu,132
bf4_x1,132
bf4clips,132
bf4emblems,132
bf4server,132
bf_hardline,132
bf_shenanigans,132
bfbc2,132
bfvoip,132
bibleofgaben,132
bigcatgifs,132
bigcitystories,132
bigscreen,132
bikehalifax,132
billmurray,132
bim,132
bindingofisaac,132
biomede,132
bioshock,132
bioshockinfinite,132
bisonbastardrace,132
bisonmasterrace,132
bitchimatrain,132
bitchimatree,132
bitcoinderivatives,132
bitcoingames,132
bitcoinmarket,132
bitday,132
bitf,132
bizarremoments,132
blackdesertonline,132
blackgirlgamers,132
blackice,132
blacklistedwow,132
blackmesasource,132
blackops2,132
blackops3,132
blackops3zombies,132
blacksharkcult,132
blackstarinitiative,132
blacktop,132
blackwakegame,132
blackwatch,132
blackwellacademy,132
bladeandsoul,132
blademaster,132
blairewhite,132
blamehisui,132
blankclan,132
blastbrawl2,132
blazblue,132
blaziken,132
bleachshirts,132
blend4web,132
blender,132
blenderelite,132
blenderjobs,132
bless,132
blindwave,132
blingcentral,132
blitz,132
blizzard,132
blizzardcodes,132
blizzardpls,132
blizzcon,132
bloodandgoldcaribbean,132
bloodandicecream,132
bloodborne,132
bloodbornelore,132
bloodbornethegame,132
bloodhunters,132
bloodlinechampions,132
blowit,132
bluecorner,132
bluefellow,132
blueit,132
bluelinegames,132
bluestacks,132
blupcss,132
bmet,132
bnbattles,132
bniinaction,132
bns,132
bo3pc,132
boardgaming,132
bobandyguild,132
bobbyscar,132
boid,132
boigodmode,132
bois,132
boktai,132
bomberman,132
bombshell_on_target,132
bonezonepodcast,132
bookofchromosomes,132
boopablenosies,132
boopshow,132
borderlands,132
borderlands2,132
borderlandscirclejerk,132
borderlandsguns,132
borderlandslore,132
bostinno,132
botan,132
botdangmang,132
bothate,132
botofbadtimes,132
botrights,132
botsscrewingup,132
botting,132
bouldercardshears,132
bovril,132
bowser,132
bowsermains,132
boxr,132
brainmemes,132
braixen,132
brave_j_space,132
bravearcheage,132
bravelydefault,132
bravelysecond,132
bravenewbies,132
braveuncensored,132
brawlhalla,132
brawlhallacirclejerk,132
brawlhallaclans,132
brdstouchingpoop,132
breadbear,132
breakfastfriends,132
breakingpoint,132
breath_of_the_wild,132
breathoffire,132
breeessrig,132
brickandbottlegaming,132
bridgecrew,132
bridgesims,132
briefmacabrestories,132
briggs,132
briggsgaming,132
briggstheme,132
brimstoneoxen,132
bringatowel,132
bringoculusdemosback,132
brinkoffailure,132
british_tea_company,132
britishhorror,132
broduce101,132
broforcegame,132
brogres,132
brogueforum,132
broodwar,132
broodwarcirclejerk,132
brownman,132
browsermmo,132
brstm,132
brutaldoom,132
brynhildr,132
btsgaming,132
btwow,132
buckgifs,132
buddhagario,132
buffblitz,132
bugatti,132
bughunters,132
buildapcsales,132
buildfightsystem,132
buildpc,132
bukopie,132
bulkheads,132
bulletbarry,132
bullmoosestore,132
bully,132
bumble,132
bunker_bytes,132
burttr,132
busey,132
buttersouls,132
bwanatv,132
byakuyatwogami,132
byoctrading,132
c128,132
ca_leagueoflegends,132
cabal2,132
cactusuprising,132
cadcomic,132
cade,132
cagecoin,132
cahiersduludica,132
caitspicks,132
cakeday,132
cakeforge,132
calibrations,132
callcollectplz,132
calledit,132
callieism,132
callofchampions,132
callofduty,132
callofdutyguides,132
callofdutyzombies,132
calquats,132
calvinklein,132
camelhoarder101,132
camelotsw,132
camelotunchained,132
camisbad,132
campcult,132
camphalfbloodrp,132
canadianfunkofinders,132
canasboysxfedreams,132
cancerousedits,132
candycrushsaga,132
canthearyoubot,132
capslocked,132
captaindarthfanclub,132
captainfalcon,132
captainfalconmains,132
captainsmode,132
caravan,132
cardboard,132
cardboardnsfw,132
cardboardvrporn,132
cardgames,132
cardsagainsthomestuck,132
carletonu,132
cartoonmaskotkiller,132
cascadingtests,132
casketking00,132
cassandramancers,132
cassiesplacerebooted,132
castit,132
castlecrash,132
castlecrashers,132
castlestory,132
castmeas,132
casualchallengestone,132
casualgames,132
casualllama,132
casualnintendo,132
casualpokemontrades,132
casulsouls2,132
catpeoplehate,132
catsonkeyboards,132
cattailsgame,132
caught,132
cavesofqud,132
cavestory,132
cbf_test,132
ccgstudies,132
cdae,132
cdzdadjokes,132
ceasarnet,132
ceau,132
celebratehumanity,132
celldweller,132
cemu,132
cemucaches,132
cemumariomaker,132
ceofriendly,132
certifiedexpert,132
chalicequest,132
championshipfc,132
channelf,132
chao,132
charadefensesquad,132
charizardhate,132
charizardmains,132
charlemagne,132
charlottemckinney,132
chatotdungeon,132
cheapcsgotrading,132
cheatnews,132
cheatsheets,132
cheerhate,132
cherrywarrior,132
chessplays,132
chibirobo,132
childrenofhspros,132
chiliad100percenters,132
chiliadmystery,132
chillindude829,132
chinchilladave,132
chipcache,132
chipcards,132
chiptunes,132
chivalrygame,132
christinahendricks,132
chromaprofiles,132
chroniclesofelyria,132
chronocross,132
chronocup,132
chronotrigger,132
chu8,132
churchof2b,132
churchofchie,132
churchofgoomy,132
churchofpokemon,132
chuunibyou,132
cigd,132
cigreport,132
cimtographer,132
cinematicreality,132
circlegrump,132
circlejerktboi,132
circleofhonor,132
circvr,132
ciscotremulous,132
cisla,132
citiesinmotion,132
citiesskylines,132
citiesskylinesmaps,132
citiesskylinesmodding,132
citiesxl,132
citiesxxl,132
citybound,132
cityflow,132
cityofheroes,132
civ,132
civ6mods,132
civ_memes,132
civbeyondearth,132
civcanalporn,132
civmaps,132
civmemes,132
civmulti,132
civpoliticshistorical,132
civporn,132
civsaves,132
civstories,132
civstrategy,132
civvoxpopuli,132
ck2gameofthrones,132
ckpolitics,132
clannews,132
clanpro,132
clans,132
classicaltrombone,132
classicbattlefield,132
classicfallout,132
classichorror,132
clayster,132
climbey,132
clipboards,132
clonecones,132
cloudmains,132
club_nintendo,132
clubnintendo,132
clubnintendotrade,132
clubpenguin,132
clubpenguinisland,132
cmf,132
cmwgaming,132
coalitionofhate,132
coconut56,132
cod,132
cod2016,132
cod4promod,132
cod_lfg,132
codaliens,132
codaw,132
codawglitches,132
codclanhq,132
codcompcirclejerk,132
codcompetitive,132
codcompplays,132
codebreaker,132
codenamesteam,132
codetogether,132
codghosts,132
codinggames,132
codmodernwarfare,132
codmodernwarfarepc,132
codvods,132
codzciphers,132
codzombies,132
codzombiesunfound,132
coeredditville,132
cognitioncorp,132
coinop,132
coinplay_io,132
colecochameleon,132
colecovision,132
collaboratecode,132
collectiveintelgroup,132
coloradoamiibros,132
colorblindgamers,132
colosseumtournament,132
colourtale,132
combatex,132
comicsanshate,132
commandandconquer,132
commanderholly,132
commentcringe,132
commentstories,132
commgamers,132
commodore,132
communitychannel,132
compdota2,132
competitive_smite,132
competitiveciv,132
competitivedestiny,132
competitivefnaf,132
competitiveforhonor,132
competitivehalo,132
competitivehots,132
competitivehs,132
competitiveoverwatch,132
competitivetitanfall,132
competitivevg,132
competitivewow,132
comphsdeleted,132
comppokemonbattles,132
computationalcrea,132
computebazaar,132
computerwargames,132
conan_exiles,132
conanexiles,132
conanexilesadmins,132
conanexilesservers,132
conantravels,132
concherormasterrace,132
concrete,132
connery,132
conneryaces,132
connorcini,132
consignments,132
console,132
consoledeal,132
consoledeals,132
consolegaming,132
consolehomebrew,132
consolemasterrace,132
consoleproletariat,132
consolerepair,132
consoles,132
conspiracyamiibros,132
conspiracygrumps,132
conspiratardwatch,132
construct,132
construct2,132
constructivecrisicism,132
contestofchampions,132
contestofchampionslfg,132
convoy,132
convrge,132
cookingvideos,132
coolbutwhy,132
coolcatcringe,132
coolcatlovesyou,132
coolstories,132
coopplay,132
copypasta,132
copyright,132
cornkernels,132
corporatemisconduct,132
corrinmains,132
corrxmakesplace,132
corsair,132
cortexcommand,132
cosplay,132
cosplayboobs,132
cosplayers,132
cosplaygirls,132
cosplayprops,132
couchgaming,132
cougars,132
councilmasterrace,132
counterstrike,132
counterstrikebinds,132
counterstrikestrats,132
courtroomno4,132
cowchop,132
cp_powerhouse,132
cr1tikal,132
crackdown,132
cracksupport,132
crackwatch,132
craftexchange,132
crafthub,132
craftlang,132
craigsatwork,132
crapmame,132
crashbandicoot,132
crashlands,132
crazybf4gifs,132
crazyhand,132
crazysexydancefuntime,132
createapokemon,132
credditconsortium,132
credditgaming,132
creepygaming,132
crewniverse,132
crimsonskies,132
cringecomments,132
cringeposts,132
cringereviews,132
cringythoughts,132
crookedcocks,132
crosscode,132
crosseyedfap,132
crossout,132
crowbar,132
crowdfundedboardgames,132
crowdfundedgames,132
crowfall,132
crtgaming,132
cruciblegames,132
crucibleplaybook,132
crucibleschool,132
cruciblesherpa,132
crumbsinthedark,132
crusaderkings,132
crusadersquest,132
crush40,132
cryengine,132
crysis,132
crystalcatacombs,132
crystalfighter,132
crystalgemrp,132
crystalmathlabs,132
crystalodyssey,132
csbcamp,132
csgo,132
csgo_nadetactics,132
csgo_trade,132
csgo_trading,132
csgobetting,132
csgocomp,132
csgodouble,132
csgoemporium,132
csgogifts,132
csgohackers,132
csgojerk,132
csgolive,132
csgolounge,132
csgomarketforum,132
csgomm,132
csgoportugal,132
csgoscammers,132
csgostrat,132
csgostrats,132
csgotrade,132
csgouk,132
csgoworkshop,132
cslocallans,132
csmapmakers,132
csmatchvods,132
cssfuckfest,132
csshelp,132
cstoxic,132
csus,132
csworkshop,132
cubeworld,132
cucksville,132
cucumberquest,132
cullenmancers,132
cullmunity,132
cultcinema,132
cultofpeake,132
cummingonfigurines,132
cuphead,132
curecoin,132
curiosityrover,132
currentgeek,132
customavatars,132
customhearthstone,132
customlegends,132
customrobo,132
customscollective,132
customsmash,132
customsmb,132
customt,132
cutcutbuffet,132
cuteasscuterface,132
cutelittlefangs,132
cutenoobs,132
cutouts,132
cwgamedev,132
cyanideplaysgames,132
cyanskeleman,132
cyberfeminism,132
cyberpunk2077,132
cynicalbrit,132
d2pudgewars,132
d3hardcore,132
d3l4g,132
d3ps4,132
d3up,132
dadadada,132
daddeln,132
dadsgaming,132
daegames,132
daggerfall,132
daisyinaction,132
dancedancerevolution,132
danganroleplay,132
danganronpa,132
dangheesling,132
dankos,132
dankwars2,132
danmachi,132
dannydonutstest,132
dapperdog,132
daria,132
darkcloud,132
darkestdungeon,132
darkestdungeonrp,132
darkfall,132
darknorman,132
darkpitmains,132
darkrp,132
darkscape,132
darksouls,132
darksouls2,132
darksouls2pc,132
darksouls3,132
darksouls3jpn,132
darksouls3sliders,132
darksouls8,132
darksoulsbuilds,132
darksoulshelp,132
darksoulsmods,132
darksoulspvp,132
dataisfunny,132
dataisugly,132
datavizrequests,132
datguylirik,132
dauntless,132
daveandbusters,132
davepeta,132
dawngate,132
dawnofandromeda,132
day9,132
daybreakgames,132
daydream,132
dayofdefeat,132
dayofinfamy,132
dayshiftatfreddys,132
dayz,132
dayzbulletin,132
dayzepoch,132
dayzhu,132
dayzlol,132
dayzmerchants,132
dayzmissedconnections,132
dayzmod,132
dayzorigins,132
dayzoverwatch,132
dayzsatradingpost,132
dayzservers,132
dayzsucks,132
dayzunservers,132
dayzvideos,132
db_archeage,132
dbdivisiontwo,132
dbgpatchnotes,132
dbnationgg,132
dbs,132
dbx,132
dbxv,132
dbz,132
dbzccg,132
dbzdokkanbattle,132
dbzdokkanmarketplace,132
dcss,132
dcsstourney,132
ddon,132
deadbydaylight,132
deadisland,132
deadlyunicorn,132
deadmistcommunity,132
deadnepetahigh,132
deadrising,132
deadspace,132
deafgamers,132
deaglebros,132
dealwithit,132
deathball,132
deathby1000cuts,132
deathgripsdiscussions,132
deathroadtocanada,132
deathstranding,132
deathwing,132
deckrivals,132
decoders,132
dedgaem,132
deepomega,132
definedvariable,132
defold,132
deformersgame,132
degeneracy_guild,132
delawareamiibo,132
deleted_csgo_posts,132
delphi,132
demifiendnocturne,132
demigodgaming,132
democratiauniversalis,132
demonssouls,132
demosquad,132
denvergaymers,132
deponia,132
depressed,132
derbyshire,132
dereksmart,132
dervd,132
descent,132
desertbus,132
desertsofkharak,132
destinycirclejerkers,132
destinyclanfinder,132
destinyclips,132
destinydach,132
destinydadjokes,132
destinyknot,132
destinylore,132
destinymechanics,132
destinynews,132
destinypc,132
destinyps3,132
destinysherpa,132
destinythegame,132
destroyedtanks,132
desura,132
detour,132
deusex,132
devblogs,132
deviliangame,132
devilianonline,132
devilmaycry,132
devils_third,132
devolverdigital,132
devtricks,132
dfj2xxx,132
dfmasterwork,132
dfworldgen,132
diablo,132
diablo1,132
diablo3,132
diablo3barbarians,132
diablo3crusaders,132
diablo3demonhunters,132
diablo3monks,132
diablo3witchdoctors,132
diablo3wizards,132
diablo3xboxone,132
diabloclan,132
diabloclans,132
diabolos,132
diamondpigman,132
diary,132
didntgetmygjallarhorn,132
didyouknowskyrim,132
digitalblasphemy,132
digitalcards,132
digitalccg,132
digitalconvergence,132
digitalhomicide,132
dipcifica,132
directorate,132
directv,132
directx,132
dirtnglitter,132
dirtybomb,132
dirtybombemerald,132
dirtygaming,132
dirtynationx,132
disapprovalmon,132
discarded,132
disciplesofdome,132
discjam,132
discododgeball,132
discordinplace,132
dishonored,132
dishonored_2,132
disneycontinuity,132
distributedvr,132
dittotrade,132
divinevalor,132
divinityengine,132
divinityoriginalsin,132
divisionremnants,132
divremtest,132
diyjontron,132
diyrift,132
diyvrrigs,132
djwheat,132
dkmusik,132
dks2builds,132
dks3builds,132
dmrcirclejerk,132
dnbgbbiibbsdbg,132
dnl,132
doctorbutts,132
doctorsthatgame,132
doctorsyn,132
dodgedrop,132
dokkanbattle,132
dolphinemulator,132
dolphintalk,132
dolphsquad,132
donaldtrumpcomments,132
donaldtrumpwhitehouse,132
dongerinos,132
donkeykong,132
donkeykongmains,132
donleytimefoundation,132
dontbesalty,132
dontrevivemebro,132
dontstarve,132
dontstarvetogether,132
donutsteel,132
doodleordie,132
doom,132
doomleaks,132
doomshitposterclub,132
doomwadstation,132
dos,132
dota,132
dota2,132
dota2ai,132
dota2altclick,132
dota2betting,132
dota2bitching,132
dota2brasil,132
dota2castit,132
dota2cg,132
dota2circlejerk,132
dota2customgames,132
dota2dadjokes,132
dota2esp,132
dota2esports,132
dota2fanfics,132
dota2fashionadvice,132
dota2fuckyouj,132
dota2india,132
dota2interviews,132
dota2lore,132
dota2loungebets,132
dota2modding,132
dota2ndq,132
dota2nepal,132
dota2nosleep,132
dota2pubs,132
dota2shitpost,132
dota2shitthreads,132
dota2showerthoughts,132
dota2techies,132
dota2trade,132
dota2tradelounge,132
dota2tutor,132
dota2workshop,132
dotaimba,132
dotamasterrace,132
dotameme,132
dotatips,132
dotatrade,132
dothack,132
doublade,132
doubleentendre,132
downtoone,132
downvotedwithgold,132
dragonage,132
dragonagecirclejerk,132
dragonagecoop,132
dragonatlas,132
dragonball,132
dragonballsuper,132
dragonballztheory,132
dragoncrest,132
dragonfinsoup,132
dragongrandpa,132
dragonmaid,132
dragonnest,132
dragonporn,132
dragonquest,132
dragonsdogmaonline,132
dragonsfuckingcars,132
dragonslayer,132
drakelings,132
draki,132
dramaalert,132
dramafortress,132
dramatarmc,132
dramaticalmurder,132
drangersdebatehall,132
drawhelix,132
drawntodeath,132
dreadlocks,132
dreamcast,132
dreamfodder,132
dreamscene,132
dredmor,132
drifters,132
driveclub,132
drugmemes,132
druidsofthebeast,132
dryerasemarkers,132
dstest,132
dualthegame,132
dualuniverse,132
duckdickcirclejerk,132
duckgame,132
duckhuntmains,132
ducksquared,132
dudewheresmyoras,132
duelofchampions,132
dueprocess,132
dugtrio,132
dundee,132
dungeondefenders,132
dunkindonuts,132
durrplant,132
duskers,132
dust514,132
dustforce,132
dvaemotepotg,132
dvamains,132
dwarffortress,132
dwarffortress101,132
dwarffortresslore,132
dwelvers,132
dwroelands,132
dyinglight,132
dylan,132
dylansgamesinc,132
dylantest,132
dynamicbanter,132
dynastywarriors,132
dzpd,132
e3_2016,132
eaaccess,132
eacirclejerk,132
eadotadates,132
eafifapc,132
eagleflight,132
ealfuntime,132
earthbound,132
earthinplace,132
eastereggs,132
ebay,132
ebayonreddit,132
ebgames,132
ech,132
echjokes,132
echmer,132
echo254,132
echocompany166,132
echocreek,132
echoesofeden,132
ecto,132
ecvisualize,132
eddfaction,132
eddsquadron,132
edendirect,132
edquest,132
eesti,132
egglockes,132
egoraptor,132
eightnightsatjetts,132
eili5,132
elck2,132
elderscrolls,132
elderscrollslegends,132
elderscrollsonline,132
elderscrollstotalwar,132
electronicarts,132
elementalists,132
elementsgg,132
elfvsdwarf,132
elgatogaming,132
elgoonishshive,132
elhuervo,132
eliactually5,132
elizabethturner,132
elkopolo,132
elysiandroptroops,132
elysianempire,132
emanface,132
embernovaisgaylol,132
emboldenthee,132
emeraldevents,132
emeraldps2,132
emilyispro,132
emmablackery,132
emudev,132
emulation,132
emulationonandroid,132
emulationstation,132
encloseddota,132
encode,132
endlesslegend,132
endlessspace,132
enfos,132
ennard,132
enterthegungeon,132
entervr,132
enticed,132
entourage,132
entropysoldier,132
envycod,132
epicfeatsofgaming,132
epicgaminglounge,132
epicspace,132
epk,132
epochmod,132
eq2,132
eqnext,132
equalgamers,132
eradinnovations,132
eridanusinsurrection,132
esamarathon,132
escanaba,132
esea,132
esg,132
esoaddons,132
esobay,132
esobiteme,132
esobuilds,132
esoc,132
esoccult,132
esofishing,132
esoguildeu,132
esoguilds,132
esops4,132
esoredditguild,132
esotulfg,132
esportdrama,132
esports,132
estim,132
estoniacanada,132
etcshow,132
eternal,132
eternalcardgame,132
eternalcrusade,132
eternalenvy,132
ethorians,132
eu3,132
eu4,132
eu4aigames,132
eu4circlejerk,132
eu4dadjokes,132
eu4grandmp,132
eu4mods,132
eu4multi,132
eu4strats,132
euazeroth,132
eunions,132
eurohorror,132
europeplace,132
europeplaysparadox,132
eurotruck2,132
euwow,132
eve,132
evebiggestloser,132
evecapitalfocusgroup,132
evecirclejerk,132
evedreddit,132
eveger,132
evejobs,132
evemarketplace,132
evenewbies,132
eveonline,132
eveonlinenews,132
eveporn,132
evepornxxx,132
everoasis,132
everquest,132
everybodyloveslolbit,132
everyonegroup,132
everyteenshouldknow,132
everything,132
everythingsalie,132
evescout,132
evestarfrontiers,132
evetech,132
evevalkyrie,132
evewormhole,132
evga,132
evilgeniusescod,132
evodea,132
evolvegame,132
evolver_ocelot,132
evolveunderground,132
evtraining,132
exeggutormemes,132
exlove,132
exo,132
exodus_ffxiv,132
expertinayear,132
explainlikeimjive,132
explainlikethegang,132
explohd,132
exploitation,132
extracredits,132
extralife,132
extremeshitpost,132
eyesofthespeaker,132
f12013,132
f2p,132
f2posrs,132
f3ssub,132
f7u12_ham,132
fable,132
fablefortune,132
fabricofspacetime,132
fabrics,132
faceitcom,132
faceoff,132
facepunch,132
facerig,132
facesoffallout,132
factionsmmo,132
factionwarfare,132
faeria,132
faggotshitposterclub,132
fagoots,132
fairfight,132
fakehistory,132
fakeilluminati,132
fakemon,132
falcom,132
falcomains,132
fallout,132
fallout4,132
fallout4_pc,132
fallout4builds,132
fallout4pipboyedition,132
fallout4tips,132
fallout_shelter,132
falloutboston,132
falloutcirclejerk,132
falloutdadjokes,132
falloutlore,132
falloutmods,132
falloutnewvegas,132
falloutradiooverhaul,132
falloutsettlements,132
falloutsheltermobile,132
falloutshelterthegame,132
falloutthoughts,132
fallouttips,132
famicom,132
fandomwank,132
fanficsatfreddys,132
fanime,132
fanmailreplies,132
fansofffx,132
fansofmimikyu,132
fantasydota,132
fantasyfic,132
fantasylife,132
fantasysmash,132
fantasystrike,132
fantheories,132
fantheoriescirclejerk,132
fapnrpg,132
fappeningdiscussion,132
farcry,132
farcrygame,132
farmcarrots,132
farmsofstardewvalley,132
farscape,132
farts,132
fashionscape,132
fasterthanlight,132
fastracingneo,132
fatalaxiom,132
fateanother,132
fathersoftamriel,132
fatherted,132
fatpeoplelike,132
fatprincess,132
fazbearhub,132
fazco,132
fazcourt,132
fcdallas,132
fce,132
fcsolaris,132
fe_fates_tournaments,132
feakake,132
feathery,132
fecosu,132
fedxplanetside,132
feelsofjustice,132
fefh,132
fegaiden,132
fejugdral,132
female_pov_vr_porn,132
fenrirdarkwolf,132
fenrisfuckboi,132
fenrismancers,132
ferrets,132
fest_guild,132
feverclangaming,132
fexna,132
fez,132
fez2,132
ff14rebirth,132
ff7,132
ffbraveexvius,132
ffgm,132
ffrecordkeeper,132
ffviiremake,132
ffx,132
ffxi,132
ffxiv,132
ffxiv_ja,132
ffxivapp,132
ffxivdadjokes,132
ffxivexplorers,132
ffxivgardening,132
ffxivglamours,132
ffxivhomeandgarden,132
ffxivobituaries,132
ffxivrecruitment,132
ffxv,132
fhatots,132
fictionmultiverse,132
fifa,132
fifa17ut,132
fifaballondor,132
fifabets,132
fifaclubs,132
fifaocm,132
fifashowdownleague2,132
fifaskillers,132
fifatournaments,132
fifautcoins,132
fifautwagers,132
fightcade,132
fighters,132
fightinggames,132
fightinthecomments,132
fightontheflag,132
fightstickart,132
fightsticks,132
filippenko,132
filmsurvivor,132
filmtalk,132
filthyfrank,132
filthylucre,132
finalfantasy,132
finalfantasyexplorers,132
finalfantasyix,132
finalfantasymusic,132
finalfantasytactics,132
finalfantasyvii,132
finalfantasyxii,132
finalnights,132
finalrestingplace,132
findaunit,132
findgames,132
findingnemo,132
findingthepieces,132
fire_emblem_r34,132
firebox,132
fireemblem,132
fireemblemcasual,132
fireemblemcirclejerk,132
fireemblemfates,132
fireemblemheroes,132
fireemblemocs,132
firefall,132
firefoxmasterrace,132
fireteamone,132
fireteams,132
firsttostrike,132
fishingthoughts,132
fiskpotatis98,132
fittings,132
fived,132
fivem,132
fivenightsatcandys,132
fivenightsatfangames,132
fivenightsatfappys,132
fivenightsatfreddys,132
fivenightsatroleplay,132
fivenightsattheories,132
fivenightsatwwe,132
fivenightsinhell,132
fivenightsriddles,132
fivenightsstory,132
fivenightstimeline,132
fixmcc,132
flagalliance,132
flagnorfailguild,132
flamecannongonewild,132
flamewanker,132
flamiibo,132
flashcarts,132
flipacoinbot,132
flipnotestudio,132
flipnotestudio3d,132
flixel,132
flobby,132
flourtownbrown,132
fltfitness,132
flygon,132
fnaf,132
fnaf3,132
fnafartschool,132
fnafb,132
fnafbcod,132
fnafbcringe,132
fnafbd,132
fnafbfanart,132
fnafbfangames,132
fnafblender,132
fnafbmodding,132
fnafbootlegs,132
fnafcringe,132
fnafcringeanarchy,132
fnafcringecringe,132
fnafcringefanart,132
fnafcringefangames,132
fnafcringemovie,132
fnafcringerule34,132
fnafcringetale,132
fnafcringetherpg,132
fnafderpyness,132
fnaff,132
fnafgamedevs,132
fnafgames,132
fnafhate,132
fnafhatecringe,132
fnafl,132
fnafmerch,132
fnafmysteryminihelp,132
fnafoutcasts,132
fnafpigtails,132
fnafplace,132
fnafroleplay,132
fnafshitposts,132
fnafsucks,132
fnarfnaf,132
fnay,132
fncy,132
fnv,132
fo3,132
fo4,132
fo4immersivegameplay,132
fo4pc,132
fo4sucks,132
fobmissions,132
fodust,132
folding,132
foldingathome,132
foolmetwice,132
for_honour,132
forceofthealliance,132
foreignpolicy,132
forfashion,132
forge,132
forgeinitiative,132
forgetti,132
forhonor,132
forhonorknights,132
forhonormeta,132
forhonorsamurai,132
forhonorvikings,132
formadevteam,132
forsburnmains,132
fortify,132
fortnite,132
forum4,132
forumquest,132
forzacruises,132
forzahorizon3,132
forzatouring,132
foshelter,132
foundation,132
fourtwentykrew,132
fove,132
foxholegame,132
fpstool,132
fpsz,132
fragvideos,132
frameratepolice,132
frankerz,132
frankieonpcin1080p,132
fredbearsears,132
fredbearsfamilydiner,132
fredditfreebuild,132
fredditrpg,132
fredtopia,132
free,132
free_vr_porn,132
freeagentgaming,132
freebuild,132
freechimichangas,132
freedomwars,132
freefurryart,132
freegameassets,132
freegamefindings,132
freegames,132
freegamesonsteam,132
freegiveaways,132
freehugsbattlefield,132
freehugsbf3,132
freehugsgaming,132
freehugstitanfall,132
freelancer,132
freeplayers,132
freestars,132
frenchside,132
frep_guides_ffbe,132
freshcatch,132
freshfromtheshower,132
freshguildstart,132
fridaythe13th,132
friendlysessions,132
fromashesgame,132
fromthedepths,132
frontiers,132
frstguild,132
fruitee,132
fruitymod,132
fth,132
ftlgame,132
ftm_gaming,132
fto,132
fuckablefaces,132
fuckarvo,132
fuckbirds,132
fuckfalco,132
fuckhmx,132
fuckno,132
fuckpaladins,132
fucksmashbros,132
fucktammy,132
fuckthekarma,132
fuckuplay,132
fuckwaffle,132
fuckwindows10,132
fullmetalalchemist,132
fullmoviesonanything,132
fulltvshowsonanything,132
funatparties,132
funfall,132
funhaus,132
funkark,132
funke,132
funkopop,132
funkoswap,132
funniestvideos,132
funnypics,132
funnystockpics,132
funnyvideos,132
funnyyoutubevideos,132
funorb,132
furaffinitybotping,132
furcast,132
furry,132
furry_catwalk,132
furry_wordsmith,132
furryama,132
furrydiscuss,132
furryscifi,132
furrywallpapers,132
furrywritingprompts,132
fursona,132
fursuit,132
fursuits,132
fusioncorers,132
fusionfall,132
fut,132
futile,132
futinvestments,132
futuregames,132
futurenow,132
futuresex,132
fweddit,132
fxmasterrace,132
fyrefestival,132
fyreteams,132
fzero,132
g2a,132
g2a_home,132
g502masterrace,132
g_bz96,132
gaab350,132
gaben,132
gaben_coin,132
gaben_loto,132
gabrieldropout,132
gag_spit,132
gaijingamers,132
galacticinquiry,132
galacticracing,132
galciv,132
galciv3,132
game_aways,132
gamearcane,132
gameassets,132
gameboy,132
gameboymarketplace,132
gamebundlenews,132
gamebundles,132
gamebuzz,132
gamecollecting,132
gamecollectingjerk,132
gamecollectors,132
gamecontroversy,132
gamecube,132
gamedeals,132
gamedealsmeta,132
gamedealsuk,132
gamedesign,132
gamedev,132
gamedev_articles,132
gamedevclassifieds,132
gamedevelopersleague,132
gamedisplays,132
gamefacelabs,132
gamegeek64,132
gamegrumps,132
gamegrumpsanimated,132
gamegrumpsrpg,132
gameidea,132
gameideas,132
gamejams,132
gamejump,132
gamekeydump,132
gamekeys,132
gamelounge,132
gamemaker,132
gamemakertutorials,132
gamemarketing,132
gamemob,132
gamemusic,132
gamemusic_jp,132
gamenews_ja,132
gamenostalgia,132
gameoffers,132
gameofnemesis,132
gameofwar_fireage,132
gameperformance,132
gamephysics,132
gameprojects,132
gamerebel,132
gamerelatedgiveaways,132
gamereviews,132
gamernews,132
gamerooms,132
gamerpals,132
gamers,132
gamersbeingbros,132
gamersbeingjerks,132
gamersinaction,132
gamersonreddit,132
gamersover30,132
gamerumor,132
gamervideos,132
games,132
gamesale,132
gamescom,132
gamescores,132
gamesell,132
gamesmusicmixmash,132
gamesociety,132
gamestech,132
gamestop,132
gameswap,132
gameswatchdog,132
gamesync,132
gametheorists,132
gametrade,132
gameveteran,132
gamevirt,132
gameworlds,132
gamewritinglab,132
gamindustri,132
gaming,132
gaming4gamers,132
gaming_communities,132
gaming_geek,132
gaming_illuminaughty,132
gamingbattleground,132
gamingcirclejerk,132
gamingcirklejerk,132
gamingcounterjerk,132
gamingfeminism,132
gaminggifs,132
gaminggods,132
gaminghipsters,132
gaminglaptops,132
gamingleaksandrumours,132
gaminglive,132
gamingmontreal,132
gamingnews,132
gamingposters,132
gamingsaves,132
gamingshowerthoughts,132
gamingsuggestions,132
gamingvideos,132
gamingvids,132
gamingx,132
gamurs,132
gangz,132
ganondorfmains,132
garner2015,132
garrysmod,132
gasblowback,132
gasterdefensesquad,132
gatlinburg,132
gausspowered,132
gaustudios,132
gaycruising,132
gayfortodd,132
gayfratbros,132
gaygeek,132
gaymercraft,132
gaymers,132
gaymersnl,132
gayming,132
gayorzea,132
gaysex,132
gcwzero,132
gcxrep,132
gear360,132
gearsofwar,132
gearsofwarpc,132
gearsofwarultimatexb1,132
gearvr,132
gearvrnsfw,132
geek3,132
geekngamersanctuary,132
geeksgonewilddigest,132
geekygirls,132
geezergamers,132
geforceexperience,132
geladobubblegum,132
gemsona,132
generationgap,132
genesis,132
genfourism,132
gentleinsults,132
gentlemangabers,132
genuinewords,132
geologyporn,132
geometricmasturbation,132
geometrydash,132
geometrydashcreators,132
georgegifs,132
gerudodragon,132
getdownmrmondatta,132
getdownmrpresident,132
getfitplaying,132
getmoreviewsyt,132
getnthevanihavecandy,132
gfleak,132
gfur,132
gfurcomics,132
gfycatdepot,132
ggcsgo,132
ggdiscussion,132
ggdota2,132
ggunited,132
ghibli,132
ghostrecon,132
giantbomb,132
giantsmash,132
giantwaffle,132
gifsofremoval,132
giftcardexchange,132
giftcards4free,132
giftofgaben,132
giftofgames,132
giftofthehunt,132
gigantic,132
giganticcss,132
giivasunner,132
giivatale,132
gimp,132
ginyuforce,132
giorgioarmani,132
giraffekhan,132
girlgamers,132
girlgamersaustralia,132
girlsontop,132
girlswithglasses,132
giveaways,132
giveawayssteam,132
giveitaway,132
givethemgold,132
glasgow_celtic,132
glee,132
glitches,132
glitches_gone_sexual,132
globalagenda,132
globalagenda2,132
globalcheese,132
globaloffensive,132
globaloffensivegamble,132
globaloffensivetest,132
globaloffensivetrade,132
glorioustimasterrace,132
gloryandgold,132
gmod,132
gmservers,132
gnomoria,132
goatparkour,132
goatsimulator,132
gocompete,132
godofwar,132
godot,132
godus,132
gofuckyourself,132
gog,132
goldenkronehotel,132
goldensun,132
goldglovetv,132
goldrequest,132
golf_r,132
golfwithfriendsgame,132
gonegonegonegonetron3,132
gonestandard,132
gonetron,132
gonewild30plus,132
gonewildcouples,132
gonewildnkekev,132
gonwild,132
gonzaga,132
gonzalozero,132
goodartvsmspaint,132
goodgaming,132
goodguyop,132
goodideas,132
goodsubreddit,132
googlecardboard,132
gorn,132
gosumicro,132
gp_gamingnews,132
gpdwin,132
gr3yh47,132
grandcoalition,132
grandmasboy,132
grandtheftautopilots,132
grandtheftautov,132
grandtheftautov_pc,132
grandtheftautovmemes,132
grandtheftautoxi,132
grandtheftjetpack,132
grapefruiting,132
graphicscard,132
graphicsprogramming,132
graveyardgames,132
gravitf2tron,132
gravitonsoldier,132
gravityfalls,132
gravitygaming,132
gravityrush,132
graymuzzles,132
greatfoodalliance,132
greatxboxdeals,132
greendelabean,132
greenlattice,132
greenlettice,132
greenmangaming,132
greensquad,132
gregfuckedarock,132
greninjamains,132
greyblob,132
greygoo,132
grimdawn,132
grindabuck,132
grinninggoat,132
grishinotown,132
grommet,132
gronaks,132
grouppranks,132
grouptale,132
growlers_wot,132
grumpsmoments,132
gsmnp,132
gssdcsc,132
gta,132
gta5,132
gta5leak,132
gta5modding,132
gta5pcmods,132
gta5racing,132
gta5tech,132
gta_vinewood,132
gtaa,132
gtacarspawns,132
gtacartel,132
gtacheaterspool,132
gtacontent,132
gtadupe,132
gtagifs,132
gtaglitches,132
gtamarket,132
gtamp,132
gtaonline,132
gtaonlinebikers,132
gtaonlinecrews,132
gtaonlineshitposts,132
gtaorrussia,132
gtaphotography,132
gtastunts,132
gtav,132
gtav_cruises,132
gtav_cruisesps4,132
gtav_jp,132
gtav_mods,132
gtavadventures,132
gtavcirclejerk,132
gtavcustoms,132
gtavcustomscirclejerk,132
gtaveastereggs,132
gtavfashion,132
gtavi,132
gtavip,132
gtavlimoglitches,132
gtavmodding,132
gtavoffroad,132
gtavr,132
gtavsl,132
gtavstories,132
gtx1080,132
guarlore,132
guessthedotahero,132
guildeobliterate,132
guildrecruitment,132
guildwars,132
guildwars2,132
guildwars2builds,132
guildwars2funny,132
guildwars2gaymers,132
guildwars2hot,132
guildwars2pvp,132
guildwars2pvpteams,132
guildwarsgonewild,132
guildwarslore,132
guiltygear,132
guitarcovers,132
guitarhero,132
gumball,132
gundam,132
gungeonmods,132
gungodz,132
gunpla,132
gunsoficarus,132
gunsupgame,132
gurrenlagann,132
guysinreallifegamers,132
gw2,132
gw2attuned,132
gw2economy,132
gw2efficiency,132
gw2esports,132
gw2hone,132
gw2keks,132
gw2showerthoughts,132
gw2wvw,132
gwent,132
gybb,132
gyro,132
h1z1,132
h1z1circlejerk,132
h1z1kotk,132
h1z1lfg,132
h1z1market,132
h1z1redditville,132
h1z1survivorstories,132
h3vr,132
hackmons,132
hacks,132
haibanerenmei,132
hailmightnotbesatan,132
halflife,132
halflife3,132
halfofakebab,132
halloween_costumes,132
halloweencostume,132
halo,132
halo2,132
halo2mccsuperbounces,132
halo4,132
halo5pc,132
halo_5_guardians,132
halocirclejerk,132
halocustoms,132
halofleetbattles,132
halogaymers,132
halogriefing,132
haloleaks,132
halomccollection,132
halomythic,132
haloonline,132
haloplayers,132
halorants,132
halospv3,132
halostory,132
halowars,132
halowars2,132
hamiltonmemes,132
hammer,132
hanasong,132
happypumkin,132
harasser,132
harbingersofdeath,132
hardcoreaww,132
hardrock,132
hark283fans,132
harvestmoon,132
haveawank,132
hawken,132
hawksquad,132
hawkthorne,132
haxeflixel,132
hcjcirclejerk,132
hdsanctum,132
headcanon,132
headygamers,132
healerguild,132
healsluts,132
heartharena,132
hearthdecklists,132
hearthmemes,132
hearthrogue,132
hearthscrubs,132
hearthstone,132
hearthstonecirclejerk,132
hearthstonedating,132
hearthstones,132
hearthstonesaltiness,132
hearthstonespherejerk,132
hearthstonesucks,132
heartofgaming,132
heartsofiron,132
heat_rises,132
heavenlyhost,132
hedidthemath,132
heistteams,132
held818,132
heldcaptive,132
helherron,132
helicuor,132
helixfossil,132
helldivers,132
hellion,132
hellohero,132
hellsrangers,132
help_tale,132
henryuuki,132
heraimisgettingbetter,132
herobuilds,132
heroesandgenerals,132
heroesofnewerth,132
heroesofthestorm,132
heydevs,132
heyitsdaft,132
hfjrhfcjnfhcjfhcnfhcb,132
hfmeta,132
hhour,132
hiddengems,132
hiddensociety,132
hiddenwow,132
hideoutucla,132
hifw,132
highdeas,132
highfidelity,132
highlightgifs,132
highmage,132
highsec,132
hightecsex,132
highwayfightsquad,132
hikaru,132
himyd,132
historicaltotalwar,132
hitboxporn,132
hitman,132
hitpointhierarchy,132
hl3confirm,132
hljerk,132
hlmasterrace,132
hlvr,132
hngcirclejerk,132
hobonichi,132
hockeyquestionmark,132
hoedown,132
hoi4,132
hoi4encirclements,132
hoi4modding,132
holdmybattlerifle,132
holdmynip,132
hololens,132
holonuni,132
homebrews,132
homecockpits,132
homefront,132
homescreens,132
homestuck,132
homeworld,132
honduras,132
honestposts,132
honeyselect,132
honorsmartphones,132
hoodmoe,132
horizon,132
horror,132
horrorclub,132
horrorgaming,132
horrorhouse,132
horrorjerk,132
horrormoviecollectors,132
hot_bid,132
hotasdiy,132
hotelreview,132
hotlinemiami,132
hotscirclejerk,132
hotsreplaydata,132
hotsundelete,132
hottiesforclinton,132
hottiesfortrump,132
houseliao,132
houseofclimb,132
housereddoran,132
hoverjunkers,132
howimetyourmother,132
howinerd,132
howmuchwouldyoupay,132
howstuffworks,132
howtocomputer,132
hqmbots,132
hsbrawl,132
hscoaching,132
hsdrafts,132
hshd,132
hspulls,132
hsreplay,132
hsvpositive,132
htc_vive,132
htcvive,132
humblebundles,132
hungryartists,132
hungrybutts,132
huniepop,132
hurtworld,132
hurtworldservers,132
huskystarcraft,132
hydraulicpress,132
hydraulicpresschannel,132
hyigheck,132
hylian,132
hype,132
hypefestation,132
hyperdoxy,132
hyperhumanity,132
hyperlightdrifter,132
hypnotale,132
hyrulewarriors,132
i_am_a_stupid_bot,132
iamveryranked,132
iaz3programs,132
icebaeren,132
iceberginteractive,132
iceclimbermains,132
icestationz,132
icewinddale,132
idairyou,132
idarb,132
ididthemath,132
idiebeautifullysherpa,132
idrocr,132
ifgaming,132
ifiwonthelottery,132
iflookscouldkill,132
ignorant9gag,132
igorsmola,132
igotmygjallarhorn,132
igsrep,132
ihatedragons,132
ihatepokemon,132
ihe,132
ihecirclejerk,132
ikemains,132
il2,132
ilaw,132
illidanalliance,132
illinoisamiibo,132
illuminate,132
illumineighti,132
im34andthisisdeep,132
imacuntandthisiscunt,132
imagesofbrazil,132
imagesofthe1800s,132
imaginaryaww,132
imaginaryguns,132
imaginaryoverwatch,132
imaginaryturtleworlds,132
imaginarywastelands,132
imaginarywitcher,132
imagingmind,132
imdbvg,132
imean,132
imgoingtobrawlforthis,132
immersiveanalytics,132
immortalisrising,132
immortalweapons,132
impcmrandthisisdeep,132
importgames,132
impossiblequestions,132
impotentnerdrage,132
impracticalarmour,132
impvm,132
incest_hentai_manga,132
indianaamiibo,132
indiangaming,132
indieapps,132
indiedev,132
indiefilm,132
indiefilmshite,132
indiegamedevforum,132
indiegameriot,132
indiegames,132
indiegameswap,132
indiegaming,132
indiepub,132
infamous,132
infamoussecondrp,132
infamousspoilers,132
infectedmushroom,132
infertilitysucks,132
infinitecrisis,132
infinitewarfare,132
infiniteye,132
infinityfarming,132
infinitytrain,132
infinityward,132
influent,132
inglouriousbasterds,132
initialdvideos,132
inkle,132
inktober,132
inoch,132
inquisitionsliders,132
inside,132
insidegaming,132
insomniacgames,132
instructions_unclear,132
instructionsunclear,132
insurgencebattles,132
insurgencetrades,132
insurgency,132
interactivecinema,132
interactivefiction,132
interitus,132
internetbullshit,132
internetclassics,132
internetfreedom,132
internetgenerators,132
interrobang,132
inteyyl,132
inthegroove,132
intimate_vr_porn,132
intothebreach,132
intothestars,132
intrepidusgaming,132
introvents,132
intv,132
invaderzim,132
invenglobal,132
invisiball,132
invisibleinc,132
ion,132
iosgaming,132
iosplatform,132
iosvr,132
iowagamers,132
ipdr,132
irchives,132
irelandgaming,132
irishsaltytuna,132
ironfistgaming,132
ironhax,132
ironscape,132
irrationality,132
irrelevantthumbnails,132
irs,132
ishalflife3outyet,132
isitfunnyoroffensive,132
isitjustme,132
islandd,132
ismailis,132
isometric,132
isometricart,132
isorrowproductions,132
isprobablydrunk,132
isthatcum,132
istillplaythis,132
istrolid,132
it15bitches,132
itncast,132
itsame,132
itsofficial,132
itstartswithasquare,132
itunesdiscounts,132
itwasagraveyardgraph,132
ivcc_clan,132
iy13n,132
izzard,132
j1mmyleague,132
jackruss,132
jackymehoff,132
jacobplays,132
jadeempire,132
jaedong,132
jafner425,132
jagex,132
jailbreakdevelopers,132
jakanddaxter,132
jakarta,132
jam_sesh,132
jamesbardolph,132
jameswillems,132
jamiroquai,132
jamjohn,132
jantraniskill,132
janusuis,132
janusvr,132
japanesejazz,132
japangamecollecting,132
japangamers,132
jaredfanclub,132
jaredhaj,132
jarmedia,132
jawbone,132
jaxdaggermedia,132
jaysamuel,132
jebbushispresident,132
jeddit,132
jedicovenant,132
jenova,132
jerksguild,132
jerma985,132
jermahathair,132
jetpackfighter,132
jimsterling,132
jirachi,132
joaje,132
jobtron,132
jogatina,132
john2143658709,132
joinsquad,132
jojamart,132
jojodiamondrecords,132
jokerdidnothingwrong,132
jolynekujo,132
jon_irl,132
jonbenetramsey,132
joncraft,132
jondertale,132
jonjafari,132
jonsandman,132
jontron,132
jontron_h,132
jontronanarchy,132
jontroncirclejerk,132
jontrondiscord,132
jontroneatschexmix,132
jontrongame,132
jontrongmod,132
jontronisjohntravolta,132
jontronmasterrace,132
jontronmemberr34,132
jontronshow,132
jontronundelete,132
jortnon,132
joshm_01,132
jrpg,132
jrtxgaming,132
jteam,132
judgedvideogames,132
juggalotuggalo,132
junkofreddit,132
junkratmains,132
jurassickingdoms,132
justalpherthings,132
justfinishhimoff,132
justgamedevthings,132
justicemusic,132
justifiedskill2k,132
justkwatthings,132
justsilverthings,132
justwannaplaypcgames,132
jxd,132
kabam,132
kaceytron,132
kaese_porree_suppe,132
kafka,132
kaga,132
kaiji,132
kaiserreich,132
kamenrider,132
kangaroo,132
kappa,132
kappabowlpraise,132
kappaprime,132
kapppa,132
karmainitiative,132
karmawhore,132
katamari,132
katiecrossing,132
kcbar,132
kcdasprotips,132
kdcgamegrumps,132
keem,132
keepersofthevoid,132
keepetclassy,132
keineahnungalter,132
kek,132
kenbone,132
ketocrisp,132
ketoscience,132
keyboardcirclejerk,132
keyshot,132
khajiits,132
khraid,132
khux,132
khx,132
kiamythos,132
kidicarus,132
killcamfortress,132
killerinstinct,132
killerinstinctx1,132
killerklowns,132
killingfloor,132
killmybacklog,132
killstrain,132
killyourconsole,132
killzone,132
killzonemercenary,132
kindafunny,132
kindcupman,132
kineticcode,132
kinetik,132
kingdededemains,132
kingdomcome,132
kingdomdeath,132
kingdomfucks,132
kingdomhearts,132
kingsman,132
kingsquest,132
kirby,132
kirbymains,132
kircheese,132
kirupa,132
knack,132
knavesofthegray,132
knightsofchill,132
kod,132
kof,132
kol,132
kommunitykombat,132
konc,132
koopa_klux_klan,132
koreanterran,132
korrasami,132
korrathegame,132
kotk,132
kotor,132
kprop,132
krasnayaarmiya,132
kritzkast,132
krofam,132
kshootmania,132
ktane,132
kuduku,132
kukakl,132
kungfucinema,132
kungfupanda,132
kurzgesagt,132
kwbd,132
kyrios,132
kys,132
l4d2,132
l5rtest,132
labyrinth,132
labyrinthlord,132
lacuna,132
ladbanter,132
ladiesofmetal,132
lagtv,132
lakeeffect,132
lakelaogai,132
lambdaconspiracies,132
lambdalocator,132
lamppostsimulator,132
lanasl2015,132
landmark,132
landofthelostark,132
lanfest,132
language_exchange,132
lanparty,132
lapidot,132
larceipostemblem,132
larustreddit,132
lastlifegg,132
lastofus,132
launchhorizon,132
laurakbuzz,132
lavendertowntower,132
lawbreakers,132
laxaria,132
lazy,132
lcms,132
lcpdfr,132
ldsgamers,132
leadwerks,132
leafeatorxxx,132
leapmotion,132
leaptrade,132
learncsgo,132
learndota2,132
learndota2league,132
learnvrdev,132
learnyouit,132
lefrenchmelee,132
legaladvise,132
legalnewsinesports,132
legemhall,132
legendofdragoon,132
legendofjontron,132
legendofkorra,132
legendofzelda,132
legendsofthearena,132
legitjontron,132
legitrakingbusiness,132
legodimensions,132
legouniverse,132
lejongeneration,132
lekeberg,132
lemonsqueezers,132
leprogames,132
lesbiangamers,132
lestac,132
let4def,132
lethalleague,132
letitdie,132
letofski,132
letsdrownout,132
letsgetsumpussitonite,132
letsjerk,132
letsplay,132
letsplaycritiques,132
letsplaymygame,132
letsplayvideos,132
leveldesign,132
levelshowdown,132
lewdgames,132
lfrcertified,132
lgbtfurry,132
lgbtsex,132
lgr,132
liamariejohnson,132
liamsenpaiandfriends,132
liberal_logic_101,132
libgdx,132
librarianknights,132
libya,132
lies_like_lavender,132
lieslikelavender,132
liestrumptoldus,132
lifeasannpc,132
lifeisstrange,132
lifeisstrangegame,132
lifeofnorman,132
lightningreturns,132
likeatruck,132
limitbreakradio,132
limittheory,132
linamasterrace,132
lineofdefense,132
linkdrop,132
linkfuckingdies,132
linkmains,132
linkscrossbowtraining,132
linus_tech_tips,132
linusfaces,132
linux_gaming,132
lipreadthisforme,132
lips,132
liquidia,132
liquidlegends,132
listentoobscure,132
litterallywerfkinggay,132
littlebigplanet,132
littlemacmains,132
live2d,132
live_streams,132
liveupdates,132
livewallpapers,132
llama,132
llamaswithguns,132
lmaobox,132
lo0pfanclub,132
loadout,132
loaxbox,132
lobosjr,132
local,132
localmultiplayergames,132
logitechg,132
lokimains,132
lolesports,132
lolita,132
lolpokemongo,132
lolwat,132
lolwrekt,132
londongaymers,132
longpokemon,132
longwar101,132
looking4tips,132
lookingforgroup,132
lookingforheroes,132
lootcrate,132
lootcratespoilers,132
lootmarket,132
lordlossrepros,132
lordsofthefallen,132
lorehounds,132
losersofhearthstone,132
loss,132
lossantosautoclubps4,132
lostarkgame,132
lostidols,132
lostravenmmo,132
loungecompanion,132
loungestats,132
love2d,132
low_poly,132
lowendgaming,132
loweredstandards,132
lowpoly,132
lowpolytutorial,132
lowsodiumdestiny,132
lua,132
lucariomains,132
lucasarts,132
lucasmains,132
luciomains,132
luckeyslies,132
luckoverskill,132
lucky7s,132
ludobots,132
ludology,132
ludumdare,132
lugarix,132
luigi,132
luigideathstares,132
lukefaces,132
lurantis,132
lushcosmetics,132
lushlife,132
lyingonbellynsfw,132
lynforthewin,132
maa2,132
maamiibo,132
machinima,132
macmasterrace,132
maddenmobileforums,132
madmax,132
madmaxgame,132
madslads,132
maelstromaa,132
maf36,132
mafia3,132
magazines,132
magfest,132
magic_leap,132
magicka,132
magicleap,132
magicrush,132
magnavoxodyssey,132
magyarplanetside,132
majorasmask,132
make,132
makeanemulator,132
makethisgame,132
mame,132
mandymoore,132
mang0,132
mannworkshop,132
manvsgame,132
manyatruenerd,132
mappy,132
marathon,132
mardum,132
mareanieeconomy,132
marieism,132
marineverse,132
mario,132
mario_strikers,132
mariogolf,132
mariogolftournaments,132
mariokart,132
mariomains,132
mariomaker,132
mariomakercirclejerk,132
mariomakerstations,132
marioparty247,132
marioverse,132
markerartistry,132
marketmasterrace,132
markiplier,132
markovkin,132
marvelcoc,132
marvelheroes,132
marvelvscapcom,132
mashed,132
masn,132
masseffect,132
masseffectandromeda,132
masseffectfics,132
massivechalice,132
mastersystem,132
masterxmaster,132
mathasgames,132
mattgray,132
mattlees,132
mattvisual,132
mattypocket,132
maximiliandood,132
maximumgraphics,132
maxkarchive,132
maxmapsaddsnothing,132
maxpayne,132
maybemaybeoriginal,132
mazes,132
mccree_irl,132
mcmodball,132
mcoyne12,132
me_and_that_other_me,132
me_inrocketleague,132
meaf,132
mecha,132
mechcommander,132
mechguides,132
mecoop,132
mediocracy,132
medlaunch,132
meemkings,132
megacd,132
megacivgames,132
megadrive,132
megaman,132
megaten,132
megatencasual,132
mehstation,132
mei_irl,132
melee,132
melloritegaming,132
melvaer,132
memberberryorchard,132
memeanimals,132
memeconomy,132
memeframe,132
mememechanics,132
memeware,132
menia,132
menofwar,132
meoang,132
merccorp,132
mercyirl,132
mercymains,132
merodntheories,132
merylrearsolid,132
metaknightmains,132
metalarms,132
metalgear,132
metalgearantinuclear,132
metalgearpatriots,132
metalgearphilanthropy,132
metalgearphilosophers,132
metalgearsolid,132
metalgearsolidv_pc,132
metallica,132
metashacknews,132
metaverse,132
metawebgames,132
metricmasterrace,132
metro_game,132
metroid,132
metroidcirclejerk,132
metrovo,132
mettatondefensesquad,132
mfmsoe,132
mfw,132
mgo,132
mgs5,132
mgsv,132
mgsvideathstranding,132
mhguildquests,132
mhonline,132
microswap,132
midair,132
midgetsrights,132
miegakure,132
mightyno9,132
migrantfleet,132
miigunnermains,132
miitomo,132
miiverse,132
miiversesmashers,132
mildlyintimidating,132
mildlyintresting,132
mildlyrelatedtosmash,132
mildlyundertale,132
militariacollecting,132
millenniumfalc0nfacts,132
milleralliances,132
millerplanetside,132
milsim,132
miltrivdcirclejerk,132
mimp,132
mimpi,132
mindblown,132
mindovermeta,132
minecraftstorymode,132
minegrumps,132
minesweeper,132
minidayz,132
minimalphonescreens,132
minimumspecslimbo,132
minines,132
minionsofmoondremoth,132
ministryofsillycomps,132
minitacosnachos,132
minomonsters,132
minortale,132
minusery,132
mirageaw,132
mirrorsedge,132
miscoollaneous,132
miscreated,132
misogames,132
missedsarcasm,132
mistermittens,132
misthalin,132
mixedreality,132
miyazaki,132
miyazakisouls,132
mizzimie,132
mk7rc,132
mk9,132
mlab,132
mlpios,132
mma_nsfw,132
mmcoinwagers,132
mmgirls,132
mmo,132
mmofps,132
mmorpg,132
mmorpg_ja,132
mmwfnaf,132
moba,132
mobiglas,132
mobilegamespro,132
mobilegaming,132
mobilelegends,132
mobilelegendsbb,132
mobilenintendo,132
mobilevrnsfw,132
mockwars,132
moddergearsolid,132
moddingmorrowind,132
modelseattlepi,132
modeveryonebutwarnzzz,132
modfighters,132
modpiracy,132
modsareassholes,132
modthegungeon,132
moebius,132
moghouse,132
mojang,132
mominstincts,132
monacoismine,132
monhuncirclejerk,132
monkeysee,132
monotonetim,132
monsterhunter,132
monsterhunterclan,132
monsterhunterexplore,132
monsterhunterrage,132
monsterrancher,132
monstertamerworld,132
montageparodie,132
montageparodies,132
montageparodieses,132
montagne,132
montymole,132
moonducktv,132
moonmankkk,132
moonpanda,132
moonshinemetropolis,132
morbidrealityrebooted,132
mordhau,132
moreoverless,132
morrowind,132
morrowindcssplanning,132
morsecode,132
mortalengines,132
mortalityes,132
mortalkombat,132
mortalkombatx,132
motdmedia,132
mother4,132
motheridliketofuck,132
motorworldgames,132
mountaindewxbox,132
mountandblade,132
mousereview,132
moviecritic,132
movieoftheday,132
mrcgaming,132
mrgameandwatchmains,132
mrlambo1399,132
mrlinkwiifanclub,132
mrmoneymanguy,132
mrw,132
mspainttouhou,132
mtgtrades,132
muchtheftauto,132
mud,132
multihub,132
multilanguageshows,132
multitapped,132
multiwall,132
mumble,132
mumbleboys,132
mundanemysteries,132
munichvr,132
murdering_homeowners,132
murky,132
murloc,132
museumofwp,132
musicforstreaming,132
muws,132
mvc3,132
mvci,132
mvhstechclub,132
mvis,132
mvm,132
mw2,132
mwo,132
mwocw,132
mxmcube,132
my_mom_jokes,132
mycastlefe,132
mycastlefeeu,132
mylittledamon,132
mynba2kmobile,132
mynintendo,132
mysteriouspackageco,132
mysterydungeon,132
mysteryskulls,132
mythichalo,132
myvrporn,132
n3rdfusion,132
n64,132
n64homebrew,132
naegold,132
namemytf2item,132
nanomusheens,132
narcolepticnarwhal,132
narutoblazing,132
nasalies,132
nataliedormer,132
nathanlovesdabaes,132
naturesfury,132
natusvincere,132
navalwarfare,132
navysealcopypasta,132
nba2k,132
nba2k15,132
nba2k17,132
nc_rebl,132
nds,132
neatmike,132
nebbyinthebag,132
necrodancer,132
nederdota,132
needadispenserupmyass,132
needforspeed,132
neet_irl,132
negativetale,132
nekoatsume,132
nemesisasylum,132
nemiforest,132
neogaming,132
neogeo,132
neokosmos,132
neomagazin,132
neonightmares,132
neowishlist,132
neptunespride,132
nerdblock,132
nerdcubed,132
nerdgang,132
nerdtattoos,132
nerfedalliance,132
nerfroyale,132
nerr_,132
nes,132
nesbattles,132
nesclassicmods,132
nessmains,132
neutralityreviews,132
neverbegameover,132
new3ds,132
newgrounds,132
newheartmovement,132
newmarkethighschool,132
newpmdt,132
newredditrepublic,132
newretroarcade,132
newsbloopers,132
newscape,132
newsy,132
newtotf2,132
newtubers,132
nexonzombies,132
nextelderscrolls,132
nexusnewbies,132
nfiminecraftserver,132
nfkrz,132
nfscirclejerk,132
ngage,132
ngpc,132
nhl4psn,132
ni_no_kuni,132
nichegame,132
nickelodeon,132
nier,132
nier_automata,132
niggars,132
nightinthewoods,132
nightmind,132
nighttimefoamcorner,132
nikolatesla,132
nindies,132
ninokuni2,132
nintedoswitch,132
ninteendo,132
nintendanx,132
nintendeals,132
nintendo,132
nintendo_network,132
nintendo_nx,132
nintendoceania,132
nintendocirclejerk,132
nintendocriclejerk,132
nintendokaren,132
nintendoleaks,132
nintendomusic,132
nintendont,132
nintendonx,132
nintendony,132
nintendoom,132
nintendoph,132
nintendorumors,132
nintendoswitch,132
nintendoswitchconsole,132
nintendoswitchnews,132
nintendounjerk,132
nintendouplink,132
nioh,132
nipponichi,132
nislt,132
nitrotheguy,132
niueoflivin,132
nl_kripparrian,132
nlcreators,132
nms_lonelygalaxy,132
nms_zoology,132
nmsfactions,132
nmsgalactichub,132
nmsorigins,132
nmsportals,132
nnafb,132
no_mans_sky,132
noahaters,132
nobamboozle,132
nobethesdasallowed,132
nobodygivesafuck,132
nobullshitgaming,132
nochrontext,132
nocommentgameplay,132
nocomments,132
nocontext,132
nocreditgiven,132
noctuae,132
nocturnalaffairs,132
nodesteam,132
noiap,132
nomansfans,132
nomansfreud,132
nomanshigh,132
nomanssky_pc,132
nomansskyanimals,132
nomansskybases,132
nomansskycirclejerk,132
nomansskycrafting,132
nomansskyforum,132
nomansskyfoundation,132
nomansskyleaks,132
nomansskymods,132
nomansskymultiplayer,132
nomansskymyjourney,132
nomansskynl,132
nomansskyofftopic,132
nomansskyporn,132
nomansskyships,132
nomansskysurvival,132
nomansskythegame,132
nonfatfredbear,132
nononomaybe,132
nonononoyeswtf,132
nononoyesno,132
nonose,132
nontondoswotch,132
nontron,132
noobsoftheancient,132
normalboots,132
norrislivesinavan,132
northernlion,132
nosepass,132
nosgoth,132
nostalrius,132
nostalriusbegins,132
not_a_facehugger,132
notallmen,132
notbobgonewild,132
notesex,132
notorious_big,132
notsafeforweiss,132
notsonewreddits,132
nottingham,132
nowaifunolaifu,132
nowrongemote,132
nox,132
nplusplus,132
nqmod,132
nrs_injustice,132
ns2,132
ns2combat,132
nsfr,132
nsfw411,132
nsfw_btsync,132
nsfwcelebs,132
nsfwgames,132
nsfwgaming,132
nsmb2,132
nt337,132
ntccgamingclan,132
ntcirclejerk,132
ntmods,132
nuclearloan,132
nuclearthermal,132
nuclearthrone,132
nukeclears,132
nukedmemes,132
nuzlocke,132
nvda_stock,132
nvidia,132
nvidiagrid,132
nvidiahelp,132
nvidiayy,132
nvidiayyy,132
nvidiots,132
nvmp,132
nyancatadventures,132
nycgaybros,132
nycgaymers,132
nytimes,132
nyxdiem,132
oakum,132
oasis_rpg,132
oasiscitadel,132
oath,132
oathsworn,132
obduction,132
obey,132
oblivion,132
oblivionabominations,132
oblivionmods,132
obs,132
observerproblems,132
obsidian,132
obzidi4n,132
oceanicdota,132
octoberbumpers2017,132
oculus,132
oculus_linux,132
oculus_vr,132
oculusdev,132
oculusjobs,132
oculusnsfw,132
oculusriftporn,132
oculusstore,132
oddlyunsatisfying,132
oddshot,132
oddshotfeed,132
odiima,132
odlysatisfying,132
odst,132
offensive,132
offensivejokes,132
offerdat,132
officialgroupsub,132
officialtf2c,132
offthegame,132
ogfeedback,132
oglaf,132
ohcumon,132
ohioamiibros,132
ohoh,132
okami,132
oklahomaamiibo,132
oldensofrobin,132
olderthandinosaurs,132
oldgamingbastards,132
oldgodsguild,132
oldschooldayz,132
olyjobs,132
omi_is_gay,132
omnompixels,132
onebros,132
onenationofgamers,132
onepiecetc,132
oneshotgame,132
onetrueclip,132
onetruedong,132
onetruegary,132
onetruejack,132
onetrueskink,132
onetruetower,132
oneyng,132
onibag,132
onlinecity,132
onlinedating,132
onlinegambling,132
onlinesecuritytips,132
onlive,132
onnline,132
onverwachtnederlands,132
onwardgame,132
onwardvr,132
ooerintensifies,132
openbroadcastsoftware,132
openemu,132
openfoam,132
openmwo,132
openra,132
opensouls3,132
openstudios,132
openttd,132
operationtrebuchet,132
operationwhiteout,132
opgotserved,132
opskins,132
opticalillusions,132
opticgaming,132
orcsmustdie,132
orderoftheapparition,132
orderofthebluecorner,132
ordoimperialis,132
orientguild,132
origin,132
originalxbox,132
osbuddy,132
osrs_fin_and_jake,132
osrsahk,132
osrspking,132
osrssverige,132
ossic,132
osucommunity,132
osugame,132
osumapping,132
osuplace,132
osureport,132
osushare,132
osuskins,132
osvr,132
otherland,132
otters,132
ourdarkerpurpose,132
outlast,132
outofammovr,132
outofthelooppcmr,132
outreachhpg,132
outrun,132
over30reddit,132
overgrowth,132
overmoderation,132
overnoob,132
overtalegame,132
overthegardenwall,132
overthought,132
overvods,132
overwatch,132
overwatch_arg,132
overwatch_highlights,132
overwatch_montages,132
overwatch_trading,132
overwatcharcade,132
overwatchcases,132
overwatchcirclejerk,132
overwatchcirclejerkcj,132
overwatchclans,132
overwatchcustomgames,132
overwatchde,132
overwatchheroconcepts,132
overwatchlagfix,132
overwatchleague,132
overwatchlft,132
overwatchlore,132
overwatchmemes,132
overwatchminigames,132
overwatchnews,132
overwatchplayers,132
overwatchpro,132
overwatchsupportgroup,132
overwatchtips,132
overwatchuniversity,132
overwatchwidowmaker,132
overwolf,132
owconsole,132
ozgamecollecting,132
p4u,132
p99circlejerk,132
pachimari,132
pacman,132
pacmanmains,132
padjerks,132
paladins,132
pald,132
palutenamains,132
pandemichorde,132
paneldepon,132
panglossthetutor,132
pants98hasabtfetish,132
paperjam,132
papermario,132
papersplease,132
papyrus,132
paradisesold,132
paradoxball,132
paradoxextra,132
paradoxplaza,132
paragon,132
paragonlfg,132
paranatural,132
parmsan,132
partneredyoutube,132
partyparrot,132
passtheskylines,132
patchnotes,132
pathofexile,132
pathofexiledev,132
pathofexiletrades,132
pathwaytomoresuccess,132
patientgamers,132
pauperhs,132
pax,132
paxaus,132
paxchecker,132
paxeast,132
paxswag,132
pay2win,132
payday2arg,132
payday2secret,132
paydaycirclejerk,132
paydaycrimecast,132
paydaymasks,132
paydaymeta,132
paydaysecretjerk,132
paydaytheheist,132
paydaytheheistmods,132
paydayupdate78,132
paydayveterans,132
paypal,132
pccod,132
pccuntrace,132
pcdeals,132
pceo,132
pcgaming,132
pcgamingomaha,132
pcgamingtechsupport,132
pcgiveaways,132
pcgreaterbeings,132
pcmasrerrace,132
pcmasterrac,132
pcmasterrace,132
pcmasterracemc,132
pcmasturbatingrace,132
pcmasturraic,132
pcmawwsterrace,132
pcmradio,132
pcmrinaction,132
pcmrproblems,132
pcmrshitpost,132
pcmrtoothless,132
pcpmasterrace,132
pcproblem,132
pcpurism,132
pcsx2,132
pdxdestiny,132
pdxmp,132
peaceplace,132
peachmains,132
peakconsumerism,132
peanutbuttergamer,132
pebbleandsteel,132
peehole,132
peeps40836,132
peggle,132
pelit,132
pendantic,132
penguinchat,132
penisballsautismcop,132
pensacola_gamers,132
peoplewhosayheck,132
perceptionneuron,132
perfectserver,132
perkusmaximus,132
persona,132
persona4golden,132
persona5,132
personaforpc,132
personajerk,132
personofinterest,132
pes2013,132
petbattles,132
peter,132
peterdraws,132
peterpandam,132
petpictures,132
pghlegendsgaming,132
pgitransverse,132
phantomforces,132
pharmercy,132
phgamers,132
phhhoto,132
phisnomcyphers,132
phlexn,132
phoebecrusadewarroom,132
phoenixbattalion,132
phoenixpoint,132
pichumains,132
pictersofvajinas,132
picturesofgameboxes,132
pikachumains,132
pikmin,132
pingponggirls,132
pinkcircle,132
pinkvomitmonster,132
pioxys,132
piratedgames,132
piratedgta,132
pitchforkemporium,132
pitmains,132
pitpeople,132
pixelart,132
pixelartnsfw,132
pixelblacksmith,132
pixeldungeon,132
pixeldungeonmodding,132
pixelparty,132
pixelpiracy,132
pkmnguardianlegends,132
pkmnredditleague,132
pkmntcg,132
pkmntcgcollections,132
pkmntcgpulls,132
pkmntcgtrades,132
place,132
placearchive,132
placeart,132
placefrance,132
placehearts,132
placeireland,132
placestart,132
placetwo,132
placevoid,132
plagueclaw,132
plagueinc,132
planetcoaster,132
planetcoastermodding,132
planetdolan,132
planetmens,132
planetpokemonplus,132
planets3,132
planetside,132
planetside2,132
planetside2air,132
planetside_2,132
planetsidearmor,132
planetsidebattles,132
planetsidefireteams,132
plantcoaster,132
plantsvszombies,132
playark,132
playarkservers,132
playdate,132
playdateeu,132
playdreadnought,132
player2controller,132
playertodev,132
playfire,132
playgauntlet,132
playitforwardvita,132
playmygame,132
playrust,132
playrustadmin,132
playrustlfg,132
playstation,132
playstationnow,132
playstationplus,132
playstationsolutions,132
playstationvr,132
plugdj,132
plugtheleak,132
plumbit,132
plus7intelligence,132
plutogames,132
pmdcirclejerk,132
pocgaming,132
pocketgamers,132
pocketmonsterswiki,132
pocketmortys,132
pocketrumble,132
pocketsand,132
pocketstrafe,132
podgamer,132
poeblackmarket,132
poelivesearches,132
pokecraftmd,132
pokeepsilon,132
pokelogic,132
pokememes,132
pokemmd,132
pokemon,132
pokemon64ism,132
pokemon_university,132
pokemonanimehate,132
pokemonarts,132
pokemonbattleplaza,132
pokemonbattles,132
pokemonchallenges,132
pokemoncollege,132
pokemonconspiracies,132
pokemoncustomsprites,132
pokemondeltagreen,132
pokemonduel,132
pokemondueljerk,132
pokemonexchange,132
pokemonforeveryone,132
pokemonfriendexchange,132
pokemonfusion,132
pokemongiveaway,132
pokemongobergen,132
pokemongofitness,132
pokemongofrance,132
pokemongonsfw,132
pokemongoph,132
pokemongosnap,132
pokemonhq,132
pokemoninsurgence,132
pokemonlab,132
pokemonleague3ds,132
pokemonletsplay,132
pokemonlogic,132
pokemonmelanite,132
pokemonmusic,132
pokemonnewsroom,132
pokemonnox,132
pokemonoras,132
pokemonpaint,132
pokemonpcpanic,132
pokemonphoenixrising,132
pokemonphotoshop,132
pokemonplaza,132
pokemonprism,132
pokemonqrcodes,132
pokemonqrequest,132
pokemonraces,132
pokemonrebalanced,132
pokemonrmt,132
pokemonrmxp,132
pokemonromhacks,132
pokemonsecretbases,132
pokemonshades,132
pokemonshowdown,132
pokemonshuffle,132
pokemonsosmail,132
pokemonsprites,132
pokemontcg,132
pokemontcgo,132
pokemonteams,132
pokemonterranullius,132
pokemontrades,132
pokemontron,132
pokemonuranium,132
pokemonvgc,132
pokemonxchange,132
pokemonzetaomicron,132
pokemonzosupport,132
pokemonzotrades,132
pokemoonsun,132
pokepaint,132
pokepark,132
poketube,132
poketubers,132
pokevariants,132
pokewalker,132
pokken_official,132
pokkenchandeluremains,132
pokkengame,132
pokkenleague,132
pokkenlucariomains,132
pokkenweavilemains,132
poland_balls,132
polarisnetwork,132
politically_incorrect,132
politicbot,132
polleverything,132
polybridge,132
polygrumps,132
pong,132
poolnationvr,132
popularonyoutube,132
porn_vr,132
portal,132
portlandgaming,132
portsmouth,132
posters,132
posties,132
postshitherefaggot,132
potatorights,132
potatosalad,132
pottermore,132
poundpuppiez,132
povertychat,132
powergirl,132
powos,132
praise_gaben_bot,132
praisethesun,132
praisewakawaka,132
prayerrequest,132
precisionoverwatch,132
predictabletopcomment,132
premeduk,132
presidents,132
pressftopayrespects,132
pretentiouspasta,132
pricefield,132
priestshs,132
priovr,132
prismata,132
prismatacirclejerk,132
privatestudyrooms,132
prlxgaming,132
proceduralgeneration,132
proceduralpenis,132
procommunity,132
procrastinationism,132
procrastinatorscrew,132
procss,132
prod,132
producttesting,132
professorlayton,132
profitopia,132
progaymers,132
progether,132
programmerdadjokes,132
programmerreactions,132
programmersgonewild,132
prohalovods,132
projared,132
project1999,132
project_ascension,132
project_ascension_css,132
project_scorpio,132
projectawesome,132
projectcirclejerk,132
projectcyrodiil,132
projectdiscovery,132
projecteternity,132
projectgenom,132
projecthome,132
projectlovingly,132
projectmbuilds,132
projectmilsim,132
projectmorpheus,132
projectnx,132
projectreality,132
projectsandbox,132
projectshackblast,132
projectshooter,132
projectsixty,132
projectsports,132
projectstrategy,132
projectwindmill,132
projectzomboid,132
promotegamingvideos,132
promotioncode,132
promptoftheday,132
promptography,132
propagandathrall,132
prophetsofdementia,132
props,132
protect_my_diet,132
protect_my_jealousy,132
protectorsofpriscilla,132
protubevr,132
proxyunion,132
ps2,132
ps2ceres,132
ps2cobalt,132
ps2cobaltair,132
ps2connery,132
ps2genudine,132
ps2max,132
ps2outfits,132
ps2ragetells,132
ps3,132
ps3deals,132
ps3f1,132
ps3gtav,132
ps3hacks,132
ps3homebrew,132
ps4,132
ps4_battlefront,132
ps4aggots,132
ps4clans,132
ps4deals,132
ps4mods,132
ps4overwatch,132
ps4planetside2,132
ps4pro,132
ps4rddt,132
ps4share,132
ps4tournaments,132
ps_esports,132
psagriculture,132
psbattleroyale,132
psbf,132
psbovo,132
pscirclejerk,132
psn,132
psnfriends,132
pso2,132
psp,132
psvr,132
psvrhack,132
psw,132
psx,132
psychobrahe,132
ptcgo,132
ptgaming,132
pukachi,132
pulpfiction,132
pulsarlostcolony,132
pumparum,132
punchingkid,132
pundertale,132
punkillers,132
pure,132
pureawesomeness,132
purebattlefield,132
purepwnage,132
puresmash,132
purplecorner,132
purplepixels,132
pushingdaisies,132
puzzleanddragons,132
pvadventure,132
pvm_outpost,132
pvp_philosophy,132
pvpgn,132
pvtjace,132
pvzcirclejerk,132
pvzgardenwarfare,132
pxlsspace,132
pyrocynical,132
pzservers,132
quake,132
quakechampions,132
quakecon,132
quakegearvr,132
quakelive,132
quantum_break,132
quantumbreak,132
quantumnetwork,132
quarriesofscred,132
queerart,132
question,132
questions,132
quickerquest,132
quickybaby,132
quill18,132
quilting,132
quiltingforsale,132
quitmybullshit,132
quivrgame,132
quizzybot,132
qwertee,132
r0ugew0lf,132
r6steams,132
radeon,132
radiantdawn,132
ragark,132
ragebacon,132
raidandguildleaders,132
raidpillz,132
raidsecrets,132
rainbow6,132
rainbow6circlejerk,132
rainbow6siege,132
rainbow6talk,132
rainbow6tts,132
rainbow_6,132
rainbowgrid,132
rainbowroad,132
rainbowsix,132
rainbowsixsiege,132
rainmeter,132
rainmeteroc,132
ralphthemoviemaker,132
ramonolithbarrels,132
randomactsofcsgo,132
randomactsofdota2,132
randomactsofgaming,132
randomactsofsteam,132
randomactsoftf2,132
randomassaultforce,132
randomazon,132
randommains,132
rantgrumps,132
rants,132
rarejontronmemes,132
rarelobsters,132
ratchetandclank,132
raven,132
ravenscrown,132
rct,132
rctw,132
rddt0,132
rddt6,132
rddt7,132
rddtgaming,132
rddtrust,132
re6,132
readonlymemories,132
readyplayerone,132
realbattlefield_4,132
realgangbeasts,132
realityprocessing,132
reallifeprotips,132
reallynicepeople,132
reallypatientgamers,132
realmofthemadgod,132
realps4,132
realredditfc,132
realsliff,132
realtimestrategy,132
reaperemporium,132
reascrsucksass,132
rebirthwow,132
rebl,132
recalbox,132
reclaimtheholyland,132
recode,132
recordthis,132
recordthisforfree,132
recore,132
recroom,132
recruitcs,132
rectangleman,132
redboid,132
redcrucible,132
reddadventuringco,132
reddeadredemption,132
reddex,132
reddit101,132
reddit4tfyc,132
reddit_360_v_crew,132
reddit_civilwar,132
reddit_outloud,132
reddit_refugees,132
redditbattleleague,132
redditbay,132
redditblack,132
redditbrigade,132
redditbrigadelounge,132
redditcasual,132
redditcide,132
redditconfucius,132
redditdads,132
redditdota2league,132
redditfacelift,132
redditgoofs,132
redditgw2,132
reddithelp,132
reddithium,132
redditindigoleague,132
redditladderleague,132
redditmoonguard,132
redditrescueforce,132
redditsaysshits,132
redditside,132
redditstuck,132
reddittraffic,132
reddittryhard,132
redditvsmachine,132
redditwritesvsauce,132
reddwarf,132
reddx,132
redealliance,132
redemptionsguild,132
redpandas,132
redsun,132
redsunalliance,132
redt_platoon,132
redtreads,132
redversusblue,132
redvsblue,132
reeeeeeeeeeeeeepost,132
referral,132
reflex,132
regularshow,132
reiayanami,132
reignofkings,132
reignofkingsgame,132
reinhardtmains,132
rektgame,132
relichunterszero,132
relogic,132
rememberlegoisland,132
remoteplay,132
removesoviet,132
renascent,132
renegadex,132
renssiesdev,132
repair,132
repairmen,132
repostale,132
reppit,132
republiccirclejerk,132
republicofwong,132
reqlight,132
requestabot,132
residentevil,132
residentevil7,132
retail,132
retardsinxiv,132
retina,132
retiredoneliners,132
retro_gaming,132
retroanime,132
retroarch,132
retrogameadverts,132
retrogamedev,132
retrogameporn,132
retrogames,132
retrogameswap,132
retrogaming,132
retsupurae,132
returntofreddys,132
returntosender,132
revelation_online,132
revelationmmo,132
reversedgifs,132
reversedworldproblems,132
reviews_imhoneer,132
rgbprofiles,132
rgclub,132
rgotm,132
rhynecraft,132
rhythmgames,132
rhythmheaven,132
richardlewis,132
rickybuck,132
ricohtheta,132
riftintothemind,132
riftitforwardeu,132
rightsidenews,132
rigsmcl,132
rimworld,132
rimworldart,132
rimworldseeds,132
riokou,132
riotfreelol,132
ripdota2,132
ripglobaloffensive,132
rippcmasterrace,132
ripull,132
risingthunder,132
risk,132
riskofrain,132
risktuesday,132
riskyclicks,132
rivalsofaether,132
rivenframe,132
rlcirclejerk,132
rlcompetitive,132
rlfashionadvice,132
rlsd,132
rlstrategy,132
rmud,132
rno,132
roaching,132
roacirclejerk,132
roakbdo,132
roamodding,132
roastmefictional,132
robbereddit,132
robbyzinchak,132
robinmains,132
robinwilliams,132
roblox,132
roblox_economy,132
robloxcringe,132
robloxgamedev,132
robloxmentions,132
robloxunitednations,132
robmains,132
robocraft,132
robocraftcrf,132
robocraftrefugees,132
roboticpotato,132
robotuprisingrebelion,132
robzilla,132
rocketbeans,132
rockethockeyleague,132
rocketleague,132
rocketleagueclashes,132
rocketleagueexchange,132
rocketleaguefriends,132
rocketleaguemac,132
rocketleaguemods,132
rocketleagueschool,132
rockstar,132
rockstareditor,132
roguelikedev,132
roguelikes,132
roguelites,132
rollerboy2,132
rollercoastercontests,132
romhacking,132
romhacks,132
rooks,132
roomonfire,132
roosterteeth,132
roosterteethcringe,132
roostertube,132
rootbeer,132
roplay,132
rorspecialdelivery,132
rosalinamains,132
rosetown,132
rotmg,132
rotmgcirclejerk,132
rotmgconspiracy,132
rotmgtradingpost,132
roulette,132
roymains,132
rpg_fanatics,132
rpg_gamers,132
rpgmaker,132
rpgstuck,132
rpgstuck_c4,132
rphx,132
rquark,132
rs3ironmen,132
rs_justice,132
rsc,132
rschronicle,132
rscrevolution,132
rsdarkscape,132
rsgog,132
rsguides,132
rsisubscriber,132
rslegend,132
rsoc,132
rsvl_hs_dnd,132
rt_theknow,132
rtcirclejerk,132
rtextralife,132
rtgamers,132
rtscience,132
rtx,132
rtz_club,132
ruba,132
rudeybuzz,132
rugc_europe,132
ruinedmoon,132
rukububiag,132
rule34gifs,132
rule34overwatch,132
rule34ps2,132
rule34tpp,132
run8,132
runbow,132
runelabs,132
runemaster,132
runescape,132
runescapeconspiracies,132
runescapedadjokes,132
russiaclan,132
russian,132
rust_gamedev,132
rustmedieval,132
rustreports,132
rustyforest,132
rwhitegoose,132
rx480,132
ryaisms,132
ryu_kurai,132
ryumains,132
ryzen,132
s3rl,132
sa2b,132
sadboysplace,132
sadconsole,132
saesports,132
safepost,132
sagesgrandarchives,132
saintsrow,132
saloontf,132
saltandsanctuary,132
saltthefields,132
saltypirates,132
saltyseamen,132
samandmax,132
samandtolki,132
samiibo,132
sammyclassicsonicfan,132
sammyspacetime,132
samsclub,132
samsungaccessories,132
samsungs7,132
samuromains,132
sandwichchat,132
sandwichmasterrace,132
sanic,132
sanicball,132
sans1kal,132
saorift,132
sardonyxtheory,132
sauces,132
savant,132
savedashie,132
savepetsmobile,132
savs,132
sawthatonreddit,132
sayittomyface,132
sayvitv,132
sbfvgs,132
sbreddit,132
sc2ctl,132
sc2notepad,132
sc2rage,132
sc2vault,132
sc_orgs,132
scalebound,132
scaley,132
scamshitizen,132
scarcade,132
scarymovies,132
scbuildit,132
scenesfromahat,132
scenevr,132
sces,132
schlagkasper,132
sciencejokes,132
scienceofstarcitizen,132
scifiweaponry,132
scleaks,132
scoobydoo,132
scootexplainyourself,132
scorch,132
scottgames,132
scottmanley,132
screamqueenstv,132
screenshotsofpictures,132
screwmoneyclip,132
scrolls,132
scuniverse,132
sdgaymers,132
sdl,132
sdremix,132
seajobs,132
sealdota2,132
seanmurrayism,132
seaofthieves,132
searchforthesleeper,132
seattlegaymers,132
secretdota2,132
secretponchos,132
secretsteamsanta,132
seebotschat,132
seengliscreddit,132
sega,132
segagenesis,132
segasaturn,132
semanticbattles,132
seniorkitties,132
senpaisquad,132
septemberbumpers2017,132
seramancers,132
serbiagaming,132
sergallanguage,132
sergalsergalsergal,132
serialnexoffenders,132
seriouscatz,132
seriouscsgo,132
serjtankian,132
serversmash,132
seservers,132
sesexan,132
sevenswords,132
seviervilletn,132
sexcom,132
sextoys,132
sexystarwars,132
sf3,132
sf4,132
sflamiibo,132
sfm,132
sfv_alex,132
sfv_balrog,132
sfv_guile,132
sfv_urien,132
shaboozey,132
shacknews,132
shacks,132
shaders,132
shadow_of_war,132
shadowban,132
shadowhammer,132
shadowofmordor,132
shadowq,132
shadowrealms,132
shadowrunfps,132
shadowverse,132
shakeandbake,132
shakeitoffkt,132
shamchat,132
sharearcheage,132
shareyourryders,132
sharpwizard,132
shatteredoath,132
shaunsproject,132
shawnhate,132
shazgob,132
shedidnttextback,132
sheikmains,132
shemalexxx,132
shenmue,132
shenmuedandies,132
shift_runs,132
shihtzu,132
shinybondage,132
shinyguild,132
shinypokemon,132
shipanda,132
shirtoftheday,132
shirtposts,132
shitbtffsays,132
shitckiisays,132
shitcommenthalloffame,132
shitcrusaderkingssay,132
shitduolingosays,132
shitdwarffortresssays,132
shitfecsays,132
shitfredditsays,132
shitmoduserssay,132
shitmrmannsays,132
shitotsays,132
shitplanetsidesays,132
shitpostcrusaders,132
shitpostemblem,132
shitpostemblemcasual,132
shitposting,132
shitposts,132
shitprefixsays,132
shitredditsaysx,132
shitrspeedrunsays,132
shitstellarissays,132
shittamrielsays,132
shittasteemblem,132
shitteirpostemblem,132
shitteroutfit,132
shitthoraboossay,132
shittoshowmygf,132
shittrumpsays,132
shittyanimetldr,132
shittyaskalawyer,132
shittyaskdestiny,132
shittyaskicefrog,132
shittyaskwowscience,132
shittybattlestations,132
shittycitiesskylines,132
shittydarksouls,132
shittydaystrom,132
shittydayzsuggestions,132
shittyfalloutlore,132
shittyforhonor,132
shittygamecollecting,132
shittygamedesign,132
shittymilitarytactics,132
shittymontageparodies,132
shittyoverwatchpotgs,132
shittypunthreads,132
shittyquip,132
shittyquotesporn,132
shittyrainbow6,132
shittyshowerthoughts,132
shittysmashgifs,132
shittysteamdevs,132
shittysteamgames,132
shittysuperheroes,132
shittyterraria,132
shittyteslore,132
shittyteslorevarine,132
shittyvaultboys,132
shittyzelda,132
shitwindowuserssay,132
shmups,132
shootergamesonandroid,132
shouldibuythisgame,132
shovelknight,132
showergrumps,132
showermisconceptions,132
showerthoughtshs,132
showoffyourcharacter,132
shrekspiracy,132
shreksuperslam,132
shufflemove,132
shwip,132
sickfuckinganime,132
sideloadvr,132
siegecompetitive,132
siegelord,132
siegeteams,132
sile,132
silenthill,132
silenthillspt,132
silentnexus,132
sillybot,132
silrl,132
simcity,132
simcity4,132
simpians,132
simpleplanes,132
simplydivine,132
sims,132
sims2,132
sims4,132
sims4cheats,132
simsfashionadvice,132
simsglitches,132
simthemepark,132
sirwillow,132
sithit,132
sivelos,132
sixthworldproblems,132
skara,132
skeletonking,132
skiesofarcadia,132
skillsurfing,132
skitzoradio,132
skrid,132
skyarenagame,132
skybear,132
skydiving,132
skyforge,132
skyforgeps4,132
skylanders,132
skylinesoverwatch,132
skymallshoppers,132
skype,132
skyre,132
skyremcoop,132
skyrim,132
skyrim_mods,132
skyrimclasses,132
skyrimdadjokes,132
skyrimhelp,132
skyrimmodders,132
skyrimmodding,132
skyrimmodhelp,132
skyrimmods,132
skyrimporn,132
skyrimrequiem,132
skyrimroleplaying,132
skyrimseps4,132
skyrimtogether,132
skyrimvoiceacting,132
skyrimwithguns,132
slapfightguild,132
slasherfilms,132
slayone,132
slayr,132
slaystars,132
sleeperbattlestations,132
sleepingdogs,132
sleepycabin,132
slickpost,132
slimerancher,132
slinging,132
slutoon,132
slutsfortrump,132
slutsincollege,132
slyce,132
slycooper,132
sm4sh,132
sm4shinggoodtime,132
smachz,132
smallgamingchannels,132
smash4replay,132
smashamas,132
smashart,132
smashboxarena,132
smashbros,132
smashbroscopypasta,132
smashbrosfriendcodes,132
smashbroslegacy,132
smashbrosmovesets,132
smashbrosonline,132
smashbrosph,132
smashbrosshipping,132
smashbrosstages,132
smashcepts,132
smashcirclejerk,132
smashconnect,132
smashcpu,132
smashdebate,132
smashedconnections,132
smashgifs,132
smashgrab,132
smashguides,132
smashhelp,132
smashmemes,132
smashthoughts,132
smashtourney3ds,132
smite,132
smite_irl,132
smiteart,132
smitecirclejerk,132
smitedadjokes,132
smiteduel,132
smitegodconcepts,132
smitejokes,132
smitelfm,132
smitepro,132
smiteps4,132
smiteserious,132
smiteskinconcepts,132
smitetrades,132
smitetraining,132
smiteuncensored,132
smitevod,132
smitexenia,132
smogoncirclejerk,132
smsgg,132
smugglersbounty,132
snackworld,132
snakemains,132
snapmap,132
snes,132
sniperelite,132
snk,132
snowglobe,132
soargaming,132
soasmasterrace,132
sobstory,132
socalamiibo,132
soccerspirits,132
soccerspiritsrp,132
sochiproblems,132
sociality,132
socialvr,132
socom,132
soda,132
sofp,132
softwareinc,132
solitaire,132
solopokes,132
soltrader,132
soma,132
sombra,132
sombramains,132
some_stupid_cunt,132
somenightsatsprings,132
songsimade,132
sonic,132
soniccirceljerk,132
sonicgifs,132
sonicteamdark,132
sonicthehedgehog,132
sonossw,132
sonsofanorangekitty,132
sonsofguns,132
sonyvegas,132
soobroodit,132
soposts,132
soranowoto,132
sorcerygame,132
soulcalibur,132
soundboxing,132
sounding,132
soundquakemains,132
sourceengine,132
sourceengine2,132
sourcefed,132
sourcemods,132
southampton,132
southark,132
southcarolinaamiibros,132
southerncrossallianc,132
southerncrossalliance,132
sovereigntyascending,132
sovietwomble,132
soyouthinkyoucantroll,132
space_communism,132
spacebasedf9,132
spacecannibalism,132
spacedandy,132
spaceengine,132
spaceengineers,132
spacefarmgame,132
spacegamejunkie,132
spacegames,132
spaceninjasplsignore,132
spacepiratetrainer,132
spacestation13remakes,132
sparrowsurfingleague,132
spearheadgaming,132
specialeffects,132
speedrun,132
spellweaver,132
spelunky,132
spiceandwolftrading,132
spicy_chicken_god,132
spicymchaggis,132
spidersimulator17,132
spintires,132
spiral_knights,132
spiritgate,132
splatoon,132
splatooncringesub,132
splatooneu,132
splatoonmeta,132
splatoonteams,132
splitstuck,132
spmod,132
spokenword,132
spongebobfnaf,132
spongebros,132
spongedota,132
spongeemblem,132
spongehunter,132
spongewatch,132
spritekit,132
spsa,132
spunj,132
spyderz,132
spyro,132
spzrpg,132
squadbuildingfut,132
squadup,132
squadzerosw,132
squareenix,132
squarespiral,132
squiddlediddlers,132
squirrelmafia,132
srgg,132
srlclansanicball,132
srsasoiaf,132
srsgaming,132
ss13,132
ssb4,132
ssb64,132
ssbb,132
ssbm,132
ssbpicoftheday,132
ssbpm,132
ssbpmce,132
sssq,132
stalker,132
star_,132
star_citizen,132
star_wars_battlefront,132
starbloodarena,132
starbomb,132
starbound,132
starboundcirclejerk,132
starbounddiaries,132
starboundmods,132
starboundth,132
starbow,132
starcitizen,132
starcitizen_creative,132
starcitizen_guilds,132
starcitizen_leaks,132
starcitizen_refunds,132
starcitizen_trades,132
starcitizenaustralia,132
starcitizenbeta,132
starcitizencirclejerk,132
starcitizencomp,132
starcitizendiscussion,132
starcitizenfps,132
starcitizenfrance,132
starcitizenleaks,132
starcitizenmasterrace,132
starcitizenpnw,132
starcitizenporn,132
starcitizenrussian,132
starcitizenscreens,132
starcitizentraining,132
starcitizents,132
starcraft,132
starcraft2,132
starcraftbirthdays,132
starcraftcirclejerk,132
starctech,132
stardew_valley,132
stardewvalley,132
stardustcrusaders,132
starforge,132
starfox,132
starfoxguard,132
stargrumps,132
starmade,132
starocean,132
starpointgemini,132
starruler,132
starships,132
starshitizen,132
starsinshadow,132
starsquadronserver,132
starvstheforcesofevil,132
starvstheforcesofporn,132
starwarsbattlefront,132
starwarsgamers,132
steam,132
steam_controller,132
steam_giveaway,132
steam_link,132
steamaccountsforsale,132
steamanalyst,132
steambirdsalliance,132
steambot,132
steambox,132
steamcontroller,132
steamdeals,132
steamfind,132
steamgameswap,132
steamgiveaway,132
steamgiveaways,132
steamgreenlight,132
steamgrid,132
steamhelp,132
steamos,132
steamsaledetectives,132
steamscam,132
steamsupport,132
steamteamgreen,132
steamteampink,132
steamteampurple,132
steamteamred,132
steamteamwhite,132
steamtradelounge,132
steamvr,132
steamworlddig2,132
steejo,132
steep,132
stellachuu,132
stellaglow,132
stellaris,132
stellaris32,132
stellarisgame,132
stellarismods,132
stencils,132
stepmania,132
stevehuffman,132
stevenfallsovertime,132
stevenuniverse,132
stevenuniversecringe,132
stevenuniversejerk,132
stevenuniversetest,132
stevidot,132
stinkydicknickwang,132
stoneduniverse,132
stonehearth,132
stopdota2,132
stopgaming,132
storiesofrimworld,132
stormfeelers,132
storyshift,132
strawpeoplehate,132
streamtheater,132
streetfighter,132
streetfightercj,132
streetfighterex,132
streetfightermods,132
streetfightertech,132
streetfighterv,132
streetpassnetwork,132
strife,132
strifelinux,132
stringbean,132
stronghold,132
stunfisk,132
stupid,132
stupidnintendofans,132
suanalysis,132
subaddiction,132
subboxbst,132
subdreddit,132
subject617,132
subject_a119,132
submechanophobia,132
subombsquad,132
subredditname,132
subredditsmeet,132
subscriptionboxes,132
subtlegaben,132
subwife,132
suchsubreddit,132
sucringe,132
suddenlysoulcrushing,132
suddenlyspanish,132
suddenlytechsupport,132
suhiatus,132
suikoden,132
suitthecomic,132
summerlesson,132
summit1g,132
summonerswar,132
sunky,132
sunsetoverdrive,132
sunwetquotes,132
superbeardbros,132
supercombatsquadron,132
superdeluxe,132
superfriendsclub,132
supergiantgames,132
supergirl,132
superhexagon,132
superhot,132
superhotarg,132
superkaiju,132
supermariorun,132
supermariosunshine,132
supermarketsheikh,132
supermeatboy,132
supermegabaseball,132
superminecraftkid,132
supermonkeyball,132
supernito,132
supersmartgaming,132
supersmashbros,132
supersmashflash,132
superwackytictacs,132
support_group,132
supportplayers,132
supremestreammemeteam,132
supunhell,132
surgeonsimulator,132
surrealgifs,132
survarium,132
survivalgaming,132
survivalhorror,132
survivetheculling,132
survivetheforest,132
survivetogether,132
survivorgamez,132
survivorzero,132
svexchange,132
svg,132
svriders,132
sw404,132
swburnedangels,132
swedenonplace,132
sweepstake,132
sweguin,132
swg,132
swgemu,132
swguilds,132
swhuskers,132
switchacks,132
switchmasterrace,132
swood,132
swordcoast,132
swsapphire,132
swtor,132
swtor_groups,132
swtor_trade,132
swtorguilds,132
symmetramains,132
symmetry,132
sympatheticmonsters,132
synergiesmod,132
szymko307,132
t3hph1r3,132
t4rd,132
tabled,132
tableflippersanon,132
tabletopartists,132
tabletopgamedesign,132
tabletopgaymers,132
tabz,132
tacosanddragons,132
tacpodcast,132
tactera,132
tacticaladvance,132
tacticalgameplay,132
tacticshunter,132
taikonotatsujin,132
tailopez,132
takebackgravityfalls,132
takeshiscastle,132
taketv,132
tales,132
talescasual,132
talesoflink,132
talesofstarcitizen,132
talkshows,132
tampaesports,132
tamrielonline,132
tamrielscholarsguild,132
tankporn,132
tanks,132
tanksbeingbros,132
taraji,132
tarantino,132
tardnation,132
tarnation,132
tas,132
tatoegame,132
tayne,132
tboirule34,132
tbs,132
tcob,132
tcrf,132
tdl,132
teainfuser,132
team340,132
team_awesome,132
teamastersmafia,132
teamdignitas,132
teamfortress2,132
teamfortresstwox,132
teamfourstar,132
teamgamerfood,132
teamliquidcsgo,132
teamsecret,132
teamsolomid,132
teamspooky,132
tearofgrace,132
techcringe,132
techemergencyroom,132
technicaldiff,132
technicalfnaf,132
technogaianism,132
technologytrend,132
technostism,132
teddybeargenocide,132
teemohentai,132
tekken,132
teksyndicate,132
telegramstickersshare,132
telepresencetools,132
telltale,132
tempfnafofficial,132
templartips,132
tempoeloise,132
tenaciousd,132
tensorflow,132
teraonline,132
terracehouse,132
terraria,132
terrariaconsole,132
terrariaservers,132
terriblemetaphors,132
terroir,132
tes3mp,132
teslore,132
teso,132
tespa,132
testalliance,132
testbot,132
testgriffonramsey,132
testicles,132
testingforme123,132
testoutfit,132
testreddit1919,132
testsquadron,132
testsub94,132
textbookautist,132
texts,132
textventures,132
tf2,132
tf2_mythbusters,132
tf2asia,132
tf2circlejerk,132
tf2f2p,132
tf2fanfictionclub,132
tf2fashionadvice,132
tf2huds,132
tf2mapping,132
tf2practicalproblems,132
tf2scm,132
tf2scripts,132
tf2shitposterclub,132
tf2shitposterclublol,132
tf2shitpostrshitposts,132
tf2skins,132
tf2sprays,132
tf2trade,132
tf2weaponideas,132
tfcomp,132
tfgo,132
tflewd,132
tftb,132
thankstafarianism,132
thatcouldbeasub,132
thatgotdark,132
thatsarepost,132
thatusernamechecksout,132
the_division,132
the_gaben,132
the_garage,132
the_lambo,132
the_paul,132
the_realm,132
the_scoundrealm,132
the_shadow,132
thealdmeridominion,132
thealmightyloaf,132
thearbitrarygamejam,132
thearkmustflow,132
theartofwarfare,132
theattack,132
theauthorofthejournal,132
theavalanches,132
thebackdoor,132
thebaltics,132
thebehemoth,132
thebestraidgroupever,132
thebiglezshow,132
thebindingofisaac,132
theblackkeys,132
theblackvoid,132
thebluecorner,132
thebrainstorm,132
thebrothersofawesome,132
thechaiclub,132
thechapel,132
thechurchofrogers,132
thechurchofseven,132
thecinemassacre,132
thecompletionist,132
theconsolemasterrace,132
theconvoy,132
thecreatures,132
thecrowbarsnapsintwo,132
thecryptarchs,132
thedaa,132
thedaggerfallcovenant,132
theddguides,132
thedescendantsofrome,132
thedivision,132
thedivision_builds,132
thedivisionclans,132
thedivisiongrind,132
thedoop,132
thedrunktanks,132
theebonheartpact,132
theevilwithin,132
thefalloutdiaries,132
thefarleftside,132
thefestivalplaza,132
thefifthinternational,132
thefinalclean,132
thefivepercent,132
theflopshire,132
theforgettabledungeon,132
thefourthfallout,132
thefreddyawards,132
thegameofthronesgame,132
thegdstudio,132
thegreatblackhole,132
theguessinggame,132
thehardtacos2,132
thehearth,132
thehidden,132
thehunterprimal,132
theideasofisaac,132
theitalyplace,132
thejinx,132
thejoint,132
thekazans,132
thekillers,132
thelastairbender,132
thelastleviathan,132
thelastofus,132
thelastofusfactions,132
theleft,132
thelegendarystarfy,132
thelegionofboom,132
thelivinglegends,132
thelongestjourney,132
thelossantosaliens,132
thelostvikings,132
theloudhouse,132
themakingofgames,132
themapleleafmilitia,132
themartian,132
themeparkitect,132
themmoshow,132
themoddingofisaac,132
themsfightinherds,132
thenewwaytoplay,132
thenextera,132
thenotoriousdivision,132
theoculusrift,132
theofficialpodcast,132
theoldballcoach,132
theordergame,132
theorycraft,132
theotherroom,132
thepinkbird,132
theplayroom,132
thepointing,132
thepriceisright,132
therealmofmianite,132
theremake,132
therepopulation,132
thererollers,132
therian,132
thesacredorder,132
thesaltysplatoon,132
thesansdefensesquad,132
thescentofmother,132
thescottcawthonsub,132
thescriveners,132
thesecretworld,132
theserbking,132
thesims,132
thesimsbuilding,132
thesimscc,132
thesimscontests,132
theslashering,132
thesmashbrosmovie,132
thesmithplays,132
thesolusproject,132
thespoonyexperiment,132
thesquadonpoint,132
thestompingland,132
thesuperdeacon,132
theswoodcorner,132
thetechnomancer,132
thetribunal,132
theunseen,132
theunsungstory,132
thevoidrevamped,132
thewalkingdeadgame,132
thewarz,132
thewavegamers,132
thewildstatuehunt,132
thewitness,132
theworldofalmeria,132
theydidtheevs,132
theydidtheprogramming,132
theyguessedthemath,132
theyoshiresource,132
thief,132
thingsforandroid,132
thingsl4mbknows,132
thingssacrixlikes,132
thingsthatdidnthappen,132
thingsthatimadeup,132
thinkingportals,132
thiosk,132
thisisfuckedup,132
thisisjimmy,132
thisismylifemeow,132
thisismysubredditonly,132
thisisthewayitwillbe,132
thisiswar,132
thisiswhyredditsucks,132
thiswarofmine,132
thooorin,132
thorgf,132
thps,132
threecardblind,132
threejs,132
threekingdoms,132
thriftythread,132
thrillsleep,132
thrive,132
thuglife,132
thugpro,132
thunderword,132
ti5network,132
ti5ticket,132
tiangge,132
tichpresident,132
tiger102rpcharacters,132
tigercub420,132
tighemyshoe,132
tightpussy,132
tilesets,132
tilr_is_god,132
tiltbrush,132
timanderic,132
timelapsesofplace,132
timezonesimplifier,132
timmytonka,132
timroth,132
tinetwork,132
tinylips,132
tinytowervegas,132
tinywrit,132
tipofmyjoystick,132
tipofmysong,132
tipworldy,132
titanfall,132
titanfall_2_,132
titanfall_x1,132
titanfallcodes,132
titanfallguides,132
titanfallpug,132
titanomachy,132
titenic,132
titlegore,132
titstouchingtits,132
titties,132
tlobenefits,132
tlozbotw,132
tmartn,132
tmsfe,132
tnar,132
toa,132
today_i_,132
todd,132
tokubst,132
tombraider,132
tome4,132
tomodachilife,132
tomorrow,132
tomorrowchildrenps4,132
tonga,132
toolazy,132
toomuchcontext,132
toonlinkmains,132
topcelebstuff,132
topedit,132
topfilms,132
topkek,132
topkekgaming,132
toptierhots,132
torchlight,132
torpedobeat,132
totalannihilation,132
totalbiscuitinaction,132
totallyhumans,132
totalmemes,132
totalwar,132
totalwararena,132
totalwarhammer,132
totoro,132
touhou,132
touhou_nsfw,132
touhoumusic,132
toukiden,132
tournaments,132
tovg,132
towerclimb,132
towerdefense,132
towerfall,132
towerghostfordestiny,132
towgaming,132
townofcirclejerk,132
townofsalemgame,132
townofsaltem,132
toxikk,132
toyfreddy,132
tppkappa,132
tppleague,132
tppleaguebros,132
tppthegame,132
tpptradingcardgame,132
tprp,132
tr4shbros,132
trackmania,132
trackobot,132
tractor_trailers,132
traditionalmariomaker,132
trahearnejokes,132
trainfever,132
trainsim,132
trainsimworld,132
transgamers,132
transgamersgw2,132
transistor,132
transprogrammer,132
travelersnetflixshow,132
treasureplanet,132
tresebrothers,132
trialsgames,132
tribecalledvex,132
tribes,132
tribes1,132
trinusvr,132
tripletriadmobile,132
trojantrolls,132
trollabot,132
trollstationone,132
trollxgirlgamers,132
trollxminecraft,132
tron,132
trophies,132
tropico,132
troublewithreality,132
trprison,132
trucksim,132
truebf,132
trueconnery,132
truedota2,132
truegamedev,132
truegaming,132
trueinvesting,132
truepokemon,132
truepokemongiveaway,132
truerespect,132
truesteve,132
truestl,132
truetf2,132
truethebutton,132
truezelda,132
trymyiosapp,132
ts4challenges,132
tsushinyforyou,132
tsvhatching,132
tubersim,132
tubersimulator,132
tuetonic,132
tumblrisleaking,132
tunatogo,132
tupperwareremixparty,132
turbografx,132
turbohud,132
turnbased,132
tutorials,132
twennywunpilots,132
twentytickmyass,132
twewy,132
twilight,132
twilightdefense,132
twilightzone,132
twinegames,132
twingetv,132
twinh3arts,132
twistedmetal,132
twitaaa,132
twitch,132
twitchcirclejerk,132
twitchdatespokemon,132
twitchgonewild,132
twitchplaysdark,132
twitchplayspokemon,132
twitchplayspolitics,132
twitchtv,132
twobestfriends,132
twobestfriendsplay,132
twostepsfromhell,132
twoworlds,132
tycoon,132
tylertexas,132
tylertx,132
typicaltownies,132
tyrannygame,132
ubisoft,132
uci,132
udk,132
ue4devs,132
ufs,132
ujsmashcirclejerk,132
ukdota,132
ukesportshub,132
ukgames,132
ukgaming,132
ukgaymers,132
ukrainianwar,132
ulmgonewild,132
ultimaonline,132
ultimategamer,132
ultrawidemasterrace,132
umcu,132
uncharted,132
unchartedgifs,132
undelete_rbtv,132
underemotes,132
underfnaf,132
undermemes,132
underminers,132
undermodders,132
underproved,132
underpuff,132
underratednintendo,132
understuck,132
undertale,132
undertale_aus,132
undertaleaus,132
undertalecringe,132
undertalelp,132
undertalemusic,132
undertaleshamchats,132
undertaleshitposts,132
undertem,132
undertoad,132
undertunes,132
underturdfanart,132
uneasyalliance,132
unescape,132
unexpecteddaftpunk,132
unexpecteddestiny,132
unexpecteddune,132
unexpectedeminem,132
unexpectedevanescence,132
unexpectedexpected,132
unexpectedfactorial,132
unexpectedfatherted,132
unexpectedhearthstone,132
unexpectedheresy,132
unexpectedhomestuck,132
unexpectedjohndies,132
unexpectedjojo,132
unexpectedkoolaidman,132
unexpectedmetallica,132
unexpectedmontypython,132
unexpectedprompts,132
unexpectedredvsblue,132
unexpectedsabaton,132
unexpectedseanmurray,132
unexpectedtf2,132
unexpectedundertale,132
unexpectedwot,132
unexpectedyoggscast,132
unexpectedyogscast,132
unfittingundertale,132
uniformporn,132
unitale,132
unitedairlinesmemes,132
unity,132
unity2d,132
unity3d,132
unityassets,132
universalorlando,132
unkarmanaut,132
unlockedthread,132
unlovedgame,132
unofficialhalo5,132
unplayatale,132
unrealengine,132
unrealtournament,132
unreleasedgames,132
unsolvedmurders,132
unstablegames,132
untrustworthypoptarts,132
unturned,132
unturnedbuilders,132
unturnedbuzz,132
unturnedcribs,132
unturnedmarket,132
unturnedshitposts,132
unturnedstories,132
uofm,132
uofreeshards,132
uosecondage,132
uplay,132
upscaled,132
upvote,132
upvotedbecausecircle,132
upvotedbecuzfappable,132
upvoteexeggutor,132
upwork,132
url,132
usaplace,132
uscellular,132
uselesssuperpowers,132
user_simulator,132
userproduced,132
usf4training,132
ushulanor,132
usingsubsashashtags,132
utt,132
utterpirates,132
v2sd,132
vac_porn,132
vaccening,132
vaccermasterrace,132
vacporn,132
vainglory,132
vainglorygame,132
vaingloryguildhall,132
vaingloryleaks,132
vainglorypro,132
vala,132
valkyrie,132
valtroidsmom,132
valve,132
valveapologists,132
valveemails,132
valvegonewild,132
valvehate,132
valvenewsnetwork,132
vampyr,132
vandiestudios,132
vangerd,132
vape_deals,132
vapegiveaway,132
vectrex,132
vegassmash,132
velvet_room,132
verdun,132
verdungame,132
verlisify,132
vermintide,132
vermintidemods,132
veronicabelmont,132
vesprway,132
veterinarian,132
vfchomem,132
vgcovers,132
vghs,132
vgmvinyl,132
vgopodcast,132
vgstreams,132
vic2mod,132
vic2mp,132
vic2mps,132
victor_vran,132
victoria2,132
victoryark,132
videoball,132
videogameanalysis,132
videogameattorney,132
videogamedealscanada,132
videogamedunkey,132
videogameiama,132
videogames,132
videogamescience,132
videojuegos,132
vidme,132
vikingstv,132
villagersandheroes,132
viln,132
vindictus,132
vindiesel,132
vinesauce,132
vinewoodlocos,132
vinyltoys,132
viola,132
virp,132
virtual_reality,132
virtualboy,132
virtualdesktop,132
virtuality,132
virtualnsfw,132
virtualreality,132
virtualreality_linux,132
virtualrealityphoto,132
virtualvacations,132
virtuix,132
virzoom,132
visualeffectsnews,132
visualization,132
vita,132
vitaencyclopedia,132
vitagamenight,132
vitahacks,132
vitapiracy,132
vitathemes,132
vitatv,132
vivahappy,132
vive,132
vivecirclejerk,132
vivemasterrace,132
vivesupport,132
vivillon,132
vlc,132
vmulti,132
voiceactingformods,132
voicework,132
volumegame,132
voocsgo,132
vorpx,132
votetrumpyouloser,132
voxel,132
voxels,132
vr4gamers,132
vr_apps,132
vr_casualties,132
vr_porn_secretsex,132
vranime,132
vrbombing,132
vrchat,132
vrcirclejerk,132
vrcockpits,132
vrdev,132
vrdissociation,132
vrfail,132
vrfilm,132
vrgamedeals,132
vrgaming,132
vridge,132
vrmmo,132
vrmobile,132
vrplugins,132
vrpolska,132
vrporner,132
vrpornhub,132
vrpornix,132
vrpornreviews,132
vrpornstash,132
vrprops,132
vrresearch,132
vrsex,132
vrsites,132
vrtesting,132
vrui,132
vrwaifu,132
vulfpeckfleets,132
vulkan,132
vulkanmasterrace,132
w368,132
w385,132
wackytictacs,132
walkers,132
walkingwarrobots,132
wallpaperdump,132
wallpaperrequests,132
wallpapers,132
walmart,132
walmartlogistics,132
waluigithyme,132
war_memes,132
warbringerpvp,132
warcraft,132
warcraft3,132
warcraft4,132
warcraftdadjokes,132
warcraftlore,132
warcraftmovie,132
warcraftrogues,132
warframe,132
warframeclanrecruit,132
warframepvp,132
warframerunway,132
warinspace,132
warofomens,132
warsimrpg,132
warsow,132
warthunder,132
warthunderrddtwing,132
warthunderskins,132
wartrade,132
wartree,132
washingtonamiibo,132
wasteland,132
wasteland2,132
wasteland_3,132
wastelandweekend,132
wat,132
watch_dogs,132
watchdogs,132
watchdogsvideogame,132
watchingphoequinox,132
watchmeidie,132
watchtheskies,132
watersonps2,132
wayfarerspub,132
wayofsteel,132
waywardsouls,132
wc3,132
weareoverwatch,132
wearethe37percent,132
weaselsserver,132
weatherfactory,132
webarebears,132
webgames,132
webgl,132
webkid,132
webvr,132
weeklydesign,132
wegmans,132
wegottrouble,132
welcometofreddys,132
welikedota,132
wellactually,132
werealive,132
werewolveswithin,132
wesisafaggot,132
wethebest,132
whatitdoeswell,132
whatthefanfic,132
wheelandsail,132
whenishl3,132
whiteboarddrawings,132
whocares,132
whoelsebutantonio,132
whogivesashit,132
whoissombra,132
wholesomeemblem,132
wholesomegames,132
wholesomemes,132
wholesomepcmr,132
whowontheargument,132
whowouldgowild,132
whyamistillhere,132
whydidtheydothemath,132
whyidownvoted,132
whyihatethefrontpage,132
whyistoppedtrading,132
whywasidownvoted,132
wibblemanjensen,132
wideasfcuk,132
widescreengaming,132
wii,132
wiihacks,132
wiiu,132
wiiudeals,132
wiiuhacks,132
wiiupiracy,132
wikipedians,132
wildhearthstone,132
wildhs,132
wildlands,132
wildlandsmovies,132
wildpokemon,132
wildstar,132
wildstarbuilds,132
wildstareconomy,132
wildstarhousing,132
wildstaronline,132
willitintelhd,132
wilnyl,132
winak,132
winavs,132
windows1984,132
windwakerselfies,132
windward,132
wine_gaming,132
winehq,132
wingdingrecords,132
wingdings,132
winmatardot,132
winningsmile,132
winstonmains,132
wintergaming,132
winternals,132
witcher,132
witcher3circlejerk,132
witcher3mods,132
witchhunt,132
wittgenstein,132
wogprdt,132
wolfenstein,132
wolololhakim,132
womp,132
wonderful72pike,132
wonderswan,132
wondertrade,132
woodenpotatoes,132
woodmanps2,132
woofimactionbabywatch,132
wordofblake,132
wordsnshit,132
worldofnintendo,132
worldofnintendoswap,132
worldofpvp,132
worldoftanks,132
worldoftanksconsole,132
worldoftanksxbox,132
worldofwarships,132
worldpowers,132
worldwartoons,132
worldwarwii,132
wormbro,132
wormholers,132
wotcirclejerk,132
wotgenerals,132
wotofficerhunt,132
wotrddtw,132
wotsea,132
wotsits,132
wow,132
wowaddons,132
woward,132
wowbot,132
wowcirclejerk,132
wowdreamers,132
woweconomy,132
wowftb,132
wowguilds,132
wowisagoodgame,132
wowmeta,132
wownoob,132
wownostalgia,132
wowraf,132
wowraiding,132
wowroleplay,132
wowscirclejerk,132
wowstrat,132
wowstreams,132
wowui,132
wp_nwi,132
wpaustriahungary,132
wpismash,132
wreckedrdt,132
wrel,132
writingghost,132
wsguilds,132
wsmedics,132
wtfrontier,132
wttg,132
wutface,132
ww2,132
ww2games,132
wwii,132
wwiicod,132
wyk,132
xandantestscss,132
xbox,132
xbox360,132
xbox360gamenight,132
xbox360gtav,132
xbox_jp,132
xbox_one_s,132
xboxahoy,132
xboxbadabing,132
xboxbc,132
xboxdesignlab,132
xboxfitness,132
xboxhatemail,132
xboxlive,132
xboxlivegold,132
xboxliveisdown,132
xboxone,132
xboxonegamers,132
xboxonehelp,132
xboxpreview,132
xboxsmite,132
xboxthemes,132
xcom,132
xcom2,132
xcom2mods,132
xcomaudiodrama,132
xcombarracks,132
xddd,132
xdev,132
xdfp,132
xdk,132
xenimus,132
xenoblade_chronicles,132
xenogears,132
xetu,132
xfire,132
ximmerse,132
xingtian,132
xofpatriot,132
xpwasteclan,132
xtactics,132
xuteris,132
xxketo,132
xxxcheckmate,132
xxxcosplaymale,132
xxxgames,132
xxxvr,132
xxxvrsites,132
yaboyguzima,132
yakima,132
yakuzagames,132
yandere_simulator,132
yanetgarcia,132
yaoi,132
yardsale,132
yasohigh,132
yeero,132
yggdrasill,132
yiffcomics,132
ymtourney,132
ynotspride,132
yodagreenboys,132
yokaiwatch,132
yookalaylee,132
yoshimains,132
youkai_watch,132
youkaiwatch,132
youknowmeonsmokenice,132
youmakethegame,132
youmu,132
younglinkmains,132
youngporn,132
youreamodtoo,132
youreonalistnow,132
yourmom,132
youtube_fun,132
youtubegamers,132
youtubegaming,132
youtubegamingdev,132
youtubelounge,132
ypp,132
yrtuj,132
yumenikki,132
yuruyuri,132
z_quinn,132
zackisthebestpa,132
zaeedfacts,132
zanzibarunion,132
zarya,132
zaryamains,132
zebramonkeys,132
zelda,132
zeldaconspiracies,132
zeldamains,132
zeldaoot,132
zelfies,132
zenocidegenius,132
zenyattamains,132
zerocarb,132
zeropunctuation,132
zerostyle,132
zerosuitsamusmains,132
zeusmasterrace,132
zilea,132
zing,132
zingelements,132
zoequinnfacts,132
zoids,132
zombiespartyup,132
zombieunicorn,132
zubrepublic,132
scamcoin,133
vancoin,133
fuckfronter,134
shitpolandballsays,135
lightworks,136
thesteelwarrior,137
lexico,138
thevinneris,139
scamalertteam,140
midwives,141
avegantglyph,142
privilegeparty,143
bitcoin4games,144
vapercraft,145
lacqueristas,146
cookieclan,147
audiocritic,148
vague_man,149
jewboyconspiracy,150
starcraft2arcade,151
pro99,152
slenteng03,152
noneofyourbusiness,153
kawaii,154
maidcafes,154
theinstance,155
slenteng05,156
slenteng08,156
bl2guns,157
edping,158
gta5online,159
0x02,160
13thage,160
15mmscifi,160
18xx,160
1_stormageddon_1,160
1d6adventurers,160
2016,160
250words,160
2spooky4me,160
30press,160
357,160
3d6,160
3dprintedtabletop,160
3spooky5me,160
40klore,160
40korkscience,160
40krpg,160
40kwip,160
52book,160
7thsea,160
9m9h9e9,160
abzanmtg,160
accidentalmaps,160
acslb,160
actualplayrpg,160
adam,160
adcas,160
adlg,160
admiralcloudberg,160
adnd,160
adorableart,160
advancedsquadleader,160
adventurelookup,160
adventureplayers,160
adventurersleague,160
affinityforartifacts,160
afmbe,160
afterthecredits,160
ageofsigmar,160
ageofsteam,160
agotboardgame,160
aih,160
ajvar,160
alangoodtime,160
alctechgroup,160
alete,160
alex,160
alexanderwales,160
alexjerk,160
alexurwin,160
alienaliensworld,160
alignmentdebates,160
almanacofhorrors,160
altcomix,160
althistory,160
amazonprime,160
ambiguousart,160
amphicoelias,160
annaiswriting,160
anon_ops,160
anonymorus,160
antonscheller,160
anubians,160
anythinggoesblog,160
anythinggoesultimate,160
apocalympicsrio,160
apocalypseworld,160
aprilfools,160
arcadiaquest,160
arcaldwell,160
architectureporn,160
areyoudeafbot,160
arkhamhorror,160
arkhamhorrorlcg,160
art,160
artbuddy,160
artcrit,160
arthistory,160
arthistorycirclejerk,160
artistichelp,160
artistlounge,160
artistspeakeasy,160
artlessons,160
artnouveau,160
artquest,160
asimov,160
askaparapsychologist,160
askgamemasters,160
astrobiology,160
atheismhumor,160
atlantagaming,160
atomgraywrites,160
attackwing,160
attheorytimewrites,160
audible,160
audiobooks,160
aurochdigitalgtn,160
aurorateagarden,160
awertz23,160
awfulthoughts,160
babylon5,160
backtothefuture,160
baconmoontwist,160
badagriculture,160
badmtgcombos,160
badtvshowideas,160
banditswrite,160
bandnames,160
baronsyndicate,160
basementboardgames,160
basketry,160
battlefleetgothic,160
battlemaps,160
beastdrawing,160
beavers,160
beermoneyaus,160
beingeverythingelse,160
bensterriblefate,160
benzomere,160
bestofamazonprime,160
bestofhomedeals,160
bestofwritingprompts,160
bettermentbookclub,160
bexwrites,160
beyonce,160
bgtraders,160
bhoporn,160
bigh,160
biodiversity,160
birdsforscale,160
birdsthatscale,160
birthdayexchange,160
birthdaynotes,160
blackadder,160
blackwidow,160
bladesinthedark,160
bloggershelp,160
blogsnark,160
bloodbowl,160
blueoystercult,160
bluescreenofdeath,160
boardgamecafe,160
boardgamecons,160
boardgamedeals,160
boardgameexchange,160
boardgameindustry,160
boardgamepublishing,160
boardgames,160
boardgamesales,160
boardgamesauckland,160
boh5e,160
boojum,160
bookclub,160
bookcollecting,160
bookexchange,160
bookguys,160
bookies,160
bookpromotion,160
bookquotes,160
books,160
booksbanned,160
bookscirclejerk,160
booksuggestions,160
bookswitch,160
bootlegmtg,160
boss,160
bowdoin,160
boydboyd,160
boyinaband,160
bpps,160
brandonsanderson,160
brandperic,160
brattykids,160
brattyparents,160
braunschweig,160
braunschweigesports,160
bttf,160
budgetdecks,160
builders,160
buildingthebridge,160
burningwheel,160
byeka,160
calebdoeswords,160
callofcthulhu,160
camstorm,160
canadapoliticshumour,160
canadianyoutubers,160
cannotfindanamee,160
cannotintosubreddit,160
cantgetnowhere,160
capesandcowls,160
capitalpunishment,160
carcassonne,160
cardmaking,160
cardsphere,160
caseh1984,160
casualminecrafting,160
casualmtg,160
casualwizard,160
casusevtest,160
catan,160
catherinesreality,160
cauldron,160
cbc_radio,160
cbldemocraciv,160
cerily,160
cgpgrey2,160
chainsawwarrior,160
changestorms,160
characterdevelopment,160
characterdrawing,160
characterforge,160
chengdurpg,160
chinabookclub,160
chipelago,160
chomskybookclub,160
christianhumor,160
christmascreepy,160
chronologydivision,160
churchofgundog,160
circlebroken,160
citadel,160
citn,160
civilizationsim,160
civlabour,160
classicalmemes,160
classicdnd,160
clever_motherfucker,160
cloudrap,160
clovetree,160
cockatrice,160
colmawrites,160
colormygrandpa,160
colorpie,160
comicpop,160
comicscompete,160
commercialart,160
companion_prose,160
competitiveedh,160
computerhelp,160
conceptart,160
conglomera,160
convocesstories,160
coolmtgdecks,160
copaamerica,160
cormacmccarthy,160
cosmere,160
cosmicspellingerrors,160
crackingthespinepod,160
crafts,160
createthisworld,160
creativegardening,160
creepypasta,160
creepyreadings,160
cricut,160
crimsonfists,160
crimsonwrites,160
crowjerk,160
crumby,160
cryosleep,160
cryptomancer,160
cryx,160
cuberpunk,160
culturebroke,160
cupertino,160
customconversions,160
customedh,160
cwall81,160
cxmplxplura,160
cyberdeck,160
cyberpunk,160
cyberpunk2020,160
cyberpunk_fiction,160
cyberpunk_stories,160
cyberpunkclothing,160
cyberpunkreality,160
cybrcast,160
cyphersystem,160
cyriss,160
damngoodfantasynovels,160
danglingmodifiers,160
daniell61,160
dankantimatter,160
darkfuture,160
darkheresy,160
darklyn,160
darksun,160
darktales,160
darrenshan,160
datingoverthirty,160
davesworld,160
david,160
david_mitchell,160
dawnofwar,160
dawnofwariii,160
dawnpowers,160
dccrpg,160
dcfu,160
dcsocialclub,160
deadlands,160
deadofwinter,160
deathandtaxesmtg,160
deathpenalty,160
decomprosed,160
delicioustraps,160
democraciv,160
democracivlegislature,160
demons,160
derrylondonderry,160
describecolors,160
destinyfashion,160
destructivereaders,160
devtechtips,160
deythbhorrorclub,160
dfwgaming,160
dice,160
dicemasters,160
diceporn,160
diceswap,160
digitalarts,160
digitalhistory,160
digitalhumanities,160
digitalpainting,160
digitalperdition,160
digitaltabletop,160
dioramas,160
diy_crafts,160
dm_famoushippopotamus,160
dmacademy,160
dmbuce,160
dmdadjokes,160
dmtoolbox,160
dnd,160
dnd5e,160
dnd5th,160
dndadvsys,160
dndbehindthescreen,160
dndbeyondthescreen,160
dndcontinent,160
dndfrugal,160
dndgreentext,160
dndhomebrew,160
dndhorrorstories,160
dndnext,160
dndnow,160
dndproblems,160
dndshowerthoughts,160
dndthreshold,160
dndtools,160
dogbedogs,160
dollhouse,160
dominion,160
doomtown,160
dori_tales,160
dortonianmyth,160
doverhawk,160
dr_coxian,160
drabblerousers,160
dragonagerpg,160
dragonfall,160
dragonwarsrising,160
drawing,160
drawingschool,160
drawit,160
drawyourweapons,160
draxagon,160
drcreepensvault,160
dreadrpg,160
dredge,160
dresdenfilesrpg,160
drewbiie,160
drizzt,160
drmehmed,160
dropzonecommander,160
dualboxing,160
duelyst,160
dundunduuuun,160
dungeonmasters,160
dungeonprompt,160
dungeons_and_dragons,160
dungeonsanddragons,160
dungeonsdragonsnight,160
dungeonworld,160
dustin,160
dusttactics,160
dwaitas,160
dwmcalileyauthor,160
eastsideedh,160
easyroleplay,160
eberron,160
ebook,160
ebookdeals,160
ebooks,160
ebooksyoulike,160
eclipsebg,160
eclipsephase,160
ecovent,160
edh,160
ediblebricks,160
eelkat,160
eggsmtg,160
ekphrasis,160
elantris,160
eldar,160
eldrazimtg,160
eldritchhorror,160
elianscript,160
elvesmtg,160
englishfreepress,160
enterriso,160
epiccardgame,160
erectilereptile,160
erfworld,160
erotichypnosis,160
eroticroleplay,160
escher,160
ethan,160
europowers,160
evoarchive,160
evodiscussions,160
evogames,160
exalted,160
exampleprime,160
expanddong,160
experiment7,160
extremecreepy,160
fables,160
facebookpages,160
factionsofthehelm,160
faithrpg,160
falsealchemy,160
fanstands,160
fantasticbrick,160
fantasy,160
fantasy_bookclub,160
fantasyage,160
fantasycirclejerk,160
fantasygrounds,160
fantasytest2,160
fantasywriters,160
fantasywriting,160
faterpg,160
favor,160
favors,160
felixcastor,160
feyedharkonnen,160
fiftyshadesofgrey,160
fiftythousandorless,160
finalfantasyx,160
findagame,160
findapodcast,160
fireflyrpg,160
firstimpression,160
fishmtg,160
fjorn,160
flamesofwar,160
flashbackrpg,160
fliclit,160
floorgames,160
foamcore,160
foamcoreadvice,160
foilmtg,160
forbiddenstars,160
forgotten_realms,160
forgottenbookmarks,160
formerfutureauthor,160
fosterthepeople,160
fowtcg,160
fractal_death,160
fraggedempire,160
frankenstein,160
freewrite,160
freewritedaily,160
fringly,160
frisson,160
frisson_mirror,160
frontpages,160
frostgrave,160
frugallearning,160
frugaltalk,160
fuck2016,160
fuck2k17,160
fuckdavidking,160
fudgerpg,160
funwithwords,160
furryartschool,160
futarp,160
futharkgenerator,160
gagg,160
galacollider,160
galacticsenate,160
galacticsenatemeta,160
gameclassy,160
gamemasters,160
gameofthronesrp,160
gameshowerthoughts,160
gamesworkshopvg,160
gametales,160
gammaworld,160
ganoltirproject,160
gatineau,160
gear,160
geb,160
geekandsundry,160
geekcrafts,160
geekway,160
geelong,160
gencon,160
genewolfe,160
gentlemanbastards,160
geographica,160
geojerk,160
getpaidbootcamp,160
ggplay,160
ghost_in_the_shell,160
ghost_write_the_whip,160
ghotioninabarrel,160
giftcodes,160
giftedconversation,160
gifts,160
giftsidea,160
giftwallet,160
girlsgonewildshape,160
gitrog,160
gkchesterton,160
glimwarden,160
gloomhaven,160
glorantha,160
gnosticism,160
gnupg,160
goblinism,160
goblinsmtg,160
godsfall,160
goldreaper,160
gonecivil,160
gotrpcommunity,160
gotrpwhatif,160
goya,160
grandpajoehate,160
grapefruitwriting,160
greatmantisshrimp,160
greyhero2005,160
grimdank,160
groundfighterwrites,160
guardiansofdestiny,160
guro,160
gurps,160
guygavrielkay,160
gwspecialistgames,160
gwusbdhdu,160
hailcorporategold,160
hallowdinelibrary,160
halowenjo,160
hampan,160
handmademarket,160
happynewyear,160
hardas,160
harrisonprince,160
harry_potter,160
harryprompter,160
hayongnosleep,160
heav3nly,160
heavymind,160
hellsing,160
helpdesk,160
heroclix,160
heroquest,160
heroscape,160
hexandcounter,160
hextcg,160
heycomevisitoursub,160
hfnovels,160
hfy,160
hfybeta,160
hikikomori,160
hiphop101,160
hireawriter,160
hirstarts,160
hobbies,160
hodculturalevolution,160
hodmandod,160
houseofleaves,160
howwerollpodcast,160
hpfanfiction,160
hpmor,160
hpmorbrainstorm,160
hubchargen,160
humorousfakesubreddit,160
hyperrpg,160
hypnosis,160
iamafiction,160
iamaworld,160
icosahedronjerk,160
idap,160
idreamofdragons,160
ifeelpretty,160
iguanadonseverywhere,160
illustration,160
ilokit,160
imaginary_stories,160
imaginaryaetherpunk,160
imaginaryaliens,160
imaginaryanimals,160
imaginaryanime,160
imaginaryaperture,160
imaginaryarchers,160
imaginaryassassins,160
imaginaryastronauts,160
imaginaryazeroth,160
imaginarybakerst,160
imaginarybeasts,160
imaginarybehemoths,160
imaginarybeingderps,160
imaginaryboners,160
imaginarybooks,160
imaginarycastles,160
imaginarycharacters,160
imaginarycityscapes,160
imaginaryclerics,160
imaginarycosmere,160
imaginarycowboys,160
imaginarycyberpunk,160
imaginarycybertron,160
imaginarydc,160
imaginaryelementals,160
imaginaryelves,160
imaginaryfallout,160
imaginaryfeels,160
imaginaryfood,160
imaginaryfuturewar,160
imaginarygaming,160
imaginaryglaciers,160
imaginarygotham,160
imaginaryhogwarts,160
imaginaryhorrors,160
imaginaryhumans,160
imaginaryjack,160
imaginaryjerk,160
imaginaryknights,160
imaginarylandscapes,160
imaginaryleviathans,160
imaginarymiddleearth,160
imaginarymindscapes,160
imaginarymonsters,160
imaginarymonuments,160
imaginarymutants,160
imaginarynarnia,160
imaginarynatives,160
imaginarynetwork,160
imaginarynewnewyork,160
imaginarynightscapes,160
imaginaryninjas,160
imaginarynobles,160
imaginaryoldkingdom,160
imaginaryooo,160
imaginaryorcs,160
imaginarypathways,160
imaginarypirates,160
imaginaryportals,160
imaginaryrobotics,160
imaginarysanctuary,160
imaginarysoldiers,160
imaginaryspidey,160
imaginaryspirits,160
imaginarystarcraft,160
imaginarystarscapes,160
imaginarystarships,160
imaginarystories,160
imaginarysunnydale,160
imaginarytamriel,160
imaginarytrees,160
imaginaryundead,160
imaginaryvampires,160
imaginarywalls,160
imaginarywarhammer,160
imaginarywarriors,160
imaginaryweaponry,160
imaginarywerewolves,160
imaginarywinterscapes,160
imaginarywitches,160
imaginarywizards,160
imaginarywtf,160
imagineddialogue,160
imchrishansen_,160
impactgamingcommunity,160
imperialassaulttmg,160
infect,160
infinitediscussion,160
infinitelimits,160
infinitybook,160
infinitythegame,160
inkarnate,160
intotheslushpile,160
iphone10,160
irishpersonage,160
ironthronepowers,160
isea,160
isocialize,160
itanshi,160
iteration110cradle,160
itmejp,160
iwassurprisedtoo,160
jacksonwrites,160
jakethesnakebakecake,160
jaksim,160
jamaica,160
janeausten,160
janeites,160
janjiraproject,160
japanesecinema,160
jeff,160
jhdierking,160
jhereg,160
john,160
johnnys,160
johnringo,160
josemfb,160
journeysinthedark,160
joyfulmoments,160
juliancaesar,160
juliansanmiguel,160
jumpchain,160
jumpers,160
junweithele,160
just_tulpas,160
justapaddy,160
justfinishedreading,160
justpoetry,160
kbptl,160
keepwriting,160
keniluck,160
kerbalacademy,160
kerrimawrites,160
khador,160
kierra,160
kikpals,160
kiljoysglyphs,160
killersealion,160
kindlebooks,160
kindleebooks,160
kingkillerchronicle,160
kingsofwar,160
kj6bwb,160
kodiakanorak,160
koibu,160
kooldawgstar,160
koyoteelaughter,160
kpopfanfiction,160
krimjacob,160
krosmaster,160
kwaderno,160
l5r,160
landofdustandthunder,160
lanternmtg,160
lastunicorn,160
lateanon,160
lavaspike,160
lcc_stars,160
learnart,160
learntodraw,160
legitimatelydeep,160
leoduhvinci,160
lesswronglounge,160
letsdub,160
letsreadabook,160
letsreadabook2,160
leventnoir,160
lewiscarroll,160
lexilogical,160
lfg,160
libraries,160
librarydisplays,160
libraryofshadows,160
libraryofshadowsooc,160
librascientia,160
libros,160
lichsloonyleagues,160
lifeinapost,160
lifeofchadthundercock,160
liferpg,160
lilybard,160
liquidsky,160
lobdir,160
lollerkeet,160
lordoftherings,160
loremasters,160
lotrlcg,160
lotro,160
lovecraft,160
lrcast,160
luna_lovewell,160
lykaiaquinn,160
macabrerotica,160
macrame,160
maddmikehorror,160
madlintelf,160
magicbuilding,160
magiccardpulls,160
magicdeckbuilding,160
magicduels,160
magicgathering,160
magictcg,160
magictcgaccessories,160
magictcgcirclejerk,160
magicthecirclejerking,160
magicthespeculating,160
magination,160
maisieklaassen,160
majesticasfuck,160
majorparadox,160
makeyourchoice,160
malifaux,160
mammalians,160
maneatingcatfish,160
manlyasfuck,160
mansionsofmadness2e,160
mantic,160
mapmaking,160
maptoglobe,160
mardumtg,160
marianae,160
marklawrence,160
marsargo,160
mashups,160
masterlegend,160
masterpiececaptions,160
mathreddit,160
mattcolville,160
mattsmiley,160
maybemadi,160
mchrisbenner,160
megadungeon,160
meierlawuniversity,160
memechestercouncil,160
mentisology,160
metaboardgames,160
metamtcj,160
metatow,160
metro2033,160
metrolastlight,160
michaeljsullivan,160
michaelphelps,160
michaelwhitehouse,160
micmea1,160
microscoperpg,160
middleearthminiatures,160
middleearthvagabonds,160
midnighttexas,160
mignolaverse,160
mikeyknutson,160
mildlyawesome,160
mildyinfuriating,160
militarystories,160
millbee,160
minimalwallpaper,160
minipainting,160
miniswap,160
mishlerwestmarch,160
mistborn,160
mistbornrpg,160
mobilegames,160
modelcars,160
modelmakers,160
modernjund,160
modernmagic,160
moderntwin,160
modernurx,160
mokaonly,160
monkeydjinbetheclown,160
monoutron,160
monsteraday,160
mordheim,160
mostpointlesssub,160
mothergrues,160
motorcycle_model_kits,160
mouseguard,160
moxchange,160
mozambique,160
mrm106spring2014,160
mrmenlittlemiss,160
mspaintbattles,160
mspchow,160
mtgaltered,160
mtgarena,160
mtgbattlebox,160
mtgbracket,160
mtgcheerios,160
mtgcube,160
mtgdredge,160
mtgeternal,160
mtgfinance,160
mtgfinancirclejerk,160
mtgfrontier,160
mtggore,160
mtghighlander,160
mtgjudge,160
mtglegacy,160
mtglimited,160
mtgmarketwatch,160
mtgmoderntokens,160
mtgo,160
mtgofinance,160
mtgoonline,160
mtgopre,160
mtgporn,160
mtgstats,160
mtgtournaments,160
mtgvintage,160
mtgvorthos,160
munchkin,160
murakami,160
murderbydeath,160
murderhomelesspeople,160
museumpros,160
musicpics,160
mutantsandmasterminds,160
mylifewithfel,160
mymarioman2,160
myscape,160
myst,160
mystara,160
mythosindustries,160
nabokov,160
nanowrimo,160
nardwuarrwrites,160
narratemystory,160
nate_parker_books,160
nationaldemocrats,160
nealstephenson,160
needasubmitter,160
neite,160
neoscavenger,160
nerdarchy,160
netrunner,160
neverwinter,160
neverwinternights,160
newbwriters,160
newsdumps,160
nexusrealm,160
nhgs,160
nick,160
nicowonderdust,160
nightfears,160
no_cry_challenge,160
no_sob_story,160
noahbradley,160
norosica,160
nosleep,160
nosleepindex,160
nosleepinterviews,160
nosleepooc,160
nosleepreruns,160
nosleepseries,160
notcgi,160
notcyberpunk,160
notyourdaddysagent,160
noxluca,160
ntxlit,160
nuclearcorpus,160
nufantastique,160
nuktuukism,160
numenera,160
nurserycrimes,160
nwguilds,160
nyctohylophobia,160
oasisusic,160
obsidianworld,160
occams_ramblings,160
odd,160
officialbluray,160
officialimaginaryjack,160
okina,160
olphie,160
omniversepenitentiary,160
onetruediggle,160
ongoingeclipse,160
onlinefic,160
onthetable,160
opentales,160
opiwrites,160
orcs,160
originalwriting,160
orzhovmtg,160
osr,160
ournichelifestyle,160
over50,160
owls,160
pagefighter,160
painshifter,160
pamasich,160
pancakesmuggler,160
pandabunny20doodles,160
papuanewguinea,160
paradoxplayhouse,160
parahumans,160
paranoiarpg,160
paranormalromance,160
passtheparagraph,160
pastandpresentpics,160
pathbrewer,160
pathfinder,160
pathfinder_acg,160
pathfinder_rpg,160
pathfinderrpg,160
pathjammer,160
pauper,160
paxromana,160
pbp,160
pbta,160
peakyblinders,160
penguin,160
penguinsrights,160
penheron,160
penisballs,160
pepsi,160
pern,160
personality_deficit,160
perverbs,160
phoenixframework,160
photographica,160
piatachok,160
picklestasteg00d,160
piecepack,160
pigs,160
pirateswithoutborders,160
pitchamovie,160
pizzaforyourthoughts,160
placeholdersinc,160
planescapesetting,160
planetaludico,160
playtesters,160
plural,160
pm_me_ur_mathproblem,160
pmomma,160
png,160
pocket_universe,160
podcasts,160
poem_for_your_sprog,160
poetsmackdown,160
pokemonfanfiction,160
pokemontabletop,160
pokepasta,160
polymath,160
popacan,160
portugalrpg,160
postworldpowers,160
powdermage,160
prais3themoon,160
preacher,160
pretendwizards,160
printandplay,160
printsf,160
privacyrus,160
problem78,160
prometheus,160
promote,160
promotereddit,160
promptsillustrated,160
propermutterings,160
protectoreddit,160
prototypesubreddit,160
pscommander,160
psych,160
psychedelicartwork,160
psychologyofsex,160
psychonauts,160
pubby88,160
publishing,160
pucatrade,160
pulpscifi,160
punisdayans,160
puns_are_lazy,160
puzzlrsprompts,160
qutx,160
raaabr,160
racistshitredditsays,160
rain,160
ranclorn,160
random_acts_of_books,160
randomactsofrpg,160
randomsuperpowers,160
randomtables,160
rarebooks,160
rasalvatore,160
rational,160
ravenmadgames,160
rdnr,160
reactemojis,160
read_more,160
readinggroup,160
realitypunk,160
rebbl,160
rebbrl,160
recipe,160
reckoners,160
redcosmos,160
redditgooddeeds,160
redditorcampaign,160
redditplaysdnd,160
redditserials,160
redditwritersnetwork,160
redditwritesstuff,160
redmarkets,160
redrising,160
reformedhumor,160
reizoukinwrites,160
relgman,160
reostra_prompts,160
repentance,160
resinkits,160
resonatingfury,160
retro_vg,160
retrovideogamesystem,160
rietty,160
rifts,160
riotheninja,160
riskytrizkit,160
riversoflondon,160
rlsv,160
robinhobb,160
roborally,160
roguedeckbuilder,160
rokugan,160
roleit,160
rolenespanol,160
roleplay,160
roleplayadventure,160
roleplaying,160
roleplayingforreddit,160
roleplaykik,160
roll20,160
roll20lfg,160
roll4it,160
rollforcrit,160
rollinghillshigh,160
rollme,160
rollspel,160
romanticism,160
roofcrew,160
rouen,160
rpg,160
rpgdesign,160
rpghorrorstories,160
rpgpodcasts,160
rpgpolska,160
rpgprompts,160
rpgrecordings,160
rpgresources,160
rpgreview,160
rpgsmith,160
rpgtables,160
rpgvo,160
runbypost,160
runequest,160
runnerhub,160
runofthemillstories,160
ruralbychoice,160
rutherfox,160
rvirus,160
ryan,160
ryukaki,160
saltymtgo,160
salvadordali,160
samgalimore,160
samjez,160
samthesnowman,160
samwasnthere,160
sandstorm,160
sarius1997,160
sarkasticwatcher,160
saucyhuggable,160
savageworlds,160
savourthesea,160
scapeshift,160
scarecrowsid,160
scaredshitless,160
scary,160
schlockmercenary,160
sciencefiction,160
sciencefictionpowers,160
scifi_bookclub,160
scificoncepts,160
scifimodels,160
scifiwriters,160
scifiwriting,160
scott_irl,160
scottpilgrim,160
scrapbooking,160
secrethitler,160
secretsofnorman,160
selfeducation,160
selfpromotion,160
selfpublish,160
selfserve,160
senrankagura,160
sentinelsmultiverse,160
serhm,160
severussnape,160
sexyshortstories,160
sf_book_club,160
sfstories,160
sfxexplained,160
shadowlandbbs,160
shadownet,160
shadownetwork,160
shadowofthebroker,160
shadowrun,160
shadowrunreturns,160
shadowside,160
shadowsoftheveil,160
shadowwararmageddon,160
shamelessplug,160
shardsofpreth,160
sharpwriting,160
shinobigami,160
shitdndsays,160
shittymorph,160
shittypickuplines,160
shittyworldbuilding,160
shortbookclub,160
shortcreepystories,160
shortsadstories,160
shortscarystories,160
shortscarystoriesooc,160
shortscifistories,160
shortseriousstories,160
shortsillystories,160
shortstories,160
shortstoriescritique,160
shortsweetstories,160
showethoughts,160
shozza,160
shrek,160
shrek420,160
signalhorrorfiction,160
silent0siris,160
silhouettestories,160
simon_stalenhag,160
simpleprompts,160
singlesyllables,160
sirclouder,160
sixthworld,160
sixthworldmusic,160
skateboardcirclejerk,160
skatersgonnaskate,160
sketches,160
skinnyghost,160
sleepspell,160
sleepyskeletons,160
slypenslyde,160
slytherinbookclub,160
smartbooks,160
smashups,160
socialistamerica,160
somalia,160
someordinarygmrs,160
somethingmagical,160
songofswordsrpg,160
sonnets_for_tits,160
soundclown,160
spacemarine,160
spankingpictures,160
specart,160
specorgcorp,160
speculativebiology,160
speculativeevolution,160
speedart,160
spelljammer,160
spicysalsa,160
spikes,160
spontaneoushamilton,160
spooky_stories,160
spookyscarystories,160
spoons,160
squidcritic,160
stagame,160
stanch,160
standardmtg,160
starrealms,160
starswithoutnumber,160
startrekgames,160
starwarsarmada,160
starwarsbooks,160
starwarsrebellion,160
stephenkingbookclub,160
sterlingvermin,160
stories,160
storiesbycyrdaan,160
stormlight_archive,160
stormlightarchive,160
story,160
storytellingbear,160
storywhispers,160
strandedplaneswalkers,160
streams,160
strikingcrayon,160
submarines,160
succubus,160
suicidebereavement,160
suicidenotes,160
summoner_wars,160
superbowl_commercials,160
superworldbuilding,160
surrealism,160
swn,160
swordandscale,160
swordoftruth,160
swrpg,160
syfil,160
syleathis,160
sync,160
syncrpg,160
syraphia,160
tabletop,160
tabletopresources,160
tabletops,160
tabletopsimulator,160
tadsprompts,160
taerynn,160
tak,160
talageddon,160
talesfromthegameshop,160
talesofwesteros,160
talislanta,160
talisman,160
talkingtales,160
tamorapierce,160
tanzania,160
taos777,160
tarvosprime,160
tattoodesigns,160
tau40k,160
taverntales,160
tcg,160
tcgcollecting,160
tdwfan,160
teamsabin,160
tedtheaccountant,160
tellest,160
tenninetythreewrites,160
tenrabanshozero,160
terasology,160
terraignota,160
terrainbuilding,160
terramystica,160
that_poppy,160
thatdudewithstories,160
thatincelblogger,160
thatsnotcorrect,160
the_eternal_void,160
the_signal,160
theadventurezone,160
theangsthaseanthology,160
theargoproject,160
theauthorguy,160
theballadsofirving,160
thebirdcage,160
theblackhack,160
thebookclub,160
thechills,160
thecommentgraveyard,160
thecryopodtohell,160
thedynastyproject,160
theeternalwar,160
thefamiliar,160
theforeverwar,160
thefreerpghunt,160
theglasscannonpodcast,160
thegreatpastawars,160
thehobbit,160
thehuntingofthesnark,160
theislandgames,160
thejodocast,160
thelongdark,160
thelongsleep,160
themagicalwarlock,160
themanuscriptorium,160
themercurianempire,160
themightywriting,160
themmobookclub,160
themountaingoats,160
thenerdaverse,160
thenextplay,160
theninemagicteers,160
thenrewrites,160
theobservatorium,160
theoldwest,160
theomnipotentjournal,160
thephenomenon,160
thequestionableyarn,160
therecordings,160
therootsband,160
thesadbox,160
thesentientlizard,160
thesolarflare,160
thesprawl,160
thestoryboard,160
thestoryofcalcryx,160
thestrange,160
thesunlandarchives,160
theta360,160
thetorbidreality,160
theumpteenthmonkey,160
theweirdness,160
theworldofjoe,160
thewriteraleph,160
thewriterdan,160
thhgtr,160
thisisvital,160
thomas_633,160
thoseconspiracyguys,160
thousandsons,160
throw_awaywriter,160
timeors,160
timesyncs,160
timetravelhub,160
tinycafes,160
tinyleaders,160
titansgrave,160
tkmorcambe,160
tolkienfans,160
tom,160
tom_writes,160
torchbearer,160
tornspirit,160
tornsplace,160
transcribersofreddit,160
transformation,160
traphentai,160
trauermarsch,160
traveller,160
trebblebiscuit,160
trianglegamers,160
trishwrites,160
trollbookclub,160
trollgamers,160
tronmtg,160
trrh,160
truelostworld,160
truerp,160
truetictactoe,160
tshirts,160
ttploreplaycentral,160
ttswarhammer40k,160
tulpas,160
tulpasinaction,160
twilightimperium,160
twilightstruggle,160
twitchplaysclaw,160
two,160
twosentencehorror,160
twosentenceseach,160
twoxbookclub,160
twoxmtg,160
twstories,160
tychoinali,160
undermountain,160
unearthedarcana,160
unexpecteddiscworld,160
unexpectedhimym,160
unifyingforce,160
unitednations,160
unitedwewrite,160
universalgeek,160
universemaker,160
unmoderatedanarchism,160
unsimulated,160
unusualart,160
uponadaydreamer,160
uqholder,160
urbanfantasy,160
usepurplemore,160
uwatclone,160
vaascat,160
valentinesday,160
valkeezy,160
valopaat,160
varafel,160
venturebrothers,160
vhemt,160
victoriaboardgaming,160
victorianera,160
vinge,160
virepri,160
virussurvivors,160
volkomos,160
vonboomslang,160
vorel,160
voyage_of_roadkill,160
voyager,160
vtt,160
vulpineblaze,160
warbirdsrpg,160
wargames,160
wargaming,160
wargamingtables,160
warhammer,160
warhammer30k,160
warhammer40k,160
warhammer40kkillteam,160
warhammerconquest,160
warhammerdadjokes,160
warhammerfantasy,160
warhammerfantasyrpg,160
warmachine,160
washingtonwireless,160
watercolor,160
watercolor101,160
waywardpines,160
webcomics,160
webfiction,160
weirdemokidstories,160
weirdlit,160
wellrested,160
werewolf,160
werewolves,160
wernicrp,160
west_marches,160
whatif,160
whatisstepone,160
whatmattersnutrition,160
wheeloftimerp,160
whitewolfrpg,160
wholesome,160
wholesomecomics,160
wholesomenosleep,160
wingsofglory,160
winniethepooh,160
wirewrapping,160
wizzo,160
wool,160
wordcrafter,160
workproblems,160
world_of_darkness,160
worldbuilding,160
worldbuildingbuddies,160
worldbuildingcollabs,160
worlddrawing,160
worldjerking,160
worldprompts,160
worldsadrift,160
wormfanfic,160
worststory,160
wqzu,160
wraiththeoblivion,160
write2publish,160
writerchat,160
writermotivation,160
writers,160
writerschoice,160
writerscraft,160
writersgroup,160
writersof1500words,160
writersof500words,160
writersofhorror,160
writesadventurehooks,160
writesonfridays,160
writesscifi,160
writeworld,160
writingcirclejerk,160
writinghub,160
writingopportunities,160
writingprompt,160
writingprompts,160
writingpromptscirclej,160
writingstyle,160
writtenlore,160
writtenwords,160
wroteabook,160
wttm,160
wumbowrites,160
wutanginitiative,160
xais56,160
xenobiology,160
xmage,160
xpowers,160
xwingonline,160
xwingtmg,160
yalit,160
yalldve,160
yawriters,160
yessleep,160
yesterdayspants,160
ymyosl,160
yossarian,160
youdontmeetinaninn,160
youmightbea,160
yoursub,160
yukiomishima,160
zanarchy,160
zapstream,160
zcotticus,160
zines,160
zinesters,160
zjcontroversy,160
zombicide,160
zombie,160
zorceror44,160
zubergoodstories,160
germanpractice,161
cringeh,162
complaintsaboutwomen,163
eqnextalpha,164
dudewheresmybank,165
dota2arts,166
modtools,167
summitgaming,168
cows,169
aamaadmiparty,170
aap,170
anarchoprimitivism,171
30smusic,172
3dchalk,172
80s_sandwich,172
academiccanada,172
actuallyfunny,172
adminbeast,172
animalsjumping,172
aquasarfseasfun,172
automauderator,172
boycottthebeerstore,172
buffalobandits,172
cadskireports,172
calgary,172
calgarycirclejerk,172
calgarydashcams,172
calgarygaming,172
calgarymusic,172
cambridgeont,172
casualphoto,172
chadtronic,172
charlesdarwin,172
cheapcarsforsale,172
chinesecrested,172
clonedgif,172
collage,172
computerengineering,172
concordia,172
craftofintelligence,172
crow1170,172
css_tes_t,172
danieltosh,172
danishsuperliga,172
dcs_uoft,172
deereatingchairs,172
diamondporn,172
elections,172
elia5,172
evolution,172
evopsych,172
exolife,172
fargotv,172
findpokemonlive,172
fishingalberta,172
flamengo,172
freealberta,172
freedomplanet,172
frenchhistory,172
frenchrap,172
gad,172
gamewalls,172
geegees,172
gingerkitty,172
glue_reviews,172
goforgold,172
guelph,172
historyanecdotes,172
homegarden,172
hotdog,172
ifttt,172
importedhiphop,172
instantbarbarians,172
inverselanpowers,172
junkscience,172
kijiji,172
kitchener,172
lacrosse,172
lacrossecoach,172
lethbridge,172
libertariannews,172
luckystar,172
luke,172
maude,172
mcgill,172
mcmaster,172
mcmastereng,172
medicinehat,172
motohunt,172
names,172
natureisscary,172
newtopc,172
nomorebamboozles,172
norulescalgary,172
notacceptingbitcoin,172
nukedthefridge,172
originoflife,172
ostomy,172
pabam_server,172
paperairplanes,172
phijkchu,172
placeportalpattern,172
pokemonrumbleworld,172
portraiture,172
postandbecomeamod,172
pretty_good,172
realems,172
reallybigshow,172
reddeer,172
retrowindowsgaming,172
rheumatoid,172
robzombie,172
roomdetective,172
rootsreggae,172
ryerson,172
sait,172
schulich,172
simonfraser,172
skule,172
slotcars,172
slowmotion,172
spyparty,172
stampeders,172
starwarstrader,172
straighttovhs,172
svara,172
thegrittypast,172
therapists,172
theresaredditforthat,172
tinysubredditoftheday,172
topps_crosstrades,172
trillek,172
tumblrblogs,172
turtlesonalligators,172
ualberta,172
ubc,172
ucalgary,172
unluckyluke,172
uoft,172
uofteeb214,172
uoftfantasysports,172
uoftmemes,172
uottawaecon,172
utm,172
uwaterlo,172
uwaterloo,172
uwaterloojerk,172
uwaterloosimulator,172
walkthrough,172
watchitwithme,172
waterloo,172
westeroscraft,172
winter,172
wlu,172
worstofmspaint,172
xboxfeedback,172
yycog,172
searchsuccess,173
clearbackblast,174
againstme,175
bodyshaming,176
onegoodreason,177
thedac,178
gaben_market,179
brno,180
cesky,180
africanprivilege,181
merecraft,182
merehax,182
saroka,183
moviedirectory,184
tremors,184
sheridan,185
foxiemaps,186
starboundplanets,187
dotaconcepts,188
theunderboob,189
cobourg,190
porthope,190
redditrise,191
racket,192
dfwpetadoptions,193
rockymountnc,194
bunk,195
coastguard,196
cryptolotto,197
reddcoinlotto,197
texaspets,198
totallynotcool,199
official_utc,200
ultracoinmining,200
archmont,201
nationstate,201
nationstates,201
pyongyangbannedme,202
challengeyou,203
voxelmaze,203
999,204
cats3,205
monk8,205
mypasswordis,205
srscomics,206
pantheonmmo,207
ideasforminecraft,208
razersupport,209
dadbloggers,210
barleylegal,211
flatcore,212
adnandidit,213
askle,213
copblock,213
crimewriterson,213
meyerdisadouche,213
narcoticsunitama,213
scholarships,213
serialdiscussion,213
serialgrudgematch,213
serialloungelizards,213
serialpodcast,213
serialpodcastorigins,213
serialseason2,213
serialthepodcast,213
serialthunderdome,213
stownpodcast,213
theundisclosedpodcast,213
undisclosedpodcast,213
areusantris,214
thetacoconversion,215
theuniversim,216
wendys,217
legendarylurkers,218
suchtradebot,219
ufccareers,220
flareonism,221
alt_fan_douglas_adams,222
douglasadams,222
redditdirty,223
tieexchange,224
winnipegbluebombers,225
photomanipulation,226
psbeforeafter,226
whothefuckcares,227
culturejamming,228
angrygamersinc,229
pageplus,230
midwestsnowboarding,231
seahkelvin,232
cultofducklett,233
srsmusic,234
quotables,235
warsaw,236
originalhindifiction,237
sahitya,237
truepoetry,237
reddevilscirclejerk,238
dayzstoriez,239
nails,240
sithorder,241
cshumor,242
springfieldil,243
swansoncoin,244
incestcomics,245
incestshare,245
newincest,245
nog,246
actuallygoodnews,247
tppkmn,248
___,249
whataretheodds,250
grossepointe,251
lightpainting,252
laughingderby,253
besinews,254
masonjars,255
technologyundelete,256
rwallpaperchanger,257
temecula,258
treesquad,259
screenwritinglinks,260
kragujevac,261
dfwguns,262
gallopfrey,263
1200isplentyketo,264
24carrotcraft,264
2b2t,264
3pointroad,264
4nstourneys,264
8ballmc,264
accordingtoreddit,264
actualredstone,264
adanicxsurvival,264
admincraft,264
admincraftcirclejerk,264
aegina,264
afrc,264
againstswiftmanga,264
agos,264
agrarianskies,264
aiagency,264
alienmc,264
alliocringe,264
allthemods,264
alphagaming,264
alttd,264
amarisuhc,264
amazoncraft,264
amestrian_empire,264
aninterite,264
anticommon,264
antiichthusalliance,264
apct,264
appletreesmp,264
aradesh,264
arcane,264
arcaneguard,264
arcturian,264
arthur990807,264
asdasdasdasdaasd,264
asemic,264
ashamaal,264
asharpminer,264
atlascorporation,264
atlauncher,264
attackofthebteam,264
atu_server,264
ause,264
austerlandisk,264
auxlangs,264
aytos,264
aytossk,264
aztecmc,264
badlionpvp,264
bakerbux,264
bakguicraft,264
balkania,264
balkbrandpots,264
banned_from_mindcrack,264
batteriefach,264
beautifulminecraft,264
belleile,264
beneshire,264
bestofcivcraft,264
bestofcivex,264
bestofmindcrack2014,264
bestofmindcrack2015,264
bestofphil,264
betaexpansion,264
biomesoplenty,264
blacksunnetwork,264
blogger,264
blueshiftcommunity,264
blueshiftmc,264
bohrisland,264
bonkillpassdenied,264
botania,264
br_controls,264
brady11,264
breakinblocks,264
brickton,264
brom,264
bryncity,264
brynley,264
bucktest,264
buffalowizards,264
cafe_balcon,264
caffcast,264
caledoniansmp,264
carwashuhc,264
casualmixertourney,264
ccparty,264
cepc,264
channelwatch,264
chetwilliams,264
chillcraft,264
chiselsandbits,264
chopchopdigdig,264
chunky,264
cityofetherium,264
cityofhayek,264
civ_schlesien,264
civaaron,264
civaegina,264
civaeon,264
civagora,264
civaquila,264
civaytosfp,264
civball,264
civbank,264
civbermuda,264
civboundary,264
civbounty,264
civcarbon,264
civcentauri,264
civchiltern,264
civchurchill,264
civcityofhayek,264
civclassics,264
civcommonwealth,264
civcomplaints,264
civconcordia,264
civcraft,264
civcraft2history,264
civcraft_megaton,264
civcraft_montarnis,264
civcraft_olympia,264
civcraft_olympics,264
civcraft_orion,264
civcraft_orion_court,264
civcraftama,264
civcraftancora,264
civcraftaytos,264
civcraftcolumbia,264
civcraftexchange,264
civcraftfellowship,264
civcraftgoodsprings,264
civcraftmarket,264
civcraftnexus,264
civcraftplusminus,264
civcraftrenders,264
civcraftroma,264
civcraftsparta,264
civcraftspleefleague,264
civcraftun,264
civcraftvalex,264
civcredit,264
civcringe,264
civdiscord,264
civeastridge,264
civeden,264
civendeavor,264
civepicus,264
civevolved,264
civex,264
civexcirclejerk,264
civexcubism,264
civexeurope,264
civexofftopic,264
civextimso,264
civextrade,264
civexusn,264
civfair,264
civfreeport,264
civfsr,264
civfur,264
civghcs,264
civgirls,264
civgna,264
civhaven,264
civhjaltland,264
civilexchange,264
civilexra,264
civilizationcraft,264
civilizatonexperiment,264
civiso,264
civlevel7,264
civlibraries,264
civlibrose,264
civlottery,264
civmegaton,264
civmonaco,264
civnea,264
civpapacy,264
civplant,264
civpolska,264
civprf,264
civpueblo,264
civpvp,264
civrailsub,264
civrealms,264
civscarcity,264
civthule,264
civtrade,264
civtransportmap,264
civtube,264
civufo,264
civusr,264
civyoahtlan,264
classic36,264
clearmont,264
clenarsecharkarasnal,264
clickerheroes,264
clickerheros,264
cmacgames,264
coestar,264
commandblocks,264
competitiveminecraft,264
computercraft,264
conlangproject,264
conlangs,264
conlangscirclejerk,264
conlangwar,264
constantiam,264
courtofmiracles,264
crackpack,264
crackthebeast,264
craftiaempire,264
craftingdead,264
crimsoncraftmc,264
crossfitgirls,264
cubesmppolls,264
cvcft,264
cyberbullywatch,264
cyburgh,264
d3u,264
damnation,264
dangak,264
danzilona,264
danzilonancourt,264
darsk,264
dasmehdi,264
datlof,264
davechaos,264
dawnbrigade,264
dd_circlejerk,264
ddosprotectiontips,264
ddosuqam,264
deadlinesociety,264
deathban3000,264
deathcap,264
deeeepio,264
defem,264
delicious,264
deltaminecraft,264
desertice,264
detailcraft,264
devathos,264
devnewaurora,264
devnoctua,264
devoted,264
devotedmap,264
devsia,264
diacasa,264
diagonalminers,264
diamondscape,264
dinovanilla,264
discoverymodpack,264
dpnccr,264
drcoffee,264
dualphoenix,264
dvz,264
dvzcirclejerk,264
dw20,264
dwarvendistrict,264
dwarvenuhc,264
el_harim,264
elfenlied,264
elitecraftmc,264
elytraruns,264
empathyheals,264
endscape,264
ergoslab,264
ethopians,264
ethoslab,264
exodon,264
explainlikedrbrule,264
explainlikeimscp,264
ezvid,264
fakerrs,264
fareblues,264
farleywar,264
fda,264
feedthebeast,264
feedthebeastcrashes,264
feedthebeastquestions,264
feedthebeastservers,264
feedthejerk,264
fellowship,264
fenekere,264
fingdom,264
fit,264
fiuhc,264
flashinggirls,264
flightmc,264
flock,264
flosscrew,264
fluidlang,264
flyingsquids,264
foulmc,264
fphknights,264
franktonia,264
freebuilders,264
freebuildersmodded,264
freecivcraft,264
frensin,264
frontlines,264
frostmaneminecraft,264
ftb_indeed,264
ftbcrashlandingbeta,264
ftbsubredditserver,264
fucknox,264
fusionservers,264
futureblocks,264
fwpcirclejerk,264
fyrecraft,264
galacticraft,264
gamealition,264
gamechap,264
gamemode4,264
garundistan,264
gensoukyou,264
germanicconlangs,264
gg_trico_tim,264
ghost8909themcskinner,264
gitcp,264
gmail,264
goldenrealm,264
grammarenfreude,264
grandillusions,264
grumpers,264
grundeswald,264
guardiansofthewall,264
guude,264
gym101,264
halcyonserver,264
hanaq,264
harbored,264
hardcoresmp,264
hatfilms,264
have_a_smile_bot,264
hcfactions,264
hcfmemes,264
hcftruth,264
hcfwfa,264
hctcringe,264
hctcringecringe,264
hcteams,264
heartfiresurvival,264
helloween4545,264
hellstarmicro,264
herdofsquirrels,264
hermitpack,264
herpaderpacraft,264
hetalia,264
hexcorporation,264
highrollersdnd,264
hoearena,264
holeville,264
hopelessadventures,264
hordecraft,264
housedarsk,264
hqmquests,264
humblemcserver,264
hungercraft,264
hungerstruck,264
iamtallertssecrets,264
icenia,264
iceniagov,264
ielangs,264
indonske,264
inefficientminecraft,264
insidion,264
insorum,264
interstellarmarines,264
iraklion,264
irishyoutubers,264
isenburg,264
ithkuil,264
janesphoenix,264
jarehrball,264
jragon014,264
kappi,264
kelge,264
kgmcirclejerk,264
kidism,264
kohi,264
krasnaya,264
kubcraftcirclejerk,264
kurtjmac,264
laadan,264
labpack,264
lalna,264
latmod,264
learnlojban,264
leningrad,264
letsplaycollab,264
lewronguhcgeneration,264
libra,264
lifeinthewoods,264
linguabot,264
littlelatvia,264
lnd,264
lnrdslot,264
loglan,264
lojban,264
lom_elf_shire,264
lomactionparty,264
lomcirclejerk,264
lomcommonwealth,264
lomcrimsontemplars,264
lomdoctorsguild,264
lomeverest,264
lomlore,264
lomlpd,264
lommainstreet,264
lommarket,264
lomsanddunes,264
lomthepaupers,264
lomtwilighttown,264
londinium,264
longlostgamers,264
lookslikesips,264
lordsofminecraft,264
lovingcraft,264
luvsjak,264
macrochasm,264
macrocraft,264
madeinhexels,264
maesteralliance,264
magicquarter,264
magicquartersmp,264
mainstreetcirclejerk,264
mandojoha,264
massivecraft,264
mayhemsanctum,264
mcambrosia,264
mcbuildschool,264
mcciv,264
mccivwars,264
mccoders,264
mcdestiny,264
mcedit,264
mceditfilters,264
mcgodsyn,264
mcmdoc,264
mcmodpackers,264
mcmods,264
mcnextstep,264
mcnursinghome,264
mcpe,264
mcpecirclejerk,264
mcpefamily,264
mcpi,264
mcpublic,264
mcpublic_fipa,264
mcpverails,264
mcredditmansion,264
mcresourcepack,264
mcservers,264
mcsuggestions,264
mctexturepacks,264
mctourney,264
mcvienna,264
metacivcringe,264
metacraft,264
metalmountains,264
miasmaserver,264
midgardempire,264
mindcrack,264
mindcrackcirclejerk,264
mindcrackcjcj,264
mindcrackdiscussion,264
mindcrackopinions,264
mindcrackpodcast,264
mindcrackrpg,264
minecraft,264
minecraft360,264
minecraft_pvp,264
minecraft_youtubers,264
minecraftbanners,264
minecraftbattles,264
minecraftbotting,264
minecraftbuddies,264
minecraftbuilds,264
minecraftce,264
minecraftcirclejerk,264
minecraftclues,264
minecraftcmdblocks,264
minecraftcommands,264
minecraftcringe,264
minecraftexploits,264
minecraftfighters,264
minecraftheads,264
minecraftinventions,264
minecraftlpers,264
minecraftmapmakers,264
minecraftmod,264
minecraftmyths,264
minecraftoilets,264
minecraftone,264
minecraftpacks,264
minecraftpreset,264
minecraftps4,264
minecraftseeds,264
minecraftsuggestions,264
minecrafttodo,264
minecrafttubers,264
minecraftunabridged,264
minecraftwin10,264
minecringe,264
minefury,264
minehq,264
minepact,264
mineplexoobl,264
minescape,264
minesmash,264
minez,264
mineztradingpost,264
minlangs,264
mintaka,264
moddedmc,264
moddedminecraft,264
moddingmc,264
modeveryonereborn,264
modscape,264
mojira,264
mondolinvo,264
montblancdevoted,264
mooncourtroom,264
morianation,264
mortycraft,264
motovlog,264
motovlogging,264
motovlogs,264
mountaineercraft,264
mrsrbrooks,264
mshanestoryhub,264
mtaugusta,264
mtaugustajustice,264
mwak,264
mwyndia,264
myfavoriteserver,264
nashboroughserver,264
ndzhl,264
nebulanetwork,264
necarassocryssesa,264
neography,264
netherward,264
netherwardpathfinder,264
newargoth,264
newaugusta,264
newaugustasenate,264
newyoutubers,264
nikkodoesminecraft,264
nomadicrealms,264
noo_danzonila,264
notechjustmagic,264
novus,264
noxvault,264
nslegislature,264
nullcraft,264
nutsandbolts,264
oaksgrove,264
ochl,264
odki,264
officialclassic36,264
officialrockstar408,264
ofr,264
ohanaisles,264
oldalbert,264
olympia_court,264
omenfacility,264
onlyimages,264
opdelivery,264
openlanguage,264
optifine,264
otdminecraft,264
owlsserver,264
owthedge,264
pacem,264
packedice,264
packers123,264
pandorasboxminecraft,264
pearlandnerd,264
pearlfusion,264
pella,264
pemasterrace,264
perkyplays,264
petridish,264
physicscraft,264
pigmanshipsmp,264
pixelleague,264
playmindcrack,264
playrustlol,264
playrustragnarok,264
playrustservers,264
pmccirclejerk,264
pmclpd,264
pmcmagicquarter,264
pmcoaksgrove,264
pmcrebellion,264
pocketmine,264
podd,264
port80,264
praisetheorist,264
primer,264
proasheck,264
projectozone2,264
projectunnamed,264
prosperity,264
protolangdev,264
psminecraft,264
publicuhc,264
punchablefaces2,264
purelyvanilla,264
purephun,264
purprism,264
pvealias,264
pveawards,264
pveroads,264
pveseneca,264
pveumc,264
pxcnet,264
quarkmod,264
queerconlangers,264
rabidcraft,264
radretrorun,264
ramenporn,264
razorpeak,264
reactor,264
realms,264
realmsexchange,264
realmstrade,264
realmsun,264
recursion,264
redditworldbuilds,264
redstone,264
redstonenoobs,264
reflict,264
republic_of_vladeron,264
republicoflucania,264
resonant_rise,264
revengeuhc,264
riverford,264
roguelike,264
romanceconlangs,264
rsmcmod,264
rurikar,264
rustdemocracy,264
rustire,264
samalang,264
saturia,264
saunika,264
savidenec,264
scapecraft,264
scarletembers,264
scottkillen,264
scur,264
seedcube,264
selfpublishing,264
senntisten,264
sepeke,264
sepulcore,264
sethblingsuggestions,264
shatteredpvp,264
shatteredverse,264
shatterheart,264
sheepwreck,264
shipwreckedseries,264
shirecraft,264
shitex,264
shitlewissays,264
shittymcsuggestions,264
shorthand,264
shotbow,264
shotbowcringe,264
sika,264
siloportem,264
simonconspiracy,264
sips,264
sipsmc,264
sipsrustunofficial,264
sjin,264
slabserver,264
slowtown,264
smallgold,264
solace,264
solresol,264
solvetheproblem,264
somartin8,264
songaweek,264
songwriting,264
southshire,264
sovietreunion,264
spretone,264
sssm,264
sssmna,264
sssserver,264
stonato,264
stonefield,264
subredditwithoutaname,264
subspacemc,264
survivalunion,264
survu,264
svs,264
swarmcraft,264
swedenmap20hcf,264
tardalli,264
tartarusultimate,264
teamchat,264
teamdd,264
technicalminecraft,264
technicplatform,264
technode,264
teensagainstanarchy,264
tekkit,264
terrafirmacraft,264
terragrandia,264
testdocpleaseignore,264
testpackpleaseignore,264
tew359,264
textureaday,264
thaumcraft,264
thebarrens,264
thebestshirts,264
theconsortium,264
thecronusclub,264
thecube,264
thecubedaily,264
thecubepolls,264
thedankregion,264
thegrapevinemc,264
theholytree,264
thelostarchives,264
themetropolis,264
theneilsoning,264
thenightswatch,264
thepolycraft,264
therealmsmc,264
therealmsun,264
theslums,264
thevortexcoalition,264
thoronlad,264
tienedo,264
tigerstaden,264
time_travel,264
timetravel,264
tobuscus,264
tokipona,264
townofyoutube,264
trackistan,264
traincraft,264
transgamedev,264
trueminecraft,264
truenorthpictures,264
turpster,264
u3pexchange,264
uhcassociation,264
uhcbackstab,264
uhccirclejerk,264
uhccourtroom,264
uhchosts,264
uhcmatches,264
uhcprofiles,264
uhcrps,264
uhct,264
uhcweeklyrecaps,264
uin,264
ultrahardcore,264
unitedminusminus,264
unitedprovinces,264
unknowntradeco,264
unstherealmsmc,264
unturnedservers,264
uquest,264
urealmsfanquests,264
v0tgil,264
vahn,264
vallenan,264
vanillaplus,264
vanillapudding,264
vap0ur,264
vechs,264
vineyardcommunity,264
vineyardlom,264
vlg,264
vlog,264
vlogs,264
vuluuken,264
vyrmag,264
wajlang,264
wanderlustreloaded,264
warpzone,264
wayfind,264
werkverse,264
westshire,264
wildwoodmc,264
woelemm,264
worldcraft_server,264
worldedit,264
worldpainter,264
worstserverever,264
wsmp,264
xenoling,264
yogcp,264
yogracing,264
yogscast,264
yogscasthannah,264
yogscastkim,264
yogscastlive,264
yogscastpanda,264
yogsgaming,264
yogsrust,264
yogventures,264
youtube,264
youtube_community,264
youtube_recommended,264
youtube_startups,264
youtube_video_posts,264
youtubeheroes,264
youtubepromoter,264
youtuber,264
youtubers,264
youtubestartups,264
ytclaims,264
zeestecringe,264
zeropointsoftware,264
zipkrowd,264
zomia,264
metahearthstone,265
paralympics,266
cardinalregiment,267
ipadjailbreak,268
sodom,269
watgate,269
testingislamsub,270
ltcminers,271
monash,272
misconceptionfixer,273
jazzcomposition,274
braveryquotes,275
futurepopmusic,276
flagcontest,277
novum,278
learning2animate,279
tenderfoottuesday,280
pokemonevoas,281
hockeyrumours,282
tvseries,283
lnmnmmmc,284
momdiss,285
girlswearingblue,286
reformedwomen,287
cryptobots,288
tradewave,288
bergecraft,289
minnesotar4r,290
drunknews,291
philly_vapers,292
christianbookclub,293
ashevilleclassifieds,294
makeavideogame,295
mavgartists,295
mavgdesigners,295
trgartists,295
trgmusicians,295
denverbusiness,296
thykingdomcome,297
whatsin6ward,298
portlandofcolor,299
collegesports,300
mikumikudance,301
mmdnsfw,301
pokemonragnarok,302
teengamingnights,303
schoolofhomebrew,304
octocoin,305
octocointip,305
childishgambino,306
crueldadjokes,307
mediaecology,308
alltimelow,309
cryptocove,310
againstwhiterights,311
reporttheadmin,312
mylittlelinguists,313
badreligion,314
uproleplaying,315
zygethia,316
pmr,317
voteitup,318
blockshipwars,319
bitcoinlaw,320
thoriummsrfaq,321
realmlpnews,322
scootergrabesfest,323
hirede,324
seahawks_war_room,325
felons,326
dogecoingiveaways,327
bracketchallenge,328
spawningpool,329
nanobotbuilder,330
chessai,331
dogemania,332
minimalest,333
oldpeopleconspiracy,334
gamimg,335
ps10,335
annamariaisland,336
redditpost,336
minecraftmodels,337
orangeredmasterrace,338
aytoscc,339
chicagor4r,340
conshpiracyshmearies,341
religiondebate,342
peoplebeinggood,343
dgctipbot,344
coin2,345
minecraft3dmodels,346
losrios,347
sacmarket,347
scc,347
nyancoindev,348
michaeljokes,349
michaeljokes_twitter,350
patriots_draft,351
bourneism,352
kith,353
trueseries,354
drugai,355
eacstais,355
superioreurope,356
3dprintingnews,357
oddlydisgusting,358
believenbc,359
believetv,359
blockland,360
blocklandishorrible,361
oakenmasterrace,362
vojvodina,363
fifthworldcirclejerk,364
olafmasterrace,365
bearsimulator,366
coh2strategy,367
theholdsteady,368
theyfuckedupthemath,369
euwserverproblems,370
shittypuns,371
programminghelp,372
2000ad,373
potcoinescrow,374
paranormalevidence,375
berrytubetf2,376
sinfulchristmas,377
deadcryptocoins,378
tittiecoin,378
tylerlucia,379
touhoudev,380
eroticwriting,381
contrastporn,382
redditracingclub,383
illinoisccw,384
steamworkshop,385
countrymusic,386
klawswaparchive,387
ddlfc,388
metaltrade,389
ussna,390
anarchismcirclejerk,391
gymmemes,392
fantasyeltp,393
newzealanders,394
teeth,395
wrestlefigs,396
skyicebreeze,397
foxyshazam,398
nutellahipsters,399
ancientgliders,400
picsofhorsevaginas,401
spaceclops,401
sydney_share,402
askcompsci,403
whywouldyoufuckthat,404
opencl,405
ladiesgonewild,406
over30gonewild,407
linsux,408
basel,409
cognitivelinguistics,410
derpians,411
castar,412
discussionarchive,413
cringeville,414
petitiontoresign,414
tpwisafuckingbitch,414
followmydick,415
lifehackscirclejerk,416
homebrewingprotips,417
thesuperbowl,418
slowpitch,419
softball,419
tradewinds,420
badinvesting,421
pennyrevenge,422
fannies,423
mcfisaspleef,424
bluepillmusic,425
redpillmusic,425
ebonyfeet,426
shittydogecoin,427
yogamusic,428
cello,429
towerofrachel,430
eulalia,431
westernisles,432
exexmormonreddit,433
derpyclop,434
pemberton,435
betaarmy,436
leaking,437
pokemoncirclejerk,438
axecop,439
civcraftcartography,440
mentalpod,441
yacoin,442
yacointip,442
thedyingofthelight,443
yenwood,444
redditthrashers,445
askfitness,446
montages,447
highcon,448
shake_speare,449
bitcoinbusiness,450
dsfcivcraft,451
worldofdarkness,452
crossfitcaptions,453
100sets,454
islaam,455
italktomuch,455
salafiyyah,455
samsunggalaxys5,456
goride,457
fucktheangels,458
mcpico,459
travelogue,460
realolderwomen,461
sudburyschools,462
1914wasaserbianjob,463
abwallphalanx,463
ahmadalmanslaughter,463
arrlmao,463
battleroyalefiction,463
boerder_conflicts,463
brwt,463
callitart,463
canifestdestiny,463
carryabigstick,463
casroyale,463
cbrbattleroyale,463
cbrbrfiction,463
cbrmodelworldcongress,463
chileanbackdoorsquad,463
civaigames,463
civbattleroyaie,463
civbattleroyale,463
civbrfiction,463
civhybridgames,463
civmegaduels,463
civrapbattleroyale,463
civsaudisinaudis,463
civwip,463
civworldpowers,463
corseekya,463
cremedelakremlin,463
czechthis,463
departij,463
didgeridoom,463
dracisback,463
drenthe,463
elephantatthegates,463
erc,463
eu4maps,463
filipinbros,463
finnittowinit,463
fromprussiawithlove,463
getbearpunched,463
giveemheck,463
godsavethebants,463
goldenstool,463
graveyardofempires,463
greatleapsforward,463
groningen,463
helloanddubai,463
historyofcbr,463
hitlersbunker,463
honhonhon,463
howaboutsunriseland,463
hrewestand,463
iamtheflailofgod,463
icelandbestlandfc,463
inuittowinuit,463
killthewhales,463
leagueofpowerrankers,463
leagueofscientists,463
lurkingroyale,463
mansamucho,463
memingwithleonidas,463
milhasasulhasa,463
minhittowinit,463
mugglenation,463
needsmoresand,463
newdraxiadindustries,463
orderoftarkiram,463
papalprimacy,463
patrolthemojave,463
paxbhutannica,463
poldergate,463
portofpain,463
rapwars,463
rememberoctober,463
remembersainthelena,463
rememberthealamo,463
removecanifestdestiny,463
removecossack,463
removetophat,463
removevegemite,463
revengeforkyoto,463
reykjaviktory,463
romainvicta,463
sakhamydicka,463
siouxallthenations,463
sunofausterlitz,463
thecradle,463
thefunlanddictator,463
thegreatshamans,463
therainsofcasimir,463
theshadowdragons,463
thyreformer,463
truthordarius,463
turban_renewal,463
turbanators,463
turinthetide,463
wearethewalrus,463
yeswekhan,463
zookeepersunite,463
zuluplus,463
ateismo_br,464
purephysics,465
regret,466
minersmovies,467
masternet,468
midboss,469
awwyea,470
engl310spr14,471
lockhtml3,472
antissrdircs,473
shitsrdircsays,473
shitsrdircsayssucks,473
dif,474
stream_links,475
spectralfrontpage,476
stemcells,477
civcraftpvp,478
inventit,479
inventorsstudiorpi,479
dailyscripts,480
sciencefr,481
playmindcrackeucrew,482
teamstumble,483
akumanoriddle,484
civpetrania,485
longtext,486
niceguy,487
supporters,488
devsteam,489
dota2jobs,489
pathofexilebuilds,490
bestofrhockey,491
titanfall_360,492
periopolis,493
mewism,494
foodanalogies,495
chocolatemilf,496
ebony,496
nsfw_ebony,496
paleorecipes,497
stronglifts,498
pyrolysis,499
outbox,500
ratemything,501
reformedfightclub,502
charlottebobcats,503
gameserv,504
primulus,505
notamethaddict,506
crackpackservers,507
eliteenemy,507
textheworld,508
libsocmc_talk,509
frostore,510
abyssus,511
battlemetal,512
tastystew,513
fgcu,514
convergance,515
gregroxastronautics,516
srunitedagencies,516
dotacr,517
mystcrack,518
jorzilla,519
lifestories,520
tornado,520
libressl,521
18_20,522
stlouisevents,523
redditbingo,524
whidbey,525
basketballplaybook,526
touhoutest,527
chicagofirenbc,528
chicagomed,528
chicagopd,528
loudnesswar,529
techpolitics,530
norwegents,531
togetheralone,532
developit,533
sneakerhookups,534
skyrimrp,535
skyrimstories,535
talesfromtamriel,535
vadihelvete,536
conlangpoetry,537
minwage,538
telos,539
crazycss,540
dota2strat,541
laofmoonster,542
soft2hard,543
nofiller,544
fuckyourjoke,545
organicgardening,546
succession,547
deagen,548
antirfunny,549
beatthestreak,550
csgobettingcirclejerk,551
wcu,552
wcuclassifieds,552
quarterlifecrisis,553
orangeredhospital,554
shibes4soccer,555
sailingcrew,556
pokerblog,557
stephencraft,558
stephenreddit,558
wildstarstalker,559
xboxrecordthat,560
reboundracing,561
spacelaunchsystem,562
bearsdoinghumanthings,563
leagueofwhinybitches,564
selfentitledasshats,565
miamiheat,566
crunchbang,567
crunchbangplusplus,567
openbox,567
theoryofpony,568
sagaedition,569
starwarsd20,569
wixoss,570
anarchobjectivism,571
spacetyler,572
samoyeds,573
conroe,574
occupyomaha,575
ritforsale,576
alphahouse,577
swingertravel,578
mopped,579
animazement,580
lazerlazerlazer,581
franceskajaimes,582
legsup,582
newalbums,583
newmusic,583
marktwain,584
culprate,585
dammitblake,586
mahjong,587
masseffectlore,588
medalofhonor,589
warfighter,590
howcanwehelpyou,591
quitleague,592
goingtothemoonforthis,593
hashtagindia,594
depaul,595
smokerslounge,596
econ,597
metapowerwriters,598
antibadphiwatch,599
ignoranceanimals,600
twn,601
stem_cells,602
50shadesofcray,603
cupcake1713erotica,603
tf2fashion,604
dwma,605
metaksrp,605
dogecar,606
hairypussypee,607
ladybonerspeegw,607
peegonewild,607
dogefaketipreminder,608
rogue,609
energy_manipulation,610
psionics,610
nautiluscoin,611
nutcoin,612
battlecon,613
lowell,614
clueless,615
joeschmoshow,616
livetweetingoldmovies,616
tdd,617
bb30,618
wayback_wednesday,619
fistfuloffrags,620
leadandgold,620
blamethejews,621
oreos,622
theydidntthemath,623
astralprojectionnow,624
outofbody,624
redayz,625
4chanexploitables,626
learn_rails,627
dorkendarkenment,628
meetpeople,629
fateporn,630
badvoltage,631
centurytown,632
foundationrp,633
metahockey,634
dogeconomics,635
crayonpop,636
memesminusmoderators,637
huntersville,638
cancelledscifi,639
knashville,640
schemingdrunkpeople,641
battlefieldhardline,642
bosnia,643
pax2014scalperalert,644
paxpassexchange,644
daewoo,645
efukt,646
efuktsounds,646
anarchopunks,647
leesummit,648
dfwgaybros,649
armaunderground,650
gamingunderground,651
readingrainbow,652
stripping,653
womeninmotion,653
fpapip,654
wiesbaden,655
stjohnsnl,656
islandofwarriors,657
cssstyle,658
fulltvshowsongoogle,659
fulltvshowsonvimeo,659
ex_treehousers,660
ichfand,661
binary,662
binaryreview,662
oppositeofbatman,663
sciencedocumentaries,664
sciencevideos,664
frugalmontreal,665
marshillchurch,666
mathjokes,667
athens,668
pokemongoathens,668
ugahousing,668
pomodoro,669
mittenvapers,670
capology,671
portablefood,672
atowninberkshire,673
reading,673
reading_berkshire,673
shareyoursheps,674
dignitaslol,675
mlpvectors,676
wet,677
moralpanic,678
printrbot,679
weseltonsguard,680
howtocat,681
poty,682
lotrmemes,683
cincinnatijobs,684
solidoodle,685
nca,686
traumatoolbox,687
freaksandgeeks,688
bolers,689
electronicdancemusic,690
drakeandjosh,691
dogefund,692
redditplaysagame,693
babyduckgifs,694
nixon_ate_my_balls,695
drawmelikefrenchgirls,696
starcitizenmods,697
tpmissedconnections,698
bmwcirclejerk,699
chromafps,700
camarillo,701
nsfw_hardcore,702
georgiavapers,703
tahlequah,704
occulture,705
flappybirdrage,706
cleanwatercoin,707
doabitofgood,707
enoughmolyneuxspam,708
drpeppermasterrace,709
ccemetery,710
midori,711
bumblebro,712
areeljay,713
redditlaqueristaswap,714
maydaymusic,715
artcrits,716
betta,717
fatwreckchords,718
tokyointulsa,719
christiangonewild,720
8bitmush,721
redditlinkshell,722
petsfacessmallplaces,723
hygiene,724
cordoba,725
twinksvideos,726
gwar,727
secretlover3,728
modsbehavingbadly,729
valkyrion,730
securitycirclejerk,731
footballextras,732
classiccaden,733
yourselfyou,734
smuggling,735
worstadviceever,736
swiftmangarebellion,737
swiftmangareborn,737
futurologycirclejerk,738
smaland,739
cryptcoin,740
stillnotdavid,741
thingsmensay,742
vmx,743
coal,744
gasification,744
italianamerican,745
catduch,746
overengineering,747
stonerthought,748
edmontonents,749
2d2,750
kelliberglund,751
oliviaholt,751
wackyhyperboles,752
kurtmeme,753
creepystory,754
treatemright,755
titsontits,756
ottscouhc,757
civclicker,758
hotrod,759
streetrod,759
icallbullshit,760
tina,761
frostamationstudios,762
cropcircles,763
spiceupyourstory,764
stumpt,765
vivapinata,766
lostcarts,767
cyvasse,768
bitcointhoughts,769
goneinsane,770
germusic,771
skaldicmusic,771
kenosha,772
baeume,773
ravensshadow,774
doesthissubexist,775
downloadmoreram,776
7dollardinners,777
sriracha,777
faithandscience,778
destiny_voip,779
sparrowracingleague,779
lemaitre,780
lemaitremusic,780
overlooked,781
verbthenoun,782
civilizationball,783
everymanshouldhave,784
everymanshouldnthave,784
mem35,785
minecraftschematics,786
edcinaction,787
damnthatsterrifying,788
wheaeeueueejhhhh,789
linuxgames,790
911truthers,791
nypbandcamp,792
emarketing,793
mmgame,793
todayinpictures,794
betwithminerals,795
mineralz,795
ccsvi,796
dgasz,797
piquantproductions,798
torontoward27,799
soupyhands,800
staygoldreddit,801
settlersofcatan,802
theohmwrecker,803
disneyphotography,804
cashcloudcommissions,805
cashcloudsys,805
artisanmemesinc,806
battlefieldloadouts,807
andywrote,808
askbetas,809
minecraftidf,810
goatcifer,811
innerjerkmusicians,811
asciiart,812
clothingcoupons,813
politicalvideos,814
debtcoin,815
debtcoins,815
selflearning,816
404,817
gameofthronesbookclub,818
queertransmen,819
boostingbioshock2,820
p0rn,821
legocreations,822
georgetown,823
dwarvesvselves,824
theplanningcafe,825
hugepaycheck,826
my100kclub,827
data,828
bookartssection,829
boomers,830
ti4network,831
travicew,832
stopdipping,833
europauniversalis,834
leaguedating,835
startupparadise,836
wolfvsgoat,837
classicrage,838
fruitunion,839
yukitheater,840
protolangproject,841
bestofindia,842
mogwai,843
testarmy,844
thathappenedgrandma,845
shebathedog,846
donjokes,847
lesrevenants,848
aldnoahzero,849
paidforwinrar,850
farsi,851
learnfarsi,851
polishsoccer,852
getschooledinlol,853
thebiglebowski,854
sexcel,855
tacticalfarting,856
vapeshop_employees,857
redditdynasty,858
redditfbdynasty,858
sweatygirls,859
crashteamracing,860
speculativerealism,861
emperor_of_orange,862
saiga,863
cofoosball,864
foosball,864
shitredditsaysv2,865
courtroomjustice,866
formaniggadarren,867
im12andthisisfunny,868
rickroll,869
tcd,870
nsu,871
thibodaux,871
mrtechnicaldifficult,872
rubyplatoon,873
ccc,874
kershawsdick,875
lolegypt,876
minecraft3dmodelpacks,877
visvim,878
uniquewatches,879
finantevalcea,880
ler,881
ciorba,882
crestini,882
farabale,883
thenewbucharest,883
msoffice,884
seattledota,885
dayzclans,886
sandcraft,887
wellsurprisesurprise,888
chickens_incremental,889
carstereo,890
bitmark,891
aiders,892
kettlebellsport,893
maze_of_games,894
zazie_lavender,895
fullsteph,896
alaskanmalamute,897
shambhalabuddhism,898
linguisticshumor,899
animalstakingbaths,900
mafia_2k,901
mydaily3,902
cwreenactors,903
reenactors,904
rorycomics,905
kspmods,906
criminal_defense,907
tandem,908
lawfirmmarketing,909
ctm,910
minecraftmaps,910
yogscastmaps,910
easydogebot,911
lopey986,912
urmomjokes,913
rugc_greatlakes,914
rtah,915
scad,916
greenmountain,917
redditmercforce,917
stormform,918
exilechip,919
ioschallenges,920
fortpelopidas,921
angulardart,922
fishplayspokemon,923
nessie,924
soundscape,925
nbcnews,926
seguin,927
phxmeetup,928
technicalwriting,929
4rum,930
stupidpuns,931
badhistorygonewild,932
tecmonterrey,933
grassfires,934
teaocracy,935
watsky,936
engaged,937
proposals,937
fuckhead,938
ftmcirclejerk,939
bennybenny,940
fosshelpwanted,941
sheiladrugeater,942
philllchabbb,943
ispcu,944
iamacatholic,945
kemetic,946
kemeticism,946
zioncc,947
glitchhop,948
irejobs,949
daily3me,950
lonelygamers,951
hotshotggandfriends,952
wonka,953
testingtesttesting,954
soccergaming,955
nook,956
nookcolor,956
loncon2014,957
kenjennings,958
shortfanfics,959
nervegearmasterrace,960
spacexporn,961
plazacirculociencia,962
theydidthekvltmath,963
liberia,964
ciderporn,965
trollchromosomes,966
cowstories,967
fahrvergnugen,968
nmsu,969
3dprintingforum,970
pandemic,971
cocmonsters,972
silk,973
sc4coopterranova,974
retirednicknames,975
stronticraft,976
pauperdistrictpmc,977
modelrailroads,978
r9kelsaproject,979
r9kmasterrace,979
antibitcoinwatch,980
n5pics,981
cissingapore,982
peopleofcolor,983
biracial,984
maybe,985
burritomasterrace,986
bronco,987
fordbronco,987
fullsizebronco,987
sliding,988
motoie,989
socalriders,989
selfbuild,990
nofapdojo,991
cdstoriesgonewild,992
divergent,993
brantford,994
planecrash,994
minecraftmodder,995
frozenporn,996
shopside,997
gifbattles,998
hardtrance,999
notallredditors,1000
gamermasterrace,1001
mountainmen,1002
americanmorality,1003
stack64,1004
badelf21,1005
ancappery,1006
ebolanewsbot,1007
spaceblogs,1008
handmade_gifts,1009
gtabank,1010
lanwar,1011
corum,1012
xena,1013
antimullinswatch,1014
britcoin,1015
croninho,1016
opieradio,1017
dawnofminecraft,1018
thisisforme,1019
frozengames,1020
southernreach,1021
tagpromoneyleague,1022
socialjusticewarriors,1023
fapfest2014,1024
lanoire,1025
plordsnarch,1026
spaceribs,1027
vaast,1027
polwatch,1028
nflbestof,1029
schedule_bot,1030
horsestuffclassifieds,1031
tackexchange,1032
jontronconspiracies,1033
arteparadiso,1034
spongeproject,1034
dopplebanger,1035
floridakeys,1036
snorkeling,1036
legomoccontest,1037
conspirawhiners,1038
ggggbabybabybaby,1039
orangebikes,1040
whitehat,1041
vrd,1042
connecticutkayakers,1043
afolon,1044
gbien,1044
cypresstx,1045
asimpleplace,1046
hardtek,1047
dragonsfuckingcats,1048
dragonsfuckingdragons,1048
datenschutz,1049
emigrate,1050
kevincirclejerk,1051
moonrisesmp,1051
askgreypoos,1052
gredditundelete,1052
greypobraveryjerk,1052
greypohistory,1052
newgreddits,1052
notgreypo,1052
greyporeactiongifs,1053
ndsu,1054
trulyoffbeat,1055
pcontests,1056
craponcomcast,1057
espresso,1058
autodiy,1059
richmondkickers,1060
baseballmogul,1061
bradneely,1062
prokabaddi,1063
checkusout,1064
citizensunitedruling,1064
newsubreddits,1064
scamads,1064
bikedayton,1065
themasterplan,1066
atarijaguar,1067
straightandtrans,1068
toplessninjas,1069
csub,1070
bostonbeer,1071
ftaffl,1072
league4,1072
imnotafanofreddit,1073
sexercise,1074
faggotsonly,1075
denverfood,1076
equalism,1077
lancasteruni,1078
coloradovapers,1079
gifsx,1080
films,1081
inthelittlewood,1082
idiomaticpython,1083
slashcmd,1084
lukepocock,1085
hyperstake,1086
bigboyz,1087
l3lackl3ullet,1088
triadserver,1089
macon,1090
individuell_frihet,1091
notkayfabenews,1092
itembox,1093
legohaul,1094
fffffffuuuuuuuuuuuud,1095
lille,1096
it_cert_study,1097
truesidehugs,1098
truestchristian,1098
fappening_the,1099
fappeningreturns,1099
treebusiness,1100
breakingbadart,1101
nicoleheatcom,1102
ispshaming,1103
totpa,1104
movie_scores,1105
moviemusic,1105
foodindustry,1106
slowcooker,1107
dankmaymays,1108
kerbalcubesat,1109
facialhair,1110
snl,1111
potatoism,1112
podemostoledo,1113
hungrygames,1114
mcapoc,1114
molinism,1115
outofthegreypoloop,1116
subgredditoftheweek,1116
humanitarianaid,1117
vancouverhousing,1118
backandlay,1119
sportsbetting,1119
catitude,1120
makerbot,1121
lombluepages,1122
gokarts,1123
bearingporn,1124
burningcrusade,1125
truetruetf2,1126
roguemovement,1127
validatemybreakup,1128
lifeisfeudal,1129
lifservers,1129
terredange,1130
benghazicirclejerk,1131
til_on_conservapedia,1131
alviad,1132
greek,1133
westbengal,1134
transverse,1135
femaleoutfits,1136
shittyinvestingadvice,1137
kerbalcontrollers,1138
kateeowen,1139
diabetesgonewild,1140
csmajors,1141
freetextures,1142
textures,1142
hypnohookup,1143
everyadultshouldknow,1144
redbox,1145
singleusecodes,1145
itwasgraveyardgraph,1146
lillybestgirl,1147
togetherwegame,1148
gawwrdening,1149
porncritics,1150
norton,1151
sigmaalphaepsilon,1152
gdrgaming,1153
luciusaa,1154
cmdexoc,1155
rcrpblackstallion,1155
pokemonsnapirl,1156
sehagirls,1157
sybercity,1158
sybertown,1158
dogerunning,1159
givethismangold,1160
archeageproperty,1161
enla,1161
crystallography,1162
cloudkickermusic,1163
finpals,1164
sarajunderwood,1165
statistbravery,1166
cityoftrees,1167
3dvisions,1168
bullshitwiki,1169
crashblossoms,1170
fireseason,1171
perfectcoin,1172
ello2,1173
ellocommunity,1173
shittypersonalfinance,1174
yowie,1175
starwarslcg,1176
annistonal,1177
oxfordal,1177
toptitty,1178
varan,1179
thepeachmango,1180
androidaudio,1181
blem,1182
praetorianguard,1183
bbau,1184
lgbtmaryland,1185
meansouls,1186
shittyphotoshopbattle,1187
papgrappen,1188
jonkoping,1189
photoplundermen,1190
game_of_nemesis,1191
caribbeangirls,1192
theresatata,1192
spacexdeletions,1193
surreybc,1194
releasethebats,1195
azsource,1196
googledomains,1197
frisbee,1198
ultrasaltcore,1199
csuwc,1200
sips_co,1201
masonicdadjokes,1202
wict,1203
ulsterhistory,1204
bsufootball,1205
wynaut,1206
darksigns,1207
colum,1208
fcjrepost,1209
grandrapidsfc,1210
nsfw_girllife,1211
nsfw_porn_gallery,1211
leagueofbadasses,1212
aussiepolish,1213
itsaboutethics,1214
amplicraft,1215
altjs,1216
spacemusic,1217
oldenporn,1218
digitaldivide,1219
theaesfiles,1220
refereedecisions,1221
jesusapproves,1222
vim_magic,1223
audiovisualcontent,1224
avcvideos,1224
sonomacounty,1225
petaluma,1226
paydaybuilds,1227
subnormality,1228
fragfilms,1229
vintj,1230
bleachers,1231
dungeonscape,1232
minecraftpvp,1233
tomybeloved,1234
universemode,1235
cloudkingdomlom,1236
scopa,1237
dodlanpilem,1238
gambar2,1238
onetruthprevails,1239
mouthwideopen,1240
onherknees,1240
crawling,1241
fortyyearsago,1242
kleinoak,1243
mentat,1244
nbagifs,1245
safp,1246
picturesofadrian,1247
hooveslikesdudes,1248
hooveslikesdudes2,1248
backgroundart,1249
masterstudy,1249
mushishi,1249
thatsnotathing,1250
mctestservers,1251
crownofthegods,1252
lou,1252
bostonvegans,1253
comingsoonhorror,1254
bikebmore,1255
secretofmana,1256
justpremtechthings,1257
estafapodemos,1258
e3mafia,1259
freeupvotes,1260
disrespectthreads,1261
haljordangotsweg,1261
biscuitapp,1262
0magick,1263
10yearsofreddit,1263
1877kars4kids,1263
1984isreality,1263
19kidsandcounting,1263
2010smusic,1263
2014elections,1263
2016_elections,1263
2016campaign,1263
2016electionpolicies,1263
2016elections,1263
2016protest,1263
2016recount,1263
2600,1263
2cool4reddit,1263
2d_love,1263
2edgy4me,1263
2mlg4u,1263
2ndamericancivilwar,1263
2ndintelligentspecies,1263
2parties1exit,1263
2vans,1263
3amjokes,1263
3op,1263
48statesofamerica,1263
4chan,1263
4chanmeta,1263
4channn,1263
4chanpranks,1263
4power,1263
4xbannedfromme_irl,1263
52weeksofpizza,1263
535,1263
5555555,1263
5555555_5555555,1263
60smodelusgov,1263
641stworldproblems,1263
7cupsoftea,1263
801010,1263
8chan,1263
9000sins,1263
911fanart,1263
911truth,1263
984519685419685321,1263
a2zsports,1263
aa_cups,1263
aadiscussions,1263
abbajokes,1263
abcdcirclejerk,1263
abcdesis,1263
abcdteens,1263
abdl,1263
abdlexchange,1263
abolish,1263
abortion,1263
aboutreddit,1263
abovethelaw,1263
abrahamhicks,1263
abrathatfits,1263
absolutelyme_irl,1263
absolutelynotme_irl,1263
absolutetruth,1263
absurdism,1263
abuseinterrupted,1263
acab,1263
academiainaction,1263
academicanimals,1263
academicbiblical,1263
academiceconomics,1263
academicmarxism,1263
academicphilosophy,1263
academicpsychology,1263
acadie,1263
accelerationism,1263
accessories,1263
accidentalarcher,1263
accidentalbuzzfeed,1263
accidentalrenaissance,1263
accidentalrevolution,1263
accidjental,1263
accountt1234,1263
aceplace,1263
achewood,1263
ackbar,1263
acl,1263
aclu,1263
acn,1263
activism,1263
activistsforbernie,1263
actualconspiracies,1263
actualforeveralone,1263
actuallesbians,1263
actualwomen,1263
actuary,1263
acumen,1263
adam_fkn_ellis_again,1263
adamcurtis,1263
adayinthelife,1263
adiposeamigos,1263
adminhate,1263
adminmythos,1263
adolfhitler,1263
adollarforchange,1263
adoptanewbie,1263
adoseofbuckley,1263
adultbreastfeeding,1263
adultery,1263
adultsurvivors,1263
advice,1263
adviceanimals,1263
adviceatheists,1263
advicefromsociopaths,1263
advicefromsuicides,1263
adviceklanimals,1263
advicemanimals,1263
adviceof,1263
aerodynamics,1263
aeromorph,1263
aestimoism,1263
afalsegod,1263
afghan,1263
afghanistan,1263
africa,1263
africanamerican,1263
afrikaburn,1263
aftersanders,1263
afterthesilence,1263
against_genocide,1263
againstactualhatesubs,1263
againstagainstmen,1263
againstatheismplus,1263
againstberniesanders,1263
againstfeminism,1263
againstgamergate,1263
againstharrietsrights,1263
againsthatesubreddits,1263
againsthatsubreddits,1263
againstlovesubreddits,1263
againstmarijuana,1263
againstmeansubreddits,1263
againstmensrights,1263
againstpetownership,1263
againstsocialjustice,1263
againstthechimpire,1263
againsttumblrinaction,1263
agendaposting,1263
agentsofdoubt,1263
ageplaypenpals,1263
agi,1263
agianstagaisntmr,1263
agitation,1263
agnostic,1263
agnosticism,1263
agorism,1263
agpolitic,1263
agroindustrialcomplex,1263
ahmadiyya,1263
ahmadiyyat,1263
ahsbrigadewatch,1263
aidsskrillex,1263
aiethics,1263
ainbow,1263
ainu,1263
aiphilosophy,1263
airasiaqz8501,1263
airbnb,1263
airforce,1263
airforcecirclejerk,1263
airlinesfood,1263
airnationalguard,1263
airportslaw,1263
airquality,1263
airshows,1263
ajamubaraka,1263
alabama,1263
alabamalibertarians,1263
alaskaforsanders,1263
albania,1263
alberta,1263
albertandp,1263
aldub,1263
aldublounge,1263
alec,1263
alersandbrawndo,1263
alexendoo,1263
alexis,1263
alexithymia,1263
alexjones,1263
alexlawforcongress,1263
alfranken,1263
algonquin_college,1263
alhenaraps,1263
alienth,1263
alife,1263
all,1263
allanche,1263
alleu,1263
alleyesonme,1263
allianceofthenewsjw,1263
allies,1263
allowedonpop,1263
allrussia,1263
alltheleft,1263
allthepostleftist,1263
almosthomeless,1263
alp,1263
alphaomegasin,1263
alreadyred,1263
alt_hapa,1263
alt_right,1263
alter_europa,1263
alterbridge,1263
alternatehistory,1263
alternative_right,1263
alternativefacts,1263
alternativefinanceuk,1263
alternativeleft,1263
alternativemedicines,1263
alternativeright,1263
altfacts,1263
altnewz,1263
altona,1263
altright,1263
altrightaus,1263
altrightcanada,1263
altrightseattle,1263
altrightwatch,1263
alttrp,1263
amadisasters,1263
amaravati,1263
amea,1263
american_politics,1263
americancaste,1263
americandesi,1263
americanindian,1263
americanjewishpower,1263
americanleft,1263
americanpirateparty,1263
americanpolitics,1263
americansarecowards,1263
americanstasi,1263
amerikkkawatch,1263
amibeingdetained,1263
amifreetogo,1263
amihot,1263
amisexy,1263
amitheasshole,1263
amiugly,1263
amosyee,1263
amrmythos,1263
amrsucks,1263
amry,1263
amwfs,1263
amwfstories,1263
anachronism,1263
anagorism,1263
analogies,1263
analyticals,1263
analyticmetaphysics,1263
anarcha,1263
anarchafeminism,1263
anarchism,1263
anarchismandtheory,1263
anarchismneedschange,1263
anarchismonline,1263
anarchismpdfs,1263
anarchist,1263
anarchist_review,1263
anarchist_strategy,1263
anarchistnews,1263
anarchistpics,1263
anarchists,1263
anarcho_capitalism,1263
anarcho_communism,1263
anarcho_fascism,1263
anarcho_hackers,1263
anarcho_primitivism,1263
anarcho_reaction,1263
anarcho_syndicalism,1263
anarchocapitalism,1263
anarchocommunism,1263
anarchomemes,1263
anarchopacifism,1263
anarchosyndicalism,1263
anarchotranshumanist,1263
anarchy,1263
anarchy101,1263
anarchy_in_the_uk,1263
anarchyintheuk,1263
anarquismo,1263
anarschism,1263
ancap101,1263
ancap_bestarguments,1263
ancap_videos,1263
ancapcirclejerk,1263
ancapcopypasta,1263
ancapgaming,1263
ancapraxis,1263
ancapsafespace,1263
ancientaliens,1263
ancientfutures,1263
ancientgiants,1263
ancientgreece,1263
ancientgreek,1263
ancientmigrations,1263
andrewcoyne,1263
andy2016,1263
anecdote,1263
anenome,1263
anexpertexplains,1263
anglicanism,1263
anglish,1263
angry,1263
angryasianmen,1263
angryblackladies,1263
angrybrds,1263
angrydm,1263
angrymail,1263
animalbehavior,1263
animalhoarding,1263
animalrights,1263
animalwelfare,1263
anime_irl,1263
animeph,1263
animism,1263
ankeny,1263
announcements,1263
annoydonaldtrump,1263
anoldgruntnews,1263
anonimity,1263
anonymous,1263
anonymousinaction,1263
anonymousphilosophy,1263
anormaldayinamerica,1263
anormaldayintheuk,1263
anotherperspective,1263
answermarket,1263
antarcticanomalies,1263
anthropology,1263
anti_establishment,1263
anti_gay,1263
anti_jidf,1263
anti_left,1263
anti_tree,1263
anti_trump,1263
antiagentlamewatch,1263
antiagingaddiction,1263
antianarchism,1263
antiandaquarterjokes,1263
antiantijokes,1263
antiatheismwatch,1263
anticivilisation,1263
anticlimax,1263
antifa,1263
antifagunclub,1263
antifedorawatch,1263
antifeminist,1263
antifeminists,1263
antifritzlywatch,1263
antifrugal,1263
antihatesubs,1263
antiimperialism,1263
antiintellectualism,1263
antiisis,1263
antijapancirclejerk,1263
antimemewatch,1263
antinatalism,1263
antinazi,1263
antipolonism,1263
antipsychiatry,1263
antira,1263
antirandsquad,1263
antiredpillwatch,1263
antisemitism,1263
antisemitismwatch,1263
antisjweuropean,1263
antisrs,1263
antisrsmythos,1263
antisrswatch,1263
antistemitism,1263
antitax,1263
antitheism,1263
antitheistparty,1263
antitia,1263
antitrump,1263
antitrumpalliance,1263
antiwar,1263
antm,1263
antok,1263
antoniofanclub,1263
antwerp,1263
antwerpen,1263
anurag,1263
anusprnon,1263
anybodybutbernie,1263
anybodybuthillary,1263
anyrandomquestion,1263
anystories,1263
anythinggoesnews,1263
anythinggoesnorules,1263
aomin,1263
apatheism,1263
apocalympics2016,1263
apolliusbook,1263
apologetics,1263
apppromotion,1263
approachanxietyhelp,1263
approvalvoting,1263
aprogressiveparty,1263
apush,1263
aquestioningmormon,1263
arabchristianity,1263
arabic,1263
arabicmusic,1263
arabicpoetry,1263
arabisraeliconflict,1263
arabs,1263
arabsdrama,1263
arachnocrapitalism,1263
aractivism,1263
arbeitmachtfrei,1263
archaeology,1263
archaiccooking,1263
archeology,1263
archiveusers,1263
arcticgate,1263
arepas,1263
arizonaforsanders,1263
arizonalibertarians,1263
arizonapolitics,1263
arkansasforsanders,1263
arkansaslibertarians,1263
armenia,1263
arminius_saw,1263
armor,1263
army,1263
armycirclejerk,1263
aromantic,1263
arranged_marriage,1263
arrowheads,1263
artbulbs,1263
artdepthhub,1263
artdocumentaries,1263
arthurpeopletwitter,1263
artporn,1263
artsakh,1263
aryanskynet,1263
as_a_german,1263
asablackman,1263
asajew,1263
asanamerican,1263
asaperson,1263
asawhtmillfeminist,1263
asceticism,1263
asean,1263
asexual,1263
asexuality,1263
asfl_irl,1263
asia,1263
asiakaspalvelu,1263
asian,1263
asianamerican,1263
asianamericanissues,1263
asianamericans,1263
asianascendance,1263
asianbloc,1263
asianbros,1263
asiancouples,1263
asianfeminism,1263
asiangamerchicks,1263
asianladyboners,1263
asianlounge,1263
asianmasculinity,1263
asianmasculinity2,1263
asianparentstories,1263
asianpatriarchy,1263
asianpowa,1263
asianpowerpolitics,1263
asians,1263
asiantwox,1263
ask_political_science,1263
ask_politics,1263
ask_transgender,1263
askachef,1263
askaconservative,1263
askaheathen,1263
askajw,1263
askaliberal,1263
askalttrp,1263
askanamerican,1263
askandthink,1263
askanthropology,1263
askberniesanders,1263
askberniesupporters,1263
askdemocrats,1263
askeconomics,1263
askeconomists,1263
askeurope,1263
askfeminists,1263
askflytape,1263
askfuneraldirectors,1263
askgaybros,1263
askgaymen,1263
askgirlkissers,1263
askgsm,1263
askhillarysupporters,1263
askhistorians,1263
askhistorians1,1263
askhistoriansgw,1263
askhistory,1263
askindia,1263
asklaw,1263
askleo,1263
asklesbians,1263
asklgbt,1263
asklibertarians,1263
askliterarystudies,1263
askmalpractice,1263
askmen,1263
askmenover30,1263
askmilitary,1263
askmrp,1263
asknotapostolate,1263
askphilosophy,1263
askphilosophyfaq,1263
askpsychology,1263
askredditgames,1263
askredditt,1263
askreligion,1263
asksciencediscussion,1263
asksciencefiction,1263
askscientists,1263
askscifideadpool,1263
askscitech,1263
askseddit,1263
asksingapore,1263
asksocialscience,1263
askstatists,1263
askstopdrinking,1263
askstrawfeminists,1263
askthe_donald,1263
asktheoracle,1263
askto,1263
asktransgender,1263
asktrollx,1263
asktrp,1263
asktrump,1263
asktrumpsupporters,1263
askuk,1263
askwomen,1263
askwomenadvice,1263
askwomenover30,1263
aspergerobsessions,1263
aspergers,1263
aspergirls,1263
assadistwatch,1263
assam,1263
assangeproofoflife,1263
assemblymakers,1263
assert_your_rights,1263
assessment_testing,1263
assholedesign,1263
assholeoftoday,1263
assholes,1263
assignedmale,1263
assignmenthelpers,1263
assuretutoring,1263
asswipebrigade,1263
assyriology,1263
asterix,1263
asteroidmining,1263
astrophysics,1263
asused,1263
ateistisrbije,1263
atethepasta,1263
athe1sm,1263
atheesm,1263
atheism,1263
atheismcomedy,1263
atheismcomingout,1263
atheismfails,1263
atheismindia,1263
atheismnew,1263
atheismplus,1263
atheismrebooted,1263
atheismrebootedplus,1263
atheist,1263
atheistargumentmaps,1263
atheisthavens,1263
atheistparents,1263
atheistsbeingdumb,1263
atheistvids,1263
athiesm,1263
athleticfeats,1263
atlantis,1263
attentionfromothers,1263
aubreymaturin,1263
audiology,1263
aug2016event,1263
auntbessy,1263
aupairs,1263
ausbike,1263
ausecon,1263
ausfailia,1263
ausfemalefashion,1263
ausfinance,1263
ausgaming,1263
ausjobs,1263
auslaw,1263
auslegal,1263
auspol,1263
ausproperty,1263
austfreespeech,1263
austpropertyponzi,1263
australia,1263
australianaccounting,1263
australianfreespeech,1263
australianmilitary,1263
australianpolitics,1263
australiansforbernie,1263
australiansocialism,1263
australiapics,1263
australiaright,1263
austrian_economics,1263
austronesian,1263
autarchy,1263
authoritarian,1263
authoritarians,1263
autist,1263
autistic,1263
autisticconversation,1263
automate,1263
automatedtrolling,1263
automotivefuture,1263
autonewspaper,1263
autonomia,1263
autotldr,1263
autowa,1263
avatar,1263
averagedickproblems,1263
avethics,1263
avfmhotlinks,1263
awanbrothers,1263
awards,1263
awesomecops,1263
awesomesaucephil,1263
awfulsubreddits,1263
awpgod1337,1263
awtheory,1263
awwjusticeserved,1263
awwschwitz,1263
axerbaijan,1263
ayfkm,1263
aynrand,1263
aynrandeatsbabies,1263
azad_pakistan,1263
azania,1263
azerbaijan,1263
aznidentity,1263
aznidentitycucks,1263
aznlivesmatter,1263
aznperil,1263
b12,1263
babblenerds,1263
babesintoaliens,1263
babyelephantgifs,1263
babyfurs,1263
babymonitorsguide,1263
babynames,1263
babystrollers,1263
bachelorchef,1263
backinsaintolaf,1263
backofapostagestamp,1263
backup,1263
bad_cop_no_donut,1263
bad_cops_no_donuts,1263
bad_da_no_donut,1263
bad_religion,1263
badadviceonreddit,1263
badanalogies,1263
badanthropology,1263
badarthistory,1263
badatheism,1263
badbadeconomics,1263
badbadmathematics,1263
badbadukpolitics,1263
badcivics,1263
badcode,1263
badcomputerscience,1263
badcrops,1263
badeasternphilosophy,1263
badeconomics,1263
badenergy,1263
badetymology,1263
badeverything,1263
badfallacy,1263
badfinancialadvice,1263
badgeography,1263
badgeopolitics,1263
badgovnofreedom,1263
badhistory,1263
badhistory2,1263
badideology,1263
badislam,1263
badlegaladvice,1263
badlinguistics,1263
badliterature,1263
badlitreads,1263
badlogic,1263
badmathematics,1263
badmemes,1263
badminton,1263
badmodnoupvote,1263
badmods,1263
badmusicology,1263
badmythos,1263
badneuroscience,1263
badparenting,1263
badparentmoments,1263
badparents,1263
badpenisfacts,1263
badpeoplestories,1263
badperson,1263
badphiiosophy,1263
badphilosophy,1263
badphilosophy2,1263
badpolitics,1263
badpolsci,1263
badpsychology,1263
badromance,1263
badroommates,1263
badrperstories,1263
badscience,1263
badselfeater,1263
badsocialscience,1263
badstatistics,1263
badstats,1263
badsubhub,1263
badsubs,1263
badsyntax,1263
badtheology,1263
badukpolitics,1263
badunitedkingdom,1263
badusers,1263
badwomensanatomy,1263
baghdad,1263
bahai,1263
bahaiorder,1263
bahaipics,1263
bahaiquotes,1263
bahasamelayu,1263
bahrain,1263
bait,1263
baitandswitch,1263
bakchodi,1263
ballju,1263
ballotaccess,1263
ballyfuckinghoo,1263
balochistan,1263
baltimoreanddcr4r,1263
bancareless,1263
bandelaeffect,1263
bandung,1263
bane,1263
baneposting,1263
bangkok,1263
bangladesh,1263
bangmybully,1263
bankruptcy,1263
banksters,1263
banned,1263
bannedforposting,1263
bannedfromanime_irl,1263
bannedfromasubreddit,1263
bannedfromkia,1263
bannedfromme_irl,1263
bannedfromme_irl4,1263
bannedfromthe_donald,1263
bannedfromwikileaks,1263
bannedfromworldnews,1263
bannedsubs,1263
bannination,1263
banthe_donald,1263
banthesesubs,1263
banthissub,1263
baptist,1263
baptists,1263
barbariansatthegate,1263
bardarbunga,1263
barrington_hs,1263
barroomheroes,1263
bart,1263
basedhitlernews,1263
basementbiotech,1263
basicincome,1263
basicincomeactivism,1263
basicincomecanada,1263
basicincomeeurope,1263
basicincomeireland,1263
basicincomeusa,1263
basket_of_deplorables,1263
basslessons,1263
batesmethod,1263
baththoughts,1263
batr,1263
battleofthesexes,1263
bayareaanarchy,1263
bayriders,1263
bbkshowerthoughts,1263
bctrans,1263
bdawwsm,1263
bds,1263
bdsmabuse,1263
bdsmadvice,1263
bdsmcommunity,1263
bearfightasp,1263
beatoff,1263
beautydiagrams,1263
beautyguruchat,1263
becausetexas,1263
beecoin,1263
beerandpizza,1263
beerghazi,1263
beerkorea,1263
beernerd,1263
beginningchinese,1263
behaviorchange,1263
behaviorismcirclejerk,1263
beholdthemasterrace,1263
beijing,1263
beingadick,1263
bekasi,1263
belem,1263
belgium,1263
belgiumball,1263
belgiumcensorship,1263
bellcanada,1263
bencarson,1263
bengalilanguage,1263
benrosen,1263
benshapiroshow,1263
bergen,1263
berkeley,1263
berlintruckattack,1263
bernersforstein,1263
bernie,1263
bernie2020,1263
bernie_sanders,1263
bernieblitz,1263
berniecoverage,1263
berniecrats,1263
bernieforpresident,1263
berniegutman,1263
bernieorbust,1263
berniesanderssucks,1263
berniesandersvetting,1263
berniesandersvideos,1263
berniesandersvp,1263
berniesquadsezwhat,1263
berniesrevolution,1263
berniesucks,1263
berniesupporters,1263
bernievshillary,1263
bernitdown,1263
berntheconvention,1263
bertkreischer,1263
best_of,1263
best_poetry,1263
bestof_exmormon,1263
bestofadminsmackdown,1263
bestofamateurs,1263
bestofatheism,1263
bestofaw,1263
bestofcracked,1263
bestofcuckculture,1263
bestofcucks,1263
bestoff,1263
bestoffeminism,1263
bestofhelpinganimals,1263
bestofislam,1263
bestofleft,1263
bestoflegaladvice,1263
bestoflegaladviceuk,1263
bestofliveleak,1263
bestofmeta,1263
bestofmodsmackdown,1263
bestofnl,1263
bestofnofap,1263
bestofokc,1263
bestofoutrageculture,1263
bestofpizzajerk,1263
bestofpoutrageculture,1263
bestofquotes,1263
bestofrandiardds,1263
bestofrdd,1263
bestofreddit,1263
bestofrelevantun,1263
bestofreports,1263
bestofsjwculture,1263
bestofsmugculture,1263
bestofthecampus,1263
bestofthefray,1263
bestoftheright,1263
bestoftldr,1263
bestofworldstar,1263
bestofx,1263
bestofyeshivaguy,1263
bestpolicecars,1263
bestredditburns,1263
beta,1263
betacanada,1263
betonaskreddit,1263
betoorourke,1263
betterhomesandgardens,1263
betteridgeslaw,1263
betternews,1263
betterrelationships,1263
bettersubredditdrama,1263
beyonddebate,1263
beyondthewormhole,1263
bgccirclejerk,1263
bharat,1263
bharatcirclejerk,1263
bible,1263
biblereading,1263
bibros,1263
bidetrevolution,1263
bigboobproblems,1263
bigdickjoy,1263
bigdickprivilege,1263
bigdickproblems,1263
bigdicksolutions,1263
bigelowaerospace,1263
bigenergy,1263
bigly,1263
bignosebabes,1263
bigotcard,1263
bigotryiscool,1263
bigotryshowcase,1263
bigpharma,1263
bihusbands,1263
biid,1263
bikecammers,1263
bikelanes,1263
bikersfortrump,1263
bikesfilmandsexrobots,1263
bikinibottomtwitter,1263
billburr,1263
billshorten,1263
billwurtz,1263
bio_hacking,1263
bioethics,1263
biometricvoting,1263
bioregionalism,1263
bioregionalism_,1263
bioscience,1263
biotruths,1263
bioware,1263
bipartisandebate,1263
birdlaw,1263
birthcontrol,1263
birthstrike,1263
bisbee,1263
biscuits,1263
bisexual,1263
bisexualadults,1263
bisexualcirclejerk,1263
bisexuality,1263
bisexualteens,1263
bitbastion,1263
bitchimabus,1263
bitcoinbeg,1263
bitcoinevangelism,1263
bitcoinjp,1263
bitcoinstartups,1263
bitlaw,1263
bitofnewsbot,1263
biv,1263
biwomen,1263
bizarrofeminism,1263
black4black,1263
black_entrepreneurs,1263
black_lives_matter,1263
blackatheism,1263
blackberners,1263
blackcontemporaryarts,1263
blackcrimematters,1263
blackculture,1263
blackfaith,1263
blackfellas,1263
blackflag,1263
blackgirls,1263
blackhat,1263
blackhistoryphotos,1263
blackinamerica,1263
blackladies,1263
blacklivesmatter,1263
blackmagic,1263
blackopencarry,1263
blackout2015,1263
blackoutnews,1263
blackpeopletwitter,1263
blackpower,1263
blackracisttwitter,1263
blame_millennials,1263
blameamerica,1263
blastfromthefuture,1263
blerds,1263
blm_are_terrorists,1263
blmwatch,1263
blockisland,1263
blog,1263
blogsandthinkpieces,1263
blono,1263
bloodhoundgang,1263
bloodthirstystatists,1263
bloomington,1263
bloomingtonnormal,1263
blubclubsub,1263
bluecollarwomen,1263
bluelight,1263
bluemidterm2018,1263
bluepill,1263
bnestrong,1263
bodyboarding,1263
bodyimage,1263
bodylanguage,1263
bogleheads,1263
boilerroombros,1263
bolivia,1263
bollywood,1263
bollywooddancediaries,1263
bollywoodgifs,1263
bollywoodrealism,1263
boobslikehagiasophia,1263
boocisacuck,1263
boohoobabies,1263
bookdd3,1263
booklists,1263
bookofenoch,1263
booksnippets,1263
bootyhadmelike,1263
boracay,1263
borderporn,1263
boredandcompiling,1263
boredcelebs,1263
boreddead,1263
boredinchurch,1263
borgeeziespeak,1263
both_sides,1263
bothsidesarethesame,1263
botorcrazy,1263
bottomcomment,1263
bourdieu,1263
bowiepasta,1263
box5,1263
boycott_everything,1263
boycottgop,1263
bpd,1263
bpd4bpd,1263
bpdart,1263
bpdchat,1263
bpdlovedones,1263
bpdsoffa,1263
bpdsupport,1263
bpoinph,1263
bptcirclejerk,1263
bpwomen,1263
braille,1263
brain,1263
brainhealingdiet,1263
brainwashedamerica,1263
brampton,1263
brasil3,1263
brasil_drama,1263
brasil_reflexivo,1263
brasildob,1263
brasilivre,1263
brasilonreddit,1263
braswap,1263
braveryjerk,1263
braverypuffin,1263
brazilorrussia,1263
brdjerk,1263
breakingbumps,1263
breakingfrd,1263
breakingmom,1263
breakingnews,1263
breakup,1263
brealism,1263
breastenvy,1263
breitbartinaction,1263
brettkeanetrolling,1263
brexit,1263
brexitactivism,1263
brexitblunders,1263
brexitdenial,1263
brgnhuntsupportgroup,1263
bridgeporn,1263
bridgeportpilsen,1263
briefconversations,1263
brigade_conspiracy,1263
brigaded,1263
brigades,1263
brigadesrs,1263
brigadingsubsinaction,1263
brightonvapeclub,1263
brilliantcomments,1263
bringbackreddit,1263
bringvictoriaback,1263
brisbane,1263
brisbanejobs,1263
brisbanemtb,1263
brisbaneroar,1263
britain,1263
britishcolumbia,1263
britishcommunists,1263
britishpolitics,1263
britishproblems,1263
britishsuccess,1263
britishtravelproblems,1263
broadcity,1263
brocialism,1263
brock_allen_turner,1263
brockturnerinnocent,1263
brogressive,1263
brokehugs,1263
brokenpickers,1263
broscialism,1263
brownbeauty,1263
brownscare,1263
brucenotcaitlyn,1263
bruins,1263
brunei,1263
bs9k,1263
btfo,1263
budapest,1263
buenzli,1263
bughunt,1263
buildawall,1263
buildingalternatives,1263
buildzoom,1263
bulgaria,1263
bulletproof,1263
bulletproofexecutives,1263
bullshitmediaempire,1263
bumpbows,1263
bunniesstandingup,1263
burbling,1263
burgerking,1263
burlington,1263
burlingtonon,1263
burlingtontario,1263
burma,1263
burnaby,1263
burritogonecuddly,1263
burritos,1263
businessfashion,1263
businesspolitics,1263
bustfriendlyclothing,1263
butthurtcanada,1263
butthurteuropoors,1263
buttlusting,1263
butwhataboutism,1263
buythissubreddit,1263
buzzfeedinaction,1263
bwwm,1263
bybanen,1263
bythebookofthyself,1263
byzantium,1263
bzb,1263
c_d_t,1263
c_s_t,1263
ca_for_jillstein,1263
cabarexam,1263
cabbagetrollfacts,1263
cadenmorandairy,1263
cadets,1263
cagonewild,1263
caguas,1263
caguns,1263
cairns,1263
cajunfrench,1263
cakeband,1263
calexit,1263
calgarytransit,1263
calibertarians,1263
californiagreenparty,1263
californiasocialists,1263
calisthenics,1263
callcentres,1263
calledoutbymom,1263
callflood,1263
callforsubmissions,1263
callit,1263
callofresponsibility,1263
calloutableists,1263
calpirateparty,1263
cambridgeshire,1263
campusreform,1263
canad,1263
canada,1263
canadadashcam,1263
canadafree,1263
canadahousingbubble,1263
canadainpictures,1263
canadapolitic,1263
canadapolitics,1263
canadaprivacy,1263
canadapublicservants,1263
canadaredacted,1263
canadatalkspolitics,1263
canadia,1263
canadian_news,1263
canadian_socialism,1263
canadianbroadband,1263
canadianbusiness,1263
canadiancannabisopen,1263
canadianforces,1263
canadianmusic,1263
canadianrunners,1263
canatwo,1263
cancercollated,1263
cancermods,1263
cancerousmods,1263
candycornspiricies,1263
candymancan,1263
canijuana,1263
canonlaw,1263
cantax,1263
cantonese,1263
cantorial,1263
cantspotajoke,1263
canutastethewaste,1263
capitalism,1263
capitalismfacts,1263
capitalismisbadok,1263
capitalismiscrumbling,1263
capitalismvsocialism,1263
captainobvious,1263
captainplanet,1263
cardinalsconspiracy,1263
careerwomen,1263
caregivers,1263
caregiversupport,1263
carfree,1263
carfreelife,1263
carnivore,1263
carrollcountymaryland,1263
carrolltongeorgia,1263
carsaustralia,1263
carsfuckingdragons,1263
carsoncity,1263
cascadia,1263
cascadiabooks,1263
cascadiajerk,1263
cascadiasoccer,1263
caseclickertrades,1263
cash_for_votes,1263
castles,1263
casualeugenics,1263
casualiama,1263
casualnudity,1263
casualracism,1263
casualukpolitics,1263
catalogofgarbage,1263
catechism,1263
catechismstudygroup,1263
cathar,1263
catholic,1263
catholic_news,1263
catholicblog,1263
catholicbookclub,1263
catholicdating,1263
catholicdiscuss,1263
catholicincanada,1263
catholicism,1263
catholicmemes,1263
catholicparenting,1263
catholicphilosophy,1263
catholicpolitics,1263
catholicprayers,1263
catholicsocialmedia,1263
catholicwomen,1263
catholicyouth,1263
catlamp,1263
catnum,1263
caucasianchinese,1263
caucasians,1263
caucasianstudies,1263
cavdef,1263
cbc_canada,1263
cbrne,1263
ccg_gcc,1263
ccj2,1263
ccj888,1263
ccsu,1263
cctr,1263
cea2017,1263
ceasethyfalsehoods,1263
cebit,1263
cedarwolf,1263
celebnsfw,1263
celebrityanus,1263
celebritymanass,1263
censorship,1263
centerednews,1263
centerforthoughts,1263
centhinktank,1263
centralasia,1263
centralillinois,1263
cern,1263
certifiedfrontpage,1263
ceruleus0,1263
cesletter,1263
cfdrama,1263
cfleaks,1263
cfra,1263
chafee2016,1263
chafee4president,1263
chairmanpao,1263
chairos,1263
chanceme,1263
changelog,1263
changemyview,1263
changeyourfont,1263
chapotraphouse,1263
chargeyourphone,1263
chauncii,1263
checkyourjohnson,1263
cheerupancap,1263
chemicalimbalance,1263
chemprints,1263
chemtrails,1263
chengdu,1263
cherihonkala,1263
cherubesque,1263
cheshire,1263
chexit,1263
chiangmai,1263
chicago,1263
chicagoaeroplanes,1263
chicagoanythinggoes,1263
chicagoenvironment,1263
chicagogamedev,1263
chicagogaming,1263
chicagogaymers,1263
chicagomesh,1263
chicagoparents,1263
chicagoteachers,1263
chicagoviolence,1263
chicagowolves,1263
chickenhater,1263
chicongo,1263
chikkuri,1263
child_abuse,1263
childbashing,1263
childcustody,1263
childfree,1263
childfreeresources,1263
childneuro,1263
childrenofdeafadults,1263
childrensactivism,1263
chilecringe,1263
chilgbt,1263
chilist,1263
chillingeffects,1263
chilliwack,1263
china,1263
china1984,1263
china2020,1263
china5000,1263
china_news,1263
chinaexpat,1263
chinajobs,1263
chinalaw,1263
chinalife,1263
chinaparenting,1263
chinareport,1263
chinareports,1263
chinaside,1263
chinaspace,1263
chinauncensored,1263
chinavisa,1263
chinese,1263
chinesebookclub,1263
chinesehistory,1263
chinesehoax,1263
chineselanguage,1263
chineselaundry,1263
chinesepoetry,1263
chinesepolitics,1263
chineseresources,1263
chiswick,1263
chod,1263
chomsky,1263
chondrichthyesweek,1263
chong4leader,1263
choosingbeggars,1263
chooterbooter,1263
chris,1263
chrisolivertimes,1263
christian,1263
christian_ancaps,1263
christiananarchism,1263
christianapologetics,1263
christianity,1263
christianitymeta,1263
christianityplus,1263
christianityunchained,1263
christianitywatch,1263
christianliturgy,1263
christianpersecution,1263
christians,1263
christiansawake2nwo,1263
christiansocialism,1263
christiansocialists,1263
christianuniversalism,1263
christianwomen,1263
christislord,1263
christmascarols,1263
chronterra,1263
church_of_4,1263
churchill,1263
churchofapplepixels,1263
churchofcot,1263
churning_canada,1263
churningcanada,1263
cia,1263
cialeaks,1263
ciawatch,1263
cinemasians,1263
cinemaworkers,1263
circlebroke,1263
circlebroke2,1263
circlebrokeau,1263
circlebrokecirclejerk,1263
circlebrokecjwatch,1263
circlebrokediscussion,1263
circlecuck,1263
circlefuckers,1263
circlejerkaustralia,1263
circlejerkcopypasta,1263
circlejerkgeneric,1263
circoisajerko,1263
circosajerko,1263
circumcisionactivism,1263
cishetcabal,1263
cispa,1263
cisparenttranskid,1263
cispassing,1263
cissytalk,1263
citizensunited,1263
cityoftomorrowland,1263
civilliberties,1263
civpolitics,1263
civtrolololol,1263
ciwo,1263
cj210,1263
cjajerk,1263
cjofindia,1263
ckcrusaders,1263
claremontmckenna,1263
clarkeu,1263
class_action,1263
classactions,1263
classic4chan,1263
classical_liberal,1263
classicmagoo,1263
classics,1263
classicsubredditdrama,1263
classywomenofcolor,1263
clausewitz,1263
clavicleboobs,1263
cleanjokes,1263
clermontfd,1263
clickers,1263
climate,1263
climate_change,1263
climate_science,1263
climatechange,1263
climatehoax,1263
climatejustice,1263
climateskeptics,1263
climatestabilization,1263
climatskeptics,1263
clinicalpsych,1263
clintoncrime,1263
clintonforpresident,1263
clintonforprison2016,1263
clintongifs,1263
clintoninvestigation,1263
clintonshills,1263
clintonville,1263
clipthoseclaws,1263
clocksstrike13,1263
clone,1263
clonerights,1263
clothpads,1263
club52,1263
clubteen,1263
clustercuck,1263
clusterheads,1263
cmb,1263
cmh,1263
cmumasterslounge,1263
cnd,1263
cnn,1263
cnnleaks,1263
cnnshaming,1263
cnnsucks,1263
coal_burners,1263
coasttocoast,1263
coasttocoastam,1263
cockgoblin,1263
coconut,1263
codeblack,1263
codeofconduct,1263
codependency,1263
codersforjill,1263
codersforsanders,1263
codoh,1263
coffeewithjesus,1263
cogdis,1263
cogneuro,1263
coincidencetheorist,1263
cojoco,1263
cojocoinaction,1263
cokebears,1263
coldwar,1263
collapsademic,1263
collapse,1263
collapse_wilds,1263
collectivevibrations,1263
collegemods,1263
collegerepublicans,1263
collegesluts,1263
colonel_rhombus,1263
colonizemars,1263
coloradocollege,1263
coloradolibertarian,1263
colorizedhistory,1263
columbus,1263
columbusgeeks,1263
columbusit,1263
columbusmusic,1263
columbussocial,1263
com98,1263
combatcometparty,1263
combatcooking,1263
combatfootage,1263
comebacks,1263
comedycemetery,1263
comedyholocaust,1263
comedynecromancy,1263
comingout,1263
commaconspiracy,1263
comment_chains,1263
comment_grapher,1263
comment_irl,1263
commentgore,1263
commentsilike,1263
commieschool,1263
commiewatch,1263
commoners,1263
commonfilth,1263
commoning,1263
commonmisconceptions,1263
communalismwatch,1263
communalists,1263
communalsanctions,1263
communism,1263
communism101,1263
communismonly,1263
communismworldwide,1263
communistmusic,1263
communists,1263
communityofchrist,1263
communization,1263
complainingaboutwomen,1263
completeanarchy,1263
complexionexcellence,1263
comrade_irl,1263
comunismo,1263
concentrationofwealth,1263
concurrentnomocracy,1263
confederalists,1263
confederationcollege,1263
confession,1263
confessionbear,1263
confessions,1263
conflictnews,1263
conflictofinterest,1263
confrontations,1263
confucianism,1263
conk,1263
connoisseur,1263
consciousfuturist,1263
conscriptedgame,1263
conservatism,1263
conservative,1263
conservativecomedy,1263
conservativeladies,1263
conservativelgbt,1263
conservativemeta,1263
conservatives,1263
conservatives_r_us,1263
conservativesonly,1263
conservativesuk,1263
conshmearacy,1263
conspiacy,1263
conspiracies,1263
conspiracy,1263
conspiracy201,1263
conspiracy_uk,1263
conspiracyama,1263
conspiracybestof,1263
conspiracycrossfire,1263
conspiracyfact,1263
conspiracyfacts,1263
conspiracyhub,1263
conspiracyhumour,1263
conspiracyii,1263
conspiracymoderated,1263
conspiracynews,1263
conspiracynorules,1263
conspiracystickies,1263
conspiracytheory,1263
conspiracywhatif,1263
conspiracyx,1263
conspirafag,1263
conspiratard,1263
conspiratardexposed,1263
conspiratardmythos,1263
conspiratardo,1263
conspiratocracy,1263
conspiritors,1263
conspiro,1263
conspirology,1263
contamination,1263
context,1263
continentaltheory,1263
continuationism,1263
contpoltheor,1263
controlproblem,1263
controversialerotica,1263
controversialiama,1263
conventionofstates,1263
converts,1263
cookeville,1263
cooperatives,1263
cop3502,1263
coparenting,1263
copenhagen,1263
copiosis,1263
copwatch,1263
corbynjerk,1263
cordis_melumfanclub,1263
coreyfeldman,1263
cornbreadliberals,1263
cornellcollege,1263
cornupthearse,1263
corporatefacepalm,1263
corporaterevenge,1263
corporatocracy,1263
corpus,1263
corpusderelicte,1263
corruptcops,1263
corruption,1263
cos8ion,1263
cosmicdisclosure,1263
councilofthesun,1263
counterfem,1263
countermine,1263
counterterrorism,1263
countrychallenge,1263
countrydoorchurch,1263
coveredinbeeeesfacts,1263
cpop,1263
cppforvets,1263
cpts,1263
cpusa,1263
crappymodding,1263
crazybitchstories,1263
crazyplans,1263
create,1263
creation,1263
creativeroom,1263
credibledefense,1263
creepyasterisks,1263
creepypms,1263
creepypmsing,1263
creeschfacts,1263
creq,1263
crimedocumentaries,1263
crimeuncut,1263
crimewatch,1263
crimigrants,1263
cringapore,1263
cringe,1263
cringeanalysis,1263
cringeanarchy,1263
cringemonarchy,1263
cringepics,1263
cringewriting,1263
cringingatcringe,1263
cringingtoohard,1263
criticalcartography,1263
criticalleftism,1263
criticaltheory,1263
criticismofislam,1263
crocodiles,1263
crollingthunder,1263
cronkite,1263
crops,1263
crossdreaming,1263
crossdress,1263
crossdressing,1263
crossreach,1263
crossville,1263
crowandhumblepie,1263
crowdfunddit,1263
crueltyfree,1263
crushes,1263
crustpunk,1263
cryo_kids,1263
cryonics,1263
crypto,1263
cscopenheartopenmind,1263
cseli5,1263
cslewis,1263
csto,1263
ct_for_jillstein,1263
cta,1263
cthulhu2016,1263
ctlibertarians,1263
cuba,1263
cuberdonsenjemoeder,1263
cucked_by_scopies,1263
cuckedredditsays,1263
cucknation,1263
cuckoldcomics,1263
cuckoldforpresident,1263
cuckquean,1263
cuckservative,1263
cucktown,1263
cudenver,1263
cults,1263
culturalstudies,1263
culture,1263
cumtown,1263
cumwhores2,1263
cunt_named_milo,1263
cuntforpresident,1263
cursive,1263
custody,1263
customer_hostility,1263
customholsters,1263
cutcbc,1263
cutecringe,1263
cutesystuff,1263
cvsbookclub,1263
cwi,1263
cwmovement,1263
cyb3rs3c,1263
cyber,1263
cyberbullying,1263
cyberwar_rise,1263
cyborgs,1263
cynicalasshole,1263
cynicalbritofficial,1263
cyprus,1263
czech,1263
daca,1263
dadit,1263
dadrevenge,1263
dads,1263
dae1984,1263
dailydot,1263
dailyoffice,1263
dailyshow,1263
daleiden,1263
dalian,1263
dammitjohnny,1263
dampoldrunt,1263
dancinglilypads,1263
dangeroususers,1263
daniel,1263
dankchristianmemes,1263
dankestnasheeds,1263
dankgatmaymays,1263
dankmark,1263
dankmemepatrol,1263
danpena,1263
danthemanaus_myblog,1263
dappsters,1263
darkenlightenment,1263
darkfunny,1263
darkfuturology,1263
darkhumor,1263
darkjedibrotherhood,1263
darkmagicwatch,1263
daronmalakian,1263
darqwolff,1263
darrylwperry,1263
dart200,1263
darwinaustralia,1263
dasilence,1263
datacompression,1263
dataconspiratardshate,1263
dataisbeautiful,1263
dataiscreepy,1263
dataisinteresting,1263
dataismisleading,1263
dataisterrifying,1263
dataminers,1263
dating,1263
dating_advice,1263
dating_tips,1263
dave_rubin,1263
davidfosterwallace,1263
daystrominstitute,1263
dayzcirclejerk,1263
ddlgcommons,1263
de_thierry,1263
deaagents,1263
deadbedroom,1263
deadbedrooms,1263
deadchildren,1263
deadredditors,1263
deadstate,1263
deadwood,1263
deaf,1263
dearfuture,1263
dearyishan,1263
deathbycirclejerk,1263
deathtoamerikkka,1263
debate_anarchism,1263
debate_anarchy,1263
debateacatholic,1263
debateachristian,1263
debateacommunist,1263
debateajew1,1263
debatealtright,1263
debateamr,1263
debateanarchism,1263
debateanatheist,1263
debateancap,1263
debatecommunism,1263
debateconspiracy,1263
debatecreation,1263
debatede,1263
debateevolution,1263
debatefascism,1263
debatefeminism,1263
debateflatearth,1263
debateisraelpalestine,1263
debatereligion,1263
debatethedonald,1263
debatetranshumanism,1263
debating,1263
debbieforpresident,1263
debunking,1263
debunkworldnews,1263
decarbonise,1263
decentralizedlaw,1263
decisive_words,1263
declineofus,1263
decodoku,1263
decolonial,1263
deduction,1263
deep_ecology,1263
deepfreeze,1263
deepfriedcomic,1263
deepmoleintelligence,1263
deerscicle,1263
defamation,1263
defaultgems,1263
defaults,1263
defendwikileaks,1263
definitelynotrussians,1263
defranco,1263
delawareoh,1263
deletenothing,1263
deleuze,1263
deliciousfails,1263
delta_baryon,1263
delusionalartists,1263
delusionalop,1263
demexit,1263
demfeels,1263
demisexuality,1263
democracy,1263
democrats,1263
democrats2020,1263
democratscirclejerk,1263
democratsunbiased,1263
demography,1263
demotivational,1263
demsocialist,1263
demystlivesmatter,1263
denmarkforsanders,1263
denversciencemarch,1263
deny270,1263
depopulation,1263
depression,1263
depression_help,1263
depressiongames,1263
depthhub,1263
derislam,1263
derrodad,1263
descentintotyranny,1263
designstudents,1263
desipedes,1263
desiweddings,1263
destinationwa,1263
destiny,1263
destroyzion,1263
destructive_mods,1263
detsnam,1263
deusvult,1263
deutschestartups,1263
devotions,1263
dgu,1263
diaconate,1263
diagnosedbyreddit,1263
diaperbondage,1263
dickgirls,1263
dicksoutforpepe,1263
didtoday,1263
dierotepille,1263
digitalanthro,1263
dilbert,1263
dimensionaljumping,1263
dinduism,1263
dinomap,1263
diphacks,1263
diphi,1263
dippingtobacco,1263
directaction,1263
directprimarycare,1263
dirjjpeoplehate,1263
dirtyjokes,1263
dirtymindbots,1263
dirtypantiesgw,1263
disciplined,1263
discoverthetruth,1263
discussion,1263
discusssciencefiction,1263
discusstheopenletter,1263
discussthetpp,1263
disinfo,1263
disinformation,1263
disposablemales,1263
distortedview,1263
dividendgrowth,1263
divigations,1263
divineoffice,1263
divorce,1263
dixie,1263
dlsu,1263
dnainfochicago,1263
dncdeathtoll,1263
dncleaks,1263
doctor,1263
doctorsofindia,1263
doctorswithoutborders,1263
documentaries,1263
documentedtruth,1263
doesanybodyelse,1263
doesnotneedcontext,1263
doesnottranslate,1263
dogfree,1263
doggotinder,1263
doghaters,1263
dogswearingties,1263
dolphinaut,1263
dominions4,1263
domyhomeworkforme,1263
donald,1263
donald_trump,1263
donaldishypocrite,1263
donaldtrump,1263
donaldtrump2016,1263
donaldtrumpsucks,1263
donaldvshillary,1263
donetsk,1263
dongguan,1263
donlemon,1263
dontakuincucktion,1263
dontbelieveme,1263
dontgiveafuckistan,1263
dontletthethreaddie,1263
doraemon,1263
dorkenlightinaction,1263
dornercase,1263
dostajebilo,1263
dothan,1263
dougstanhope,1263
downbytheriver,1263
downgoessanders,1263
downingstreet,1263
downparkalife,1263
downvotesmcgoats,1263
downvotesreally,1263
downwithcis,1263
downwiththedonald,1263
doyouevenshower,1263
doyouknowkimchi,1263
dr_bookclub,1263
dracomalphas,1263
drag,1263
dragunov,1263
drama,1263
dramaanarchy,1263
dramaerotica,1263
dramaindrama,1263
dramamovienights,1263
dramaorcirclebroke,1263
drawmuhammad,1263
dredmorbius,1263
drippingteletexttower,1263
drjudywood,1263
drollclub,1263
dropgoogle,1263
dropthemic,1263
dropthet,1263
drsteve,1263
drugs_and_devices,1263
drumlenetvworship,1263
drumpf,1263
drunkanimal,1263
drunken_purchases,1263
drunkenpeasants,1263
drunksofreddit,1263
dtfh,1263
dualpower,1263
dubsmash,1263
dubuque,1263
duckvimes,1263
dui,1263
dukbcaaj,1263
dumbasses,1263
dumfriesandgalloway,1263
dumptrump,1263
dunedin,1263
dungeystateuniversity,1263
durham,1263
dutchshitonreddit,1263
dv_pmp,1263
dwightschrute,1263
dxgypsy,1263
dylannroofinnocent,1263
dysfunctionalfamily,1263
dystopia,1263
eaglelibrarian,1263
eaglesareconservative,1263
eaglesbeingdicks,1263
earth_national_front,1263
earthdisaster,1263
earthfirst,1263
earthquakes,1263
earthscience,1263
easportsufc,1263
eastasiantruth,1263
eastenders,1263
easterncatholic,1263
easternphilosophy,1263
easternsunrising,1263
eastrome,1263
eastside,1263
easyway,1263
eatinghalal,1263
ebola,1263
ebolahoax,1263
ebolapanic,1263
ebolasurvival,1263
ebolatard,1263
ebolawestafrica,1263
ecards,1263
ecoevents,1263
ecointernet,1263
econcopypasta,1263
econhw,1263
economichistory,1263
economics,1263
economicscirclejerk,1263
economy,1263
econopunk,1263
econpapers,1263
ecosocialism,1263
ecuador,1263
ecursiverevolt,1263
edballs,1263
edefreiheit,1263
edgelorddepot,1263
edging,1263
edgy,1263
editgore,1263
editingandlayout,1263
editorialcartoons,1263
edmonton,1263
edmontongaming,1263
education,1263
educationreform,1263
educativevideos,1263
eelam,1263
eels,1263
eesticsgo,1263
eeu,1263
efficiency,1263
eformed,1263
egalitarian,1263
egalitarianism,1263
eggcorns,1263
egypt,1263
eightnote,1263
einsteinreplica,1263
eire,1263
eldersofzion,1263
election2016,1263
electionactivism,1263
electionfraud,1263
electionpolls,1263
electionreform,1263
electionreformaybe,1263
electionreformnews,1263
electionreformxpost,1263
electomatic,1263
elemental3,1263
elevators,1263
elidonald,1263
elil,1263
elinerdy,1263
elint,1263
elitist_philosophy,1263
elizabethwarren,1263
ellenpaohate,1263
ellenpaoinaction,1263
ellenpaorapedme,1263
ellenpaosucks,1263
elonjerk,1263
elpaso,1263
elsbot,1263
embarassedrepublican,1263
emeraldcityfoodies,1263
emergencies,1263
emergencymanagement,1263
emilyratajkowski,1263
emmyrossum,1263
emolga,1263
employment,1263
encopresis,1263
encyclopediadramatica,1263
endangeredlanguages,1263
endangeredspecies,1263
endbigotry,1263
enddemocracy,1263
endfptp,1263
endgamer,1263
endlesswar,1263
endometriosis,1263
endracism,1263
endtipping,1263
energy_healing,1263
englishforeurope,1263
englishmajor,1263
englishteachersinasia,1263
enlightenment,1263
enough_sanders_spam,1263
enoughantifaspam,1263
enoughbasicincomespam,1263
enoughbernistaspam,1263
enoughcapitalistspam,1263
enoughchongspam,1263
enoughclassistspam,1263
enoughcommiespam,1263
enoughcorbynspam,1263
enoughdutertelove,1263
enoughedgyanarchists,1263
enoughfakenewsspam,1263
enoughgabbardspam,1263
enoughhillhate,1263
enoughinternet,1263
enoughjillsteinspam,1263
enoughkissingerspam,1263
enoughkropotkinspam,1263
enoughleftistspam,1263
enoughlibertarianspam,1263
enoughmarijuanaspam,1263
enoughmuskspam,1263
enoughneoconspam,1263
enoughpaulspam,1263
enoughpodestaspam,1263
enoughpokemongospam,1263
enoughredditbs,1263
enoughsandersspam,1263
enoughsandersspam2,1263
enoughsteinspam,1263
enought_d,1263
enoughtrumpspam,1263
enoughtrumpspamspam,1263
enoughtwopartyspam,1263
enoughukipperspam,1263
enougsocialistspam,1263
entitledparents,1263
entrepreneurmeetup,1263
entrumpreneurs,1263
entwined,1263
entypo,1263
enviroaction,1263
environment,1263
environmental_science,1263
environmentalhistory,1263
environmentaljustice,1263
envirounderground,1263
eod,1263
eptar,1263
epu,1263
equality,1263
eradicateislam,1263
erb,1263
eretreats,1263
erktheerk,1263
erotica,1263
eroticauthors,1263
escapetheechochamber,1263
esism,1263
esist,1263
esistohio,1263
esljobs,1263
esotericexperts,1263
esotericoccult,1263
essays,1263
establishmentterms,1263
estimation,1263
etarded,1263
etarted,1263
ethical_living,1263
ethicalporn,1263
ethnicbachelors,1263
ethnography,1263
ethology,1263
eugenics,1263
eupersonalfinance,1263
euphoriaacademy,1263
euphoric,1263
eupolitics,1263
eurasianeconomicunion,1263
eurasianthings,1263
eureferendum,1263
euromaidan,1263
euromigration,1263
europe,1263
european,1263
european_new_right,1263
europeannationalism,1263
europeanparliament,1263
europeanpeoples,1263
europeans,1263
europeansandbox6,1263
europeanwatch,1263
europecensorship,1263
europecirclejerk,1263
europedev,1263
europeguns,1263
europeisperfect,1263
europelife,1263
europemeta,1263
europes,1263
europesjwwatch,1263
eurosceptics,1263
eurosmug,1263
eurovision,1263
eurowatch,1263
euthanasia,1263
evangelism,1263
evd,1263
evenge,1263
everest,1263
everymanshouldknow,1263
everythingscience,1263
everywomanshouldknow,1263
evesjesiennyogien,1263
evidenceofmisogyny,1263
evolutionreddit,1263
exadventist,1263
examplesofevil,1263
exancaps,1263
exatheist,1263
exbahai,1263
excatholic,1263
exchristian,1263
exchristianwomen,1263
excoc,1263
exe,1263
exhindu,1263
exhomosexual,1263
exismailis,1263
existentialchristian,1263
existentialism,1263
existentialrisk,1263
exit,1263
exitstories,1263
exittors,1263
exjew,1263
exjw,1263
exlibertarian,1263
exmo_conservative,1263
exmo_spirituality,1263
exmo_theist,1263
exmocringe,1263
exmogamers,1263
exmolife,1263
exmormon,1263
exmormonbookshelf,1263
exmoxxxy,1263
exmuslim,1263
exmuslimpolitics,1263
exmuslimuncensored,1263
exnocontact,1263
expat,1263
expatriated,1263
expats,1263
expatsingapore,1263
expectationvsreality,1263
expected,1263
expectedsabaton,1263
experiment,1263
explain_undelete,1263
explainbadphilosophy,1263
explainlikeimapirate,1263
explainlikeimfive,1263
explainlikeimmorty,1263
explainlikeimwhite,1263
explainlikemydad,1263
explainmydownvotes,1263
exploringepresence,1263
explosion_gfys,1263
exposetrumpturds,1263
exredpill,1263
exrm,1263
exscientology,1263
extj,1263
extreme_moderation,1263
eyebleach,1263
ezln,1263
f_tip_ama,1263
fabianism,1263
fabulousferds,1263
faceblind,1263
facebookacquisition,1263
facebookbelievedit,1263
facebooknotgoogle,1263
facebooksaysitsok,1263
facebookwins,1263
facedeepinpublic,1263
facepalm,1263
facepalm3,1263
facepalmfacepalm,1263
facepalmfacepalms,1263
factsandlogic,1263
factsforall,1263
faggotwatch,1263
failengineering,1263
failippines,1263
fairtax,1263
fairvotecanada,1263
fairytales,1263
fakeetymology,1263
fakeflagger,1263
fakenews,1263
fakereddits,1263
fakten,1263
falgsc,1263
fallacy,1263
fallout3,1263
falseequivalency,1263
falseflagwatch,1263
falseracism,1263
family_of_bipolar,1263
familysearch,1263
famnnfp,1263
fantasies,1263
far4r,1263
fareeqawal,1263
faribault,1263
fark,1263
farmers,1263
farmtotable,1263
fartfetish,1263
fartpost,1263
fascist,1263
fascistwatch,1263
fashioncheck,1263
fastfood,1263
fastworkers,1263
fatacceptance,1263
fataldrinkinggames,1263
fatepeoplehate,1263
fatercism,1263
fathers4equality,1263
fatlogic,1263
fatpeoplehate69420,1263
fatpeoplehatereloaded,1263
fatpeoplelove,1263
fatpeopleobservations,1263
fatpeoplestories,1263
fatpeopleweight,1263
fatterthanazeppelin,1263
fattery,1263
fattyfatfat,1263
fattykimthethird,1263
fatwhichwehate,1263
fau,1263
fauncensored,1263
favsciart,1263
fayettenam,1263
fbiforprison,1263
fdagpigj,1263
fdp,1263
fear_of_cupcake,1263
feckineedjits,1263
federalindianlaw,1263
fedorafederation,1263
fedoraskin,1263
feduk,1263
feelthespurn,1263
fellowadults,1263
fellowfellowkids,1263
fellowfrenchmen,1263
fellowkids,1263
femalefashionadvice,1263
femalehate,1263
femaleincels,1263
femalewriters,1263
feminism,1263
feminismformen,1263
feminisms,1263
feminist_moms,1263
feminist_videos,1263
feministfrequency,1263
feministhate,1263
feministscondemnstuff,1263
feministstories,1263
feministtheory,1263
femmethoughts,1263
femmethoughtsfeminism,1263
femradebates,1263
femrameta,1263
fergusonrebellion,1263
fergusonriotjournal,1263
feynman,1263
fffffffuuuuuuuuuuuu,1263
ffls,1263
fiaustralia,1263
ficiverse,1263
fickenthisshit,1263
fidosarchive,1263
fieldrecording,1263
fifa14coins2015,1263
fiftyfifty,1263
fight_against_islam,1263
figtreechristian,1263
filipinofood,1263
filipinofreethinkers,1263
fillyfiddlers,1263
filoviralscience,1263
financialindependence,1263
financialtransactions,1263
financier,1263
finanzamt,1263
findanapp,1263
findapath,1263
findassange,1263
findflightmh370,1263
fingerdiscussion,1263
finnishgendercritical,1263
fionnsreddit,1263
firearms,1263
firebrand,1263
firstamendment,1263
firstcoast,1263
firstlook,1263
firstnations,1263
firstpastafarian,1263
fisforfamily,1263
fishingforcompliments,1263
fitforsexover30,1263
fittofat,1263
fitzideology,1263
fivenightsatfanfic,1263
fiveyearsagoonreddit,1263
fixreddit,1263
fixyoureyebrows,1263
flat_earth,1263
flatattack,1263
flatearth,1263
flatearthsociety,1263
floathouse,1263
floridaman,1263
floridasocialists,1263
flotillaonline,1263
fluoridemyths,1263
flytapemakesfunofyou,1263
foleysmaine,1263
folklore,1263
foncsorozo,1263
foodconversation,1263
foodforthought,1263
foodnotbombs,1263
foodpolice,1263
foodsovereignty,1263
ford2014,1263
foregen,1263
foreignaffairs,1263
foreignpolicyanalysis,1263
foreignservice,1263
foreignwordoftheday,1263
forekin,1263
foreskin_restoration,1263
foreskinrestoration,1263
foreveralone,1263
foreveralonewomen,1263
foreveranormie,1263
foreverunwanted,1263
forgottenchi,1263
forgottenweapons,1263
forthewolfx,1263
fortmac,1263
fortstjohn,1263
forwardsfromgrandma,1263
forwardsfromgunny,1263
forwardsfromhitler,1263
forwardsfromklandma,1263
forwardsfromleredpill,1263
forwardsfromreddit,1263
fosterit,1263
fourgggg,1263
fragility,1263
frameperfect,1263
francaiscanadien,1263
francelibre,1263
francisedec,1263
frankfurtschool,1263
franklincountyliberty,1263
frat,1263
frdbroke,1263
free_de,1263
freeatheism,1263
freebakchodi,1263
freecad,1263
freecascadia,1263
freecosmos,1263
freedomainradio,1263
freedommobile,1263
freedompieces,1263
freedompol,1263
freedrama,1263
freedrdejavu,1263
freeeuropemeta,1263
freeeuropenews,1263
freehawaii,1263
freeindeed,1263
freemadhesh,1263
freemaru,1263
freemigration,1263
freephilosphy,1263
freepoldiscussion,1263
freeross,1263
freespeech,1263
freespeech_ahmadiyya,1263
freespeechinaction,1263
freestylerap,1263
freetalklive,1263
freethetranscripts,1263
freethinkers,1263
freethinkingcanadians,1263
freethinkingfreedom,1263
freethought,1263
freewikileaks,1263
freeworldnews,1263
freezepeachinaction,1263
freifunk,1263
frenchforeignlegion,1263
frenchielawstudents,1263
frenchproblems,1263
frexitofficial,1263
freyaslight,1263
fridaynewsdump,1263
fringediscussion,1263
fringescience,1263
fringetheory,1263
fritzly,1263
frogandtoadmemes,1263
fromthebourgeoisie,1263
frontpage,1263
frugalsa,1263
frugalto,1263
fruitarian,1263
fstdt,1263
fuck_islam,1263
fuck_united_airlines,1263
fuckapplespicer,1263
fuckblackladies,1263
fuckbrad,1263
fuckcomey,1263
fuckcongress,1263
fuckconnercraighead,1263
fuckcoontown,1263
fuckdo5,1263
fuckellenpao,1263
fuckgallowboob,1263
fuckimold,1263
fuckingboomers,1263
fuckingphilosophy,1263
fuckingsteve,1263
fucklego,1263
fuckmudasir,1263
fuckpao,1263
fuckreddit,1263
fuckredditads,1263
fuckredditmods,1263
fuckthealtright,1263
fuckthefuck2016meme,1263
fuckthehoa,1263
fuckthepolice,1263
fucktheredpill,1263
fuckunitedairlines,1263
fuckwazzup987,1263
fuckyoumoney,1263
fuckyouredits,1263
fukuoka,1263
fukushimachronicles,1263
full_news,1263
fullcapitalism,1263
fullcommienotankie,1263
fullcommunism,1263
fulldiscourse,1263
fulldogcommunism,1263
fullfascism,1263
fullgemmunism,1263
fullmetalcommunist,1263
fullmetalgunnit,1263
fullstalinism,1263
fumblebrag,1263
funnyandsad,1263
funnycharts,1263
funnypolitics,1263
funnyrepublic,1263
funsized,1263
funwithadmins,1263
fupa_for_freedom,1263
furryhate,1263
fusion,1263
futanaripegging,1263
futilitycloset,1263
future_economics,1263
futureschoolshooters,1263
futuretransport,1263
futurewhatif,1263
futuristparty,1263
futurology,1263
futurologyjerk,1263
ga_for_jillstein,1263
gamecringe,1263
gamedevcirclejerk,1263
gamergag,1263
gamergate,1263
gamergatedebates,1263
gamergatemovie,1263
gamergatereviews,1263
gamerghazi,1263
gamersvancouver,1263
gamersvsdepression,1263
games_journalism,1263
gamesworthplaying,1263
gamingcouples,1263
gangbangchicks,1263
gangstalking,1263
gapol,1263
garyjohnson,1263
gasmasks,1263
gasthesnoo,1263
gatekeepers,1263
gatekeeping,1263
gaudiya_vaisnavism,1263
gaulish,1263
gawker,1263
gay,1263
gay_soccer,1263
gayarabs,1263
gaybearvids,1263
gaybritain,1263
gaybros,1263
gaybroscirclejerk,1263
gaybrosgetout,1263
gaybroteens,1263
gaychristians,1263
gaydaddiespics,1263
gayguys,1263
gayincest,1263
gayjapan,1263
gayjews,1263
gaylunarcommune,1263
gaypoc,1263
gayrateme,1263
gayrights,1263
gaysfortrump,1263
gaysian,1263
gaysiansgonewild,1263
gaywincest,1263
gayyoungold,1263
gazou,1263
gbpol,1263
gbrpolitics,1263
gcdebatesqt,1263
ge2samjuea4samjveayti,1263
gecko45,1263
geekdebate,1263
geeselivesmatter,1263
gender__critical,1263
gender_critical,1263
genderanalysis,1263
gendercide,1263
gendercritical,1263
gendercriticaltheory,1263
gendercritlesbians,1263
gendercynical,1263
genderqueer,1263
genderraciainjustice,1263
genehuber,1263
generativelinguistics,1263
generic,1263
genome,1263
gent,1263
gentilesunited,1263
gentlefemdom,1263
gentrification,1263
genuinely,1263
genuinenews,1263
geocentrism,1263
geoengineering,1263
geography,1263
geolibertarianism,1263
geopolitics,1263
geopoliticsblog,1263
georgelopez,1263
georgemicheal,1263
georgiaforsanders,1263
georgism,1263
gerbil,1263
germanic,1263
germany,1263
germany_,1263
gerrymandering,1263
get_to_know_me,1263
getagitated,1263
getoffyourass,1263
getsuave,1263
gettingdoug,1263
getwell,1263
ggfreeforall,1263
gginstl,1263
ggstreams,1263
ggwag,1263
ghostbusters,1263
ghostrights,1263
ghostsrights,1263
gibbedgaming,1263
gildingtray,1263
ginavalentina,1263
gingerdudes,1263
gingers,1263
giordanoforvermont,1263
girlproblems,1263
girlsindiapers,1263
girlsmirin,1263
girlstennis,1263
givemeattentionplease,1263
glasgowuni,1263
glitchinthereddix,1263
globalclimatechange,1263
globalhealth,1263
globalistshills,1263
globalnewscn,1263
globalterrorism,1263
glutenfreevegan,1263
gmo,1263
gmobrigade,1263
gmofacts,1263
gmofree,1263
gmohealth,1263
gmoinfo,1263
gmomyths,1263
gmonews,1263
gmosf,1263
gnugeneration,1263
go_on_adventurer,1263
godisdead,1263
godlesswomen,1263
godwinslaw,1263
godwinslawinaction,1263
gogopgo,1263
gold,1263
goldamericanssay,1263
goldandblack,1263
goldenempire,1263
goldenretreivers,1263
goldenshowers,1263
goldlittlefingeriv,1263
goldredditsays,1263
goldtesting,1263
goliathworld,1263
gonesanders,1263
gonewildcalgary,1263
gonewildmarbles,1263
good_cop_free_donut,1263
good_post,1263
goodeconomics,1263
goodlongerposts,1263
goodlongposts,1263
goodposts_aboutvoting,1263
goodshillhunting,1263
google_maps_oddities,1263
googlecensorship,1263
googology,1263
gopreeducation,1263
goprivate,1263
gossip,1263
gostartupindia,1263
gotdownvoted,1263
gothamseddit,1263
gothamshield,1263
gothiclanguage,1263
governmentoppression,1263
grad,1263
grad_school,1263
grammarnazi,1263
grammarpolice,1263
grandbakchodi,1263
grandrapidsmn,1263
graspingatstraws,1263
grassrootsnortheast,1263
grassrootsselect,1263
grassrootsselectak,1263
grassrootsselectfl,1263
grassrootsselectil,1263
grassrootsselectnj,1263
grassrootsselectny,1263
grassrootsselectwa,1263
grassrootssouth,1263
grassrootssouthwest,1263
grassrootswest,1263
greatadvice,1263
greatcommentrachel,1263
greatexplanations,1263
greece,1263
greed,1263
greedisgood,1263
greeklife,1263
greekreddit,1263
green,1263
green_anarchism,1263
green_peace,1263
greencard,1263
greenenergychinaev,1263
greenlight,1263
greenlight2,1263
greenparty,1263
greenpartybc,1263
greenpartycanada,1263
greenpartynj,1263
greenpartyofcanada,1263
greenpartyofontario,1263
greenpartyofpei,1263
greenpartyusa,1263
grief,1263
griffithuni,1263
grinnell,1263
groen,1263
growapair,1263
gtaacirclejerk,1263
gtavmilitary,1263
guadalajara,1263
guamforsanders,1263
guangzhou,1263
guantanamo,1263
guardianbollocks,1263
guardiansthebook,1263
guccifer2,1263
guft,1263
gulag,1263
gulyman,1263
gumtruths,1263
guncontrol,1263
gunctrl,1263
gunnerprojection,1263
gunpolitics,1263
gunresearch,1263
gunrights,1263
gunsarecool,1263
guntech,1263
guntrucks,1263
guntruths,1263
gurbani,1263
gurgaon,1263
guyana,1263
gvp,1263
gwentowers,1263
gyopo,1263
gypsy_stories,1263
gzalzigonewild,1263
h3h3_productions,1263
h4kek,1263
hackbloc,1263
hailapartheid,1263
hailbitcoin,1263
haillannister,1263
hailorthodoxy,1263
haiti,1263
haitian_culture,1263
hakka,1263
halberstadt,1263
halfblack,1263
hamiltonbasicincome,1263
hamiltonelectors,1263
hamplanethatemail,1263
hampow93,1263
hangryhangryfphater,1263
hangzhou,1263
hannover,1263
hapas,1263
haralambie,1263
harambememeisdead,1263
harbinhotsprings,1263
hardcorehistory,1263
harmreductionexperts,1263
harperskingdom,1263
harrison_irl,1263
harryenten,1263
hasbarainaction,1263
hasbarawatch,1263
hashingcirclejerk,1263
haskell_oxford,1263
hatecrimehoaxes,1263
hatehaters,1263
hatesubredditoftheday,1263
hatesubreddits,1263
hatesubsinaction,1263
hattorihanzo,1263
hawaiidocumentary,1263
hawaiiforsanders,1263
hbd,1263
hborome,1263
hbt,1263
hctriage,1263
headstrong,1263
healthdisaster,1263
healthymalesexuality,1263
heavyturd,1263
hebephilia,1263
hebrew,1263
hebrides,1263
hecklers,1263
heidegger,1263
heilpao,1263
heinlein,1263
heknowsquantumphysics,1263
helllllfire,1263
help,1263
helpmesayitshorter,1263
hemascholar,1263
hemophilia,1263
hemp,1263
heritage,1263
heroworship,1263
herpes,1263
hexametacanada,1263
heycarl,1263
heyitshorse,1263
hht,1263
hibernobot,1263
hiddenart,1263
hiddenhatecrimes,1263
hidradenitis,1263
highenergymusic,1263
highereducation,1263
highqualitymemes,1263
highschool,1263
highschoolprotips,1263
hijabis,1263
hijackers,1263
hillary2016,1263
hillary4prison,1263
hillary_for_america,1263
hillarycirclejerk,1263
hillaryclingon,1263
hillaryclinton,1263
hillaryclintonsucks,1263
hillaryfacts,1263
hillaryforamerica,1263
hillaryforjail,1263
hillaryforprison,1263
hillaryhealth,1263
hillarymeltdown,1263
hillaryshealth,1263
hillaryslovers,1263
hillclimbracing,1263
hindoo,1263
hindsightin2020,1263
hindu,1263
hinduism,1263
hindurashtravad,1263
hindusupremacy,1263
hiphawwpheads,1263
hiphophoneys,1263
hiphopster,1263
hipsterracism,1263
hisnoodliness,1263
historicalpowerball,1263
historicalreenactment,1263
historicalworldpowers,1263
historiography,1263
history,1263
historybuffs,1263
historyjerk,1263
historyofideas,1263
historyofmedicine,1263
historypodcasting,1263
historyporn,1263
historywhatif,1263
historyx,1263
hitchhiking,1263
hitlerkilledhitler,1263
hitlershoutout,1263
hitlerspam,1263
hittablefaces,1263
hivaids,1263
hivchamp,1263
hkdiaspora,1263
hoa,1263
hoarding,1263
hobart,1263
hockcad,1263
holdmycosmo,1263
holdmygolfclub,1263
holisticgendertalk,1263
holocaust,1263
holocaustrevision,1263
holocomments,1263
holokauston,1263
homeland,1263
homeless,1263
homelessboners,1263
homeschool,1263
hommainaction,1263
homosexualwomen,1263
honey,1263
honeyhive,1263
hong_kong,1263
hongkong,1263
hooker_talk,1263
hookerhaven,1263
hookers,1263
hookertalk2,1263
hookup,1263
hooligans,1263
hopelessjunkies,1263
horriblydepressing,1263
horrorarticles,1263
horrorbookclub,1263
horseshoetheory,1263
hoserboners,1263
hospitalitytraining,1263
hostingnews,1263
hotburns,1263
hotels,1263
hotgirlsofthepast,1263
hotnewmemes,1263
hottestfemaleathletes,1263
houseofcards,1263
houstonforsanders,1263
hoverhand,1263
howdoirespond,1263
howgodworks,1263
howhumanbeingswork,1263
howitusedtobemade,1263
howtoquitreddit,1263
howwethink,1263
hrcdiscussion,1263
hrnk,1263
htkt,1263
hubama,1263
hueylewis,1263
hugepileofshit,1263
hukd,1263
hulugans,1263
human,1263
human_resources,1263
humancapital,1263
humaneness,1263
humanfactors,1263
humanhorses,1263
humanintereststories,1263
humanism,1263
humannature,1263
humanporn,1263
humanresources,1263
humanrights,1263
humantraffic,1263
humblebrag,1263
humor,1263
hun,1263
hungary,1263
hungergames,1263
hunnofap,1263
huntandfishnz,1263
huntingtons,1263
hwndu_highlights,1263
hwpcirclejerk,1263
hydrology,1263
hypercorrection,1263
hypnozooidisacuck,1263
hypocritelist,1263
i_eat_nigger_anus,1263
iam14andthisisatheism,1263
iamama,1263
iamanormalperson,1263
iamaparanoidloser,1263
iamasmartperson,1263
iambarelyliterate,1263
iamblack,1263
iamnotracistbut,1263
iamsosmart,1263
iamtheocean,1263
iamveryamish,1263
iamverybadass,1263
iamverydumb,1263
iamverysex,1263
iamverysmart,1263
iamverysmarter,1263
iamverysmug,1263
iamverystupid,1263
icameback,1263
icc0ld,1263
icepick,1263
icsc,1263
idaho,1263
idaho4sanders,1263
idaholibertarians,1263
idareyou,1263
ideainspire,1263
idealistvsathiest,1263
ideapolitics,1263
ideasforcmv,1263
ideasforgovt,1263
ideasfortheadmins,1263
identifytheseribbons,1263
identityirelandforum,1263
ideservedthat,1263
idf,1263
idhasfmfac,1263
ididnotsaythat,1263
ididnotvoteforbut,1263
idioticopinion,1263
idiotracists,1263
idontlikerpolitics,1263
idontworkherelady,1263
idrawmuhammad,1263
ifchildfree,1263
iffeministsweremras,1263
ifthelordtarries,1263
ifuckinghatecats,1263
igotout,1263
igthftnukes,1263
ihaterconspiracyclub,1263
ihatesportsball,1263
ihaveablackfriend,1263
ihaveadream,1263
iia,1263
ikarus3426,1263
ilikeeatingbrains,1263
ilivedthroughit,1263
ilivein,1263
ill_brain_insights,1263
illegaladvice,1263
illinois,1263
illinoisforsanders,1263
illinoislibertarians,1263
illinoissocialists,1263
illuminati,1263
im14andautismisfunny,1263
im14andimmad,1263
im14andthisisdadjokes,1263
im14andthisisdeep,1263
im14andthisispolitics,1263
im15andmaturenow,1263
im30andthisisdeep,1263
im32andthisisfunny,1263
imablue,1263
imafuckingretard,1263
image,1263
imaginarystash,1263
imawhinyliberalbitch,1263
imbannedfrom,1263
imbeingcensored,1263
imgoingtohellforthis,1263
imgoingtomyroomfothis,1263
imgoingtorockbottom,1263
imgoingtovent,1263
imintampa,1263
immigration,1263
immigrationcanada,1263
imnosjwbut,1263
imoffended,1263
impeach_trump,1263
impeachtrump,1263
impeeriumpeernetwork,1263
importio,1263
improvingwikipedia,1263
imsixandthisisdeep,1263
imsotriggered,1263
inaccuratepredictions,1263
inactiontown,1263
inactivereddits,1263
inbreeding,1263
incampaign,1263
incel,1263
incel_because_reasons,1263
incelabode,1263
inceldiscussions,1263
incelideas,1263
incelpurgatory,1263
incels,1263
incelsgonewild,1263
incelswithouthate,1263
incelwatch,1263
incest,1263
incest_archives,1263
incest_relationships,1263
incestcirclejerk,1263
inclusivecapitalism,1263
incomeinequality,1263
incorrecttitles,1263
incrediblepakistan,1263
independentbern,1263
indepthbusiness,1263
indepthstories,1263
india,1263
indiadiscussion,1263
indiainfrastructure,1263
indiainvestments,1263
indiakarmaconspiracy,1263
indialeaks,1263
indiamain,1263
indiana,1263
indianauniversity,1263
indianautos,1263
indianbooks,1263
indiancartoons,1263
indiancj,1263
indiancountry,1263
indiandownbots,1263
indiandrama,1263
indianengineers,1263
indianews,1263
indianfascists,1263
indianfeminism,1263
indianjobs,1263
indianleft,1263
indianmongering,1263
indianpeoplefacebook,1263
indianreaders,1263
indianredpillers,1263
indianrightwing,1263
indianwriters,1263
indiapodcast,1263
indiapolitical,1263
indiaspeaks,1263
indiaunedit,1263
indiechristianmusic,1263
indiemovies,1263
indiemusicph,1263
indigenous,1263
indigenous_languages,1263
indignation,1263
indigo_wanderers,1263
individualanarchism,1263
individualism,1263
indivisibleguide,1263
indivisibleri,1263
indo,1263
indomusic,1263
indonesia,1263
indonesian,1263
indonesiangamers,1263
indstate,1263
ineedfeminismbecause,1263
ineedmoresleep,1263
infiltratingsubreddit,1263
infinitechan,1263
infinitehorizon,1263
inflategate,1263
inflation,1263
infographics,1263
infowarsdotcom,1263
inglin,1263
inguns,1263
inmeta,1263
inmydefense,1263
insane_blame_shills,1263
insanepeoplefacebook,1263
insanepeoplereddit,1263
insightfulquestions,1263
inspirational,1263
instantkarma,1263
insults,1263
insurance,1263
intactivists,1263
intelligence,1263
intensivecareunit,1263
interestingporntitles,1263
internationalatheist,1263
internationaldev,1263
internationallaw,1263
internationalpolitics,1263
internationalposadism,1263
internationellpolitik,1263
internet_box,1263
internetcommentetiq,1263
internethitlers,1263
internetlibertarians,1263
internetnz,1263
internettrolls,1263
interracialdating,1263
inthemorning,1263
inthenews,1263
intj,1263
intjthinktank,1263
introvert,1263
introverts,1263
intrusivethoughts,1263
inuit,1263
invadercrimesmatter,1263
investigate_this,1263
ioposlas,1263
iopsychology,1263
iowa,1263
iowa4tomfiegen,1263
iqraa,1263
iran,1263
iranian,1263
iranianatheists,1263
iranianmusic,1263
iranpolitics,1263
iraq,1263
iraqconflict,1263
irbyslaw,1263
irishpolitics,1263
irony,1263
irstudies,1263
isbeanfiddlermadtoday,1263
isequityscarcealive,1263
isernamequery,1263
isis,1263
isitbullshit,1263
isitfakeornot,1263
islam,1263
islamandmuslims,1263
islamarabssubwatch,1263
islamcirclejerk,1263
islamic_history,1263
islamicstudies,1263
islamophobia,1263
islamophobiawatch,1263
islamtesttheme,1263
islamunveiled,1263
isleofwight,1263
isoppressionracist,1263
israel,1263
israeldefenseforces,1263
israelexposed,1263
israelpalestine,1263
israelsubredditwatch,1263
israelwatch,1263
isrconservativeracist,1263
isrconspiracyracist,1263
isreactionary_bot,1263
istanbul,1263
isthissatire,1263
itgetsbetter,1263
itisthecurrentyear,1263
itprobe,1263
itsthisyear,1263
itwasaspidermanthread,1263
ivf,1263
iwantout,1263
iwasbannedforthat,1263
iwilldie_project,1263
iwillteachyoutoberich,1263
iww,1263
izlam,1263
jabbert,1263
jackasscomments,1263
jackkirby,1263
jadehelm,1263
jadensmith,1263
jailu,1263
jakestein,1263
jalandhar,1263
jamberry,1263
jamescomey,1263
jamesthompson,1263
japan,1263
japanlife,1263
jasonmacker,1263
jasonmacker2,1263
jazbrown,1263
jazzitup,1263
jeb,1263
jebbush,1263
jebusgobson,1263
jebusgobsonknowsitall,1263
jebussjareltje,1263
jeeters_edinburgh,1263
jeff_merkley,1263
jeffholiday,1263
jehovahs_witnesses,1263
jehovahwitnesses,1263
jelqing,1263
jenny,1263
jeremycorbyn,1263
jerkcity,1263
jerkforbenatar,1263
jerrymapping,1263
jerusalem,1263
jessicanigri,1263
jessiesparents,1263
jesuschristreddit,1263
jesusmyth,1263
jewdankinaction,1263
jewelers,1263
jewishantizionism,1263
jewishhistory,1263
jewry,1263
jews,1263
jews_not_muslims,1263
jfk,1263
jfkresearcher,1263
jgl,1263
jidf,1263
jidfinaction,1263
jigglypuff,1263
jihadinfocus,1263
jillstein,1263
jimmiesclub,1263
jimmydore,1263
jimnorton,1263
jimwebb,1263
jiocare,1263
jiujitsu,1263
jmu,1263
jobdestroyer,1263
jobs,1263
jodel,1263
joedemare,1263
joerogan,1263
joeydiaz,1263
johnfetterman,1263
johnwisniewski,1263
joos,1263
jordan,1263
jordyn_jones,1263
jordynjones,1263
josephsmithlikesporn,1263
josephstalin,1263
journalism,1263
journalismjobs,1263
journorequest,1263
jrharbor,1263
jttots,1263
juarez,1263
judaism,1263
judaismanythinggoes,1263
judaismfaq,1263
judaismwatch,1263
judgeablefaces,1263
juiceplus,1263
julianassangeisdead,1263
jurisprudence,1263
just4christians,1263
justbootthings,1263
justbourgeoisiethings,1263
justbronythings,1263
justcheetogrubthings,1263
justforjess,1263
justhotwomen,1263
justice_porn,1263
justicedemocrats,1263
justicedemocratsmi,1263
justiceforjulie,1263
justiceforpewdiepie,1263
justiceparty,1263
justiceporn,1263
justiceserved,1263
justlegbeardthings,1263
justlike1984,1263
justneckbeard,1263
justneckbeardthings,1263
justneckbugthings,1263
justnomil,1263
justproblackthings,1263
justsaynope,1263
justshillthings,1263
juststemthings,1263
justtyphoonthings,1263
justunsubbed,1263
jutesrights,1263
kaaba,1263
kaalaaaa,1263
kaigainohannou,1263
kaijubattles,1263
kakajebusgobsonzegt,1263
kalispell,1263
kangz,1263
karabakhconflict,1263
karaoke,1263
karl_marxism,1263
karmawhoring,1263
kashrus,1263
kasichforpresident,1263
kathrynallen,1263
katrinapierson,1263
katua,1263
kazakhstan,1263
kcdate,1263
kea,1263
keepcarrollcatholic,1263
keepcorbyn,1263
keepournetfree,1263
keithellison,1263
kekism,1263
kekworld,1263
kennaismine,1263
kerala,1263
ketobabies,1263
ketorage,1263
kevinb_usim,1263
kevinfolta,1263
keywest,1263
kgirls,1263
kiachatroom,1263
kiamoderation,1263
kiatheory,1263
kickalex,1263
kidfree,1263
kidshowsfantheories,1263
kidsthyroiddisease,1263
kike_watch,1263
killallmen,1263
killingisis,1263
killthosewhodisagree,1263
killtony,1263
kilts,1263
kimkardashianpics,1263
kindergartenmba,1263
kingcobrajfs,1263
kingofthenerds,1263
kingsandemperors,1263
kingsofbayview,1263
kink,1263
kirkland,1263
kissanime,1263
kiteboarding,1263
kitsunemimi,1263
kittensgame,1263
kiwitech,1263
knowledgework,1263
knownedge,1263
koans,1263
kochconsipracy,1263
kochi,1263
koine,1263
kolkata,1263
komagatamaru,1263
kooktown,1263
korea,1263
koreacirclejerk,1263
korean,1263
koreanhistory,1263
koreatech,1263
kosher,1263
kossacks_for_sanders,1263
kotakuinaction,1263
kraina,1263
krugmanvskrugman,1263
ktwbtky,1263
kungpaochicken,1263
kurdishcivilwar,1263
kurdishconflicts,1263
kurdistan,1263
kuttichevuru,1263
kuwait,1263
ky_for_jillstein,1263
labeling,1263
labor,1263
labour,1263
labouruk,1263
labourukcss,1263
lackofselfawareness,1263
lacortenews,1263
ladyboners,1263
ladybusiness,1263
ladyneckbeards,1263
lager,1263
laina,1263
laissezsquares,1263
lakeheadu,1263
lalakingmalibog,1263
lambeosaurus,1263
lammy,1263
lancashire,1263
laos,1263
laowinning,1263
laramie,1263
laredo,1263
larrykrasner,1263
lass,1263
lastimages,1263
lastmanonearthtv,1263
lastweektonight,1263
latestagecapitalism,1263
latestagecirclejerk,1263
latestagefeudalism,1263
latestagesocialism,1263
latexclothing,1263
latinamerica,1263
latino,1263
latterdaysaints,1263
laughingatsrs,1263
launchers,1263
laveyan_satanism,1263
law,1263
lawcanada,1263
lawfirm,1263
lawofaquacktion,1263
lawofattraction,1263
lawschool,1263
lawschoolscam,1263
lawsdialogue,1263
lawtech,1263
lawyersforsanders,1263
lbgt,1263
lbry,1263
ldac,1263
ldr,1263
lds,1263
ldsbestof,1263
ldscirclejerk,1263
ldsinc,1263
ldssexuality,1263
le_pawn,1263
le_pen,1263
leakeverything,1263
learn_arabic,1263
learnairbnb,1263
learnmandarin,1263
learnuyghur,1263
lebanesepolitics,1263
lebanon,1263
lectionary,1263
lectures,1263
leed,1263
lefref,1263
leftactivism,1263
leftcentral,1263
leftcommunism,1263
leftist,1263
leftistviolence,1263
leftnationalism,1263
leftnatplan,1263
leftvexillology,1263
leftwinglgbt,1263
leftwithoutedge,1263
leftwithsharpedge,1263
lefty_pol,1263
leftypolitics,1263
legal,1263
legaladvice,1263
legaladviceinaction,1263
legaladviceofftopic,1263
legaladviceuk,1263
legalshrooms,1263
legendarylea,1263
legit,1263
lemoncakes,1263
lemons24,1263
lendingloop,1263
lenirobredo,1263
lenny,1263
lerightgeneration,1263
lesbianactually,1263
lesbianactuallymods,1263
lesbianfashionadvice,1263
lesscredibledefence,1263
lessig2016,1263
lesswrong,1263
letpeopleenjoythings,1263
letsgetgud,1263
letsgetlaid,1263
letsgetregressive,1263
letsnotmeet,1263
leukophobia,1263
leursurs,1263
levantinehistory,1263
levantinewar,1263
lewronggeneration,1263
lewrongmemegeneration,1263
lexiconicporn,1263
lexlinguae,1263
lgbt,1263
lgbtaustralia,1263
lgbteens,1263
lgbtforbernie,1263
lgbtforeveralone,1263
lgbtindia,1263
lgbtlibrary,1263
lgbtnews,1263
lgbtopenmodmail,1263
lgbtq,1263
lgbtreesgonewild,1263
lgbtriangle,1263
lgbtsurvivors,1263
lhc,1263
libdem,1263
liberal,1263
liberalarts,1263
liberalbias,1263
liberaldegeneracy,1263
liberalfeminism,1263
liberalgunowners,1263
liberalism,1263
liberalpolitics,1263
liberalreality,1263
liberalregressives,1263
liberals,1263
liberalstupidity,1263
liberalviolence,1263
liberland,1263
liberta,1263
libertarian,1263
libertarian_history,1263
libertarian_music,1263
libertarianatheism,1263
libertarianaustralia,1263
libertarianbestof,1263
libertarianca,1263
libertariandebates,1263
libertarianeurope,1263
libertarianfiction,1263
libertarianhumor,1263
libertarianism,1263
libertarianismo,1263
libertarianjerk,1263
libertarianleft,1263
libertarianmarxist,1263
libertarianmeme,1263
libertarianpartyohio,1263
libertarianpartyusa,1263
libertarians,1263
libertarianscifi,1263
libertariansocialism,1263
libertyfiction,1263
libertymovement,1263
libertyuniversity,1263
libertyworldproblems,1263
libido,1263
libreconspiracy,1263
libs,1263
libtard,1263
libyancrisis,1263
lieforkarma,1263
life_goals,1263
lifeabroad,1263
lifemovie,1263
limburg,1263
limitedhangouts,1263
limoclub,1263
limpwrist,1263
lindsay,1263
linguistics,1263
link,1263
linkedin,1263
linvoid,1263
lionsground,1263
lisfiorbe,1263
listofredditors,1263
literally,1263
literally_1984,1263
literallyhitler,1263
literallykesha_paul,1263
literallyorwell,1263
literallyunbelievable,1263
literature,1263
literature3,1263
lithuania,1263
littleboobproblems,1263
littlebreanna,1263
liturgicalmusic,1263
live,1263
livelife,1263
livestreamfail,1263
locationbot,1263
lockcarbon,1263
locked,1263
locutusofborges,1263
loganhub,1263
logic,1263
logosbiblesoftware,1263
lol_dad_memes,1263
lolalodge,1263
lolatretards,1263
lolcowtheater,1263
lolero,1263
lolgod,1263
lolgrindr,1263
londonunderground,1263
loneliness,1263
lonely,1263
longdistance,1263
longitudelatitude,1263
longtail,1263
loomynarty,1263
looplunch,1263
losangelesgaybros,1263
loseweight,1263
lostandfoundto,1263
lostgeneration,1263
losttoucans,1263
lotkavolterra,1263
lotus,1263
loudnoisesottawa,1263
louiekablooie,1263
louisianaforsanders,1263
louisianafp,1263
louisianalibertarians,1263
loungers,1263
loveism,1263
lovinglife,1263
lowcarb,1263
loweffort,1263
lowerthebar,1263
lowlibidocommunity,1263
lpc,1263
lpfl,1263
lspdfr,1263
ltr,1263
ltv,1263
lucairian,1263
luciferianism,1263
luddite,1263
lunalounge,1263
luntetrekkn,1263
luwatch,1263
luxembourg,1263
lviv,1263
lwgflairrequest,1263
lwsrdg,1263
maaaaales,1263
macau,1263
machinetranslation,1263
madboiis,1263
maddox,1263
made_in_england,1263
madeira,1263
madeofstyrofoam,1263
madmodmail,1263
maduro,1263
magajuana,1263
mageddon,1263
magicskyfairy,1263
magnora7,1263
maine,1263
mainelibertarians,1263
makeamericagreatagain,1263
makefun,1263
makefunofkia,1263
maketotaldestr0i,1263
makhaevism,1263
makingfunofpeople,1263
makingmoney,1263
makingsense,1263
malapropisms,1263
malayali,1263
malaysia,1263
malcolminthemiddle,1263
maledom,1263
maleinfertility,1263
malesupportnetwork,1263
mallu,1263
manchester_uni,1263
mandela_effect,1263
mandro,1263
mangalore,1263
manhate,1263
manhattan,1263
maninthehighcastle,1263
manna,1263
manofthehour,1263
mapgames,1263
mapleridge,1263
mapporn,1263
mapporncirclejerk,1263
mapswithoutwi,1263
mapudungun,1263
marathi,1263
march_against_trump,1263
marchagainsthillary,1263
marchagainstislam,1263
marchagainstmyths,1263
marchagainstrump,1263
marchagainsttrump,1263
marchforeducation,1263
marchforscience,1263
marchforsciencenyc,1263
marco_rubio,1263
marcorubio_2016,1263
margaretflowers,1263
marines,1263
market_socialism,1263
marketanarchism,1263
markmywords,1263
markrlevin,1263
marrakech,1263
marriage,1263
marriageontherocks,1263
marriagestrike,1263
marriedandbi,1263
marriedredpill,1263
marriedsex,1263
martinomalley,1263
martinshkreli,1263
martintimothyalts,1263
maruchan,1263
marxacceptance,1263
marxism,1263
marxism_101,1263
marxismtoday,1263
marxistbookclub,1263
marxistfiction,1263
marxistreadingclub,1263
masculism,1263
mash,1263
masoncity,1263
mass_libertarians,1263
massachusetts4sanders,1263
massacres,1263
massmeditations,1263
massmurder,1263
masterchef,1263
masterchefau,1263
masterhacker,1263
masterlawlz,1263
mastermindbooks,1263
math238blog,1263
mathematica,1263
mathematics,1263
matthewreilly,1263
mauritius,1263
maybeabot,1263
maydan,1263
maydaypac,1263
mayonesa,1263
mcdonalds,1263
mchinagov,1263
mcman,1263
mcmullin,1263
mcwhopper,1263
md_for_jillstein,1263
mdlibertarians,1263
mdu,1263
meanjokes,1263
meansmeansmeans,1263
meanwhileonvoat,1263
meatacanada,1263
medbookclub,1263
media,1263
media_criticism,1263
medialaw,1263
mediaocracy,1263
mediaquotes,1263
mediastudies,1263
medicalcosts,1263
medicalillustration,1263
medicalmemorypalace,1263
medicalschool,1263
medicalstories,1263
medicareforall,1263
medicine,1263
medievalart,1263
medievalengineers,1263
medievalhistory,1263
medlabprofessionals,1263
medmeme,1263
medschool,1263
meettransgirls,1263
meetups,1263
meh_meh,1263
meincanada,1263
meinmeincanada,1263
meirlmods,1263
melanoidnation,1263
melbfood,1263
melbourne,1263
melbournecirclejerk,1263
melbournecreatives,1263
melbournehigh,1263
melbournejobs,1263
melbourneloudnoises,1263
melbourneman,1263
mellowhongkong,1263
memarathi,1263
meme_graveyard,1263
memecritique,1263
memehistory,1263
memeyourenthusiasm,1263
memritvmemes,1263
menaconflicts,1263
menards,1263
mengetrapedtoo,1263
meninism,1263
menkampf,1263
mennonite,1263
mensa,1263
menscirclejerk,1263
mensfashiontrend,1263
mensglib,1263
menslib,1263
menslibrary,1263
mensministries,1263
mensrants,1263
mensrights,1263
mensrightsaustralia,1263
mensrightsbookclub,1263
mensrightsindia,1263
mensrightslinks,1263
mensrightsmeta,1263
mentalhealth,1263
mentalillness,1263
mentallyillbutgenius,1263
meow_irl,1263
mercerinfo,1263
merica,1263
merimarzi,1263
meritocracy,1263
merkelrapeculture,1263
merkisador,1263
mesoamerica,1263
mesopotamia,1263
message,1263
messianic,1263
messyjessie58,1263
meta,1263
metabolix,1263
metacanada,1263
metacanadacockfags,1263
metacancerjerk,1263
metacancersubdrama,1263
metaconservative,1263
metacringeanarchy,1263
metaethics,1263
metaforall,1263
metageopolitics,1263
metahub,1263
metahugs,1263
metajudaism,1263
metalgbteens,1263
metalghazi,1263
metallize,1263
metalostgeneration,1263
metametacanada,1263
metametajerk,1263
metametametacanada,1263
metametanarchism,1263
metanarchism,1263
metaphysics,1263
metaquebec,1263
metareference,1263
metarepublican,1263
metasrdd,1263
metasubredditdrama,1263
metatoronto,1263
metawhatever,1263
methpeoplefacebook,1263
metisnation,1263
metric,1263
metriccooking,1263
metrosocialism,1263
mew_irl,1263
mexicanspaceprogram,1263
mexico_news,1263
mexicoconspiracy,1263
mexicolindo,1263
mfacirclejerk,1263
mgtow,1263
mgtowbooks,1263
mgtowwom,1263
mh17,1263
mh370,1263
mhoc,1263
mhocdisabilities,1263
mhocge4verify,1263
mhocsatire,1263
mholvote,1263
mi_for_jillstein,1263
mia_diaz,1263
miamiforbernie,1263
micf,1263
micf2015,1263
michelleobama,1263
microaggressions,1263
micronations,1263
micropenissupport,1263
middleeastern,1263
middleeastnews,1263
mideastpeace,1263
mideastregionalwar,1263
miitomoinaction,1263
miiverseinaction,1263
mikecast,1263
mila_kunis,1263
mildlyannoying,1263
mildlyburned,1263
mildlycorporate,1263
mildlyincompetent,1263
mildlyridiculous,1263
mildlyuninteresting,1263
mildlywtf,1263
mildredditdrama,1263
mildtitlegore,1263
milifans,1263
militant,1263
militantancaps,1263
military,1263
militaryatheists,1263
militarycringe,1263
militaryfinance,1263
militaryfitness,1263
militarygfys,1263
militarymachines,1263
militaryprocurement,1263
militarywhatisthis,1263
milliondollarextreme,1263
millwall,1263
miloforprison,1263
miltonfriedman,1263
minimises,1263
minnesota,1263
minnesotalibertarians,1263
minorities,1263
miracle,1263
misandry,1263
misanthropy,1263
misasandry,1263
misc,1263
misguidedchildren,1263
misogyny,1263
misogynyfetish,1263
misreadfrontpage,1263
misreadtitles,1263
mississauga,1263
mississaugameetups,1263
mississippi,1263
mistersquared,1263
mixedasians,1263
mixednuts,1263
mixedrace,1263
mmapodcast,1263
mmfb,1263
mmt_economics,1263
mnl,1263
mo4571a,1263
mobilicity,1263
mochangtanga,1263
mockredditadmins,1263
mod_irl,1263
modburns,1263
modclub,1263
modded,1263
modelaec,1263
modeliraq,1263
modelusgov,1263
modelworldgov,1263
moderate,1263
moderatepolitics,1263
moderationlog,1263
moderationtheory,1263
moderatorcorruption,1263
modernconservative,1263
moderneschatology,1263
modernpropaganda,1263
modernromantics,1263
modhelp,1263
modlog,1263
modmailbeta,1263
modnews,1263
modofeverything,1263
modpeoplehate,1263
mods_behaving_badly,1263
modsexposed,1263
modsupport,1263
moldovancrisis,1263
mommylovesme,1263
monarchism,1263
mongolia,1263
mongolianhatewatch,1263
mongoloidsupremacy,1263
monism,1263
monsanto,1263
monsantocompany,1263
monstercatnews,1263
montana4sanders,1263
montauk,1263
month_of_zen,1263
montpelier,1263
montreal,1263
moosearchive,1263
mooseknuckleinpublic,1263
mopeilitywod,1263
moral,1263
moraldilemmas,1263
moraldilemmasjerk,1263
morality,1263
morbidcuriosity,1263
morbidlybeautiful,1263
morbidmortality,1263
morbidquestions,1263
morbidreality,1263
more_test,1263
morecringe,1263
moreunited,1263
mormon,1263
mormon_letters,1263
mormoncringe,1263
mormondebate,1263
mormondialogue,1263
mormondoubtingteen,1263
mormonismkillslove,1263
mormonleaks,1263
mormonlibre,1263
mormonpolitics,1263
mormons,1263
mormonscholar,1263
mormontransitions,1263
morocco,1263
moronarmy,1263
morvol,1263
moscowmaidan,1263
mosqueshooting,1263
mostcanadiancomment,1263
mostgilded,1263
mothermother,1263
mothersday,1263
motivational,1263
motobe,1263
movieenthusiasts,1263
movingtojapan,1263
mozillainaction,1263
mpapproval,1263
mppl,1263
mr_pence,1263
mr_trump,1263
mrdata,1263
mrmorwbc,1263
mrmorwhiterights,1263
mrref,1263
mrselfpostcopies,1263
mrxiao,1263
msabroad,1263
msf_testbest,1263
msfbs,1263
msfreebooted,1263
msgprdt,1263
mslibertarians,1263
mtf,1263
mtsgaming,1263
muacjdiscussion,1263
muhcensorship,1263
muhcoops,1263
muhfeelings,1263
muhfreedoms,1263
mukhabarat,1263
multiculturalism,1263
multiplemyeloma,1263
multiracialasians,1263
murderedbywords,1263
murderers,1263
murderofcrows,1263
murdochinmay,1263
murica,1263
muricnevermind,1263
murray_mondays,1263
museumdiscuss,1263
musgov,1263
musicalbums,1263
musiccirclejerk,1263
musichistory,1263
musicianinterviews,1263
muslimbullshit,1263
muslimmatch,1263
muslimnofap,1263
muslimsinthenews,1263
mutualism,1263
my_online_alias,1263
myanmar,1263
mybookofbs,1263
myconservativesaid,1263
mycrazymotherinlaw,1263
myfriendwantstoknow,1263
myga,1263
mylifeforthemeta,1263
mymadramblings,1263
mymagicalpenis,1263
mynamecouldntbeaslong,1263
mypartneristrans,1263
myschoollunch,1263
mysore,1263
mysterybabylon,1263
mytheoryis,1263
n_y_for_jillstein,1263
nafindix,1263
nagpur,1263
nakednewscycle,1263
namenerds,1263
namoarmyexposed,1263
nanotech,1263
nap,1263
naperville,1263
narcissisticabuse,1263
narcsinthewild,1263
narrativedesign,1263
nascarmemes,1263
natalism,1263
natasha,1263
nationalguard,1263
nationalism,1263
nationalist,1263
nationalsocialism,1263
nativeamerican,1263
nativeamericans,1263
nativenz,1263
nativepride,1263
natoisisis,1263
naturalselection,1263
nature,1263
natureofreality,1263
navajo,1263
navspecwarliars,1263
nazbol,1263
nazi,1263
naziantiqueroadshow,1263
naziartreviews,1263
nazihunting,1263
nazitrivialization,1263
ncdemocrats,1263
ncgaymers,1263
ncguns,1263
ndp,1263
neacuho,1263
nearnorthsuburbs,1263
neckbeardnests,1263
neckbeardrpg,1263
neckbeardstories,1263
needadvice,1263
negareddit,1263
negaredditredux,1263
negativewithgold,1263
neighborly,1263
neil_degrasse_tyson,1263
neogafsucks,1263
neoliberal,1263
neologisms,1263
neoprogs,1263
nepal,1263
nepalearthquake,1263
nerdfighterstoryclub,1263
nesquikmike,1263
netflixcanada,1263
netflixjapan,1263
nettaxconsumers,1263
neurodiversity,1263
neuronaut,1263
neurotransmitters,1263
neutralheadlines,1263
neutralmideast,1263
neutralnews,1263
neutralpolitics,1263
nevadaforsanders,1263
nevadalibertarians,1263
never_say_negro,1263
neverhillary,1263
nevertrump,1263
new_american_system,1263
new_hampshire,1263
new_movement,1263
new_right,1263
new_weird_america,1263
newaccountsinpolitics,1263
newamerica,1263
newbern,1263
newcharismaticism,1263
newcountryproject,1263
newfeelsland,1263
newgovernment,1263
newincestvideos,1263
newjerseylibertarians,1263
newpatriotism,1263
newpolitcalsubreddits,1263
newreddits,1263
newrightcirclejerk,1263
newrussia,1263
news,1263
news4humans,1263
news_mods_must_resign,1263
news_us,1263
newsalternative,1263
newsbiasbot,1263
newsbin,1263
newsbits,1263
newschannel,1263
newsofseattle,1263
newsofthenra,1263
newsoftheweird,1263
newsom,1263
newsonreddit,1263
newsstream,1263
newstrees,1263
newsuncut,1263
newsweek,1263
newsz,1263
newwest,1263
newyork,1263
newyorkcity,1263
newzealand,1263
newzealandhistory,1263
newzealandmediasucks,1263
nexialism,1263
nflblogs,1263
nfty,1263
nh_libertarians,1263
nhs,1263
niceguys,1263
niceguysdiscussion,1263
niceguyswatch,1263
nicki_minaj_,1263
nieaszdziennik,1263
nietzsche,1263
nieuwvlaamsealliantie,1263
nigeria,1263
niggayouweird,1263
niglets,1263
nih,1263
nihilism,1263
nijobs,1263
nikiashton,1263
nimbleamerica,1263
nizzlerisaliar,1263
nj_for_jillstein,1263
njfamilylawreform,1263
njguns,1263
nlcentral,1263
nlp,1263
nlus,1263
no_context,1263
no_saab_story,1263
no_signs,1263
noaa,1263
noadmins,1263
nocontacttales,1263
nocontest,1263
nocontext_wallpapers,1263
nocorporations,1263
nodapl,1263
nofap,1263
nofap1week,1263
nofapchristians,1263
nofapfemales,1263
nofapteens,1263
nofapwomen,1263
nofilternews,1263
nofuckinway,1263
nogays,1263
nogold4u,1263
nohyphenhyphen,1263
noip,1263
nolibswatch,1263
nolubrication,1263
nomanssky,1263
nonap,1263
nonaustrianeconomics,1263
nonduality,1263
nonfictionbookclub,1263
nonmorons,1263
nononono,1263
nonothingnovember,1263
nonviolence,1263
nonwhite,1263
noparticipation,1263
noplace,1263
noprabowo,1263
nordicunion,1263
norm,1263
normaldayinsweden,1263
normalnudes,1263
normkelly,1263
normmacdonald,1263
northamerica,1263
northamerican,1263
northatlantictreaty,1263
northcarolina,1263
northdakota4sanders,1263
northernaggression,1263
northernireland,1263
northkorea,1263
northkoreanews,1263
northkoreapics,1263
northqueensland,1263
northumberland,1263
northwestern,1263
norules,1263
norway,1263
noshitsherlock,1263
nosleepworkshops,1263
nostupidanswers,1263
nostupidquestions,1263
nosurf,1263
notaboutyou,1263
notaconspiracy,1263
notalllizardpeople,1263
notalocalcrimestory,1263
notanestleshill,1263
notcirclejerk,1263
notdating,1263
notevencapitalism,1263
notevenphilosophy,1263
notfondofpeanutbutter,1263
notgivingafox,1263
nothing2hide,1263
nothingeverhappens,1263
nothowitworks,1263
notlibertarian,1263
notmypresident,1263
notmyprotest,1263
notreadyforhillary2,1263
notreasonstrumpwon,1263
notrump,1263
notsohumblebrag,1263
notsubredditsimulator,1263
notsummerreddit,1263
nottheguardian,1263
nottheonion,1263
notwhatyouexpect,1263
notyourmothersreddit,1263
notyourshieldproject,1263
nowttyg,1263
nowtv,1263
npmythos,1263
npv,1263
nra,1263
nrelationships,1263
nrx,1263
nrxchristianity,1263
nrxn,1263
nsa,1263
nsaleaks,1263
nsfw_china,1263
nsfw_young,1263
ntebis,1263
ntfwfans,1263
ntst,1263
ntstalkers,1263
nucensorship,1263
nuclear,1263
nuclearwar,1263
nuclearweapons,1263
nudists,1263
nuitdebout,1263
nukes,1263
nunavut,1263
nutrition,1263
nwa,1263
nwareddit,1263
nwojobs,1263
nwok,1263
nylibertarians,1263
nyquil,1263
nytauto,1263
nzcirclejerk,1263
nzgaming,1263
nzmusic,1263
nzoutdoors,1263
nzsports,1263
nzsubredditdrama,1263
oakpark,1263
oathwatchers,1263
obama,1263
obamacare,1263
obbywarriors,1263
obedientwivesclub,1263
obesepeoplesuck,1263
obesityhealthconcern,1263
obgyn,1263
objectivism,1263
obnoxious,1263
obvious,1263
obviouslynotsatire,1263
obvioussatire,1263
occultconspiracy,1263
occupy,1263
occupy_europe,1263
occupychi,1263
occupydc,1263
occupylosangeles,1263
occupynewhaven,1263
occupyportland,1263
occupyseattle,1263
occupywallstreet,1263
octopus,1263
oculusideas,1263
oekraineukraine,1263
offbeat,1263
offbrandpeople,1263
offendedbyeverything,1263
offensiveflags,1263
offensivespeech,1263
officedepot,1263
officialdp,1263
officialtomilahren,1263
offmychest,1263
ohboyson,1263
ohguns,1263
ohlympics,1263
ohtaigi,1263
oidsbear,1263
oil,1263
oilandgas,1263
oilfieldtrash,1263
oilspill,1263
oiltrains,1263
ojibwemodaa,1263
ok_for_jillstein,1263
okayposts_aboutvoting,1263
okc,1263
okcupid,1263
okcupidlgbt,1263
okinawa,1263
oklahomaforsanders,1263
oldenglish,1263
olderlesbians,1263
oldschooluncool,1263
oldtestament,1263
oldurbanism,1263
oliverrants,1263
oliviamunn,1263
olympics,1263
omgdabees,1263
omnisyntheism,1263
onedollarforbernie,1263
onegative,1263
oneliners,1263
onetruegreypo,1263
onetruelemmy,1263
oneworldgovernment,1263
oney,1263
onguardforthee,1263
onlineeducation,1263
onlyonreddit,1263
onmywall,1263
onredditilearned,1263
ontario,1263
onthescene,1263
oohburn,1263
op_jade_helm_15,1263
op_jade_helm_16,1263
opcringe,1263
openandhonest,1263
openaustralia,1263
openbroke,1263
openchristian,1263
opencjaustralia,1263
opendogtraining,1263
opengovcan,1263
openjudaism,1263
openkundalini,1263
openmedia,1263
openmormon,1263
openscience,1263
opensourcedemocracy,1263
opensourcefreedom,1263
openthelastmile,1263
operationgrabass,1263
operationstopisp,1263
opeyeswideopen,1263
opieandanthony,1263
opieraqio,1263
opiewithjim,1263
opiewithjimshow,1263
opisadick,1263
opisafag,1263
opistheproblem,1263
opm,1263
oppressedwhitemales,1263
oppression,1263
oppressionmeta,1263
opthelist,1263
optician,1263
oradea,1263
orangecountydec,1263
orangecountyseddit,1263
orangindo,1263
orania,1263
orbisnonsufficit,1263
ordainwomen,1263
orderoflenin,1263
oregonlibertarians,1263
orforsanders,1263
organic,1263
organicchristianity,1263
organiclife,1263
orillia,1263
orleans,1263
orovilledam,1263
orthodoxchristianity,1263
osb,1263
oshawa,1263
otherkin,1263
otheroffmychest,1263
ottawa,1263
ottawabuysell,1263
ottawachampions,1263
ottawadating,1263
ottawafood,1263
ottawainaction,1263
ottawanews,1263
ottawaparents,1263
ottawarideshare,1263
ottawarunning,1263
ottomanturkish,1263
ouiquebec,1263
our_politics,1263
ouramerica,1263
ouraustralia,1263
ourdyingplanet,1263
ourevolution,1263
ourflatworld,1263
ourpresident,1263
ourrights,1263
ourworldisflat,1263
outbreaknews,1263
outcampaign,1263
outdoorgames,1263
outlogger,1263
outoftheloop,1263
outofthemetaloop,1263
outside,1263
overgivers,1263
overpopulation,1263
overseasasians,1263
owen_smith,1263
oxford,1263
oxforduni,1263
oxtriarchy,1263
oxusdefenseforce,1263
oxuswatch,1263
ozarkmo,1263
ozort,1263
ozpcgamestuff,1263
oztralia,1263
ozyman,1263
p2pfoundation,1263
pa_for_jillstein,1263
pacificnorthwest,1263
pacificnorthwesttrail,1263
pacifism,1263
pagan,1263
paidrussiantrolls,1263
paindeergames,1263
pakistan,1263
pakistansuperleague,1263
pakwatan,1263
paleoclimate,1263
paleoconservative,1263
paleolibertarian,1263
palestina,1263
palestine,1263
palestineintifada,1263
palestinianconflict,1263
palestinians,1263
palladium46pd,1263
palmy,1263
paloalto,1263
palsbarainaction,1263
panama,1263
panamapapers,1263
panamapapersindia,1263
panderingfromtheright,1263
panichistory,1263
panjandrum,1263
panorama,1263
pansexual,1263
pantheism,1263
pantsuitnation,1263
paongyang,1263
paoyongyang,1263
paperballots,1263
paperletters,1263
papertowns,1263
paradoxpolitics,1263
paranoia,1263
paranormalscience,1263
parapsychology,1263
pararescue,1263
parasitology,1263
parentalentitlement,1263
parenting,1263
parentingthoughts,1263
parentlessbychoice,1263
parentsthatcare,1263
parkrangers,1263
particlephysics,1263
passivevoice,1263
passportporn,1263
pastacomments,1263
pastafarian,1263
pastorarrested,1263
patentlaw,1263
patentlawnews,1263
patents,1263
patheticstories,1263
patriarchalblessing,1263
patriarchymythos,1263
patrioticquotes,1263
pattaya,1263
pawgtastic,1263
pba,1263
pbsideachannel,1263
pbsspacetime,1263
pcofo,1263
pcos,1263
pdxseddit,1263
peace,1263
peacecorpsvolunteers,1263
peaceful_protest,1263
peacefulparenting,1263
peacepirates,1263
peacetoendallpeace,1263
peakoil,1263
peakreddit,1263
peaktwans,1263
pearlclutchers,1263
peasants,1263
pedofriends,1263
pedogate,1263
pedohelp,1263
pedtalk,1263
peggingforequality,1263
pegosphere,1263
penang,1263
penispass_denied,1263
penispassdenied,1263
penistrolls,1263
pennmc,1263
pentagon,1263
pentametacanada,1263
pentecostalism,1263
peopleactioncommittee,1263
peoplebeingjerks,1263
peoplebeingturks,1263
peopleofbart,1263
peoplesmetanarchism,1263
peoplewholovelove,1263
pepperstories,1263
pequodporn,1263
percapitabragging,1263
perfectcomebacks,1263
perfectlynormalboners,1263
perfectpitchproblems,1263
perpetuallyoffended,1263
personal_finance_tips,1263
personaldevelopment,1263
personalfinance,1263
personalfinancecanada,1263
pessimism,1263
petition,1263
petloss,1263
petsfree,1263
pettax,1263
pettybickering,1263
pettyrevenge,1263
peyups,1263
pfjerk,1263
pharmacogenomics,1263
pharmacy,1263
pharmacymemes,1263
pharmacytechnician,1263
phbookclub,1263
philipdefranco,1263
philippines,1263
philippinetrees,1263
phillipdefranco,1263
phillytoscforbernie,1263
philo4begginersclub,1263
philolsophy,1263
philosophy,1263
philosophybookclub,1263
philosophyofbiology,1263
philosophyofinfo,1263
philosophyofmath,1263
philosophyofreligion,1263
philosophyofscience,1263
phinvest,1263
phlebology,1263
phlgbt,1263
phoenixwright,1263
phoneaddiction,1263
phoneless,1263
phrasing,1263
phuket,1263
physical_removal,1263
physics,1263
picofabanana,1263
picsonly,1263
pies,1263
pikistikman,1263
pillolarossa,1263
pillscollide,1263
pimpmytinder,1263
pinac,1263
pinenuts,1263
pingpongplatypus,1263
pinochet,1263
pinyinsubtitles,1263
pipelines,1263
piratepartyofcanada,1263
pissbeuponhim,1263
pissgate,1263
pizza,1263
pizzaems,1263
pizzaforbernie,1263
pizzajerk,1263
pizzajokes,1263
pkdefenseforce,1263
placede,1263
placehistory,1263
placesg,1263
placeuk,1263
planes,1263
plannedparenthood,1263
plantbaseddiet,1263
plantstho,1263
plasma,1263
platinumclub,1263
plato,1263
plausiblebullshit,1263
playfulpikachu,1263
pleasedontkillthepope,1263
plebbit,1263
pluralapostrophe,1263
pluribism,1263
plutoinaction,1263
pmjustintrudeau,1263
pmofree,1263
pmqs,1263
pnfexplorers,1263
pocketmonstermath,1263
podcastclips,1263
poeslaw,1263
poeslawinaction,1263
poetics,1263
pointlessstories,1263
pointsplus,1263
pokechu22,1263
pokemonfetish,1263
pokemongocorpus,1263
pokemongotw,1263
pol__invictus,1263
polacks,1263
polandball,1263
polandballarena,1263
polandballbookclub,1263
polfacts,1263
police,1263
police_v_video,1263
policereformsindia,1263
policesketchme,1263
policestate,1263
policy2015,1263
policydebate,1263
polifucktards,1263
polistan,1263
politic,1263
political,1263
political_discussion,1263
political_revolution,1263
politicalactivism,1263
politicalconspiracy,1263
politicaldatacom,1263
politicaldiscussion,1263
politicaldiscussmeta,1263
politicaleconomics,1263
politicalfactchecking,1263
politicalforecast,1263
politicalhumor,1263
politicalmoderation,1263
politicalopinion,1263
politicalopinions,1263
politicalphilosophy,1263
politicalporn,1263
politicalrevcanada,1263
politicalrevnews,1263
politicalrevolution,1263
politicalrevolutionak,1263
politicalrevolutionar,1263
politicalrevolutionca,1263
politicalrevolutionct,1263
politicalrevolutionfl,1263
politicalrevolutionhi,1263
politicalrevolutionia,1263
politicalrevolutionid,1263
politicalrevolutionil,1263
politicalrevolutionin,1263
politicalrevolutionks,1263
politicalrevolutionky,1263
politicalrevolutionla,1263
politicalrevolutionma,1263
politicalrevolutionmi,1263
politicalrevolutionms,1263
politicalrevolutionnc,1263
politicalrevolutionnd,1263
politicalrevolutionnh,1263
politicalrevolutionnj,1263
politicalrevolutionnm,1263
politicalrevolutionoh,1263
politicalrevolutionok,1263
politicalrevolutionor,1263
politicalrevolutionpa,1263
politicalrevolutionpr,1263
politicalrevolutionri,1263
politicalrevolutionsd,1263
politicalrevolutiontn,1263
politicalrevolutiontx,1263
politicalrevolutionva,1263
politicalrevolutionvt,1263
politicalrevolutionwa,1263
politicalrevolutionwi,1263
politicalrevolutionwv,1263
politicalrevolutionwy,1263
politicalscience,1263
politicalvideo,1263
politics,1263
politics1,1263
politics2,1263
politics2o16,1263
politicsall,1263
politicscensorship,1263
politicscirclejerk,1263
politicsindia,1263
politicsuk,1263
politicsuncensored,1263
politicswales,1263
politicsx,1263
politiek,1263
polityka,1263
polska,1263
polskapoland,1263
polyamory,1263
polycentric_law,1263
polypoc,1263
ponderislam,1263
pondermethis,1263
poorpeoplehate,1263
poorshaming,1263
popcornstand,1263
popcorntastesgood,1263
pope,1263
popperpigs,1263
porncomments,1263
pornfree,1263
pornoverlords,1263
pornstarlethq,1263
porntips,1263
portfolios,1263
portlandme,1263
portofdandong,1263
portraitwallpapers,1263
portugal2,1263
posireddit,1263
possums,1263
postamericanhistory,1263
postanarchism,1263
postcardexchange,1263
postciv,1263
postcolonialism,1263
postcrossing,1263
postfreedom,1263
postleftanarchism,1263
postnationalist,1263
postpomo,1263
postracial,1263
postscarcity,1263
poststraumatic,1263
potheadadvice,1263
potuselection2016,1263
potussaidthat,1263
poutsub,1263
poverty,1263
povray,1263
powerinaction,1263
powerlinegoose,1263
ppdpersonaladvice,1263
ppie,1263
practicallibertarians,1263
practicalradical,1263
pragmatism,1263
prague,1263
praise,1263
praisekek,1263
praxacceptance,1263
praxematics,1263
praxlinguistics,1263
prayerrequests,1263
prematurecelebration,1263
prematurecumshots,1263
prepfacts,1263
preservingourliberty,1263
presidentbloomberg,1263
prestonandsteve,1263
prettygirlsuglyfaces,1263
prettygoodof,1263
preventahugofdeath,1263
pridnestrovie,1263
primatology,1263
primitivebaptist,1263
princegeorge,1263
priorlake,1263
prisonabolition,1263
prisonreform,1263
prochoice,1263
procomputertips,1263
prodisco,1263
producemyscript,1263
profoundredditquotes,1263
progressforamerica,1263
progressive,1263
progressive_islam,1263
progressiveactivism,1263
progressiveleft,1263
progressivememes,1263
progressives,1263
progun,1263
proimmigration,1263
projectconspiracy,1263
projectquintet,1263
projectrunway,1263
projetxandu382,1263
prolapseville,1263
prolex,1263
prolife,1263
prolifelibertarians,1263
promoteyourvideos,1263
propaganda,1263
propagandaposters,1263
properitems,1263
prorevenge,1263
prosecutorsgw,1263
prosopagnosia,1263
protectandcirclejerk,1263
protectandserve,1263
protectserver,1263
protestantism,1263
protestcanada,1263
protestfootage,1263
protruth,1263
proudboys,1263
provemewrong,1263
prowar,1263
pseudoscience,1263
psusphr,1263
psychoanalysis,1263
psychogeography,1263
psychology,1263
psychologyresearch,1263
psychopaths,1263
psychopathy,1263
psychotherapy,1263
psychwardchronicles,1263
ptsd,1263
ptsdcombat,1263
ptt,1263
pua,1263
puahate,1263
puascience,1263
publiceducationwatch,1263
publicfreakout,1263
publichealthwatch,1263
publicmodlogs,1263
publicpolicy,1263
publishyourtheory,1263
pubtips,1263
puertorico,1263
puertoricolp,1263
puertoricotravel,1263
puffins,1263
pumpkin,1263
pumpkinspice,1263
punchablefaces,1263
punchingmorpheus,1263
pune,1263
punishandenslave,1263
punjabi,1263
puphop,1263
puppets,1263
pure_trump,1263
puremathematics,1263
purity_of_essence,1263
purplehailstorm,1263
purplepilldebate,1263
purplepilldebatesucks,1263
pussified,1263
pussybeforeandafter,1263
pussypass,1263
pussypassdenied,1263
pussypassneutral,1263
putin,1263
putingate,1263
putinsbitch,1263
putinsdownfall,1263
puttheworldtorights,1263
pvzheroes,1263
pyongpang,1263
pyongyang,1263
q4q,1263
qatar,1263
qdoba,1263
qft_for_thursday,1263
qsforjs,1263
quacks,1263
quadmetacanada,1263
quakers,1263
qualitysocialism,1263
quantico,1263
quantumcomputing,1263
quarantine_the_donald,1263
queensbelfast,1263
queensland,1263
queensoflondon,1263
queerphilly,1263
queertheory,1263
quenerd,1263
questionablenews,1263
quicumquevult,1263
quinnspiracy,1263
quityourbullshit,1263
quityourbullshitnow,1263
quoteporn,1263
quotes,1263
quotesporn,1263
quraniyoon,1263
qutreddit,1263
qwerty9149,1263
r3volution,1263
r4olderwomen,1263
r_hak,1263
rabidpuppies,1263
race,1263
racism,1263
racism_uncensored,1263
racismstories,1263
racismsureisfunny,1263
racistpeopletwitter,1263
raciststatistics,1263
racksnbacks,1263
radfemorredpill,1263
radical_feminists,1263
radicalagenda,1263
radicalchristianity,1263
radicalmentalhealth,1263
radicalphilosophy,1263
radicalqueers,1263
radicalsatanism,1263
radicalsidehugs,1263
radiolab,1263
radiolibertyreddit,1263
radioscanning,1263
radpill,1263
raerth,1263
rafu,1263
ragabooty,1263
rage,1263
ragecringe,1263
ragenovels,1263
raisedbyborderlines,1263
raisedbynarcissists,1263
raisingkids,1263
rakhmetov,1263
raldi,1263
rally_point_bravo,1263
ralphnader,1263
ramady,1263
ramza_claus,1263
randiainaction,1263
randirona,1263
random_acts_of_trolls,1263
randomactsofblowjob,1263
randomactsofburrito,1263
randomactsofbuttstuff,1263
randomactsofkindness,1263
randomactsoftrump,1263
randompredictions,1263
randomsexygifs,1263
randomshit,1263
randomtruefacts,1263
randpaul,1263
rankthevote,1263
ranprieur,1263
rant,1263
rape,1263
rapecounseling,1263
rapehaven,1263
rapekink,1263
rapesignup,1263
raptornewtonfanclub,1263
rare_pepes,1263
rateme,1263
ratemeteen,1263
rational_liberty,1263
rationality,1263
rationalwiki,1263
ratwikiinaction,1263
ravensburg,1263
raw,1263
rayromano,1263
razorbock,1263
rbe,1263
rbn_railroad,1263
rbnbestof,1263
rbnbookclub,1263
rbnfavors,1263
rbnlegaladvice,1263
rbnmovienight,1263
rbnsucks,1263
rbnvictories,1263
rconspiracytranslate,1263
rcsunshine,1263
rdramacucks,1263
reactgirls,1263
reactionaryjerk,1263
reactiongifs,1263
reading1000plateaus,1263
readingdaskapital,1263
readingkropotkin,1263
readingpa,1263
readingquran,1263
readlinguistics,1263
real_anarchism,1263
real_bne,1263
real_exmuslims,1263
realaznidentity,1263
realbne,1263
realeverydaysexism,1263
reality,1263
realitynews,1263
realjournalism,1263
realkurac,1263
reallygreatthoughts,1263
realnyc,1263
realrationalfeminism,1263
realskeptics,1263
realtionship_advice,1263
realtruth,1263
realusa,1263
realvoices,1263
reason,1263
reasonablecomments,1263
reasonablefaith,1263
reasonstolive,1263
rebuttaltime,1263
recht,1263
reconreligions,1263
recover_socialism,1263
recoveringliberals,1263
recruiting,1263
recycling,1263
redacted,1263
redactions,1263
redcascadia,1263
reddinati,1263
reddit7500,1263
reddit_burns,1263
reddit_jpg,1263
reddit_research,1263
redditactivism,1263
redditactsofkindness,1263
redditarmie,1263
redditbeingretarded,1263
redditbomb,1263
redditbullshit,1263
redditcancerwatch,1263
redditcensors,1263
redditcensorship,1263
redditconspiracy,1263
redditcreeps,1263
redditdm,1263
redditdotcom,1263
redditendgame,1263
redditextremism,1263
redditfails,1263
redditfanfiction,1263
redditforgrownups,1263
redditfruit,1263
redditgetstheshits,1263
redditgonedark,1263
redditgotitwrong,1263
reddithipster,1263
redditinaction,1263
redditinsider,1263
redditisfuncirclejerk,1263
redditisgarbage,1263
redditloyalists,1263
redditmade,1263
redditminusmods,1263
redditoncatholicism,1263
redditontrump,1263
redditorknowledgeporn,1263
redditorradio,1263
redditphcyclingclub,1263
redditprison,1263
redditpromises,1263
redditraps,1263
redditrevolutionary,1263
redditsaysstuff,1263
redditsenddays,1263
redditsucks,1263
redditthoughts,1263
redditthroughhistory,1263
reddittrophies,1263
redditwasteofspace,1263
redditwatchindia,1263
reddyawards,1263
redensign,1263
redeurope,1263
redeye,1263
redflag,1263
redhair,1263
redkings,1263
redletterchristians,1263
redorchestra,1263
redpill_couples,1263
redpill_ltrs,1263
redpillatheists,1263
redpillconspiracies,1263
redpilldrops,1263
redpillfilm,1263
redpillglobalism,1263
redpillinaction,1263
redpillislam,1263
redpillortaliban,1263
redpillparenting,1263
redpillreality,1263
redpillwives,1263
redpillwomen,1263
redpreppers,1263
reduction,1263
reform_the_dnc,1263
reformed,1263
reformedbaptist,1263
reformedmusic,1263
reformjews,1263
reformreddit,1263
refractoryperiod,1263
regrettingtrump,1263
reinstatearticle8,1263
rekt,1263
relationship,1263
relationship_advice,1263
relationshipadvice,1263
relationships,1263
relationships_advice,1263
relationships_automod,1263
relevantjohnoliver,1263
religion,1263
religiousanarchism,1263
remindme,1263
remoteplaces,1263
removalseuropean,1263
remove,1263
removedcomments,1263
renaissance,1263
renaissanceart,1263
renaissancehistory,1263
renewableenergy,1263
renfrew,1263
reno,1263
repairgovernment,1263
repetitiveheadline,1263
replygore,1263
replytothe_donald,1263
reportinjustice,1263
reportmoderators,1263
reporttherapist,1263
repost_the_donald,1263
repression,1263
republican,1263
republicans,1263
republicofatheism,1263
republicofcanada,1263
republicofindia,1263
rescueswimmer,1263
residency,1263
residentevil4,1263
resisteveryday,1263
restaurants,1263
restinpizza,1263
restoration_ecology,1263
restorethefourth,1263
restorethefourthsf,1263
retardedcripples,1263
retardeddumbfucks,1263
retardedreddit,1263
retconned,1263
rethinkingeconomics,1263
retiredjpg,1263
retiredmemes,1263
retiredpun,1263
retiredusernames,1263
retiredxkcd,1263
retractions,1263
retributionofcody,1263
reversedpolarity,1263
reverseiama,1263
revisionists,1263
revolution,1263
rewilding,1263
rexxit2016,1263
rhino,1263
rhodeisland,1263
riain,1263
richardspencerpunched,1263
richardwolff,1263
richmondbc,1263
richmondhill,1263
richpeoplehate,1263
richpeoplejokes,1263
ricovig,1263
rideaccidents,1263
ridealberta,1263
rideottawa,1263
rideqld,1263
riemanndefenseforce,1263
rightcommunism,1263
rightsmedia,1263
rightwingersrfunny,1263
rightwinglgbt,1263
rightwingtransgender,1263
ringbuzzers,1263
ringtones,1263
riograndevalley,1263
riotfest,1263
riotporn,1263
ripbestof,1263
ripgop,1263
rippolitics,1263
rippresidentsanders,1263
ripscience,1263
ripshowerthoughts,1263
riptf2,1263
riseoftheguardians,1263
riseupp,1263
rivalcity,1263
roadcam,1263
roadkarma,1263
robandben,1263
robinhoodubi,1263
robotortoise,1263
rocdraftdodgers,1263
rogan,1263
rogers,1263
rogersplace,1263
roguesystem,1263
rojava,1263
rokcfit,1263
rokosrooster,1263
rollercoastercomments,1263
romanpaganism,1263
romerules,1263
ronan4chair,1263
ronpaul,1263
ronpaul_erotic_fanfic,1263
roomguardian,1263
rossfordelegate,1263
rotc,1263
rothbergianism,1263
roundearth,1263
roundearthmyths,1263
roversmorningglory,1263
rowanuniversity,1263
royalfamily,1263
rs2vietnam,1263
rsd,1263
rsocialismmeta,1263
rubytrue,1263
rudrugs,1263
ruinedbyedits,1263
ruinedmoments,1263
rule34celebs,1263
rumplestiltskin,1263
rupayacoin,1263
rur,1263
ruralhell,1263
russellbrand,1263
russia,1263
russiahate,1263
russiandefense,1263
russianstories,1263
russianukrainianwar,1263
russiawarinukraine,1263
russophobesofreddit,1263
russophobia,1263
rwb,1263
rxrecoveryproject,1263
ryanlochtestories,1263
s4t,1263
sa_students,1263
saamipeople,1263
sabraddit,1263
sacevents,1263
sacramentopede,1263
sad,1263
sadcringe,1263
saddestof,1263
sadmods,1263
safersex,1263
safespacesofreddit,1263
saigoncirclejerk,1263
saintcloud,1263
sakartvelo,1263
salted_crime,1263
salty,1263
samclub,1263
sameth1,1263
samfrancisco,1263
samharris,1263
samplesize,1263
samuelenderby,1263
sanctionedsuicide,1263
sanctuarybuilding,1263
sandboxforbots,1263
sandboxtest,1263
sanders2trump,1263
sandersfanfilms,1263
sandersforcirclejerk,1263
sandersforpresident,1263
sandersinstitution,1263
sandersmedia,1263
sandersslams,1263
sandyhookhoax,1263
saneorpsycho,1263
sanescobar,1263
sanfrancisco,1263
sansat,1263
sanskrit,1263
santagate,1263
santorum,1263
sappybullshit,1263
sarawak,1263
sarcasticdiscussion,1263
sargonofakkad,1263
sarky,1263
sasclassic,1263
sat,1263
satangate,1263
satanism,1263
satire,1263
saudiarabia,1263
saudiarabiaisisis,1263
saudiatrocities,1263
saudihate,1263
sausageparty,1263
savebrendan,1263
savedyouaclick,1263
saveforrebuttal,1263
savemysubreddit,1263
saxapahaw,1263
scamming,1263
scannernews,1263
scareporn,1263
schadenfreude,1263
schizophrenic,1263
scholar,1263
school,1263
scicomm,1263
science,1263
sciencecommunication,1263
scienceparents,1263
scienceparty,1263
sciencepolicy,1263
scienceuncensored,1263
scientificparents,1263
scientologists,1263
scientology,1263
scientologycirclejerk,1263
sclibertarians,1263
scotland,1263
scotlandcirclejerk,1263
scottishpolitics,1263
scottishproblems,1263
scottishterriers,1263
scotus,1263
screenplays,1263
screens,1263
screenshots,1263
screwfacebook,1263
scumbagceologic,1263
scumbagmedicine,1263
scwgeolocation,1263
sdbookclub,1263
seasteading,1263
seattle,1263
seattle_wa,1263
seattlebicycledrama,1263
seattleforsanders,1263
seattlehomebrewers,1263
seattlemeshnet,1263
seattlemodtests,1263
seattlemusic,1263
seattleregressives,1263
seattleremovals,1263
seattletransparency,1263
seattlewa,1263
seaturtlerescuefront,1263
secession,1263
secondamendment,1263
secondary_survivors,1263
secondlifefurry,1263
secretnomore,1263
secretprisonforthis,1263
secularbuddhism,1263
secularhumanism,1263
secularism,1263
secularprolife,1263
secularstudents,1263
seculartalk,1263
securityguards,1263
seddit,1263
seduction,1263
selections,1263
self,1263
selfawarewolves,1263
selfharmpics,1263
semebay,1263
seo_nuke,1263
seoprohelp,1263
seoul,1263
seoulfood,1263
sep2015event,1263
serbia,1263
serbia_casual,1263
serbianman,1263
serialkillers,1263
serious_gaming,1263
seriousgaming,1263
sethrich,1263
setianism,1263
sex,1263
sex_geek,1263
sexandthecity,1263
sexoffendersupport,1263
sexology,1263
sexover30,1263
sexpatprotips,1263
sexpertslounge,1263
sexpositive,1263
sexpositivela,1263
sextwister,1263
sexualenhancement,1263
sexworkers,1263
sexygirlsinboots,1263
seyloren2016,1263
sfbarf,1263
sfbayareaforsanders,1263
sfbayjobs,1263
sfbayschools,1263
sfdhs,1263
sffood,1263
sfhs,1263
sfnorthbayanarchists,1263
shadowbanned,1263
shadowwar,1263
shameless,1263
shanghai,1263
shanghaidickbags,1263
shanghaimusic,1263
shaokao,1263
shareblue,1263
shareblue_hr,1263
sharingreligion,1263
sharktank,1263
shavian,1263
shaytards,1263
sheffield,1263
sheforhe,1263
shelfies,1263
shenzhen,1263
sherbrooke,1263
shews,1263
shia,1263
shill,1263
shillcapitalism,1263
shillcusations,1263
shilldefense,1263
shillforhillary,1263
shillocracy,1263
shills,1263
shinto,1263
ships,1263
shipwrecks,1263
shirtredditsays,1263
shit_regressives_say,1263
shitageistssay,1263
shitalarmistssay,1263
shitamericanssay,1263
shitanarchistssay,1263
shitancapssay,1263
shitantiveganssay,1263
shitargentinasays,1263
shitatheistssay,1263
shitauthoritarianssay,1263
shitawkdevsays,1263
shitbadphilosophysays,1263
shitbluepillerssay,1263
shitbreederssay,1263
shitbrexiteerssay,1263
shitcagerssay,1263
shitcivilianssay,1263
shitcomment,1263
shitconservativesays,1263
shitcopssay,1263
shitcorbotssay,1263
shitcornlordssay,1263
shitcosmosays,1263
shitdenierssay,1263
shitdukeofqinsays,1263
shitelephantssay,1263
shiteuropeanssay,1263
shiteuropoorssay,1263
shitfarleftistssay,1263
shitfatpeoplehatesays,1263
shitflemingssay,1263
shitfoxh8ersays,1263
shitfuturistssay,1263
shitgaybrossay,1263
shitggffasays,1263
shitghazisays,1263
shitgifs,1263
shitgoyimsays,1263
shitguncontrollerssay,1263
shithapassays,1263
shithatinterestsme,1263
shithlnposts,1263
shitimperialistssay,1263
shitindiansays,1263
shitindianssay,1263
shitire,1263
shitisms,1263
shitladytrollx,1263
shitleeaboossay,1263
shitleftists_say,1263
shitleftistssay,1263
shitliberalssay,1263
shitlibertariansay,1263
shitlibertarianssay,1263
shitlimeyssay,1263
shitlordpride,1263
shitlords,1263
shitlordsinaction,1263
shitlostcauserssay,1263
shitmodssay,1263
shitmormonssay,1263
shitnarchossay,1263
shitnazbolssay,1263
shitnazissay,1263
shitnofapsays,1263
shitnormiessay,1263
shitnssay,1263
shitnukethepopesays,1263
shitobamasays,1263
shitoldreddersays,1263
shitomnissay,1263
shitottawasays,1263
shitpartisanhackssay,1263
shitpeopleofreddit,1263
shitpoliticssays,1263
shitpoorpeoplesay,1263
shitpostingjerk,1263
shitpostsgalore,1263
shitprogressivessay,1263
shitputinsays,1263
shitrandiamodssay,1263
shitrandianssay,1263
shitrcatholicismsays,1263
shitrconservativesays,1263
shitrconspiracysays,1263
shitredditbotssays,1263
shitredditsaus,1263
shitredditsays,1263
shitredditssay,1263
shitredditwomensay,1263
shitreichaboossay,1263
shitrepublicanssay,1263
shitresssays,1263
shitrislamsays,1263
shitrsrcssays,1263
shitrturkeysays,1263
shitruksays,1263
shitsassay,1263
shitscwsays,1263
shitshitredditsays,1263
shitslavaboossay,1263
shitsocialismsays,1263
shitsocialistssay,1263
shitspam,1263
shitspezsays,1263
shitsrssucksspews,1263
shitstatistsay,1263
shitstatistssay,1263
shitstssays,1263
shittankiessay,1263
shitthe_donaldsays,1263
shittheadminssay,1263
shitthefalsesay,1263
shittheocratssay,1263
shittheviewsays,1263
shittiestrecationgif,1263
shittingonamerica,1263
shittouristssay,1263
shitty_gitm,1263
shitty_rap_lyrics,1263
shittyaskhistory,1263
shittyaskscifi,1263
shittybeerpours,1263
shittychangelog,1263
shittychicagomemes,1263
shittyconservative,1263
shittydebatecommunism,1263
shittyengineering,1263
shittyexistentialism,1263
shittygeography,1263
shittygifrecipes,1263
shittyhegel,1263
shittykickstarters,1263
shittyleftcommunism,1263
shittylinguistics,1263
shittymapporn,1263
shittymemes,1263
shittymodelun,1263
shittynews,1263
shittyokcupid2,1263
shittyreactiongifs,1263
shittyredditadvice,1263
shittyredditmeetup,1263
shittyreplies,1263
shittyseduction,1263
shittyspacexideas,1263
shittyterraforming,1263
shittytheydidthemath,1263
shittytil,1263
shittyvegan,1263
shitukippartysays,1263
shitukpoliticssays,1263
shitultraleftistssay,1263
shitvoatcosays,1263
shitwehraboossay,1263
shitwesternerssay,1263
shitwhalerssay,1263
shityelpsays,1263
shityoutubersdo,1263
shnogs,1263
shockingprogramming,1263
shockwaveporn,1263
shoe0nhead,1263
shoplifting,1263
shoppekeep,1263
shoppingdeals,1263
shoppingforgirls,1263
shoreline,1263
short,1263
short_fingered,1263
shortfiction,1263
shortlogic,1263
shorttwox,1263
shoudvebeenbernie,1263
shouldbecalled,1263
shoulders,1263
shouldvebeenbernie,1263
showerconspiracy,1263
showerprayers,1263
showertoughts,1263
showup,1263
shozokusentiment,1263
shruglyfesyndicate,1263
shutdownmetacanada,1263
shutupandwrite,1263
sickhumor,1263
sidehugs,1263
sigjudaismconversion,1263
sigmametacanada,1263
signalyourvirtue,1263
sikh,1263
sikhthemetest,1263
sims3,1263
simuniverse,1263
sinaiinsurgency,1263
singapore,1263
singaporecirclejerk,1263
singaporefi,1263
singaporefinance,1263
singleparents,1263
singlepayer,1263
singularitarianism,1263
sino,1263
sinology,1263
siractionslacks,1263
sisalta,1263
sithapologetics,1263
situationism,1263
siyaset,1263
sizeinsecurity,1263
sjsucks,1263
sjw_hate,1263
sjwbullies,1263
sjwhate,1263
sjwnews,1263
sjwsatwork,1263
sjwsontheright,1263
sjwssuck,1263
sjwstories,1263
skagitvalley,1263
skapunk,1263
skeptard2,1263
skeptic,1263
skepticism,1263
skimaine,1263
skinnytail,1263
skycentrism,1263
skysteading,1263
slatestarcodex,1263
sleepyhollowtv,1263
sloth_on_meth,1263
slushfund,1263
slutjustice,1263
slutshamer,1263
slygifs,1263
smallbooblove,1263
smallboobproblems,1263
smalldickproblems,1263
smallrevolutions,1263
smartcar,1263
smartfortwo,1263
smashpichujerk,1263
smileysonly,1263
smoko,1263
smugredditdrama,1263
smurfyjenkins,1263
snackexchange,1263
snakeeater14,1263
snallywatch,1263
snapchatcringe,1263
sneerclub,1263
snew,1263
snoonet,1263
snotgulping,1263
snowden,1263
snowdencirclejerk,1263
snowflaked,1263
snowflakesfromhell,1263
so_il_stopsoros,1263
soberoctober,1263
socialanarchism,1263
socialanxiety,1263
socialanxietyfriends,1263
socialcareuk,1263
socialcontrol,1263
socialcorporatism,1263
socialdemocracy,1263
socialism,1263
socialism_101,1263
socialismandfeminism,1263
socialismfacts,1263
socialismonline,1263
socialismvcapitalism,1263
socialismvscapitalism,1263
socialist,1263
socialistart,1263
socialistbeta,1263
socialistbooks,1263
socialistbs,1263
socialistcirclejerk,1263
socialistfreedom,1263
socialistmeme,1263
socialistmovies,1263
socialistmusic,1263
socialistpoetry,1263
socialistprogrammers,1263
socialistra,1263
socialistreaders,1263
socialists,1263
socialistsforsanders,1263
socialistsouth,1263
socialistsvsfeminism,1263
socialjustice,1263
socialjustice101,1263
socialjusticeinaction,1263
socialjusticetales,1263
socialscience,1263
socialskills,1263
socialwork,1263
sociology,1263
sociopath,1263
socjus,1263
sodapopgun,1263
sojustsaysomething,1263
soku,1263
solaractivity,1263
solidarity_party,1263
solve_strawmen,1263
solving_32865,1263
solving_sa712fy,1263
solvovir,1263
somaliandebateteam,1263
someredditstats,1263
somesubreddit,1263
somewhereelse,1263
sonics,1263
sonnyism,1263
sonsofkojima,1263
sonsofliberty17,1263
sorceryofthespectacle,1263
sororities,1263
soros,1263
sorosforprison,1263
sorosinaction,1263
sorospaidforthis,1263
sorrowsofempire,1263
sote,1263
sotsexperimentaltvtm,1263
sotsmeme,1263
soundsaboutright,1263
soundsystem,1263
sourcecheck,1263
southafrica,1263
southafricanmusic,1263
southamerica,1263
southasianart,1263
southasianhistory,1263
southeastasia,1263
southkorea,1263
southkorean,1263
southkoreanpolitics,1263
southpark,1263
southside,1263
souvenirchecks,1263
sovietstuff,1263
soybeans,1263
soylentbuffalo,1263
space_ghetto_net,1263
spacechem,1263
spacecivilian,1263
spacecommunism,1263
spacefraud,1263
spacesteading,1263
spacexshitposts,1263
spacextalk,1263
spamdersforpresident,1263
spamlord,1263
spammeddomains,1263
sparta,1263
spartacolle,1263
specialaccess,1263
specialforces,1263
specialneedschildren,1263
specificgermanwords,1263
speedruncelebrities,1263
spezforprison,1263
spezgate,1263
spezhate,1263
speznaz,1263
sphrs,1263
spinnelein,1263
spiritfilledbelievers,1263
spirituality,1263
spitegold,1263
splash,1263
spoopyskellingtons,1263
sports450,1263
sportspsychology,1263
spreadingyourdna,1263
springfieldmo,1263
spsbullshit,1263
srciscancer,1263
srcorteenagers,1263
srdbeingcirclebroke,1263
srdbroke,1263
srdcirclejerk,1263
srdmodanarchists,1263
srdormsf,1263
srdorsrs,1263
srdreactiongifs,1263
srdsucks,1263
srilanka,1263
srs,1263
srsanarchists,1263
srsar,1263
srsarmory,1263
srsaustralia,1263
srsbusiness,1263
srscanada,1263
srsdiscussion,1263
srsdramaticreadings,1263
srsfeminism,1263
srsfunny,1263
srsgreatesthits,1263
srshappy,1263
srsjews,1263
srsliberty,1263
srsmailbag,1263
srsmen,1263
srsmeta,1263
srsmicroaggressions,1263
srsmythos,1263
srsmythosmythos,1263
srsorwestboro,1263
srsquestions,1263
srsredditdrama,1263
srsreloaded,1263
srsrocks,1263
srsscience,1263
srssex,1263
srsshillwatch,1263
srssocialism,1263
srssocks,1263
srssucks,1263
srssucksbroke,1263
srssucksorstormfront,1263
srstranny,1263
srsturkey,1263
srsvaccineedition,1263
srswomen,1263
ssrss,1263
staged_hate,1263
stalinsquadsezwhat,1263
stalkerwatch,1263
stalking,1263
stallmanwasright,1263
stand,1263
standing_rock,1263
standupdadjokes,1263
standupshots,1263
standupshotshecklers,1263
standwithrand,1263
starcucks,1263
starterpack,1263
starterpacks,1263
startrekgifs,1263
startrekscience,1263
startupaccelerators,1263
starvin_marvins,1263
starwarssocialism,1263
starwarsuprising,1263
stateball,1263
statingcurrentyear,1263
statistwatch,1263
statsgonewild,1263
statuesdying,1263
std,1263
steadystate_economy,1263
stealingtheshow,1263
steamfriend,1263
steel_division,1263
stemmasterrace,1263
stephencolbert,1263
sterilization,1263
steroidsourcetalk,1263
steve,1263
steve_bannon,1263
stevenadams,1263
stevenissocool,1263
stillsandersforpres,1263
stlouisbluesjerk,1263
stnkyfeet,1263
stockmarketcrash,1263
stolengeneration,1263
stolenvalor,1263
stonecampbell,1263
stonetear,1263
stop_soros,1263
stopaccountt1234,1263
stopcyberbullying,1263
stopdataretention,1263
stopfundinghate,1263
stophate,1263
stophatesubreddits,1263
stopredditgold,1263
stopspanking,1263
stopspeciesism,1263
stoptrumpatallcosts,1263
stopttip,1263
storiesfromwwi,1263
storiesfromwwii,1263
stormfrontanimals,1263
stormfrontinaction,1263
stormfrontorsjw,1263
stormtroofers,1263
straightdudesasses,1263
straightedge,1263
strausshowe,1263
strawmanharris,1263
strawmensrights,1263
straya,1263
streetepistemology,1263
streetfights,1263
streetlaid,1263
strengthsfinder,1263
strokewhilecommenting,1263
strong_women,1263
strongertogether,1263
struggleswithquotes,1263
stss,1263
studentaffairs,1263
studentdebtawareness,1263
studentloandefaulters,1263
studentloans,1263
studentsforsanders,1263
studsfortrump,1263
studyabroad,1263
studying,1263
studyroomf,1263
stuff_for_emily,1263
stuffbylrs,1263
stuffformybosstolearn,1263
stuffredditsays,1263
stuffthatmakesmelaugh,1263
stupid_watergate,1263
stupidggcomments,1263
stupidredditors,1263
stupidsourcerequests,1263
styxhexenhammer666,1263
subdit,1263
subgenius,1263
subreddit,1263
subreddit_dramax4,1263
subredditanalysis,1263
subredditbanter,1263
subredditcancer,1263
subredditcansur,1263
subredditcomedy,1263
subredditdrama,1263
subredditdramaanarchy,1263
subredditdramacubed,1263
subredditdramadrama,1263
subredditdramax3,1263
subredditdramax4,1263
subredditdramax5,1263
subredditkindness,1263
subredditpoetry,1263
subredditpurge,1263
subredditrants,1263
subredditreports,1263
subredditsarehashtags,1263
subredditsoup,1263
subredditwaawaa,1263
subricharddawkins,1263
subsubredditdrama,1263
success,1263
suckituppussy,1263
suckmydragonpunch,1263
suckswedespecock,1263
sudbury,1263
sufism,1263
sugarandspice,1263
sugarlifestyleforum,1263
sugarprogram,1263
suicidelaws,1263
suicidewatch,1263
suicidology,1263
sulaymanf,1263
summereddit,1263
summoners,1263
sundayassembly,1263
sunspear,1263
superficialgazette,1263
superluminal,1263
supermega,1263
supermods,1263
supersecretcoffeeshop,1263
superweeniehutjunior,1263
surfersmyelopathy,1263
surveyexchange,1263
surveyjerk,1263
survivesummer,1263
suspectedshills,1263
sustainableaustralia,1263
sustainablenz,1263
swaah,1263
swag,1263
swahili,1263
swazidemocracy,1263
swedenborg,1263
swiftmangacomics,1263
swinburne,1263
swingandamiss,1263
swoleacceptance,1263
swordorsheath,1263
swordscale,1263
sxsl,1263
sydneygaybros,1263
sydneysierota,1263
syracuse,1263
syria,1263
syriancirclejerkwar,1263
syriancivilwar,1263
syriancrisis,1263
syrianrebels,1263
syskarmy,1263
systemofadown,1263
szaszism,1263
taaofficial,1263
taard,1263
tacticalathlete,1263
tacticalreviews,1263
tad,1263
taekwondo,1263
taiwan,1263
taiwancirclejerk,1263
take_back_america,1263
takebackva,1263
takeittorcirclejerk,1263
takemywife,1263
talesbytoxlab,1263
talesfromsecurity,1263
talesfromthebbb,1263
talesfromthecustomer,1263
talesfromthefrontdesk,1263
talesfromthejob,1263
talesfromthekitchen,1263
talesfromthepharmacy,1263
talesfromthetheatre,1263
talesfromyourserver,1263
talesofprivilege,1263
talesoftolerance,1263
talkbernietome,1263
talkprogressivetome,1263
talktherapy,1263
talktoeachother16,1263
tallgirls,1263
tamil,1263
tamils,1263
tamilville,1263
tangentiallyspeaking,1263
tangents,1263
tankie,1263
taoistanarchists,1263
taptitans2,1263
tarandfeathers,1263
tardar,1263
tardigrades,1263
tardtales,1263
targetedindividuals,1263
tasmanguard,1263
tatm,1263
taxchoice,1263
tay_tweets,1263
tbreksit,1263
tbtl,1263
tck,1263
tcnj,1263
td_uncensored,1263
tea_party,1263
teachinginjapan,1263
team_coco,1263
teaparty,1263
tearyshame,1263
technews,1263
technocommunism,1263
technocracy,1263
technoprolapse,1263
techsupportanimals,1263
techwar,1263
tedcruz,1263
tedcruzforpresident,1263
teen_abdl,1263
teengaymers,1263
teengirlswholikegirls,1263
teenguide,1263
teenhangouts,1263
teenmom,1263
teenmomshitposts,1263
teenrelationships,1263
teetotalcrossculture,1263
tefl,1263
tefl_blacklist,1263
tefl_offtopic,1263
teflremoved,1263
teflshit,1263
teh_dahnald,1263
telaigne,1263
telecom,1263
telekinesis,1263
telepathy,1263
tellmewhatiwanttohear,1263
tellphilosophy,1263
telus,1263
tennessee,1263
tennesseelibertarians,1263
tenqi,1263
tenthfloormt,1263
tenyearsagoonreddit,1263
terfisaslur,1263
terriblefacebookmemes,1263
terrorism,1263
terrorist_pkk,1263
tesco,1263
test123blahblah,1263
test3,1263
test571,1263
teste1323323,1263
testmaster,1263
tex,1263
texasfacts,1263
texaslibertarians,1263
textdetectives,1263
tgandsissyrecovery,1263
tgcjcirclejerk,1263
tgsct,1263
tha_silent_minority,1263
thaiforest,1263
thailand,1263
thailandbuscrash,1263
thailandnews,1263
thailandtourism,1263
thallassainaction,1263
thanks_modi,1263
thanksdad,1263
thanksharper,1263
thanksobama,1263
thanksobongo,1263
thankspao,1263
thanktrp,1263
thankyoupatriarchy,1263
thapar,1263
that_happened,1263
thatgap,1263
thatgavemecancer,1263
thathappened,1263
thatneverhappened,1263
thatshitposthappened,1263
thatshitsfunny,1263
thatsillegal,1263
thatwillhappen,1263
thatwilltotallyhappen,1263
the3million,1263
the4chon,1263
the99,1263
the__hillary,1263
the_asylum,1263
the_berndown,1263
the_book,1263
the_deplorables,1263
the_dinald,1263
the_doland,1263
the_donald,1263
the_donald_2,1263
the_donald_2016,1263
the_donald_2020,1263
the_donald_ca,1263
the_donald_circlejerk,1263
the_donald_dissenters,1263
the_donald_lol,1263
the_donald_meta,1263
the_donald_mnyga,1263
the_donald_news,1263
the_donald_premium,1263
the_donald_tv,1263
the_donaldaudiovisual,1263
the_donaldbookclub,1263
the_donaldunleashed,1263
the_duhnald,1263
the_dumbass,1263
the_duped,1263
the_europe,1263
the_farage,1263
the_filtered_donald,1263
the_frauke,1263
the_greatmaking,1263
the_hofer,1263
the_italia,1263
the_jews_did_this,1263
the_kevin,1263
the_mahdi,1263
the_meltdown,1263
the_meltdown_meltdown,1263
the_mike,1263
the_milo,1263
the_nehlen,1263
the_next_system,1263
the_ocho,1263
the_pack,1263
the_redacted,1263
the_reptilians,1263
the_schulz,1263
the_triggering,1263
the_wife,1263
the_wilders,1263
theamazingatheist,1263
theantifeminist,1263
theaquapill,1263
theatheistpig,1263
thebenefitsofalcohol,1263
thebiblereloaded,1263
thebiphobiaproject,1263
theblackblob,1263
theblacksheep,1263
thebluepill,1263
thebonfire,1263
thebreitbartsalon,1263
thebrink,1263
thebucketfountain,1263
theclintoncamp,1263
thecollegiatealliance,1263
thecolorisred,1263
thecompositional,1263
thecyanidepill,1263
thedailymuslimrage,1263
thedangerousfaggot,1263
thedavidpakmanshow,1263
thedentite,1263
thedetaildirectory,1263
thedidthemath,1263
thedistractionengine,1263
thedobson,1263
thedonald,1263
thedonaldbestof,1263
thedonaldesttimeline,1263
thedonaldmemedump,1263
thedoopdoop,1263
theevidence,1263
thefacebookdelusion,1263
thefempill,1263
thefootballmanagers,1263
theforlorn,1263
thefreemarket,1263
thegaslightanthem,1263
thegirlsurvivalguide,1263
thegoldenhorde,1263
thegoodsamaritan,1263
thegreatproject,1263
thegreatwar,1263
thegreekbible,1263
theholysphere,1263
theimperialcult,1263
theincelpill,1263
theirishleft,1263
theisle,1263
theiterativesystem,1263
thelastpsychiatrist,1263
theleaguefx,1263
theleftunited,1263
thelibertyamendments,1263
thelifeandtimesoftim,1263
theliteralpatriarchy,1263
themajorityreport,1263
thematrixshibe,1263
themooseisdead,1263
thenau,1263
theneutralpill,1263
thenewcoldwar,1263
thenewright,1263
thenextpresident,1263
theologia,1263
theology,1263
theomagia,1263
theonion,1263
theoreticalbattles,1263
theoryofpropaganda,1263
theoryofreddit,1263
theosophy,1263
thepedofile,1263
thepinkdrink,1263
thepopcornstand,1263
thepowerpill,1263
theppk,1263
theprogressiveparty,1263
theprojects,1263
thepuritans,1263
thequarantinelist,1263
theratio,1263
theravada,1263
thereadinglist,1263
therealissues,1263
therealjillstein,1263
therealmisandry,1263
therecordcorrected,1263
theredpill,1263
theredpillcirclejerk,1263
theredpillright,1263
theredwoman,1263
thereisassange,1263
therenaissance,1263
therightboycott,1263
therightstuff,1263
therocksalt,1263
therussianbane,1263
thescholarsavenue,1263
thescottwalker,1263
thesecomments,1263
thesexfactor,1263
thesocialrevolution,1263
thesopranos,1263
thesphinxclub,1263
thestavangerstoner,1263
thetranslucentsociety,1263
thetrueright,1263
thetruthaboutgums,1263
theturningpointusa,1263
theukrainians,1263
theuncensorednews,1263
theunderbelly,1263
theunkillnetwork,1263
thevenusproject,1263
theverymask,1263
thewhitecommunity,1263
thewisesloth,1263
thewizardofmenlopark,1263
theworkersunited,1263
theworldisflat,1263
theworldisntflat,1263
theworstgeneration,1263
theyactuallybelieveit,1263
theyakuza,1263
theydidntlisten,1263
theydidtheeasymath,1263
theydidthepenismath,1263
theyshoulddothemath,1263
theyusedacalculator,1263
thick,1263
thingijustdid,1263
thingometer,1263
thingsmatthieufound,1263
thingsredditdoes,1263
thingsthatbackfire,1263
thingswomensay,1263
thinkology,1263
thinktanksinmotion,1263
thinnerbeauty,1263
thinpeoplelove,1263
thisamericanlife,1263
thisbaseballs,1263
thisblewmymind,1263
thiscantbehappening,1263
thiscrazybitch,1263
thisisatroll,1263
thisisnotagame,1263
thisisnotasafespace,1263
thisiswhyimbroke,1263
thismademelaugh,1263
thispostgavemecancer,1263
thiswasdownvoted,1263
thisworldisracist,1263
thoracicoutlet,1263
thoreau,1263
thorium,1263
thosezannyjews,1263
thoughtfullibertarian,1263
thoughtpolice,1263
threadkillers,1263
threadlocked,1263
threekings,1263
throwawaylibrary,1263
thunderbay,1263
thunderf00t,1263
thunkshow,1263
tiabroke,1263
tiadiscussion,1263
tiamythos,1263
tianjin,1263
tiapodcast,1263
tibet,1263
tickledbycomment,1263
ticonderogamasterrace,1263
tidnwtl,1263
tierdarkfag,1263
tigerbelly,1263
tillsverige,1263
tiltedfly,1263
tim,1263
timaru,1263
timcanova,1263
timetolegalize,1263
tinder,1263
tinder_sluts,1263
tinyhandstrump,1263
tinyhomes,1263
tinysmoothie,1263
tinysnakes,1263
tinytrump,1263
tinytrumps,1263
tipoftheday,1263
titality,1263
titleix,1263
titlescore,1263
titrcdrama,1263
tiyp_is_a_nigger,1263
tls,1263
tmbr,1263
tmcc,1263
tmot,1263
tmzphilosophy,1263
tnb,1263
tntech,1263
todayifeelold,1263
todayigrandstanded,1263
todayiwon,1263
todaysheroes,1263
todayspropaganda,1263
tofino,1263
tokyotrials,1263
tolerantleft,1263
tom_perez,1263
tomanddan,1263
tomaps,1263
tomasino,1263
tomilahren,1263
tommysotomayor,1263
tomorrowsblt,1263
tomsawyer,1263
tomutwit,1263
tony_will_stalk_me,1263
tooafraidtoask,1263
tooextrachromosomes,1263
toolbox,1263
toosoon,1263
topcuntsofreddit,1263
topfagsofreddit,1263
topjakubsofreddit,1263
topmindsofnolibswatch,1263
topmindsofreddit,1263
topnotchshitposting,1263
tories,1263
torinaction,1263
toroidalmetaphysics,1263
toronto,1263
toronto2024,1263
torontoanarchy,1263
torontoart,1263
torontocirclejerk,1263
torontocrypto,1263
torontodriving,1263
torontorenting,1263
torontorevolt,1263
torontorevoltrevolt,1263
torontotransit,1263
torontouncucked,1263
torontourbanfishing,1263
torrentialdownpour,1263
tory,1263
toryfuckups,1263
toryscum,1263
totallynotaliens,1263
totallynotbears,1263
totallynotcanadians,1263
totallynotleftists,1263
totallynotracist,1263
totallynotvegetables,1263
totheground,1263
touche,1263
touchfluffytail,1263
tovelo,1263
tower7,1263
townsville,1263
towriteloveonherarms,1263
toxicmoldexposure,1263
tppdecoder,1263
tpwptitwss,1263
tqmkhagandciinc,1263
traaaaaaannnnnnnnnns,1263
trackingtrump,1263
tradeissues,1263
traderjoes,1263
tradicalchristianity,1263
traditionalcatholics,1263
traditionalflash,1263
tradpol,1263
train_service,1263
trams,1263
trannysarementallyill,1263
trans,1263
trans4life,1263
transbestof,1263
transcendentalism,1263
transchristianity,1263
transdiy,1263
transeparate,1263
transfascism,1263
transfashionadvice,1263
transflagplace,1263
transgender,1263
transgenderau,1263
transgendercirclejerk,1263
transgenderkids,1263
transgenderteens,1263
transhealth,1263
transhuman,1263
transhumanism,1263
translatechinese,1263
translatednews,1263
translator,1263
transnistria,1263
transpassing,1263
transphobiaproject,1263
transpositive,1263
transresistance,1263
transspace,1263
transtimelines,1263
transtrade,1263
transtwincities,1263
transvancouver,1263
transvoice,1263
transytalk,1263
trashfoodnation,1263
trashy,1263
trashyboners,1263
travelchina,1263
travelsinindia,1263
trayboon,1263
trdump,1263
treason,1263
tree,1263
treegaladvice,1263
treelationships,1263
treessuckingatthings,1263
trendingreddits,1263
trennungsfragen,1263
triethochanlam,1263
triggeredsnowflakes,1263
trika,1263
trippinthroughtime,1263
tristateleftism,1263
trivandrum,1263
trollacademy,1263
trolladvice,1263
trollcooking,1263
trolling,1263
trollingforababy,1263
trollingrequests,1263
trollmedia,1263
trollorretard,1263
trollparents,1263
trollsexposed,1263
trollsofde,1263
trollxchromosomes,1263
trollxcommunism,1263
trollxfitness,1263
trollxmovienight,1263
trollychromosome,1263
tropa,1263
tropical,1263
trotskyism,1263
troubledteens,1263
trpgame,1263
trpofftopic,1263
trucking,1263
true_kekistan,1263
true_uncensorship,1263
trueaskreddit,1263
trueatheism,1263
trueaustralia,1263
truebasicincome,1263
trueberniesupporters,1263
trueblackculture,1263
trueblackfathers,1263
truecapitalistradio,1263
truecels,1263
truecelspoetry,1263
truechildfree,1263
truechristian,1263
trueconspiracy,1263
truedetective,1263
truefemalesupremacy,1263
truegendercritical,1263
truehailcorporate,1263
truehinduism,1263
truelesbians,1263
truememer,1263
truenottheonion,1263
trueobjectivism,1263
trueoffmychest,1263
trueoppression,1263
trueotherkin,1263
truephilosophy,1263
trueprogressive,1263
trueprolife,1263
trueqigong,1263
truereddit,1263
trueredditdrama,1263
trueredditenemies,1263
truesamharris,1263
truesexypizza,1263
trueshitredditssays,1263
trueskeptics,1263
truesocialism,1263
truesots,1263
truesrdbrokerebooted,1263
truetruereddit,1263
truewomenscirclejerk,1263
truewomensliberation,1263
trulyreformed,1263
trump,1263
trump4hillary,1263
trump_fashions,1263
trump_god,1263
trump_legal,1263
trump_maga,1263
trump_the_implosion,1263
trump_train,1263
trump_watch,1263
trumpandrussia,1263
trumpbabes,1263
trumpcalifornia,1263
trumpconnecticut,1263
trumpdrama,1263
trumpera,1263
trumpforpresident,1263
trumpforprison,1263
trumpgret,1263
trumpgrets,1263
trumpinauguration,1263
trumpintransition,1263
trumpinvestigation,1263
trumpism,1263
trumpistan,1263
trumplivesmatter,1263
trumplogic,1263
trumpmichigan,1263
trumpnewjersey,1263
trumppa,1263
trumppennsylvania,1263
trumppersonals,1263
trumppolicy,1263
trumpregret,1263
trumpspam,1263
trumpspamvsthedonald,1263
trumpspiracy,1263
trumptreason,1263
trumputah,1263
trumpversuschrist,1263
trumpvstrump,1263
trumpwisconsin,1263
truthleaks,1263
tsundereefs,1263
tsundererocks,1263
tsundereworldleaders,1263
tuake,1263
tuck_frump,1263
tucker_carlson,1263
tulsi,1263
tumblr,1263
tumblrcirclejerk,1263
tumblrinaction,1263
tumblrpls,1263
tumblrracism,1263
tunisia,1263
turcophobia,1263
turd,1263
turkey,1263
turkeysubredditwatch,1263
turkichistory,1263
turkishcirclejerk,1263
turn,1263
turnergabbard2020,1263
tuscaloosaforsanders,1263
tuvixinstitute,1263
tvlittlehouse,1263
tvtropes,1263
twentyyearcycle,1263
twincitiestgif,1263
twioat,1263
twokinds,1263
twomanychromosomes,1263
twominutehate,1263
twoxchromosomes,1263
twoxcirclejerk,1263
twoxindia,1263
twoxjapan,1263
twoxlesbians,1263
twoxmilitary,1263
twoxsex,1263
twu,1263
tyleroakley,1263
typelondon,1263
tyt,1263
tytnetwork,1263
tytonreddit,1263
tytpolitics,1263
tzm,1263
ua_antireligion,1263
ub3rm3nsch,1263
ubco,1263
uber,1263
uberatlanta,1263
uberdriver,1263
uco,1263
udneratle,1263
ufcunfiltered,1263
uganda,1263
ugh,1263
uglygirlsuglyfaces,1263
uiuc,1263
uiuc_ece,1263
uiuc_uncensored,1263
uk2,1263
uk_news,1263
uk_smetips,1263
ukbenefits,1263
ukbiscuits,1263
ukchildfree,1263
ukcirclejerk,1263
ukgaybros,1263
ukinvesting,1263
ukip,1263
ukipparty,1263
uklaw,1263
ukmod,1263
ukpersonalfinance,1263
ukpolitics,1263
ukpoliticsama,1263
ukpoliticscirclejerk,1263
ukpoliticsx,1263
ukproperty,1263
ukraina,1263
ukraine,1263
ukrainetoday,1263
ukrainiancirclejerk,1263
ukrainianconflict,1263
ukrainianconflict2,1263
ukrcult,1263
ukrnet,1263
uktech,1263
ukvisa,1263
ulcerativecolitis,1263
ule88,1263
ultimatenewwaveparty,1263
ultracrepidarian,1263
ultraculture,1263
ultraleft,1263
umaine,1263
umiami,1263
unagenda21,1263
unasur,1263
unbanalmasdarnews,1263
unbelief,1263
unbias,1263
unbiasedworldnews,1263
uncen,1263
uncensored_reddit,1263
uncensoredconspiracy,1263
uncensorednews,1263
uncensorednewsexposed,1263
uncensoredwikileaks,1263
uncensorship,1263
uncg,1263
unclesamuel,1263
uncomfortableqs,1263
uncovered,1263
undelete,1263
undeletepredictions,1263
undeleteshadow,1263
undeleteundelete,1263
underfeet,1263
underreportednews,1263
undertalecirclejerk,1263
underthedome,1263
undoingrobertwilliams,1263
unexpectedadolf,1263
unexpectedaww,1263
unexpectedciv,1263
unexpectedds9,1263
unexpectededmonton,1263
unexpectedfrugal,1263
unexpectedhaiku,1263
unexpectedhogwarts,1263
unexpectedjihad,1263
unexpectedkant,1263
unexpectedpregnancy,1263
unexpectedpsa,1263
unexpectedrubio,1263
unexpectedspringfield,1263
unexplaineddownvotes,1263
unfilter,1263
unfortuneauly,1263
unimelb,1263
unintentionalpuns,1263
union,1263
unionisminulster,1263
unite,1263
united_airlines,1263
unitedkingdom,1263
unitedkingdom_nobans,1263
unitedkingdomx,1263
unitedresistance911,1263
unitedstates,1263
unitedwestand,1263
unitehumanity,1263
unitsd8u,1263
uniuk,1263
universityofreddit,1263
universityofulster,1263
universityofvermont,1263
universityofyork,1263
unjustanarchism,1263
unlicense,1263
unlockpost,1263
unnaturalobsessions,1263
unnecessaryno,1263
unpopularopinion,1263
unpresidented,1263
unr,1263
unremovable,1263
unschool,1263
unseatdws,1263
unsubfuel,1263
unsubscribed,1263
unu,1263
uofo,1263
uol,1263
updated,1263
uplifting_news,1263
upliftingkhabre,1263
upliftingmessages,1263
upliftingnews,1263
upliftingnewsindia,1263
upliftingsocialism,1263
upsc,1263
upvotebrigade,1263
upvotedbecauseautism,1263
upvotedbecausegay,1263
upvoteheaven,1263
upvotetheusa,1263
upvtdcuzrobinwilliams,1263
uqreddit,1263
urbad,1263
urbandictionary,1263
urbangop,1263
urbanhell,1263
urbanism,1263
urbanplanning,1263
urbanstudies,1263
urdu,1263
uruguay,1263
us_strasserism,1263
usa,1263
usaexposed,1263
usaf,1263
usafa,1263
usanews,1263
usashouldknow,1263
uscg,1263
uscis,1263
uscitizenabroad,1263
uscivilwar,1263
usebola,1263
usernamechecksout,1263
usernamestories,1263
usersimulator,1263
usmc,1263
usnoisrael,1263
uspirateparty,1263
uspoliticalpolls,1263
uspolitics,1263
usunited,1263
usyd,1263
utah4sanders,1263
utahforsanders,1263
utahpolitics,1263
uttambharat,1263
uttarakhand,1263
uturn,1263
uureddit,1263
uwyo,1263
v2blast,1263
vaccinemyths,1263
vaccines,1263
vacsucks,1263
vajrayana,1263
valedictorianballer,1263
valleyforbernie,1263
valorofdesmoines,1263
valuableconversation,1263
vancouver,1263
vancouverdashcam,1263
vancouverphotos,1263
vancouverwa,1263
vanier,1263
varanasi,1263
varicocele,1263
veg,1263
vegan,1263
vegan_de,1263
veganarchism,1263
veganaww,1263
veganbeauty,1263
veganbestof,1263
veganfashion,1263
veganfeminist,1263
veganfood,1263
veganic,1263
veganincanada,1263
veganism,1263
veganjews,1263
veganpanama,1263
veganparenting,1263
veganpogrom,1263
veganpolicedepartment,1263
veganschools,1263
veganscience,1263
vegantechs,1263
veganuk,1263
veganvideos,1263
vegents,1263
vegetablerights,1263
vegetarian,1263
vegetarianism,1263
vegkc,1263
velcrobabies,1263
vencirclejerk,1263
venezolanos,1263
venezuela,1263
vent,1263
venturebiotech,1263
verbalabuse,1263
vergewatchdogs,1263
vermillionmanmarch,1263
verse,1263
versebot,1263
verveofvice,1263
veryfakenews,1263
vessels,1263
veterans,1263
veteransaffairs,1263
vets4vets,1263
vetsforbernie,1263
victorianliving,1263
victoriasg,1263
viddme,1263
videos_discussion,1263
vidyavivian,1263
vietnam,1263
vietnamwarpics,1263
vignettes,1263
viking,1263
vindinium,1263
vintagemenus,1263
violentleft,1263
virgin,1263
virgingalactic,1263
virginislands,1263
virginityexchange,1263
virginsuncensored,1263
virology,1263
visalia,1263
visas,1263
visitcanada,1263
visitmontreal,1263
vladimirnabokov,1263
vn_irl,1263
voat,1263
voaters,1263
voatinaction,1263
vodou,1263
volcel,1263
vollzeit,1263
voluntarism,1263
voluntaryohio,1263
vonnegut,1263
votecoin,1263
voterfraud,1263
votethirdparty,1263
voting,1263
votingreform,1263
vrbohosts,1263
vulpyne,1263
vzla,1263
wabeer,1263
waggansw,1263
waifuism,1263
waifuismth,1263
waiters,1263
waiting,1263
walibertarians,1263
walker,1263
walking,1263
wall2,1263
wallets,1263
wallscrawl,1263
wallsfortrump,1263
wallstreet,1263
wanderlust,1263
wankers,1263
war,1263
warbetweenthestates,1263
warcollege,1263
wardrobepurge,1263
wargame,1263
wargamebootcamp,1263
wargasm,1263
warmfuzzyglow,1263
warondrugs,1263
waronwomen,1263
warrantcanary,1263
washingtonforsanders,1263
wastedyouth,1263
watchingcongress,1263
watchingdivineprince2,1263
watchpeoplealmostdie,1263
watchpeoplebeokay,1263
watchpeopledie,1263
watchpkkdeaths,1263
watchredditdie,1263
watchthemods,1263
watchwars,1263
watchwatchthemods,1263
watchwatchthemodshate,1263
watchworldnews,1263
watchyoutubedie,1263
water4kids,1263
waterfountains,1263
waterquality,1263
waygook,1263
wayofthebern,1263
weakdogs,1263
weakendwarrior,1263
wealth_realism,1263
weaponsystems,1263
wearytunes,1263
wearytunesinaction,1263
webby,1263
webofslime,1263
weeabootales,1263
weedbot,1263
weedthoughts,1263
ween,1263
weev,1263
wehiird,1263
wehraboosinaction,1263
wehrmacht,1263
weightwatchers,1263
weirdsubreddits,1263
weisssturm,1263
welovecojoco,1263
wemaketheterror,1263
wemetonline,1263
werthaminaction,1263
westborobaptistchurch,1263
westcoastnz,1263
westernsahara,1263
westernterrorism,1263
westminsterpa,1263
wethe99,1263
wgtow,1263
whaleabootales,1263
whalewatching,1263
whasian,1263
what_is_reddit,1263
whataboutamerica,1263
whataboutsrs,1263
whataboutthedonald,1263
whatdidtrumpdonow,1263
whatever2,1263
whateverhappenedwith,1263
whathappen,1263
whatisanarchism,1263
whatisdistance,1263
whatnamesworkhere,1263
whatsinapodcast,1263
whatsmyideology,1263
whatsthatsmellottawa,1263
whatswhat,1263
whatwefindinteresting,1263
whatwouldhappenif,1263
wheatens,1263
wherearethefeminists,1263
wheredidthetumorgo,1263
whereisassange,1263
whereisbenswann,1263
whereisjulian,1263
whereshouldimove,1263
wherewillpinwalego,1263
whistleblow,1263
whistleblowers,1263
whitbyontario,1263
white_pride,1263
whitebeauty,1263
whitecastle,1263
whiteguilt,1263
whiteidentity,1263
whiteknighting,1263
whitemasculinity,1263
whitenationalism,1263
whitepeople,1263
whitepeoplefacebook,1263
whitepeoplereddit,1263
whitepeopletwitter,1263
whiterights,1263
whitneymcdogfucker,1263
whoaretherothschilds,1263
whoaverse,1263
wholefoodsplantbased,1263
wholesome4chan,1263
wholesomebpt,1263
wholesomefloridaman,1263
wholesomegreentext,1263
wholesometrolling,1263
whowillbuildtheroads,1263
whyiambanned,1263
whyimsingle,1263
whytrumpwon,1263
whywasmypostdeleted,1263
wi_for_jillstein,1263
wicca,1263
wicro,1263
wigan,1263
wigsandglasses,1263
wikidecentralized,1263
wikiinaction,1263
wikileaks,1263
wikileaks_org,1263
wikileaksalt,1263
wikileaksorg,1263
wikileaksspeculation,1263
wikileakstaskforce,1263
wikipedia,1263
wikipediainaction,1263
wildism,1263
wildlife,1263
wildlifeecology,1263
wildnews,1263
william,1263
win,1263
wince,1263
windowshelp,1263
wintercharm,1263
wiregrasslive,1263
withrice,1263
wizardglass,1263
wlresearchcommunity,1263
wmaf,1263
wmafstories,1263
wolf359,1263
wolfpachq,1263
women,1263
women4bernie,1263
womenaregross,1263
womencommitcrimes,1263
womenfortrump,1263
womenhate,1263
womeninphilosophy,1263
womenpositive,1263
womens_rights,1263
womenshealth,1263
womensuckateverything,1263
womentravel,1263
wonderfulmusic,1263
woodstockontario,1263
woooosh,1263
woowoo,1263
woozleeffectinaction,1263
wordmagic,1263
wordplay,1263
words,1263
work,1263
workfromhomeuk,1263
workingmoms,1263
workplacehealth,1263
worldanarchism,1263
worldcrisis,1263
worlddisinformation,1263
worldevents,1263
worldleft,1263
worldmews,1263
worldnews,1263
worldnews_uk,1263
worldnewsunbiased,1263
worldnewswatch,1263
worldpoliticalhumour,1263
worldpolitics,1263
worldpowerball,1263
worldtoday,1263
worldwar,1263
worldwar2,1263
worshipleaders,1263
worst_of_mgtow,1263
worstgeneration,1263
worstof,1263
worstofla,1263
worstoflegaladvice,1263
worstofmoderation,1263
worstofsrs,1263
worthwhilecontent,1263
worthyread,1263
wouldtotallyfuck,1263
wouldyourather,1263
wowihatetrumpnow,1263
wptypoe,1263
wrecklesseating,1263
writing,1263
writingfertilizer,1263
wronggeneration,1263
wronginthehead,1263
wrongsub,1263
wrongwithegovernment,1263
wtf_florida,1263
wtf_for_real,1263
wtf_parent,1263
wtfdidijustread,1263
wtfnews,1263
wuduthoughts,1263
wvguns,1263
wwiitanks,1263
wyguns,1263
wyoming,1263
wyomingforsanders,1263
xenia,1263
xmen_rp,1263
xntp,1263
yamakuhighschool,1263
yandere_simulator_,1263
yanderesimulator,1263
yaynay,1263
yeahthatwillhappen,1263
yellowpagesottawa,1263
yellowperil,1263
yelpdrama,1263
yelpgonedark,1263
yemen,1263
yemenicrisis,1263
yerevan,1263
yescalifornia,1263
yesiamagrownup,1263
yesyesyesdamn,1263
yiannopoulos,1263
yikyak,1263
yishan,1263
ymrealdeal,1263
ynab,1263
york,1263
yorkshirefirst,1263
youbigot,1263
youcantstumpthetrump,1263
yougottold,1263
youmightbealiberal,1263
youngfriends,1263
youngrepublicans,1263
youngsocialistunited,1263
yourbrainliestoyou,1263
youreonalist,1263
yourestupidquitit,1263
yourmomsbox,1263
yourmomshouse,1263
yourmomshousepodcast,1263
yourtaxdollarsatwork,1263
yourtown,1263
youscrewedme,1263
youshouldknow,1263
youthrights,1263
youtubesyllables,1263
yrkregion,1263
ysktech,1263
yugogurl,1263
yunghapalife,1263
yurop,1263
zach,1263
zagaming,1263
zahraelise,1263
zandbakjacques,1263
zede,1263
zenhabits,1263
zephyrteachout,1263
zhengzhou_china,1263
zika_virus,1263
zimbabwe,1263
zingers,1263
zionism,1263
zionismexposed,1263
zionismwatch,1263
zionist,1263
zionistssay,1263
zizek,1263
znews,1263
zog,1263
zoltanforpresident,1263
zombiesurvivaltactics,1263
zomboi,1263
zoo,1263
zoophilia,1263
zoroastrianism,1263
zuliaman,1263
zxthed,1263
fmillion,1264
shittyproducts,1265
r4rportland,1266
tipmywork,1267
kilgoretrout,1268
trollgaming,1269
prowebdev,1270
legislations,1271
primedice,1272
randomacts_of_bitcoin,1272
justice,1273
redditapollo,1274
shygymnastsdoingporn,1275
thefamilybusiness,1276
precariousllama,1277
shirtgate,1278
shirtghazi,1278
cumtrays,1279
snapchatboobs,1279
indiandefense,1280
ballarat,1281
cameltoe,1282
therearcameltoe,1282
xmpp,1283
mtgbg,1284
aranwaith,1285
justzenoththings,1286
igiveup,1287
classicoanda,1288
opfu,1289
gotrpama,1290
hailkingdamon,1290
banx,1291
webroot,1292
wfhsnerdcave,1293
msoliverahistoryclass,1294
uaunited,1295
mikucolle,1296
kmp,1297
intentional,1298
autodesk,1299
autodeskinventor,1299
drumcorpspercussion,1300
aiken,1301
alabamaforsanders,1301
alabamapolitics,1301
alabamatrees,1301
alot,1301
augusta,1301
azhar_irl,1301
baldwincountyal,1301
bdtr,1301
bhampokemongo,1301
birmingham,1301
brucespringsteen,1301
buffalogrove,1301
casualpokemongo,1301
chicagosuburbs,1301
concerttickets,1301
conestoga,1301
crimeinchicago,1301
derbybouts,1301
dowels,1301
dragonitehasranaway,1301
drinking_games,1301
easterncanadasr,1301
easterneuropesr,1301
elgin,1301
elginillinois,1301
findingditto,1301
fivepointsfour,1301
focopogo,1301
fui,1301
giantpokemon,1301
godenmark,1301
goiv,1301
gomaha,1301
goplus,1301
goshowerthoughts,1301
gottafindemall,1301
granddad,1301
grpokemongo,1301
gsu,1301
hamptonroadspogo,1301
huntsvillealabama,1301
indypogo,1301
ingress,1301
ingresslols,1301
ingressmaxfield,1301
ingressmoronicmonday,1301
ingressresistance,1301
instinct,1301
instinctcalifornia,1301
instincthawaii,1301
instinctlondon,1301
instinctpa,1301
islamiscancer,1301
janekim,1301
karmacringe,1301
kzoopokemongo,1301
lexingtongo,1301
lowsodiumpokemongo,1301
madisonwipokemongo,1301
mba,1301
mobileal,1301
mocopogo,1301
montgomery,1301
mountainbrook,1301
mysticmke,1301
mysticofdesmoines,1301
nanaimo,1301
nawhiskeysociety,1301
nearwestsuburbs,1301
newarkdepoketrainers,1301
newlenox,1301
nolago,1301
nwago,1301
nxlgaming,1301
occalipokemongo,1301
pacificcoastsr,1301
perthpokemongo,1301
phonebatterylevelbot,1301
phxcc,1301
pkgoatlanta,1301
pogocle,1301
pogogloucesteruk,1301
pogohsv,1301
pogoic,1301
pogoredau,1301
pogorednl,1301
pogothirdparty,1301
pogouwp,1301
pogovegas,1301
pogowaco,1301
pokeadvisor,1301
pokego2,1301
pokegoakron,1301
pokegochattanooga,1301
pokegodublin,1301
pokegojax,1301
pokegomelb,1301
pokegosa,1301
pokegosalem,1301
pokegosnap,1301
pokegoteams,1301
pokemon_go_news,1301
pokemongo,1301
pokemongo_hongkong,1301
pokemongo_minnesota,1301
pokemongo_my,1301
pokemongo_orlando,1301
pokemongo_positivity,1301
pokemongo_singapore,1301
pokemongo_tampa,1301
pokemongoadelaide,1301
pokemongoalabama,1301
pokemongoanywhere,1301
pokemongoapp,1301
pokemongoarg,1301
pokemongoarizona,1301
pokemongoaustralia,1301
pokemongoaustria,1301
pokemongoberlin,1301
pokemongobflo,1301
pokemongoblue,1301
pokemongoboston,1301
pokemongobotting,1301
pokemongoboulder,1301
pokemongobrisbane,1301
pokemongoca,1301
pokemongocalgary,1301
pokemongocalifornia,1301
pokemongocanada,1301
pokemongocharleston,1301
pokemongocharlotte,1301
pokemongochi,1301
pokemongocirclejerk,1301
pokemongoconnecticut,1301
pokemongocos,1301
pokemongocringe,1301
pokemongoct,1301
pokemongodayton,1301
pokemongodbu,1301
pokemongode,1301
pokemongodelco,1301
pokemongodev,1301
pokemongodevsupport,1301
pokemongoelpaso,1301
pokemongofuckyourself,1301
pokemongoger,1301
pokemongogermany,1301
pokemongogta,1301
pokemongoguelph,1301
pokemongogville,1301
pokemongohalifax,1301
pokemongoharmony,1301
pokemongohawaii,1301
pokemongohd,1301
pokemongohongkong,1301
pokemongohouston,1301
pokemongoil,1301
pokemongoindia,1301
pokemongoivs,1301
pokemongok,1301
pokemongokc,1301
pokemongokelowna,1301
pokemongokent,1301
pokemongokirksville,1301
pokemongokw,1301
pokemongola,1301
pokemongolondon,1301
pokemongolondonca,1301
pokemongolongbeach,1301
pokemongometrodetroit,1301
pokemongomi,1301
pokemongomidlands,1301
pokemongomilpitas,1301
pokemongomilwaukee,1301
pokemongomontreal,1301
pokemongomorrisco,1301
pokemongomoscow,1301
pokemongomunich,1301
pokemongomystic,1301
pokemongonewjersey,1301
pokemongonl,1301
pokemongonottingham,1301
pokemongonyc,1301
pokemongonz,1301
pokemongoorebro,1301
pokemongoottawa,1301
pokemongopakistan,1301
pokemongopasadena,1301
pokemongophilippines,1301
pokemongophilly,1301
pokemongophoenix,1301
pokemongopittsburgh,1301
pokemongopodcast,1301
pokemongoportugal,1301
pokemongopositive,1301
pokemongopt,1301
pokemongored,1301
pokemongoredmn,1301
pokemongoroanoke,1301
pokemongorocket,1301
pokemongosa,1301
pokemongosacramento,1301
pokemongosanjose,1301
pokemongoscience,1301
pokemongoseattle,1301
pokemongosf,1301
pokemongosfbayarea,1301
pokemongosfv,1301
pokemongosolutions,1301
pokemongospain,1301
pokemongospoofing,1301
pokemongostories,1301
pokemongostrat,1301
pokemongosuomi,1301
pokemongosw,1301
pokemongosweden,1301
pokemongosyd,1301
pokemongotexas,1301
pokemongotoronto,1301
pokemongotuga,1301
pokemongotulsa,1301
pokemongouk,1301
pokemongoumea,1301
pokemongouppsala,1301
pokemongovalor,1301
pokemongovancouver,1301
pokemongowales,1301
pokemongowindsor,1301
pokemongowoodstock,1301
pokemongoyeg,1301
pokemongoyellow,1301
pokemonnogo,1301
pokenomics,1301
pokescanner,1301
pokesensor,1301
pokevision,1301
pucl,1301
redfort,1301
richardsdankmemes,1301
ruralpokemongo,1301
sarnia,1301
sarniatrainers,1301
shittypokestops,1301
silphroadal,1301
silphroadasia,1301
silphroadaustralasia,1301
silphroaddc,1301
silphroadindiana,1301
silphroadmidwest,1301
silphroadnc,1301
silphroadnortheast,1301
silphroadohio,1301
silphroadok,1301
silphroadsouth,1301
silphroadsouthamerica,1301
silphroadtn,1301
silphroadukandireland,1301
southeastasiasr,1301
sphl,1301
springsteen,1301
statsporn,1301
stpetepokego,1301
sudburygo,1301
sufuteaminstinct,1301
tallahasseepokemongo,1301
tapmykatamari,1301
team_rocketgo,1301
teaminstinctphilly,1301
teammysticphilly,1301
teampokemongo,1301
teamrocket_go,1301
teamvalorhoma,1301
teamvalornova,1301
thesilphroad,1301
tickets,1301
tomorrowworld,1301
uab,1301
uah,1301
unexpectedsnicket,1301
unfortunateplacement,1301
unusualcppokemons,1301
usc,1301
valorlosangeles,1301
valorofboston,1301
vestavia,1301
viu,1301
westerncanadasr,1301
westerneuropesr,1301
wgthap,1301
winnipegpokemongo,1301
wisconsingo,1301
chicagococ,1302
timaseatoptiwf,1303
microcenterproxy,1304
wifinames,1305
nordstrom1901,1306
sodamaking,1307
celeboops,1308
leggingstease,1308
motivatedslackers,1309
mylittlehouseoffun,1310
the_dvls_advocate,1310
thinwaistbigtits,1311
wallpapertiles,1312
fruggalo,1313
victoriangreens,1314
weeklyvinylreleases,1315
subredditdramax6,1316
subredditdramax7,1316
kuerotica,1317
hardevents,1318
hermosillo,1319
sonora,1319
expbases,1320
supersecretbases,1320
1fcnuernberg,1321
5050cena,1321
80selectro,1321
85h750plus,1321
911calls,1321
acappella,1321
accesscenter,1321
achromatopsia,1321
adopted,1321
adoption,1321
adoptionuk,1321
adps,1321
adulttantrums,1321
agingpsychometrists,1321
airswimming,1321
alandislands,1321
albums,1321
allblacks,1321
allthingswaytools,1321
amagami,1321
ambien,1321
angryirishreddit,1321
animal,1321
animalliberationfront,1321
animalsounds,1321
ankdammen,1321
answeredbykarma,1321
antfarmkeyboard,1321
antivegan,1321
april2017bumpers,1321
arab,1321
arrogantshitdick,1321
asiandrama,1321
askacountry,1321
asklinguistics,1321
askwitchdoctor,1321
assyria,1321
assyrian,1321
asterios,1321
atoptics,1321
attachmentparenting,1321
atticus138,1321
audiobookclub,1321
austiz,1321
australianrugby,1321
axl456,1321
babybeastgifs,1321
babybigcatgifs,1321
babybump,1321
babybumps,1321
babyexchange,1321
babyledweaning,1321
babyrhinogifs,1321
babywearing,1321
bacon,1321
baconcraftia,1321
baddeal,1321
badmem,1321
badmensanatomy,1321
badmusicvideos,1321
bandofbrothers,1321
bargainsinireland,1321
base_jumping,1321
battalionwarsmod,1321
bbvalhalla,1321
beaudenism,1321
beavisgames,1321
beeminder,1321
bestof2015,1321
bestof2016,1321
bestofcraigslist,1321
beyondbaby,1321
beyondthebump,1321
bihacking_wannabe,1321
birthparents,1321
birthstories,1321
bitcoincollegefund,1321
blabseal,1321
bloodshedsmp,1321
blop,1321
bonajmemeoj,1321
boobsandbottles,1321
boombeach,1321
boombeachrecruit,1321
brandeis,1321
brazilistheworst,1321
brdapublic,1321
breastfeeding,1321
brilliantbadideas,1321
brisbanebroncos,1321
brooklynninenine,1321
cadia,1321
canbutshouldnt,1321
cannotstoplaughing,1321
capebreton,1321
caughtoncctv,1321
cautiousbb,1321
cebu,1321
celeb_collages,1321
celticunion,1321
cfando,1321
chaldean,1321
chrisraygun,1321
church_of_farts,1321
clare,1321
claustrophobia,1321
clothdiaps,1321
clothdiapsbst,1321
clutch,1321
cod2015,1321
codeblogs,1321
colapost,1321
collegebros,1321
collegecooking,1321
comanchemj,1321
comets,1321
commentlostandfound,1321
commercialcuts,1321
compoundmedia,1321
concepttechnology,1321
conspiracytheories,1321
continuedstory,1321
continuityrireland,1321
cookmesomething,1321
coolacoustics,1321
coolphysics,1321
cork,1321
corrie_mckeague,1321
country,1321
crainn,1321
crazyexgirlfriend,1321
creativeshortfilm,1321
crime,1321
crimeonasians,1321
crimescene,1321
cringevids,1321
csectioncentral,1321
cssnews,1321
ctfxc,1321
cuck,1321
curiousvideos,1321
curledfeetsies,1321
customerservicekarma,1321
cyberpunk_music,1321
cynicphilosophy,1321
dabbalism,1321
daddit,1321
dadfit,1321
dadmode,1321
damesandlettuce,1321
dateline48hours,1321
daverubin,1321
deadniggastorage,1321
deadpools,1321
debates,1321
decemberbumps2016,1321
delete_the_donald,1321
deliciouscompliance,1321
dem_archives,1321
desicringe,1321
desigifs,1321
destruct,1321
diamondclub,1321
diplomacy,1321
disobey,1321
dit,1321
dnation,1321
dogberg,1321
doggydna,1321
donegal,1321
dontforget,1321
droidippy,1321
dudesindiapers,1321
duesseldorf,1321
duolingo,1321
dutchresources,1321
duunia,1321
dyslexia,1321
earons,1321
eating_disorders,1321
editedtopcomments,1321
editmyraw,1321
elchapo,1321
elsahosk,1321
enhance,1321
eragon,1321
esperante,1321
esperanto,1321
ethipianfood,1321
everydayanarchist,1321
exasperations,1321
exeter,1321
fairepublicofireland,1321
falsehood,1321
fantasyblabseal,1321
fantasycannibalism,1321
farcry4,1321
fashionsouls,1321
fastfoodreview,1321
fastmealprep,1321
fataldiarrhea,1321
fathersday,1321
fazednotphased,1321
fcjdads,1321
february2017bumpers,1321
fedexcellent,1321
fencesitter,1321
ff1,1321
fidgetcube,1321
fieldhockey,1321
findingfennsgold,1321
fingols,1321
finland,1321
firstnamebasis,1321
firsttimeever,1321
flds,1321
foolus,1321
fortunaduesseldorf,1321
forumi,1321
forwardslashdelete,1321
foxnews,1321
freemodship,1321
friendsafari,1321
frogpants,1321
frugaleire,1321
fuckingsusan,1321
fullerton,1321
fulllife,1321
fundiemormons,1321
funkstyle,1321
funpov,1321
futuresynth,1321
futurewatch,1321
gaeilge,1321
gaelg,1321
gaeltacht,1321
gaidhlig,1321
galskap,1321
gamebooks,1321
gavinmcinnes,1321
geekdays,1321
generalbs,1321
gensokyo,1321
genx,1321
georgemichael,1321
get_hyped,1321
getthatguyabeer,1321
gfxresource,1321
goldreplies,1321
goodnews,1321
gradeaundera,1321
greencat,1321
gtfoderrickandarmand,1321
guessthebreed,1321
gunfights,1321
guyone,1321
haarzersheeplz,1321
hailfuckingmorons,1321
hajimenoippo,1321
hambeasts,1321
hardbodies,1321
harmonica,1321
harparchive,1321
hauska,1321
havtech,1321
hayleywilliams,1321
hebrewbible,1321
hermitcraft,1321
hermitcraftcirclejerk,1321
highsocietyradio,1321
hindi,1321
holdmybeaker,1321
honestmichael,1321
hornypeopleofreddit,1321
hot100,1321
hotfitnessgirls,1321
howtolosefriends,1321
hulahoopgirls,1321
humanize,1321
hungerbb,1321
hurling,1321
iamgrouplimited,1321
iamgroupltd,1321
idmydog,1321
ifparents,1321
illegalaliens,1321
ilovebuttplugs,1321
ilovehindi,1321
imadethissong,1321
imagecomics,1321
imgoingtoquarantine,1321
impressions,1321
infertilitybabies,1321
inishowen,1321
innocenceandinjustice,1321
insideof,1321
interlingua,1321
internetstash,1321
inuyasha,1321
invincible,1321
ipython,1321
ireland,1321
irelandjournalism,1321
irelandpodcasting,1321
irelandradio,1321
irelandtelevision,1321
irishdesign,1321
irishfoodies,1321
irishmusic,1321
irishmusiclive,1321
irishmusicscene,1321
irishproblems,1321
irishproperty,1321
irishrugby,1321
irishtourism,1321
irishvideoproduction,1321
isleofmanradio,1321
itjustis,1321
jaboody,1321
januaryproject,1321
jediism,1321
jonbenet,1321
jotihunt,1321
julybumpers2017,1321
jupyternotebooks,1321
justinbieber,1321
kaleycuoco,1321
kannada,1321
karnataka,1321
kdrama,1321
keithandthegirl,1321
kibberpank,1321
kiddet,1321
killjoys,1321
kilroywashere,1321
knacker,1321
koreanfilm,1321
kurdish,1321
language,1321
language_resources,1321
languagebuds,1321
languagelearning,1321
languagelearningjerk,1321
languages,1321
lanl_german,1321
lanl_spanish,1321
launceston,1321
lawton,1321
lazybestof,1321
learn_ipython,1321
learnchinese,1321
learndutch,1321
learnfinnish,1321
learningfilm,1321
learnlatvian,1321
learnpolish,1321
learnvietnamese,1321
learnwelsh,1321
legaladviceireland,1321
legionofskanks,1321
leinsterrugby,1321
leitrim,1321
leredditarmyreborn,1321
letstellastory,1321
lgbtireland,1321
liberalsocialjustice,1321
lightroom,1321
limerickcity,1321
lindybeige,1321
linukso,1321
lionsheadmafia,1321
livestreams,1321
londonirish,1321
lorde,1321
losingthebump,1321
lost_films,1321
lostminiswiki,1321
lostreaction,1321
louderwithcrowder,1321
louisck,1321
ludokonstruado,1321
macro,1321
madcucks,1321
madmagazine,1321
madonna,1321
mafia,1321
magic,1321
makeinindia,1321
makenewfriendshere,1321
makingamurderer,1321
maliciouscompliance,1321
marianastrench,1321
mauramurray,1321
may2017bumpers,1321
memrise,1321
meshuggah,1321
metattempts,1321
milbros,1321
mildlycreepy,1321
mildlydisappointed,1321
mildlystartledcats,1321
mimikyuuties,1321
mina_irl,1321
mini_trucks,1321
mitavittua,1321
mitchjones,1321
modelsaskatchewan,1321
mommit,1321
mongolian,1321
mooreok,1321
moosejaw,1321
motoireland,1321
mrsuicidesheep,1321
msgsontotesmessenger,1321
muntleyamurderer,1321
muscleworship,1321
musicthemetime,1321
muslimpeoplehate,1321
navia,1321
needamod,1321
neet,1321
newcountry,1321
newparents,1321
newretrowave,1321
newyorkknicks,1321
niallhammond,1321
nicholascage,1321
nicolascagesface,1321
nicuparents,1321
nj4nj,1321
noicat,1321
noididnt,1321
nordiccountries,1321
nordicmasterrace,1321
normanok,1321
norsk,1321
notracism,1321
novascotia,1321
novemberbumps2016,1321
nsfw_hardbodies,1321
nuigalway,1321
oakfield,1321
oakisland,1321
occitan,1321
officialsodapoppin,1321
okcareajobs,1321
okcjobs,1321
oklahoma,1321
oklahomacity,1321
omgthanksforgold,1321
onionheadlines,1321
opensourcephotography,1321
opentheinternet,1321
orsararecipes,1321
otherinterestingshit,1321
oulu,1321
outcast,1321
outlawcountry,1321
overland,1321
panoramicphotography,1321
paradisegame,1321
parassuomi,1321
parentsofmultiples,1321
parentsonkidsshows,1321
parolu,1321
party,1321
penpals,1321
penpalsover30,1321
perranporth,1321
pervasivecomputing,1321
peterhitchens,1321
picturesofireland,1321
piesarchive,1321
piraattipuolue,1321
planetes,1321
planetx,1321
plantrights,1321
pluto,1321
pmclub,1321
pmmebot,1321
pogo,1321
polevaulting,1321
politicalpwnage,1321
polyamorycirclejerk,1321
popheads,1321
popheadscirclejerk,1321
portal2speedrunning,1321
portugaltheman,1321
postpartumprogress,1321
potionseller,1321
pottytraining,1321
powerlines,1321
prankmyfriend,1321
pranks,1321
predaddit,1321
preterms,1321
pridestrong,1321
prince_albert,1321
privatepracticeslps,1321
proper,1321
properanimalnames,1321
prorugby,1321
punchlineisinthetitle,1321
pupinia,1321
quantumleap,1321
racequeens,1321
radiokappa,1321
raffled,1321
rallyporn,1321
randomactsofcards,1321
rdodgers,1321
realnerdhours,1321
reddit10,1321
redditbravoteamforce,1321
redditcorruption,1321
redditeditspeeches,1321
redditors,1321
redditpunikit,1321
redditqotd,1321
redditsnowbb,1321
reddittrollsop,1321
redditup,1321
redditwritesfamilyguy,1321
redm,1321
redorhcal,1321
regina,1321
regularrevenge,1321
reomaori,1321
rept_irl,1321
retiredjoke,1321
retiredjokes,1321
retiredsonglyrics,1321
reverend_green1,1321
rhermitcraft_uhc,1321
rickyhcase,1321
riderschallenge,1321
riderville,1321
ripfinebros,1321
ripworldnews,1321
riskymilk,1321
roadtax,1321
robots,1321
rocket_snails,1321
rogerrabbiteffect,1321
ronandanthony,1321
ronandfez,1321
rotaries,1321
rtms,1321
rubberducks,1321
rugbystreams,1321
rugbyunion,1321
ruinedmyday,1321
rusherarmy2b2t,1321
rvideos,1321
rx8,1321
sadlyinteresting,1321
sahp,1321
saskatchewan,1321
saskpolitics,1321
satisfying,1321
scamthescammers,1321
scienceimages,1321
scioly,1321
sdireland,1321
setlr,1321
sevens,1321
sextapename,1321
sheerpanties,1321
sherri_papini,1321
shittheyoungturkssay,1321
shittyaskhistorians,1321
shittybots,1321
shittycropping,1321
shittyedit,1321
shittymusicoverlays,1321
shittyneedamod,1321
shittysteamreviews,1321
shouldbenamed,1321
sirfedora,1321
siriamnot,1321
skrolli,1321
slack,1321
slammedtrucks,1321
sligo,1321
slowtv,1321
slp,1321
slpgradschool,1321
smugshots,1321
snowcrack,1321
sodapoppin,1321
solotravelblog,1321
sooners,1321
soumi,1321
spawn,1321
srotd_archives,1321
ssris,1321
stepparents,1321
stevenaveryisguilty,1321
stoicism,1321
stopresisting,1321
streetmusic,1321
strictlyworldpolitics,1321
suami,1321
subtletv,1321
suihkuajatukset,1321
suomi,1321
suomibannatut,1321
supermam,1321
supraball,1321
supragames,1321
suvakitinaction,1321
synthwave,1321
tacn,1321
tacsdiscussion,1321
tacsuncensored,1321
tagalog,1321
talcumx,1321
tallgonewild,1321
tangotek,1321
tasmania,1321
tatayjokes,1321
tcihaocomb,1321
tdcs,1321
teachphysics,1321
team_esperanto,1321
teemoarchive,1321
telegraphauto,1321
telugu,1321
ten,1321
texascountry,1321
textblade,1321
tfabchartstalkers,1321
thatcouldvebeenworse,1321
the_fine_bros,1321
the_frontline,1321
the_nye,1321
thedickshow,1321
thedyslexicnerd,1321
theleavingcert,1321
theloveclub,1321
themodssaidthat,1321
theprincessbride,1321
therefwasbiased,1321
theroundabout,1321
theydidtheacronym,1321
thrashpandasgonewild,1321
threats,1321
threerivers,1321
threeseatersofa,1321
ticktockmanitowoc,1321
timeonhand,1321
tinwhistle,1321
tinyrebellions,1321
tipperary,1321
tiwo,1321
tldr,1321
tlyr,1321
tntacademy,1321
toddlers,1321
tog_hackerspace,1321
tomgreenshow,1321
tommo_for_taoiseach,1321
toni_anderson,1321
touhoujerk,1321
towerofbabylon,1321
toybaking,1321
traditionalcovers,1321
trashytext,1321
travellers,1321
travelvlogs,1321
tropicalhouse,1321
trove,1321
trovemarketplace,1321
trtest,1321
truecrimediscussion,1321
truecrimereview,1321
truemusic,1321
tryingforababy,1321
ttc30,1321
tubebroadcastyourself,1321
turkishlearning,1321
turku,1321
twinks,1321
twinlesstwins,1321
twins,1321
tytsucks,1321
u2band,1321
ubuntuhelpdesk,1321
ucd,1321
uhart,1321
uncleardirections,1321
unexpecteddunkey,1321
unexpectedjcole,1321
unexpectedlinux,1321
unexpectedseinfeld,1321
unexpectedshakespeare,1321
unexpectedswanson,1321
unresolvedmysteries,1321
unsong,1321
upliftingtrends,1321
upvotedbecausefoot,1321
upvotedbecauseverne,1321
upvotedforstarwars,1321
usarugby,1321
vanlife,1321
vargas_gonewild,1321
videoludado,1321
videoofvideo,1321
videos,1321
vietnamese,1321
vif,1321
vihreat,1321
vine,1321
virtuaalitodellisuus,1321
vittu,1321
voxelgames,1321
waiting_to_try,1321
walrus,1321
waratahs,1321
waspsrfc,1321
watchinganime,1321
waterford,1321
webm,1321
webms,1321
wedgiegirls,1321
weneedselfdrivingcars,1321
wfh,1321
whatsitlike,1321
whiskytf,1321
willithappen,1321
win98project,1321
withoutthesarcasm,1321
wizardofoz,1321
woahpoon,1321
worldsports,1321
worsethantheholocaust,1321
worstepisodeever,1321
wrestling,1321
xbplays,1321
xidnaf,1321
yourmomsmailman,1321
youtube__videos,1321
youtube_builders,1321
zeescheveningen,1321
zeldents,1321
ziggyandtallbluetree,1321
ziplines,1321
naecosdailyuhcrants,1322
velvetunderground,1323
rhetoric,1324
hondaprelude,1325
insidious_root_beer,1326
cent,1327
knightenchanter,1328
animationbattle,1329
iameuphoric,1330
ruhrgebiet,1331
bigboobs,1332
ffxivfriends,1333
ffxivraf,1333
stuff4sale,1334
obdn,1335
jglgiraffes,1336
queenshay,1337
motivationalfinance,1338
redditgameproject,1339
voondaba,1339
conduitporn,1340
babyhacks,1341
frogmenclan,1342
chesspuzzles,1343
buttballs,1344
cockandballsinsertion,1344
nobrigade,1345
imadesomething,1346
rgth67686ryj,1347
haroldporn,1348
nhkeasynews,1349
realstarwars,1350
swtheforceawakens,1351
rumors002,1352
asianasshole,1353
concerts,1354
concertstagedesign,1354
newenglandcd,1355
theultimatebattle,1356
gtavstocks,1357
paradigmguild,1358
culturalmarxism,1359
bearsinbriefs,1360
adult_dating_sites,1361
beyondthesummit,1362
bostontickets,1363
metafilter,1364
talesfrommedicine,1365
nakedfamouspeople,1366
rawcelebs,1366
ukgovbriefs,1367
starcitizenfaqs,1368
fuck_bhumibol,1369
todayonthisday,1370
unitedstatessenate,1370
uctransfer,1371
dexnav,1372
hypocriteoftheday,1373
berkeleysnide,1374
cthulhutech,1375
christianitygaming,1376
heroeslegion,1377
ncaatagpro,1378
uconntagpro,1379
ezi,1380
jessicachambers,1381
fifthworldgonewild,1382
sketchbookpro,1383
feminine_divine,1384
the_feminine_divine,1385
roateism,1386
technologyrebootedx3,1387
pyongyang88,1388
broadchurch,1389
gracepoint,1389
marsian_space_agency,1390
durhamcollege,1391
shitpotheadssay,1392
penspinning,1393
ppsc,1393
musingsofashibepodcat,1394
archlinuxarm,1395
smoothsaves,1396
terribleanalogy,1396
muslimsforcrypto,1397
cheapkickstarters,1398
kindlefire,1399
boerne,1400
astrophysicsinsurgent,1401
jenni_lee,1402
3framemovies,1403
cardcaptors,1404
lungiland,1405
aspiegaming,1406
starcraftfeedback,1407
powerofgamers,1408
kindvoice,1409
area88guy,1410
unphocused,1410
pyonggangbang,1411
plazacomunidadmadrid,1412
wegointoillfonic,1413
goddamnit,1414
wpbitchjerk,1415
admalledd,1416
mcworldbuilding,1416
kinky,1417
worstofbaseball,1418
secretsquirrelcoc,1419
ghosttheband,1420
nightmarehouses,1421
greyponews,1422
swissarmyknives,1423
bihar,1424
graymattergaming,1425
dkpol,1426
bishoujosenshi,1427
scientce,1428
mutwagers,1429
kerkythea,1430
anarchistpropaganda,1431
socks,1432
entroduction,1433
bellybuttons,1434
aptliving,1435
mathandsciencevideos,1436
zeldathon,1437
wastelandart,1438
nannies,1439
nanny,1439
ftb_design,1440
warthundercirclejerk,1441
paleo_recipes,1442
azula,1443
uprising18,1444
fuckmarryorkill,1445
page3glamour,1445
uws,1446
birdsarenotimportant,1447
moondye7,1448
fleshlight,1449
dagbotisacunt,1450
electrostatisacunt,1450
airdisasters,1451
sjwatch,1452
cheshirree,1453
iamagreypoo,1454
shoescameoff,1455
raumpatrouille,1456
serienjunkies,1457
magfestlan,1458
tcup,1459
googlecacheguy,1460
supernaturalrewatch,1461
advancedtechresearch,1462
openadventure,1463
xboneps4glitches,1464
wavicles,1465
bitstamp,1466
civkanopy,1467
civterminus,1467
jyly,1468
shopcats,1469
jirclecerk,1470
adgeek,1471
neckbeardarmy,1472
civcraft_hyrule,1473
willopdeliver,1474
secretshipfic,1475
shipficmatchmaking,1475
imperialassault,1476
datingasianmen,1477
kawamono,1478
maskingmedia,1478
ccc2,1479
cookiecollector,1479
cookiecollector2,1479
blueshell,1480
askapro,1481
choppers,1481
lindemann,1482
ratmovie,1483
starhawk,1484
warhawk,1484
codelitt,1485
hauntedgameposts,1486
seniorcitizens,1487
arianamarie,1488
rs3curie,1489
um3k,1490
haarlem,1491
legendarypurples,1492
difusionlibre,1493
programacion,1493
plur4plur,1494
tsunderepolitics,1495
keizer,1496
midnight_gear,1497
4x4docs,1498
lastmoonrising,1499
bengali,1500
bengalifood,1500
blackdesert,1501
weldingporn,1502
weldporn,1502
fakesubreddits,1503
lfservers,1504
the_trovian_maestros,1505
subredditnametoolong,1506
level20love,1507
ccnaw,1508
uniquesquared,1509
modtutorials,1510
adhdtalk,1511
foodblog,1512
foodblogs,1513
asamother,1514
smallhome,1515
shittypokemonscience,1516
distractit,1517
littlefitness,1518
truedazesoft,1519
axiscapitalgroup,1520
equipment,1520
clashredditzombies,1521
krissylynn,1522
lascruces,1523
mcdailynews,1524
estudiosorientales,1525
fcpx,1526
cringeofthering,1527
hyperhidrosis,1528
smileytechguy,1529
sn0wch1ld,1529
sfmusic,1530
keywordtipbot,1531
christianlaughs,1532
texasamiibo,1533
falloutcosplayers,1534
karezza,1535
mspaintgods,1536
cym,1537
ukrainian,1538
ukrainianlanguage,1539
manteca,1540
iam16andthisismeta,1541
sciencebritannica,1542
mayberacist,1543
powerpop,1544
onderredditdrama,1545
acousticraft,1546
clysma,1547
clysmaooc,1547
indiaunbiased,1548
monsterfishkeepers,1549
dawnofdestructionclan,1550
avajaijai,1551
neofolk,1552
monkeyhats,1553
hahasofunny,1554
exergy,1555
comepradz,1556
finechina,1557
killerthreads,1558
kindrance,1559
karmafleet,1560
bombersbar,1561
officesuites_help,1562
sciencepenguin,1563
eliteroleplay,1564
fuck_mr_skeltal,1565
rideshareapps,1566
tangleball,1567
tsu,1568
rnb,1569
tightdress,1570
shittiestofshitposts,1571
harborfreight,1572
labview,1573
labviewporn,1574
applefritter,1575
sheevergaming,1576
aperfectcircle,1577
bonn,1578
unexpectedfeeltrip,1579
thenebraskas,1580
cruzeiro,1581
momscience,1582
voteexchange,1583
lookscool,1584
zombiearmy,1585
multiversity,1586
deathbattle,1587
playstrandeddeep,1588
cracking,1589
mhocmirror,1590
idumb,1591
videopros,1592
viralvideos,1593
bicyclingdeals,1594
kaijudo,1595
fffffffuuuuuuuuuuu,1596
kostomars,1597
ksp2m_comms,1597
ksp2m_lifter,1597
ksptomars,1597
solutions,1598
publictransportnl,1599
schoolchoice,1600
leaguefreaks,1601
badbeersnobbery,1602
novapraxis,1603
terriblepics,1604
delusionalengineering,1605
letsdocanvas,1606
burlingtonnc,1607
happy_wars,1608
happywars,1608
happywarspc,1608
hellhawkshappywars,1608
hitbox,1609
meowbot,1610
bergencommunity,1611
veronanj,1612
danidaniels,1613
pizzaghazi,1614
currencydigital,1615
metaldadjokes,1616
auswap,1617
lindennj,1618
af_morgan,1619
elementalstorm23,1620
amiibocalgary,1621
treecoders,1622
minileaguetagpro,1623
rodin,1624
yourgpuashit,1625
newreddits_nsfw,1626
onlinepornarchive,1626
watchersonthewall,1627
woiafpowers,1627
johnnyfive,1628
nodebots,1628
restingbitchface,1629
resolute_ascendancy,1630
debatelikestephena,1631
lnsm,1632
castledour,1633
marthasvineyard,1634
velcirclejerk,1635
fantasysciencepowers,1636
superfantasypowers,1636
wastelandpowers2,1636
bustedgifrequests,1637
grouplove,1638
fatpeoplelogic,1639
thehalfmadwriter,1640
thismessedmeup,1641
gtp,1642
fakefinland,1643
allpolitics,1644
utsc,1645
wba,1646
dickpicchallenge,1647
sizecomparison,1647
gsclash,1648
lightworkers,1649
meadville,1650
ploungeshipping,1651
palmettotrees,1652
allbunsglazing,1653
bbcan,1654
unexpectedoutcome,1655
megaloungesarmy,1656
megamegamonitor,1656
discgolfgirls,1657
deadmalls,1658
ohsostupid,1659
veganrights,1660
askjerks,1661
parallelworldproblems,1661
secretland,1661
occupationalscience,1662
coffeeaddict,1663
friskyfighters,1664
beebro,1665
cloud_chasers,1666
krussianspaceprogram,1667
lolmysql,1668
aap_logic,1669
interdisciplinary,1670
cranberryletters,1671
dwarfplanetceres,1672
eshop,1673
rpdrofftopic,1674
howredditworks,1675
nsgynsr,1676
intruder,1677
superbossgames,1677
madisonalabama,1678
resourcebasedeconomy,1679
2vaped,1680
askmenblog,1681
theprivatebae,1682
ltband,1683
squirrelarmy,1684
giannamichaels,1685
joshhutcherson,1686
onetrueyuuki,1687
teamimpulse,1688
subredditcancercancer,1689
learnahobby,1690
vinhaven,1691
monmouthuniversity,1692
fonddulac,1693
oshkosh,1693
eatyourhat,1694
100kin,1695
2016saninsen,1695
2404,1695
420_jp,1695
80sfastfood,1695
actioncam,1695
adorablehentai,1695
adultvideo_ja,1695
ahotalk,1695
aidorujapaneseidols,1695
airsoft_jp,1695
akb48,1695
aliceinwonderland,1695
anamanaguchi,1695
anarchy_anarchism,1695
android_jp,1695
anikyar_ja,1695
animalssmiling,1695
animefigures_ja,1695
anison_jp,1695
antixmas_ja,1695
ao_aka_midori_ja,1695
appideas,1695
aquariums_ja,1695
armanipradagucci,1695
artistmaterials,1695
artshub,1695
artsphere,1695
arttheory,1695
asciiart_jp,1695
asianfetish,1695
askjapan,1695
askreddit_ja,1695
assassinscreed_ja,1695
b3masamune,1695
babymetal,1695
babymetal_japan,1695
babymetaljapanese,1695
babymetalmemes,1695
backofleaflet_ja,1695
bakanewsjp,1695
beerjapan,1695
bento,1695
bestoftripadvisor,1695
bicycle_ja,1695
bijutsu,1695
blackberrypreserves,1695
blackbookgraffiti,1695
blacklagoon,1695
blackmail,1695
blenderja,1695
bombing,1695
boogers,1695
borraginol,1695
bosticko,1695
breathless,1695
britisharmy,1695
britishmilitary,1695
browsergame_jp,1695
bulletjournal,1695
butsurigaku,1695
calligraffiti,1695
caminodesantiago,1695
candlelightbuffet,1695
cannabis_culture,1695
captivewildlife,1695
cash,1695
cg_ja,1695
chaos_dragon,1695
charactorvoice,1695
charsenyou,1695
chiebukuro,1695
chikuny,1695
chinshu,1695
choujigengameneptune,1695
cis_ja,1695
comics18_story,1695
consolegame,1695
contemporaryart,1695
cooking_ja,1695
copykun,1695
craft_ja,1695
creditcard_jp,1695
crumps2,1695
css_ja,1695
cthulhu_ja,1695
culturalfacts,1695
cupnoodles_ja,1695
dam_jp,1695
dankmemesanonymous,1695
deathrabbits,1695
dema,1695
dofflin,1695
dogecoinjapan,1695
dokusyo_syoseki_r,1695
dolls_ja,1695
doraiso,1695
doraisosan,1695
doujinshi,1695
dqx_jp,1695
drawr,1695
drunk_ja,1695
dtrh,1695
eiganews,1695
eigo,1695
eizo,1695
elona_jp,1695
employee_jp,1695
energy_news_ja,1695
enhancement_ja,1695
entertainment_jp,1695
erogenews_ja,1695
etymologymaps,1695
expavantgarde,1695
fallout4_ja,1695
fastfood_ja,1695
femm,1695
fffffffuuuuuuuuuuuujp,1695
fireemblem_ja,1695
foodnyc,1695
foodporn_ja,1695
freestuffnyc,1695
fruitpochette,1695
fuee,1695
fukeisubs,1695
fukushima,1695
funnyjapan,1695
gakinotsukai,1695
gakusei_ja,1695
gamedev_ja,1695
gamemaker_ja,1695
gamera,1695
gamingporn,1695
garigarikun,1695
geinounews,1695
geisha,1695
girlslove_ja,1695
giron,1695
godzilla,1695
godzillacirclejerk,1695
godzillashitpost,1695
gomibako,1695
gordonramsay,1695
graffhelp,1695
graffiti,1695
graffitiarena,1695
graffstories,1695
granbluefantasy_ja,1695
grooveshark,1695
hage,1695
handstyles,1695
hanguk,1695
hanjuku,1695
hatsune,1695
hatsunemiku,1695
helmetcameras,1695
hentaifemdom,1695
hentaireviews,1695
hentaistack,1695
hestiathewaifugoddess,1695
highlevelkarma,1695
hiphopjapan,1695
hiroshima,1695
hitogashinu,1695
hitomozi_ja,1695
honkers,1695
horiemon,1695
hortensia_saga,1695
i336_,1695
i_am_not_abe,1695
iama_ja,1695
iama_jp,1695
ifyoulikeblank,1695
imas_ja,1695
inbou_ja,1695
infrastructureporn,1695
insects_ja,1695
internetcollection,1695
interpretation_ja,1695
iosgame_ja,1695
itacho,1695
j_sfx,1695
ja,1695
ja_manga,1695
jagdpantherbrowser,1695
jap,1695
japan_anime,1695
japan_ja,1695
japanart,1695
japancirclejerk,1695
japandating,1695
japanese,1695
japanesefood,1695
japanesegameshows,1695
japaneseinanime,1695
japaneseinanimeforum,1695
japaneseinthewild,1695
japaneseresources,1695
japanhowdoilife,1695
japannews,1695
japanplaces,1695
japansports,1695
japantravel,1695
jetprogramme,1695
jinjya,1695
jisakupc,1695
jleague,1695
jmetal,1695
jp_shelter_no2,1695
jp_smahogames,1695
jpn_history,1695
jpop,1695
jvlog,1695
jvlogging,1695
kaden_ja,1695
kaeuta,1695
kakuge,1695
kakunir,1695
kaleidoscope_ja,1695
kancolle_ja,1695
kansou_jp,1695
karada,1695
kawaiimetal,1695
kbtit,1695
keiba,1695
keizai,1695
kenmou,1695
kindofbestof,1695
kingkong,1695
kinoko_jp,1695
kittykaiti,1695
knives_ja,1695
kojiki,1695
koke_ja,1695
kokkai,1695
kokoro,1695
kotezatsu,1695
kusosabure,1695
kusosure,1695
kyoto,1695
learnjapanese,1695
lgbt_ja,1695
lifeinjapan,1695
littleredditphotoclub,1695
livestreamfails,1695
lovelive_ja,1695
lovelive_sunshine_ja,1695
lowlevelawake,1695
lowlevelaware,1695
magicalgirls,1695
mahoshojo,1695
mami,1695
manhole_jp,1695
marveltsumtsum,1695
mascotcharacter_ja,1695
mealtimevideos,1695
measures,1695
medicalgore,1695
metal_jp,1695
microbes_ja,1695
minecraft_jp,1695
modclubhouse_ja,1695
modselection_jp,1695
monikers,1695
monsterhunter_jp,1695
montenegro,1695
morningmusume,1695
mothra,1695
motorcycle_ja,1695
motorsports_ja,1695
multihub_ja,1695
museum,1695
mushoku_jp,1695
musicmakers_ja,1695
mylittletimberwolves,1695
nagoya,1695
nanj,1695
nato,1695
neet4r,1695
netkaiko_jp,1695
netservice_ja,1695
news_ja,1695
newsg,1695
newsjoho,1695
newsoku,1695
newsoku_jp,1695
newsoku_l,1695
newsokucontroversial,1695
newsokuexp,1695
newsokukenmou,1695
newsokuliberty,1695
newsokumoral,1695
newsokunomoral,1695
newsokur,1695
newsokurev,1695
newsokurmod,1695
newsokurplus,1695
newsokuvip,1695
newssokuhou_r,1695
newtothenavy,1695
nfja,1695
nikujaga,1695
nintendo_jp,1695
nipponkaigi,1695
nmr_r,1695
normaldayinjapan,1695
npb,1695
nsrsurvey_jp,1695
nuigurumi,1695
obscuremedia,1695
occult_ja,1695
odebu,1695
oekaki_ja,1695
ohmae_kenichi,1695
okashi_ja,1695
okome,1695
olympics_ja,1695
ombudsman_ja,1695
ongakur,1695
onlinestorage_ja,1695
oogiri,1695
osaka,1695
otakunetouyostudies,1695
otoge,1695
outsiderart,1695
p18s,1695
pachinko_slot,1695
pcgames_ja,1695
peeling,1695
perfume,1695
perfumes,1695
personalwebsite,1695
petdaisuki,1695
pilgrim_android,1695
pinc,1695
pinkall,1695
plasticmodel_ja,1695
pleaserespecttables,1695
poem_ja,1695
pokemon_jp,1695
pokemongo_ja,1695
polandballjapanese,1695
polarbear4321,1695
politics_ja,1695
popopoipo,1695
popping,1695
portal_ja,1695
poverty_,1695
pripara_ja,1695
privacy_ja,1695
pseudochinese,1695
pussporn,1695
puzzleanddragons_ja,1695
quake_jp,1695
qualification_jp,1695
quiz_ja,1695
r_sandbox_r,1695
r_top_r,1695
radio_ja,1695
rakugakicho,1695
raspberry_pi_ja,1695
reddit_ja,1695
redditduel_jp,1695
redditshistory_ja,1695
religions_ja,1695
renhou_ja,1695
robotanime,1695
royalairforce,1695
rugby_ja,1695
rule34_comics,1695
rustyrails,1695
rv_dev,1695
ryuuseigai,1695
ryuuseigai_ja,1695
sailormoon,1695
sakuragakuin,1695
samuraisensei,1695
sangokushi,1695
sayjaaaaaaap,1695
science_jp,1695
sciencefiction_ja,1695
security_ja,1695
sengoku,1695
seo_killer,1695
serpenti84,1695
sex_comics,1695
sgiwhistleblowers,1695
sheltoro,1695
shemalery,1695
shenmue_jp,1695
shigotokowai,1695
shikokuchu,1695
shikyo,1695
shipcamouflage,1695
shittyaskjapan,1695
shogir,1695
skinheads,1695
sky_ja,1695
smartphonegame_ja,1695
smite_jp,1695
soccer_jp,1695
software_ja,1695
sony,1695
sonyactioncam,1695
souvenirsfromjapan,1695
stationery_jp,1695
steamr,1695
streetartporn,1695
streetfighter_jp,1695
sumo,1695
sumo_ja,1695
suresoku,1695
surgerygifs,1695
surviavi,1695
syokugan,1695
tabletopgames_ja,1695
tamamusubi,1695
tbs_radio954,1695
tehu,1695
test,1695
testingground4bots,1695
testkenmou1,1695
textdoor,1695
tgifs,1695
theroyalnavy,1695
thezillachurch,1695
tikagenron,1695
tiraura,1695
tobacco_ja,1695
todayilearned_jp,1695
tokyo,1695
tokyoseddit,1695
tonsilstones,1695
tora_no_ana,1695
touhou_jp,1695
trainhopping,1695
travel_ja,1695
tryptophobia,1695
tsumtsum,1695
tv_ja,1695
tvdrama_jp,1695
twetch9,1695
untildawn,1695
unusualsurvival_ja,1695
uotc,1695
usmcboot,1695
usmilitaryso,1695
veganinjapan,1695
videoessay,1695
vocaloid,1695
vocaloid_utau_jp,1695
vocaloidmetal,1695
wakeupgirls_jp,1695
warcollegewargame,1695
warplanesnuffporn,1695
warships,1695
washlet_jp,1695
webcomic_ja,1695
weeaboo,1695
welcometounderground,1695
whistory_ja,1695
writejpn_eigodekakou,1695
xperiaz2,1695
xpost_ja,1695
yajirushi,1695
yarou,1695
yeahnofuckthat,1695
yjsnpi,1695
yrc,1695
yuimetal,1695
yuno,1695
yuri_jp,1695
zartan_branch,1695
zatsudan,1695
zatur,1695
zilla,1695
sakuracon,1696
alphabasic,1697
openhardware,1698
xboxoneonsale,1699
unaustralia,1700
happycryingdads,1701
mosinhallofshame,1702
test404th,1703
circlejerks,1704
ebivory,1705
ttchealthy,1706
captionbot,1707
420blaxican,1708
animelounge,1709
52weeksofbaking,1710
oots,1711
voatdrama,1712
heartwarming,1713
organdonation,1713
breakthesystem,1714
ripplesandwaves,1715
cookingrecipesstuff,1716
5secondsofsummer,1717
5sos,1717
flukeman,1717
acceptmeforwhoiam,1718
gunz2,1719
gaygilesprivate,1720
enjoyyumyum,1721
qksms,1722
travelvids,1723
agency,1724
datacleaning,1725
voidspace,1726
primmusimmigration,1727
enoughneoliberalspam,1728
ccatheism,1729
retiredshittygif,1730
warezscene,1731
wewanthoverboards,1732
gatoraayismod,1733
drm,1734
animalexpressions,1735
lgbthavens,1736
addtomytune,1737
onlinesequencer,1737
cameroncanada,1738
dianasdailywhinges,1739
tvportalapp,1740
thebeautifulones,1741
pointlessgilding,1742
gamersaredead,1743
alexisbrill,1744
spanishcivilwar1936,1745
talesoftheconvention,1746
carospage,1747
houseambaret,1748
rulenumbertwo,1749
otherside,1750
vasco,1751
mikhail70lock,1752
linkslap,1753
mrb2012watch,1754
biflcirclejerk,1755
pimpcash,1756
horntabs,1757
evannalynch,1758
pokemonechotppfangame,1759
reasonablestarcitizen,1760
bibijones,1761
punksubculture,1762
debatereligiondrama,1763
purityring,1764
sanjuan,1765
mcsplaystation,1766
arewerolling,1767
metalstories,1768
heroesofthestorm_ja,1769
battletoads,1770
noelleeaston,1771
conker,1772
conkersbadfurday,1773
smashbroscirclejerk,1774
ca_chat,1775
epicchatquotes,1775
restroomstories,1776
no_pressure,1777
parkinglotdrama,1778
victoriasun,1779
baseballnightlypick,1780
srsphilosophy,1781
anlmtmc,1782
randompornscenarios,1783
maddenvideos,1784
buildandshoot,1785
iceball,1785
negativeposts,1786
2quirky4me,1787
shortreads,1788
marketingonreddit,1789
simscraper,1790
simtower,1791
shortfilmcorner,1792
connor,1793
blamebipolarbear0,1794
artoflearning,1795
projectnex,1796
zazzy,1797
repkickz,1798
gracehelbig,1799
ktr,1800
shittytheoryofreddit,1801
redditheroesclan,1802
austinhallofshame,1803
leaguemadden,1804
alicious,1805
wredditevents,1806
redditlist,1807
food2,1808
drunkonlinepurchases,1809
chogs,1810
yourselfiegotleaked,1811
chasingtales,1812
vulcan_philosophy,1813
bombaybandits,1814
brodericksavengers,1815
2xpdx,1816
pins4skins,1817
theproffesor,1818
alphadraft,1819
dryhumor,1820
explainlikeimelected,1821
dragonballgaming,1822
strategicminds,1823
preciousmetalrefining,1824
yetanotherserver,1825
deadkidscollective,1826
paroketh,1826
bones,1827
scleroderma,1827
starmarine,1828
radioreddit,1829
steelcage,1830
dullwriting,1831
nflnoobs,1832
trollychromosomes,1833
xenobladechroniclesx,1834
shittyunchartedrealms,1835
cuiltheory,1836
7string,1837
8string,1837
extendedrangeguitars,1837
friendlyadvice,1838
gamesmeta,1839
gamesnews,1840
weakpotwhining,1841
wnyc,1842
packababy,1843
pebbleappstorebot,1844
muglife,1845
straightshoot,1846
mildlysexist,1847
audioinsurrection,1848
youngalpha,1849
askreddt,1850
legendarymarvel,1851
magicitems,1852
3dsgametalk,1853
runefactory,1853
anormaldayinthesims,1854
thebeautifulweb,1855
gayguns,1856
unimi_solab,1857
climaterisks,1858
ap_memes,1859
accidentallyonpurpose,1860
bestofmarxismleninism,1861
dcents,1862
ctc,1863
clubnintendoswap,1864
oldschoolridiculous,1865
pizzadare,1866
animalsbeingmoms,1867
childrenonreddit,1868
zentangle,1869
shittybloodborne,1870
picturedrocks,1871
engei,1872
unreleasedsongs,1873
gghots,1874
rbv,1875
thefuckinganswer,1876
indialaw,1877
cumplay,1878
cumplay_gifs,1878
celeb,1879
failedrrdrama,1880
buildalinuxpc,1881
catholicchristianity,1882
catholicvideos,1882
tob,1882
videosancto,1882
askpurevpn,1883
winnarlygonewild,1884
azurecatalyst,1885
grandmasforkarma,1886
kidscrafts,1887
devilscirclejerk,1888
todayilearnedonreddit,1889
nosobstory,1890
teksavvy,1891
towelliee,1892
modernhistory,1893
shittyaskcooking,1894
themingtutorials,1895
zooperwidget,1895
traeger,1896
casualcss,1897
eryndorunion,1898
yegrealestate,1899
volcanology,1900
nsfw_gfy,1901
1p4,1902
launchporn,1903
arautos,1904
psybullgaming,1905
tylerisafajit,1906
bbry,1907
motown,1908
drunkpoetryslam,1909
3dpv,1910
63maui,1910
aclfestival,1910
aggiefootballcoc,1910
aggies,1910
aikido,1910
akita,1910
alamocolleges,1910
amarillo,1910
angelcigsgroup,1910
argonmasterrace,1910
arlington,1910
asthma,1910
atxgaybros,1910
atxpix,1910
aussie_vapers,1910
aussievapers,1910
austin,1910
austinbeer,1910
austincirclejerk,1910
austinclassifieds,1910
austinclimbing,1910
austinfood,1910
austinforsanders,1910
austinfrugal,1910
austingaymers,1910
austinguns,1910
austinpetlostandfound,1910
austinpoker,1910
austinrp,1910
austinrunning,1910
austinscavengers,1910
austinstartups,1910
authentic_vaping,1910
awfullypunchablefaces,1910
badfirefighternoxbox,1910
bastroptx,1910
batterywraps,1910
bayareavapers,1910
bcstx,1910
beaumont,1910
benbrook,1910
bestofecr,1910
bestofvapedeals,1910
bigfinish,1910
bikehouston,1910
bikesatx,1910
birdsup,1910
bluedotvapors,1910
bluesbrothers,1910
boardgamemeetup,1910
boxmodders,1910
boxmods,1910
businessliquid,1910
ca_vapers,1910
cajmods,1910
canadian_ecigarette,1910
canadian_eclassifieds,1910
canadianvapers,1910
celebsightings,1910
centerfoldvapeco,1910
chicagovape,1910
chilis45thandlamar,1910
choralmusic,1910
cincyvapers,1910
classtv,1910
clearkare,1910
clearlake,1910
clearshift,1910
cleveland_vapers,1910
cloudmaker,1910
coil_building,1910
coilporn,1910
collegeradio,1910
columbus_vapers,1910
cosuard,1910
csstheme,1910
cthulhumod,1910
cujo,1910
cursedmods,1910
dallas,1910
dallasfood,1910
dallasmeetups,1910
dallasrunning,1910
dallasvegan,1910
dbliquids,1910
deepellum,1910
dentoents,1910
denton,1910
dentonclassifieds,1910
devescimods,1910
dfwapartments,1910
dfwbike,1910
dfwclassifieds,1910
dfwfilmmakers,1910
dfwjobs,1910
dfwmusic,1910
dfwpets,1910
discountedvape,1910
diy_classifieds,1910
diy_ejuice,1910
diy_ejuiceexchange,1910
diy_eliquid,1910
doctorwhonews,1910
dontdeadopeninside,1910
doomsday_vapers,1910
downtowndallas,1910
drunkvapes,1910
dubaiejuice,1910
e_cigarette,1910
eaglemods,1910
easttexas,1910
ecig_classifieds,1910
ecig_vendors,1910
ecigarette,1910
ecigclassifieds,1910
ecigclassifiedseu,1910
ecigclassifiedsuk,1910
eciggity,1910
ecigindia,1910
ecigreviews,1910
ecr_anime_community,1910
ecr_circlejerk,1910
ecr_es,1910
ecr_eu,1910
ecr_exchange,1910
ecr_gaming,1910
ecr_juicebox,1910
ecr_plus,1910
ecr_showerthoughts,1910
ecr_tng,1910
ecr_uk,1910
ecrgiveaway,1910
ecrmech,1910
ecrpoker,1910
ejuice_reviews,1910
ejuiceporn,1910
ejuicereviews,1910
ejuicetrade,1910
electronic,1910
electronic_cigarette,1910
evic,1910
experiencedvapers,1910
factionparadox,1910
fandomnatural,1910
fangirls,1910
fiorionvitruvianpark,1910
fl_vapers,1910
flavorchasers,1910
fortbend,1910
fortworth,1910
freeorcheapejuice,1910
frisco,1910
frugalhouston,1910
fuckharley,1910
funcitystuffdfw,1910
gallifrey,1910
gallifreyan,1910
gallifreycirclejerk,1910
galveston,1910
geekdfw,1910
geneseoillinois,1910
girlscouts,1910
googlepacman,1910
gpen,1910
gremlindiy,1910
gremlinjuice,1910
gunmeetups,1910
halocigs,1910
heavengifts,1910
hellokitty,1910
houston,1910
houstonbeer,1910
houstoncirclejerk,1910
houstonclassifieds,1910
houstonconcertarchive,1910
houstonentrepreneurs,1910
houstonents,1910
houstonevents,1910
houstonfood,1910
houstongeeks,1910
houstongolf,1910
houstonhistory,1910
houstonjobs,1910
houstonmakers,1910
houstonmusic,1910
houstonr4r,1910
houstonsoccer,1910
houstonsocials,1910
houstontabletop,1910
hutterite,1910
imaginarygallifrey,1910
indyvapers,1910
innokin,1910
interactivememes,1910
irving,1910
irvingtexas,1910
istick,1910
jensenackles,1910
juiceswap,1910
kangersubox,1910
katy,1910
killeen,1910
kingwood,1910
kinkyfriedman,1910
laborday14vapesales,1910
lamaruniversity,1910
larp,1910
lcdsoundsystem,1910
leftintexas,1910
legalization,1910
lewisvilletx,1910
lockhart,1910
lonestar,1910
lostpetsdallastx,1910
lubbock,1910
lubbockmusicians,1910
marblefalls,1910
marcmaron,1910
metroplexmystic,1910
missingpets,1910
modfondling,1910
mountbakervapor,1910
movetodallas,1910
movie_club,1910
movie_club_archive,1910
mra,1910
murdurmod,1910
mustardmountain,1910
mvilciscss,1910
naut,1910
neguns,1910
newbraunfels,1910
newjerseyfreakshow,1910
nj_vaping,1910
nopuns,1910
norcalvapers,1910
normal_ecr,1910
norml,1910
northernnevadavapers,1910
northtexasents,1910
novavapes,1910
nyvapers,1910
nzvapers,1910
oasisvape,1910
openpv,1910
organicfarming,1910
pghvape,1910
pittsburgh_vapers,1910
placetexas,1910
plumesofhazard,1910
pogodfw,1910
pokegolubbock,1910
pokemongoaustin,1910
policechases,1910
primermovie,1910
professionalvapers,1910
puf_cigs,1910
pvcommission,1910
pvpartkits,1910
quadcities,1910
rabdargab,1910
ratemyband,1910
rba,1910
rda,1910
reonauts,1910
richardson,1910
rinsreviews,1910
rinsvapereviews,1910
roundrock,1910
rpgstories,1910
rvapers,1910
sanantonio,1910
sanantoniocirclejerk,1910
sanantoniodrama,1910
sanantoniofood,1910
sanantoniogaming,1910
sanentonio,1910
savannah,1910
scindianavapers,1910
send_nudes,1910
setx,1910
shakeandvape,1910
shitstabantoniosays,1910
shitty_diy_ejuice,1910
shitty_ecr,1910
shootingtrips,1910
shopdogs,1910
sicreviews,1910
sidonglobophobia,1910
slothsauce,1910
slumberland,1910
smoggb,1910
socalvapers,1910
soflojobs,1910
sonicscrewdriver,1910
soundonsoundfest,1910
southern_vapers,1910
spock,1910
springbranch,1910
squonk_life,1910
steamheads,1910
steammonkey,1910
stonersandcoders,1910
sub_ohm_rba,1910
sugarland,1910
supernatural,1910
supernaturalgifs,1910
supernaturaltv,1910
sxsw,1910
talesfromthetardis,1910
tampa_vapor,1910
tamug,1910
tcu,1910
telescopes,1910
texas,1910
texaschl,1910
texasdrama,1910
texasents,1910
texasforsanders,1910
texashistory,1910
texassouthern,1910
texastech,1910
the_great_outdoors,1910
thecolony,1910
thehelpers,1910
themall,1910
themes,1910
theticket,1910
thewoodlands,1910
thundermods,1910
tradeorgift,1910
transcommunity,1910
transformativeworks,1910
troll4troll,1910
twupioneers,1910
txrenaissancefestival,1910
universityofhouston,1910
unt,1910
urbandesign,1910
utaustin,1910
utsa,1910
utsouthwestern,1910
vape_memes,1910
vape_porn,1910
vape_sales,1910
vapeandmech,1910
vapeaways,1910
vapehardware,1910
vapehelp,1910
vapeholes,1910
vapeissues,1910
vapeitforward,1910
vapemod,1910
vapeporn,1910
vaperequests,1910
vaperettes,1910
vapers_gonewild,1910
vapeshopowners,1910
vapestaff,1910
vapetricks,1910
vaping,1910
vaping101,1910
vaping_deals,1910
vapinginphoenix,1910
vapingniagara,1910
vapingquotes,1910
vaporbowl,1910
vaporgearbest,1910
vaporworldokc,1910
vistavapors,1910
vjuice,1910
vtown,1910
wakeandvape,1910
washingtonstatevapers,1910
westshorevapes,1910
whatdoesmikehawksay,1910
wholock,1910
williamshatner,1910
windsorpark,1910
wmsib,1910
wnyvape,1910
yesvaping,1910
youwritewho,1910
oiledgirls,1911
straplessdildo,1911
alorp,1912
saorp,1912
supersentaipublic,1913
theblackcompany,1914
bitcoindev,1915
reboot,1916
themedumps,1917
bigfuel,1918
tmblifeboat,1919
safetydance,1920
marijuanaconcentrates,1921
karmaforcash,1922
tesheroes,1923
cubeconspiracies,1924
podemsab,1925
foewriters,1926
dmmill,1927
redditamateurvids,1927
seattlelinux,1928
atomictorch,1929
voidexpanse,1929
pedicabbing,1930
aprilfoolsthings,1931
lostgamingfriends,1932
tap,1933
savethebutton,1934
dayzedcirclejerk,1935
league_of_legends_jp,1936
gravitytagpro,1937
dude,1938
foreveralonebots,1939
foreveralonehumans,1940
heroesvods,1941
pressers,1942
peopleofwalmart,1943
deadoralive,1944
deadoralivextreme,1944
doamods,1944
luvcraft,1945
beatheads,1946
kidsafecomputing,1947
takenliteral,1948
noodlenaughts,1949
tallyhall,1950
steelbending,1951
cpap,1952
redmasculism,1953
bumpinbeaut,1954
kayleemason,1954
peachundies,1954
thepantydrawer,1954
usedpanties,1954
goldenpath,1955
rdodgersagonleague,1956
shoveltotheface,1957
citiesskylines_ja,1958
britguard,1959
deeper_diy,1960
gladiators,1961
mobistyle,1962
bitcoinart,1963
purplestruggle,1964
canadianvanguard,1965
lifeafterthebutton,1965
skynet_writes,1966
pressiah,1967
libertarianclan,1968
grandeprairie,1969
irishdota,1970
deepsarcasm,1971
f5networks,1972
freemgtow,1973
sacfood,1974
bubbeskitchen,1975
oooooooyyyyyyyyyyyy,1976
postalelf,1977
homeschoolers,1978
footjobs,1979
churchofchirpy,1980
ladyfrommars,1981
astrosoc,1982
israelhasbarawatch,1983
palestinesubwatch,1983
palsubwatchwatch,1983
flightattendants,1984
civcrafter,1985
civminer,1985
evaluation,1986
gryphonflick,1987
sexfantasies,1988
bravovince,1989
celtconlangs,1990
gheulge,1990
spotifymygame,1991
mlpspellingbee,1992
rehabilitationhouse,1992
pornsummaries,1993
mariotacirclejerk,1994
4biddencoc,1995
333timefortitties,1996
tittietime,1996
retiredshoes,1997
smw,1998
dickpics4freedom,1999
ucompass,1999
grimoires,2000
ritualisticreddit,2000
police_discussion2015,2001
songjieun,2002
ethan_kahn,2003
iwrongy,2004
teramelos,2005
voltz,2006
voltzservers,2006
whodoilooklike,2007
chiappa,2008
jollyq,2009
uvoid,2010
wolfpac,2011
fuckinthecomments,2012
personalfinancenews,2013
thewalkingreddits,2014
supportivegames,2015
photoartpenpals,2016
snailmailsociety,2016
jewelrymaking,2017
rosyboas,2018
frliberland,2019
liberlander,2019
kawaiikidsklub,2020
techwrit004,2021
businessadvice,2022
taliekod,2023
walletprint,2024
whitelistthis,2025
onenightatflumptys,2026
spiritlords,2027
spiritlordsgame,2027
raithwind,2028
bleutrade,2029
virtacoin,2029
virtacoinfoundation,2029
nbaroundtable,2030
dietetics,2031
relationship_comments,2032
songslapping,2033
trueppd,2034
draftsforthedraft,2035
upapples,2036
awesomemutantpowers,2037
islandparkny,2038
zooolanderconspiracy,2038
imaginaryworldeaters,2039
peacefulpurple,2040
purpleyellowalliance,2041
bgv,2042
alexday,2043
sexygames,2044
dwapb,2045
ketomeatup,2046
bbsquad,2047
rbalpha,2047
royalbluev,2047
erasmus,2048
erasmusorgasm,2048
someoneshould,2049
whatsmyimpression,2050
fullmoviesandtvshows,2051
fulltvshowsonyoutube,2052
baseballscorecards,2053
hydranting,2054
sillygirls,2055
nipplerock,2056
explainlikeimricky,2057
red_velvet,2058
hotlinemiamimaps,2059
coldwarmapgame,2060
cwmgstories,2060
mmm,2061
vanillawowserver,2062
sciontc,2063
internationalwomen,2064
hottoys,2065
yesfap,2066
prenatal,2067
bracke,2068
babyfaceknees,2069
thingwiththings,2070
maayasakamoto,2071
yokokanno,2071
goodluckcake,2072
usy,2073
pintech,2074
unbanreddit,2075
nflshitpost,2076
banane,2077
flame_haven,2078
stickoftruth,2079
noice,2080
flyingtestreddit,2081
speedrunnersgame,2081
lgbtrees,2082
touchpad,2083
brapbible,2084
modellibertylobby,2085
ancap_poetry,2086
imaginarypropaganda,2087
chocolatex,2088
expectedjihad,2089
apex_nc,2090
randomactsofbalance,2091
uncledan,2092
hairypornvideo,2093
headless,2094
cringeiam,2095
plt,2096
dave5,2097
thr,2098
inkwellideas,2099
edmshare,2100
smarter,2101
zmarter,2102
jerkmycircle,2103
headsupbaseball,2104
cgpgreymemes,2105
midcenturymodern,2106
funnycakes,2107
warowl,2108
shartmander,2109
shittycharmander,2109
batgirl,2110
formulajuan,2111
indycarporn,2111
storyclouds,2112
redditchessleague,2113
theydidthemememath,2114
evilbrainstorming,2115
grecoromanpaganism,2116
hellenicpagan,2116
likesconspiracy,2117
shitundeletesays,2118
farmcraft,2119
harvestmine,2120
lasnochesrp,2121
rpbleach,2121
seireiteirp,2121
xcutionrp,2121
tdwp,2122
allnorthernsparrow,2123
northernsparrow,2123
outsidermusic,2124
bestofffa,2125
elitesofwar,2126
bmccuser,2127
trackertalk,2128
dota2circlejerkjerk,2129
cuntymcgiggles,2130
stealmypants,2131
deadlyeighteen,2132
omnipotent_league,2132
birdcoin,2133
freecoins,2133
catholicjobs,2134
halifaxsoccer,2135
apchem,2136
clevelandsocial,2137
lasercut,2138
peoplelikekevin,2139
gaguns,2140
scguns,2140
fingerlakeswine,2141
lichardrewis,2142
thirdeyeblind,2143
mcpemods,2144
twgok,2145
zzzz,2146
chromarequest,2147
vajen,2148
fphmythos,2149
celebritypussy,2150
nederporn,2150
techintake,2151
postpoppunk,2152
keyshappenings,2153
debatenazism,2154
purplepeoplemilitia,2155
rpg_puzzles,2156
westernbulldogs,2157
zensangha,2158
greenmountaingaming,2159
therealdeal,2160
internetworking,2161
modelabs,2162
mcjcjcirclejerk,2163
onetruepenguin,2164
agingbiology,2165
cryptonote,2166
18650,2167
31c3,2167
600euro,2167
a1telekom,2167
a7arte,2167
aachen,2167
aacricketclub,2167
aalborg,2167
abbey_well,2167
abetterworldnews,2167
acmilan,2167
acteuropa,2167
activesupport,2167
actonglobal,2167
adelaide,2167
adelaidefc,2167
adelaideunited,2167
adhs_de,2167
aeiou,2167
aerialphotography,2167
afcbournemouth,2167
afcon,2167
afcwimbledon,2167
afd,2167
afl,2167
aflcirclejerk,2167
aflevo,2167
aflfantasy,2167
aflvote,2167
afrikaans,2167
agricultureporn,2167
aik,2167
aixmarseille,2167
ajaxamsterdam,2167
ajestuncon,2167
albertobarbosa,2167
aleague,2167
aleagueonline,2167
algeria,2167
algerianfootball,2167
allsvenskan,2167
altruista,2167
aluhut,2167
ameristralia,2167
amsterdam,2167
amsterdaments,2167
amsterdamuc,2167
anarchisme,2167
anarquistasmexicanos,2167
ancap_dk,2167
andorra,2167
angola,2167
animeportugal,2167
antarcticapics,2167
anti300sjw,2167
anti_scemi,2167
arbeiterbewegung,2167
arbetarrorelsen,2167
ardidos,2167
argrd,2167
arizonaunitedsc,2167
arjenlubach,2167
arminia,2167
arsenal,2167
aschaffenburg,2167
asiancuties,2167
asiansoccer,2167
askfrance,2167
askitaly,2167
askswitzerland,2167
asmundrmussgehen,2167
asozialesnetzwerk,2167
asroma,2167
atemywords,2167
atheismus,2167
athleticclub,2167
atlantaunited,2167
atletico,2167
augsburg,2167
ausderschleife,2167
aussports,2167
austinaztex,2167
australianmfa,2167
australiansport,2167
austria,2167
austriansports,2167
avfc,2167
bahia,2167
baneados,2167
bangalore,2167
barca,2167
barcelona,2167
barclayspl,2167
batepapo,2167
bavaria,2167
bayer04,2167
bcfc,2167
bedstaf,2167
belgianfootball,2167
belgica,2167
belgiumcirclejerk,2167
belgiummeta,2167
bell_whiff,2167
belltower,2167
benfica,2167
bengalurufc,2167
beredskap,2167
berlin,2167
berlinsocialclub,2167
berlinstartups,2167
bern,2167
besiktas,2167
besoindeparler,2167
besteurope,2167
bestevan,2167
bestoffrance,2167
bestofitaly,2167
bestofsweddit,2167
bestofsweden,2167
betriebsrat,2167
bhopal,2167
biciesp,2167
biodling,2167
bitesized,2167
blackandred,2167
blaguesenfrancais,2167
blognetz,2167
blowjob,2167
blowjob_eyes,2167
blowjobs,2167
bluebirds,2167
boardgamesqc,2167
bologna,2167
bonamassa,2167
boondocksaints,2167
bootroom,2167
bordeaux,2167
borns,2167
boro,2167
borussiadortmund,2167
botafogo,2167
bournemouth,2167
braywanderers,2167
bremen,2167
bretagne,2167
brfc,2167
briantaylor,2167
bridgeengineers,2167
bridgend,2167
brightonhovealbion,2167
brisbanelions,2167
british,2167
brohit,2167
bsfc,2167
buckfast,2167
buecher,2167
bundesliga,2167
burnley,2167
bussiere,2167
butleruniversity,2167
bvbcaralho,2167
bvbcirclejerk,2167
bvbfifa,2167
bvbgonewild,2167
bvbmeetups,2167
cajon,2167
caldoverde,2167
calembourdemerde,2167
canadasoccer,2167
canadiangraffiti,2167
canadianpl,2167
canty,2167
capeverde,2167
cardiff,2167
careerguidance,2167
cariverplate,2167
carltonblues,2167
carltonfc,2167
carthaginianempire,2167
casualuk,2167
catalan,2167
catalonia,2167
catalunya,2167
cdu,2167
celebsmx,2167
celticfc,2167
chadpc,2167
chalga,2167
championship,2167
chapeubranco,2167
charlestonbattery,2167
charlotteindependence,2167
chattanoogafc,2167
chch,2167
chelseafc,2167
chennai,2167
chicagofire,2167
chinesesoccer,2167
chivas,2167
chivasusa,2167
choklad,2167
chtrees,2167
churchofgoogle,2167
ciencia,2167
cirkeltrek,2167
civico,2167
clevelandroyals,2167
coeursbrisesdefrance,2167
collegesoccer,2167
collingwoodfc,2167
cologne,2167
columbuscirclejerk,2167
columbusgo,2167
commeditlajeunemariee,2167
communedereddit,2167
comunitatvalenciana,2167
concacaf,2167
conferencefootball,2167
connardsdeparisiens,2167
conseilnational,2167
conspiration,2167
corinthians,2167
corrupciondemexico,2167
cotedivoire,2167
coys,2167
coyscirclejerk,2167
coyswallpapers,2167
cpbl,2167
cricket,2167
cricket_highlights,2167
cricketcirclejerk,2167
cricketshitpost,2167
croydon,2167
cruzazul,2167
crystalpalace,2167
cscareerquestionseu,2167
ctfc,2167
cutekorean,2167
cykel,2167
cymbals,2167
dach_outdoor,2167
dalida,2167
dancesport,2167
dangerousdesign,2167
danish,2167
danishlanguage,2167
danishlaw,2167
danishracism,2167
dank,2167
darmstadt,2167
dasohristderweg,2167
datgebeurde,2167
dcunited,2167
ddr,2167
de,2167
de_edv,2167
de_iama,2167
de_iama_wissenschaft,2167
de_it,2167
de_republiek,2167
de_simulator,2167
de_simulator_meta,2167
de_sport,2167
de_tektive,2167
dejobs,2167
dekock,2167
delhi,2167
deludedreddevils,2167
denglish,2167
denmark,2167
deohneregeln,2167
depression_de,2167
derbycounty,2167
derwachsen,2167
dessertporn,2167
detandenborstel,2167
detroitcityfc,2167
deutsche,2167
deutschland,2167
deutschrap,2167
devonuk,2167
devpt,2167
dfb,2167
diefrontpage,2167
diepartei,2167
diewolfe,2167
direitosdoshomens,2167
dirtpudding,2167
discorsidabar,2167
doener,2167
dokumentationen,2167
draftepl,2167
dreamhack,2167
drehscheibe,2167
drogen,2167
drumbuilding,2167
drums,2167
drumstudy,2167
dutchboardgames,2167
dynamo,2167
e_4,2167
easternladyboners,2167
eawi14uag,2167
ecouteca,2167
eder,2167
edinburgh,2167
edinburgh_university,2167
edrums,2167
effondrement,2167
effzeh,2167
eindhoven,2167
einfach_posten,2167
eisenbahnromantik,2167
elazigspor,2167
electricskateboarding,2167
elsmarcove,2167
encryption,2167
enculesdeprovinciaux,2167
enfrancais,2167
england,2167
enoughschulzspam,2167
ensenada,2167
entoutemodestie,2167
epana,2167
epfl,2167
episch,2167
epl,2167
epltalk,2167
erdoganpoetryslam,2167
eredivisie,2167
es,2167
esbjerg,2167
escrita,2167
escueladecirculos,2167
eskilstuna,2167
essendonfc,2167
estadosunidos,2167
ethz,2167
euro2016tips,2167
europeanculture,2167
europeanfederalists,2167
euros,2167
everton,2167
evertonphotos,2167
evertonwolfsburg,2167
evolvegtskateboards,2167
evolveskateboardsusa,2167
exmormonen,2167
explainthejoke,2167
exyufootball,2167
exzj,2167
fabuleuxdestin,2167
fahrrad,2167
falsefriends,2167
falun,2167
famoseworte,2167
fanclubdechefvautour,2167
fanolato2,2167
fantasymls,2167
fantasypl,2167
fawsl,2167
fazeramigos,2167
fbrancais,2167
fcbasel,2167
fcbayern,2167
fccincinnati,2167
fcedmonton,2167
fcintermilan,2167
fcporto,2167
fcsp,2167
feisbuk,2167
fenerbahcesk,2167
fgr,2167
fifa_ysl,2167
fifacareer,2167
fifacareers,2167
filme,2167
filmemacher,2167
financaspessoaispt,2167
firefund,2167
flagstaff,2167
fliesentisch,2167
flindersuni,2167
fohlenelf,2167
football,2167
footballdocumentaries,2167
footballdownload,2167
footballhighlights,2167
footballmanagergames,2167
footballonthisday,2167
footballskills,2167
footballtactics,2167
footballtickets,2167
footbaww,2167
forecastingtournament,2167
forsvaret,2167
fragreddit,2167
francais,2167
france,2167
franceliberale,2167
francesinhas,2167
francophonie,2167
franken,2167
frankfurt,2167
frankreich,2167
franse,2167
franselibre,2167
frascati,2167
fraukepetry,2167
frcycling,2167
freeflight,2167
freiburg,2167
fremantlefc,2167
fremdschaemen,2167
french,2167
frenchimmersion,2167
frenchrock,2167
frenchtech,2167
frenchtourist,2167
frenchwestindies,2167
friedchicken,2167
friendfeed_italiano,2167
frihet,2167
frihet_txt,2167
frontdegauche,2167
fsm,2167
ftlstrikers,2167
fucklex,2167
fulbo,2167
fulhamfc,2167
fullmoviesonvimeo,2167
funnyreddit,2167
fussball,2167
futbol,2167
futbolmx,2167
futebol,2167
futmobile,2167
futthedutchies,2167
galatasaray,2167
galway,2167
gamingportugal,2167
gamledanmark,2167
gato20,2167
gauchecontredroite,2167
gavle,2167
gcfc,2167
gdr,2167
geelongcats,2167
gentilsvirus,2167
geographie,2167
geoguessr,2167
georgegalloway,2167
germanconversation,2167
germanpuns,2167
germanrap,2167
germanshills,2167
germantrees,2167
germanvideos,2167
gerontologie,2167
geschichte,2167
getinthesea,2167
gevaaalikdotcom,2167
gezellig,2167
ghana,2167
ghostsnow,2167
gibraltar,2167
gifcollages,2167
giffar,2167
girlswhoride,2167
glasgow,2167
globalinternet,2167
globalpowers,2167
gloving,2167
goalkeepers,2167
goetheuni,2167
goldenmanager,2167
goodmonicemo,2167
googletranslategore,2167
gothenburg,2167
granadacf,2167
grandsud,2167
graz,2167
gremio,2167
gribouillis,2167
grmd,2167
groenlinks,2167
grosmots,2167
grundeinkommen,2167
gunners,2167
gwsgiants,2167
hagen,2167
halamadrid,2167
hamburg,2167
hammarby,2167
hammers,2167
hamonpourpresident,2167
handball,2167
hangaeun,2167
hawktalk,2167
heidelberg,2167
helsingborg,2167
helyllemejmejs,2167
henrejeri,2167
herthabsc,2167
hibsfc,2167
hispanic,2167
hitler,2167
hitsworthturkingfor,2167
hmilw,2167
hofors,2167
homosexuellenclub,2167
hotsoccerfans,2167
howson,2167
hsv,2167
hullcity,2167
hyderabad,2167
iamselling,2167
ichbin14unddasisttief,2167
ichbinsehrschlau,2167
ik_ihe,2167
iksnatten,2167
immigrazione,2167
inboard,2167
incipit,2167
independentlondon,2167
indiancinema,2167
indianents,2167
indianfootball,2167
indiansuperleague,2167
indyeleven,2167
ingensomn,2167
inlaggfranbesokare,2167
internacional,2167
international_music,2167
international_soccer,2167
internationalbaseball,2167
intlaunchservices,2167
invisiblebicycles,2167
ipswichtownfc,2167
irishleaguefootball,2167
isaidyes,2167
isbekenntsich,2167
ist,2167
itaglia,2167
italia,2167
italianamateurs,2167
italiangaming,2167
italianlearning,2167
italy,2167
italy_ss,2167
italycalcio,2167
italygames,2167
italygastronomia,2167
italyinformatica,2167
italylgbt,2167
italymeltdown,2167
italymotori,2167
itchyfeet,2167
jag_ivl,2167
jakt,2167
jardin,2167
jasoncirclejerk,2167
javlafan,2167
jazzdrums,2167
jeanlucmelenchon,2167
jebusgobsonfacts,2167
jebussquadformation,2167
jebuswatch,2167
jenniferaniston,2167
jenniferlovehewitt,2167
jesuisencpetcestdrole,2167
jesuistresintelligent,2167
jklfs,2167
joegoes,2167
johnoliver,2167
jornalismo,2167
josebama,2167
jozysucks,2167
judgemyaccent,2167
justicedeclasse,2167
juve,2167
kabistan,2167
kabylie,2167
kacken,2167
kadean,2167
keinkontext,2167
keinzusammenhang,2167
kerry,2167
kichuku,2167
kiel,2167
kitsell,2167
kitswap,2167
kleague,2167
klimawandel,2167
kloppquotes,2167
kochen,2167
koeln,2167
kopieerpasta,2167
krankt,2167
kreiswichs,2167
kth,2167
kulturmarxism,2167
lacheliebelebe,2167
lafc,2167
lafiera,2167
lagalaxy,2167
laliga,2167
lamasia,2167
lanl_french,2167
latics,2167
latinegocios,2167
lcfc,2167
league1ontario,2167
leagueofireland,2167
leagueone,2167
leagueroundups,2167
learnfrench,2167
learnspanish,2167
lecutinsideman,2167
leeds,2167
leedsunited,2167
leiden,2167
leipzig,2167
leiria,2167
lestaxissontdescons,2167
letoetgeneratie,2167
letremplin,2167
lfctalk,2167
libertadores,2167
libertafinanziaria,2167
libri,2167
liechtenstein,2167
ligamx,2167
liganos,2167
lightshow,2167
ligue1,2167
linkoping,2167
lionel,2167
liquicity,2167
lisboa,2167
liverpool,2167
liverpoolcirclejerk,2167
liverpoolfc,2167
livres,2167
livros,2167
ljungby,2167
logbuchdescaptain,2167
london,2167
londonbookclub,2167
londonfootballmeetup,2167
londongastronauts,2167
londonsocialclub,2167
louisvillecityfc,2167
louisvillecoopers,2167
lyon,2167
madtekkers,2167
maimaischmiede,2167
mainz,2167
mainz05,2167
malaise,2167
maldives,2167
malmo,2167
malmoe,2167
manchester,2167
manchestergigs,2167
mannaussachsen,2167
mannheim,2167
manuelvalls,2167
marbel,2167
marburg,2167
mareactionquand,2167
marijuana_enthusiasts,2167
marimba,2167
marktplaats,2167
martinique,2167
masl,2167
mauvaisespolitiques,2167
mbcafe,2167
mbundestag,2167
mcfc,2167
mcmexico,2167
mecsfous,2167
medejongeren,2167
melbournecity,2167
melbournefc,2167
melbournevictory,2167
memexico,2167
merdeinfrance,2167
metaldrums,2167
mevoyamictlanporesto,2167
mexico,2167
mexicocity,2167
mexicodf,2167
mexicorants,2167
mexicosincensura,2167
mexijobs,2167
miamifc,2167
middlesbrough,2167
milano,2167
milkeddit,2167
minnesotaunited,2167
mitrocirclejerk,2167
mls,2167
mlslounge,2167
moabit,2167
modelcatholicchurch,2167
modelfolketinget,2167
modelfrassemblee,2167
modelfrgov,2167
modellpartierna,2167
modlcathchrchinschsm,2167
monalisaclan,2167
monarcas,2167
monterrey,2167
montrealjobs,2167
morenabaccarin,2167
moulinsavent,2167
mrcrashdummy,2167
msmom,2167
mturk,2167
mturkforum,2167
muenster,2167
mufc_history,2167
mumbai,2167
mun,2167
mundart,2167
munich,2167
munichsocialclub,2167
musiqpad,2167
na13a,2167
nancy,2167
nantes,2167
narcos,2167
narcoticsanonymous,2167
nasheedsquad,2167
naslsoccer,2167
natuurlijkbestaatdat,2167
nau,2167
neckbeard,2167
nederland,2167
needafriend,2167
nense,2167
netherlands,2167
netherlandsworldcup,2167
networkmindstogether,2167
nevillepunditry,2167
newcastle,2167
newcastleunitedjets,2167
newdelhi,2167
newenglandrevolution,2167
nffc,2167
nfluk,2167
ngolo_kante,2167
nichtderpostillon,2167
nichtdiepartei,2167
nichtdietagespresse,2167
nmmusicindia,2167
nmun,2167
norcisucks,2167
nordvssud,2167
norskfotball,2167
northcarolinafc,2167
northmelbournefc,2167
norwichcity,2167
nottscounty,2167
notworldnews,2167
nouvellesdumonde,2167
npsl,2167
nrlcirclejerk,2167
nrw,2167
nsfwcommercials,2167
nsw,2167
nufc,2167
nufcirclejerk,2167
nujijinactie,2167
nwsl,2167
nycfc,2167
nycosmos,2167
nzfootball,2167
ocbluesfc,2167
oceaniafc,2167
odditymall,2167
odense,2167
odenseboldklub,2167
ogcnice,2167
okcenergy,2167
oldindia,2167
olympiakosfc,2167
olympiquedemarseille,2167
olympiquelyonnais,2167
onkelwichse,2167
opendata_pt,2167
operationstreisand,2167
osnabrueck,2167
osservatoriorenzi,2167
otf4,2167
otonde,2167
ottawafuryfc,2167
oudeschoolgaaf,2167
ourredditfc,2167
p2ps,2167
palmeiras,2167
paranoiashoppe,2167
paris,2167
parisbookx,2167
paristravelguide,2167
parliamodicalcio,2167
partitodemocratico,2167
pasjokes,2167
paslegorafi,2167
pdl,2167
pedale,2167
penno,2167
percussion,2167
perlediperlediritaly,2167
perlediritaly,2167
personalfinances,2167
perth,2167
perthglory,2167
perthjobs,2167
pesmobile,2167
petitpain,2167
phillyunion,2167
philosophie,2167
phloa,2167
photowalks,2167
piccolifascidiritaly,2167
pietsmiet,2167
pinsamt,2167
piratenpartei,2167
piratenpartij,2167
piratpartiet,2167
pitandpat,2167
place_vandals,2167
placenl,2167
plasoccer,2167
plaza_podemos,2167
plazaandalucia,2167
plazaaragon,2167
plazacantabria,2167
plazacastillayleon,2167
plazacatalunya,2167
plazaeuskadi,2167
plazagalicia,2167
plazaillesbalears,2167
plazalarioja,2167
plazalaviana,2167
plazaparticipacion,2167
plazapartidopopular,2167
plazapaterna,2167
plazapodempalma,2167
plazapodempalmacentre,2167
plazapozuelo,2167
plazaregionmurcia,2167
plazasoria,2167
plazazamora,2167
pleurnicheries,2167
plur,2167
pne,2167
pocketcricket,2167
podem_abrera,2167
podemos,2167
podemos_alcosanse,2167
podemos_sanse,2167
podemosbdn,2167
podemoscannabico,2167
podemoscl,2167
podemoselcampello,2167
podemosexterior,2167
podemosgijonxixon,2167
podemosgranada,2167
podemosmalaga,2167
podemospontedeume,2167
podemospropuestas,2167
podemosvigo,2167
pokemongoch,2167
pokemongoleedscity,2167
politicademexico,2167
politicaita,2167
politique,2167
porto,2167
portugal,2167
portugalcaralho,2167
portugalgaming,2167
portugalnostalgia,2167
portugueseliga,2167
post00100,2167
potatopotato,2167
poutineisquebecois,2167
pranger,2167
preguntaleareddit,2167
premierleague,2167
pretoria,2167
prfc,2167
primeiraliga,2167
prinshenrik,2167
privatekonomi,2167
programmation,2167
programmazione,2167
prosports,2167
ps4communities,2167
psg,2167
psoe,2167
psv,2167
publichealth,2167
puebla,2167
pueblafc,2167
puppetry,2167
pzacastillalamancha,2167
qsl,2167
quebec,2167
quebeccity,2167
quebeclevis,2167
quebecoin,2167
quefaitlapolice,2167
queterunya,2167
quillsplace,2167
quintoimperio,2167
railhawks,2167
rance,2167
ranganaherath,2167
rangersfc,2167
ranm,2167
rapids,2167
ratschlagtiere,2167
rayados,2167
rayookc,2167
rbny,2167
reallifefootball,2167
realmadrid,2167
recording,2167
recordingmusic,2167
reddevils,2167
redditindenmedien,2167
redditsafe,2167
redditwanderers,2167
redditwritesthemovies,2167
regensburg,2167
reggaeton,2167
regierungsfragen,2167
reiffs,2167
removalbot,2167
rennes,2167
rentabasica,2167
revenudebase,2167
revistamariaresponde,2167
richmondfc,2167
rijmendichten,2167
riketsverige,2167
riograndevalleyfc,2167
riverhounds,2167
roma,2167
romancenovels,2167
romanianfootball,2167
rome,2167
roskildefestival,2167
rotterdam,2167
rozelle,2167
ruhmeshalle,2167
rwsteinlovesme,2167
sacrepublicfc,2167
safc,2167
saintlouisfc,2167
saintsfc,2167
saintsfcladsontour,2167
samisfat,2167
sanantoniofc,2167
sandyvaginaalerts,2167
santosfc,2167
sarkoaucachot,2167
sascorpionsfc,2167
sccambuur,2167
schaffhausen,2167
schalke04,2167
scheissedielasessagt,2167
scheissedieredditsagt,2167
schland,2167
schwaben,2167
schweiz,2167
schwul,2167
scienzaitalia,2167
scotrail,2167
scottishfootball,2167
scottweber,2167
sdeibar,2167
seashepherd,2167
seilbahn,2167
self_de,2167
seriea,2167
sevillafc,2167
sexykoreangirls,2167
sexymusicvideos,2167
sexysouthafrica,2167
sfcityfc,2167
shane_watson,2167
shannon_gabriel,2167
sheffieldunited,2167
sheffieldwednesday,2167
shitfacts,2167
shitgermanssay,2167
shitlynxlynxlynxsays,2167
shitmexicosays,2167
shitnetherlandssays,2167
shitnordaboossay,2167
shitreichsburgerssay,2167
shitrportugalsays,2167
shitrsoccersays,2167
shittyfamilyanalogies,2167
shittygraphporn,2167
siemens,2167
simacefiga,2167
sjearthquakes,2167
sketchy,2167
skiracing,2167
skitpost,2167
skitssssager,2167
skitsswedditsager,2167
skitswedditsager,2167
skitvansternsager,2167
skolarbete,2167
skyblue,2167
skypepals,2167
slips,2167
smores,2167
snagit,2167
snus,2167
soccer,2167
soccer_hall_of_shame,2167
soccer_transfers,2167
soccerbanners,2167
soccerbetting,2167
soccerbooks,2167
soccercaralho,2167
soccercirclejerk,2167
soccercringe,2167
soccerdesign,2167
soccerdiscussions,2167
soccerdownloadclub,2167
soccerdweebz,2167
soccergifs,2167
soccerhighlightsclub,2167
soccerlinks,2167
soccernerd,2167
soccernoobs,2167
soccerpredictions,2167
soccerqualifiers,2167
soccerref,2167
soccershowerthoughts,2167
soccerstreams,2167
socialfrance,2167
socialparis,2167
sociedad,2167
sonsofben,2167
soundersfc,2167
southendunited,2167
southwales,2167
spain,2167
spanish,2167
spanishfootball,2167
spardirdenklick,2167
sparfuechse,2167
spb,2167
speedskating,2167
spel,2167
spfc,2167
spideymeme,2167
spoilerfree,2167
sportingcp,2167
sportingkc,2167
sportnl,2167
sportssimleagues,2167
squalidprogress,2167
sscnapoli,2167
startrekgermany,2167
startup_de,2167
steinsgatefr,2167
steve_smith,2167
stil,2167
stjohnstone,2167
stkilda,2167
stockholm,2167
stokecityfc,2167
storia,2167
strasbourg,2167
stratagemfc,2167
streamking,2167
streetshitting,2167
stuff,2167
stuttgart,2167
stvv,2167
subreddit_stats,2167
subredditkrafta,2167
subredditstreit,2167
subreddittoneelstuk,2167
suit,2167
sup,2167
superhoops,2167
superligaen,2167
sv98,2167
svenska,2167
svenskapoddar,2167
svenskhistoria,2167
svenskpolitik,2167
svensktdrama,2167
sverige,2167
sverigerunt,2167
sverigeskommuner,2167
swansea,2167
swanseacity,2167
sweddituniversalis,2167
sweden,2167
swedenbroke,2167
swedenpics,2167
swedetzerland,2167
sweflix,2167
swegan,2167
swirclejerk,2167
swissbuyers,2167
switzerland,2167
swopeparkrangers,2167
sydney,2167
sydneyfc,2167
sydneyswans,2167
t20stats,2167
taberna,2167
taklif,2167
tamilnadu,2167
tampabayrowdies,2167
tanium,2167
tauschuruu,2167
teach,2167
teammelli,2167
technik_und_it_de,2167
teflon,2167
telegramchannels,2167
tellreddit,2167
tesladk,2167
tevroeg,2167
tfc,2167
tha_pit,2167
thamizh,2167
the_pulisic,2167
the_schulz_meta,2167
the_somuncu,2167
thechairboys,2167
thegoats,2167
thehague,2167
theitcrowd,2167
thekitroom,2167
themassive,2167
themlscirclejerk,2167
thenetherlands,2167
thesun,2167
thorns,2167
threelions,2167
ticino,2167
tijuana,2167
timbers,2167
timcahill,2167
tippeligaen,2167
tirol,2167
titelbloedbad,2167
tldraroundtheworld,2167
toole_lokig,2167
torino,2167
torontojobs,2167
totsaubameyang,2167
tottenham,2167
toulouse,2167
training,2167
transport,2167
treesmovienight,2167
truecreepy,2167
truefrance,2167
trueitaly,2167
trueshitamericanssay,2167
tuberlin,2167
tuetensuppen,2167
turingchurch,2167
turkishfootball,2167
turnfm,2167
tuurlijkisdateending,2167
twowordseach,2167
ukandirishbeer,2167
ukdocumentaries,2167
ukguns,2167
ukrainefootball,2167
ukrepublic,2167
umea,2167
unammx,2167
unexpectedgot,2167
unfavorablesemicircle,2167
unterlaseskrebs,2167
upvotedbd,2167
urinalbeefs,2167
urz,2167
uselessstats,2167
uslpro,2167
usopencup,2167
ussoccer,2167
uteurloopen,2167
vackertnamn,2167
valenciacf,2167
vasteras,2167
vegande,2167
veganismo,2167
vegaslocals,2167
veilchen,2167
veqqfragtdeutschland,2167
veracruz,2167
vergonhaalheira,2167
vfbstuttgart,2167
vienna,2167
vikingdenmark,2167
vinaykumar,2167
virginiacavalry,2167
virtualworldtour,2167
vitessearnhem,2167
vln,2167
vlokkenmasterrace,2167
vorarlberg,2167
vosfinances,2167
wales,2167
watchitfortheplot,2167
waterporn,2167
watford,2167
watford_fc,2167
wbafootball,2167
weareportadelaide,2167
welshfootball,2167
welshrugbyunion,2167
weltenorte,2167
westcoasteagles,2167
westconnex,2167
westendwank,2167
westsydney,2167
whitecapsfc,2167
whythedownvotes,2167
wien,2167
wildgegangen,2167
wilmingtonhammerheads,2167
wimbledon,2167
wimblywomblys,2167
windmills,2167
wirtschaft,2167
wissenschaft,2167
witze_erklaeren,2167
wleague,2167
wokken,2167
womenssoccer,2167
worldcup,2167
worldfootball,2167
worldmusic,2167
worstofsoccer,2167
wortwitzkasse,2167
wrexhamafc,2167
wsw,2167
wumselitospieleforum,2167
wwfc,2167
wycombewanderersfc,2167
xolos,2167
yegrammarsucks,2167
yellowknife,2167
yishansucks,2167
yorkshire,2167
yorkshirebusiness,2167
youtubefactsbot,2167
ytfc,2167
ytfccirclejerk,2167
yucatan,2167
zebishopall,2167
zeitungskater,2167
zeldatattoos,2167
zenit,2167
zeunertsmasterrace,2167
zocken,2167
zurich,2167
zweiteliga,2167
danknetmarkets,2168
hartfordwolfpack,2169
mlpshowerthoughts,2170
melonrights,2171
vapedadjokes,2172
dominations,2173
dominationsguides,2173
stealthwarriors,2173
12keys,2174
dxracer,2175
league,2176
loltube,2176
deltacompany297,2177
fuck_all_mods,2178
californiabeer,2179
vcbeer,2179
baltimorebohemainsfc,2180
shadowsofthelimelight,2181
bayofplenty,2182
earthbag,2183
earthbagbuilding,2183
xim4,2184
driveclubclubs,2185
dadbeards,2186
beagles,2187
coolwords,2188
ukpr,2189
upvotethis,2190
americanodyssey,2191
retiredvideo,2192
faithclub,2193
fullsizejeep,2194
musclegear,2195
benfranklinfanclub,2196
memorisation,2197
khergitball,2198
mountandball,2198
syntheticbiology,2199
cv_amiibros,2200
shootoff,2201
zanzibar,2202
vrshopping,2203
c_realm,2204
fnafbattlearena,2205
puddlemere_united,2206
qquafflepunchers,2206
quidditch_world_cup,2206
tutshill_tornados,2206
uhcresourcepacks,2207
aix,2208
tf2lessons,2209
kekoslovakia,2210
distantworlds,2211
jaythings,2212
coinrx,2213
demonkingdom,2214
kingdomdark,2214
kingdoms,2214
yhay,2215
foodmyths,2216
jinxmains,2217
fullmoviesonline,2218
wofl,2219
ideasfrommyhead,2220
dontleaveme,2221
coffeeporn,2222
dublinohio,2223
gamesito,2223
loveandlight,2224
starcrawlers,2225
mfz,2226
imaginaryblueprints,2227
payformyrti,2228
cubeecraft,2229
kungfury,2229
q_dance,2230
gunmishaps,2231
globaloffensivetil,2232
buttoneers,2233
dota2_jp,2234
electricpeople,2235
zenpinball,2236
h1z1clans,2237
appchat,2238
mindfulmusic,2239
cwtotfatttgiobba,2240
dogepots,2241
antifatart,2242
fphdrawings,2242
lpc_plc,2243
thegrits,2243
gestationaldiabetes,2244
smithxsuperheroes,2245
mechapb,2246
tripmineporn,2247
lenslovers,2248
ankara,2249
tnafbr,2250
soakoff,2251
amiibogore,2252
mymana,2253
chessmatchups,2254
chuckpalahniuk,2255
ohl,2256
coloredpencils,2257
johannesburg,2258
motivashian,2259
webcomicunderdogs,2260
solasmancers,2261
justinamash,2262
ttstl,2263
truetruestl,2264
friendlytrutharg,2265
facelog,2266
raremeatmasterrace,2267
learngalician,2268
redditguardiansrk,2269
theredditrebels,2270
mew,2271
legoworld,2272
legoworldsgame,2272
1990boys,2273
mynsfw,2274
npl,2275
ollyrules,2276
bustybabesgalore,2277
feedworthy,2278
siteslikemturk,2279
unitytutorialhub,2280
garbagepailkids,2281
geepeekay,2281
elleniskillingreddit,2282
elisalam,2283
apink,2284
crystalclear,2284
ellenpaogw,2285
starcraftdeutschland,2286
philo_jp,2287
thebuttonaftermath,2288
thebuttonremastered,2288
tunapasta,2289
jura,2290
barekatsgw,2291
shsu,2291
lateshowcolbert,2292
iliketograbstraws,2293
philippinebasketball,2294
solaris,2295
hmmsquad,2296
yeah,2297
rochesterhills,2298
obert_paulson,2299
systemsthinking,2300
metrowest,2301
natick,2301
rip_eric,2302
animalskillingpeople,2303
kazakh,2304
askboston,2305
maroc,2306
renterrightspdx,2307
didnazithatcoming,2308
watchpeoplecry,2309
coffeejerk,2310
projectindie,2311
fatadmins,2312
charlesmingus,2313
applemusicservice,2314
fukfatties,2315
advancedluciddreaming,2316
somnus,2317
edited,2318
saroekin_redditbots,2318
octranspo,2319
bitcoinsaltlakecity,2320
fatpeoplehatesatan,2321
aepi,2322
rulefollower,2323
boomco,2324
brendanfraser,2325
buttonica,2326
piquant2013,2327
bosredsox,2328
kindersurprise,2329
shitploungerssay,2330
itspat,2331
pleasantvalleyhall,2332
pvhbountiesboard,2332
yzf,2333
kustom,2334
musgovpress,2335
thesoutherntimes,2336
ethicalgamer,2337
radiotransmissions,2338
mhocedm,2339
projectcars,2340
fifthworldabstractart,2341
jontrontil,2342
zppa,2343
clickteam,2344
mmf2,2345
waldenherz,2346
librarygirls,2347
comemeunism,2348
secret,2349
wind,2349
windenergy,2349
luxury,2350
blacksmithtutorials,2351
guitarpedalscringe,2352
thetick,2353
louisejenson,2354
titfuck,2354
tittyjobs,2354
gardens,2355
stellarlotus,2356
smallville,2357
tennocafe,2358
dumbevilplans,2359
yoshi,2360
jontronikeaconspiracy,2361
hearthstonedadjokes,2362
supuns,2362
chaska,2363
besttoday,2364
democraticsocialist,2365
crypto_bot,2366
pharmastock,2367
acba,2368
antigua_and_barbuda,2369
anniecruz,2370
myownmotivation,2371
animalshelterstories,2372
20ss,2373
rocketbeanscirclejerk,2374
antibronyclopstudy,2375
evefr,2376
fashionporn,2377
ksp2management,2378
oldbayseasoning,2379
100sexiest,2380
1night2days,2380
2hourtracksundays,2380
2meirl42meirl4meirl,2380
365music,2380
4anl,2380
505nerds,2380
6lack,2380
8tracks,2380
90salternative,2380
90smusic,2380
90srock,2380
99percentinvisible,2380
a1st,2380
aaroncarter,2380
abandonware,2380
abem,2380
ableton,2380
abletonlive,2380
about,2380
aboveandbeyond,2380
aboxofalexandrekoyre,2380
abstergoindustries,2380
academicghostwriting,2380
acadia,2380
accidentalrhymes,2380
accordion,2380
aceofangels8,2380
aceofpets,2380
acidhouse,2380
acousticguitar,2380
acoustics,2380
acting,2380
adamruinseverything,2380
adrenaline,2380
adrenalineporn,2380
adtr,2380
advancedproduction,2380
adventurermusic,2380
advicepizza,2380
afterschool,2380
agrarianism,2380
agriculture,2380
agronomy,2380
agt,2380
airmc,2380
ajj,2380
albumoftheday,2380
albuquerque,2380
ald52,2380
alexisonfire,2380
alexisren,2380
alexmetric,2380
aliceinchains,2380
allergy,2380
allgoodrecords,2380
allguitar,2380
allthingspanda,2380
altcountry,2380
altj,2380
altrap,2380
amafail,2380
amateurproduction,2380
ambient,2380
ambientmusic,2380
amblyopia,2380
americaisbad,2380
americanamusic,2380
americanauthors,2380
ames,2380
amex,2380
amnesiarockfest,2380
amylee,2380
amzdeals,2380
anarchie,2380
anberlin,2380
andersonpaak,2380
andrewwk,2380
andromeda,2380
andydaly,2380
animalcollective,2380
animalresearch,2380
animenews,2380
anjunadeep,2380
anki,2380
anon_writ,2380
anosmia,2380
anticon,2380
antiflag,2380
antimwmwatch,2380
antiradkewatch,2380
antitdwpwatch,2380
antiverbthenounwatch,2380
anyascoolsubreddit,2380
aphextwin,2380
apocalypsenowthegame,2380
aqueousband,2380
arcadefire,2380
arielpink,2380
artconservation,2380
artielange,2380
artpsychology,2380
asianrap,2380
asilentfilm,2380
asknazicumfarts,2380
asl,2380
aslinterpreters,2380
asmrmusic,2380
astateoftrance,2380
astley,2380
astro_kpop,2380
atlantafx,2380
atlantamusic,2380
atlantatv,2380
atlassian,2380
atmidnight,2380
atmidnightcc,2380
atmosphere,2380
atmosphericblackmetal,2380
atmosphericmetal,2380
atomsforpeace,2380
atreyu,2380
atwar,2380
atxdjs,2380
audioengineering,2380
audiopost,2380
audioproductiondeals,2380
audiotapemachines,2380
audiphile,2380
ausiplaw,2380
ausmemes,2380
ausmusic,2380
aussiehiphop,2380
austinmusicians,2380
austinpetersen,2380
austinpsychfest,2380
australiangreens,2380
australiantv,2380
autechre,2380
author,2380
autolux,2380
avantgardefashion,2380
avengedsevenfold,2380
aves,2380
avesnyc,2380
avicii,2380
avid,2380
awardtravel,2380
awfuleverything,2380
awildcelebappears,2380
awkwardmtv,2380
awolnation,2380
axiomverge,2380
aynmarie,2380
ayreonauts,2380
aztrosist,2380
b1a4,2380
b2st,2380
bach,2380
backpacker,2380
badbadnotgood,2380
badmovies,2380
badrobot,2380
badroyale,2380
baekayeon,2380
bagelheads,2380
ballroom,2380
balmoralintlgroup,2380
bandmembers,2380
bangtan,2380
banjo,2380
banjogametabs,2380
bankruptcysocal,2380
bannersaga,2380
bapeheads,2380
baplalyrheedyriminir,2380
barber,2380
barbershop,2380
barcelonacomedy,2380
baroque,2380
barranquilla,2380
basedgod3vans,2380
bass,2380
basscirclejerk,2380
bassclarinet,2380
bassdeals,2380
bassheavy,2380
basshouse,2380
bassmusic,2380
bassmusicproduction,2380
bassnectar,2380
bassoon,2380
basspedals,2380
basstabs,2380
battlebots,2380
battlebotsraw,2380
battlecreek_tv,2380
battlejackets,2380
bayrap,2380
bazaz,2380
bboy,2380
beachboys,2380
beachhouse,2380
beastieboys,2380
beatbox,2380
beatles,2380
beatmarket,2380
beatmatch,2380
beats,2380
bebop,2380
bebopband,2380
becomingtheiceman,2380
bedroomproducers,2380
beeandpuppycat,2380
belgabad1,2380
belleandsebastian,2380
bellingham,2380
bender,2380
bestie,2380
bestkpop,2380
bestof2013,2380
bestofhhh,2380
bestofparodies,2380
bestshow,2380
betweentheburiedandme,2380
beyondtheguitar,2380
bhangra,2380
big3podcast,2380
bigbang,2380
bigbenny45,2380
biggiantswords,2380
bigroom,2380
bigsean,2380
billbailey,2380
billhicks,2380
billions,2380
billyonthestreet,2380
billytalent,2380
bisco,2380
black_box,2380
black_flag_4ever,2380
blackbooks,2380
blackgaze,2380
blackhippy,2380
blackhistory,2380
blackliesmatter,2380
blackmetal,2380
blackmusic,2380
blacksabbath,2380
blink182,2380
blink182fanpage,2380
blockb,2380
blocparty,2380
blogola,2380
bloodline,2380
bloodredshoes,2380
bluegrass,2380
bluemountainstate,2380
blues,2380
bluesguitarist,2380
bluesrock,2380
blur,2380
bms,2380
boardsofcanada,2380
bogota,2380
bokononism,2380
bonereggae,2380
boneyard,2380
boniver,2380
bonnaroo,2380
bonnarootickets,2380
bonobo,2380
boomboxcartel,2380
boomzap,2380
bootlegrapbattles,2380
bootstraps,2380
bostoncomedy,2380
bostonedm,2380
bostonforsale,2380
boymeetsworld,2380
boysdocry,2380
brandnew,2380
bravestwarriors,2380
breakbeat,2380
breakcore,2380
brighteyes,2380
brightonma,2380
bringbackrobotwars,2380
britishtv,2380
britneyspears,2380
brmc,2380
broadway,2380
brochat,2380
brokenbells,2380
brompton,2380
brosciencelife,2380
brostep,2380
browneyedgirls,2380
browsers,2380
brucegutter,2380
brum,2380
brutaldeathmetal,2380
bryankearney,2380
btihf,2380
budosband,2380
buhlakay,2380
buildagurdy,2380
buildastudio,2380
bullywatch,2380
burgerrecords,2380
burial,2380
businessofvideogames,2380
busking,2380
buyessay,2380
buysellwebsites,2380
cagetheelephant,2380
caitlinsfaces,2380
caitlynpaterson,2380
calireggae,2380
camelcamelcamel,2380
cannabisstate,2380
cannibalism,2380
captainsugar,2380
captionplease,2380
cardhunter,2380
caringissharing,2380
carmageddon,2380
cartoons,2380
cartrackdays,2380
cashmerecat,2380
cassetteculture,2380
cassetteunderground,2380
castlevania,2380
catheadlines,2380
catherinegame,2380
catiewayne,2380
cedarrapids,2380
celebsea,2380
cerebralpalsy,2380
chancetherapper,2380
chanmi,2380
charleshamilton,2380
charli_xcx,2380
chatshow,2380
cheapkeys,2380
chemicalbrothers,2380
chetprtr,2380
chicagoedm,2380
chicagohouse,2380
chicagomusicscene,2380
chiefkeef,2380
chilledout,2380
chillhop,2380
chillmixes,2380
chillmusic,2380
chillout,2380
chillstep,2380
chillwave,2380
chinail,2380
chiodos,2380
chon,2380
chopin,2380
chrislilley,2380
christcore,2380
christiandemocracy,2380
christianhiphop,2380
christianmusic,2380
chromacirclejerk,2380
chuck,2380
chuckecheeses,2380
chucktinglethanks,2380
churchcandy,2380
churning,2380
chvrches,2380
cigarboxguitar,2380
cigarboxguitars,2380
circasurvive,2380
circlemusic,2380
circuitbending,2380
circular_economy,2380
cisv,2380
citypop,2380
cky,2380
clarinet,2380
classic_beats,2380
classicalguitar,2380
classicalmusic,2380
classicalpianists,2380
classicalresources,2380
classicrock,2380
classictrance,2380
clubbing,2380
clubmuzik,2380
cmvmusic,2380
coachella,2380
cocacola,2380
coding_mix,2380
codingeastereggs,2380
cogsci,2380
coheedandcambria,2380
coldallergy,2380
coldplay,2380
colinquinn,2380
collaborationhub,2380
collecthw,2380
colombia,2380
comedians,2380
comedy,2380
comedynerds,2380
comedywriting,2380
communityradio,2380
companion,2380
complextro,2380
composer,2380
computercollecting,2380
conducting,2380
conmanseries,2380
consciousmusic,2380
consciousmusic2,2380
conservativediscourse,2380
contalks,2380
contemporary,2380
coolakidsdiggar,2380
corejerk,2380
corge,2380
cosmeticsurgery,2380
cosmosmidnight,2380
counterpointfestival,2380
coversongs,2380
cozymusic,2380
cpudesign,2380
cr78,2380
craftit,2380
crappydesign2,2380
credit,2380
creditcards,2380
creepy_gif,2380
criminalminds,2380
cringecore,2380
criticizemytrack,2380
crobot,2380
crosses,2380
crowdsourcing,2380
crsdatabase,2380
crybabydeathgrips,2380
csny,2380
csoutcasts,2380
cultofdrillovr,2380
customsforge,2380
cutekboys,2380
cyanideandhappinescg,2380
cyanideandhappiness,2380
cyberpatriot,2380
cylance,2380
cyne,2380
dadalife,2380
daftclub,2380
daftpunk,2380
daftpunkcirclejerk,2380
dailydouble,2380
dairyfarming,2380
damonalbarn,2380
dancehall,2380
dandywarhols,2380
daneatdirt,2380
danisnotonfire,2380
dankmemenetwork,2380
danpatrick,2380
dantdm,2380
daplayah8rsball,2380
darkambient,2380
darkdnb,2380
darkmoney,2380
darkplace,2380
darude,2380
dashboardconfessional,2380
daughter,2380
davedameshek,2380
davidlynch,2380
davidtennant,2380
daylyt,2380
daysndaze,2380
dbt,2380
deaddovejpg,2380
deadmau5,2380
dealswiththedevil,2380
deanblunt,2380
death_metal,2380
deathcabforcutie,2380
deathcore,2380
deathgrips,2380
deathmetal,2380
deathsquad,2380
deathwishinc,2380
decentralization,2380
deephouse,2380
deepmind,2380
deeppurple,2380
deftly,2380
deftones,2380
deg,2380
degrassi,2380
deltagreenrpg,2380
demonsandsuccubi,2380
depechemode,2380
desertrock,2380
desmoines,2380
deuce9lives,2380
developed_arrestment,2380
devintownsend,2380
dialectcoaching,2380
diamonds,2380
dieantwoord,2380
diecast,2380
dieoff,2380
dietcig,2380
dillingerescapeplan,2380
dillonfrancis,2380
dimension404,2380
dingdingdingdingding,2380
dinosaur_jr,2380
dinosaurjr,2380
diplo,2380
directobogota,2380
dirtyheads,2380
dirtyprojectors,2380
disnonored,2380
dispatch,2380
distributism,2380
diygear,2380
diyguitar,2380
diyguitaramps,2380
diypedals,2380
diystreetwear,2380
diysynth,2380
djent,2380
djkhaled,2380
djmixes,2380
djs,2380
djscirclejerk,2380
djsetups,2380
djtunes,2380
dkoa,2380
dnb,2380
dnbproduction,2380
doctorp,2380
doesitoffendyouyeah,2380
dogecat,2380
dogepollo,2380
domkennedy,2380
donaldglover,2380
doommetal,2380
doomtree,2380
doublebass,2380
doublemeat,2380
doughboys,2380
doves,2380
downloadmovies,2380
downtempo,2380
drake,2380
drawmytattoo,2380
dreamemulator,2380
dreampop,2380
dreamtheater,2380
drizzy,2380
drone,2380
dropbeat,2380
drum,2380
drumandbass,2380
drumkits,2380
drumming,2380
drumstep,2380
drunkymovie,2380
drurysmc,2380
dsbm,2380
dub,2380
dubstep,2380
dubtechno,2380
duk,2380
dumbanddumber,2380
dutchhouse,2380
earlymusic,2380
earwolf,2380
easycore,2380
eauxclaires,2380
ecco2k,2380
eceprofessionals,2380
ecofeminism,2380
ecofriendly,2380
edbangerrecords,2380
edcny,2380
edcorlando,2380
edctickets,2380
eden,2380
edenmcmxcv,2380
edenmusic,2380
edm,2380
edmcirclejerk,2380
edmcollabs,2380
edmphotos,2380
edmprodcirclejerk,2380
edmproduction,2380
edmproductionirc,2380
edmproductionteam,2380
edwin,2380
edx,2380
effectivealtruism,2380
eisley,2380
electribe,2380
electricalforest,2380
electricdaisycarnival,2380
electricforest,2380
electricfuckinwizard,2380
electricsix,2380
electrictrumpet,2380
electriczoo,2380
electro,2380
electrobot,2380
electrohiphop,2380
electrohouse,2380
electronicblues,2380
electronicjazz,2380
electronicmusic,2380
electropop,2380
electroswing,2380
elektron,2380
elitistwatch,2380
ella_hughes,2380
elliegoulding,2380
elliottsmith,2380
eloquent,2380
elp,2380
eluveitie,2380
emmaapproved,2380
emo,2380
emojerk,2380
emoscreamo,2380
enarc,2380
engagementrings,2380
enoughgaryjohnsonspam,2380
entomophagy,2380
enviroment,2380
eodm,2380
epica,2380
epicmetal,2380
ericprydz,2380
estetica_mexico,2380
etsy,2380
eurodancemusic,2380
evanescence,2380
evepc,2380
everclear,2380
everydaymuslims,2380
everytimeidie,2380
examsolutions,2380
exid,2380
experimental,2380
experimentalguitar,2380
experimentalmusic,2380
explodingkittens,2380
extremejapangigs,2380
eyedea,2380
eyeshakers,2380
eyesurgery,2380
f13thegame,2380
facts,2380
failediamas,2380
failedmessiah,2380
failure,2380
faithnomore,2380
falconsocialclub,2380
falloutboy,2380
falsepeoplehate,2380
fantanoforever,2380
fatherjohnmistme_irl,2380
favoritecereal,2380
feedme,2380
femalefashion,2380
fender,2380
festibeer,2380
festival,2380
festivaladvisor,2380
festivals,2380
fidget,2380
fifthharmony,2380
fightscenes,2380
filk,2380
filmcow,2380
finallyrelevant,2380
fireflyfestival,2380
firstaidkit,2380
fishingpromo,2380
fl_studio,2380
flatbushzombies,2380
fleet_foxes,2380
fleetfoxes,2380
flipping,2380
flobots,2380
floppydrivemusic,2380
flume,2380
flute,2380
fluxpavilion,2380
flyinglotus,2380
fmsynthesis,2380
folk,2380
folk_music,2380
folkmetal,2380
folkmusic,2380
folkpunk,2380
folkrock,2380
foodnetwork,2380
foodtoronto,2380
foofighters,2380
footwork,2380
forceblade,2380
fotpconfirmations,2380
foxstevenson,2380
frankocean,2380
frasier,2380
freddiegibbs,2380
freebandcamp,2380
freebandz,2380
freegucci,2380
freemusic,2380
freepromote,2380
freesounds,2380
freestylenation,2380
freeware,2380
frenchbulldogs,2380
frenchhouse,2380
frenchhouseproduction,2380
freshalbumart,2380
freshapps,2380
frightenedrabbit,2380
frogdogs,2380
frogs,2380
fromfirsttolast,2380
frugalstreetwear,2380
fuckkeemstar,2380
fuehairtransplants,2380
fullmovieonimegashare,2380
fullytagged,2380
funk,2380
funksoumusic,2380
funnyinternet,2380
futurebass,2380
futurebeatproducers,2380
futurebeats,2380
futurefunk,2380
futuregarage,2380
futurehouse,2380
fuxtaposition,2380
fuzzrock,2380
fxfl,2380
fyffest,2380
g59,2380
gabber,2380
gallaudet,2380
gallopingghostarcade,2380
gameaudio,2380
gamecomposers,2380
gameofbands,2380
gamerati,2380
gameshow,2380
gamingondaily,2380
ganjawhitenightmusic,2380
garage,2380
garagerock,2380
garfunkelandoates,2380
gaywrongs,2380
gbv,2380
gear4sale,2380
geazy,2380
georgecarlin,2380
georgetakei,2380
geraffesaresodumb,2380
getmethere,2380
gettingoutourdreams,2380
ghostadventures,2380
gibdyk,2380
giblyb,2380
giftsforgamers,2380
gimlet,2380
girlmeetsworld,2380
girlsday,2380
givegold,2380
glassanimals,2380
glasses,2380
glastonbury,2380
globaldev,2380
glogang,2380
gloucestershire,2380
goa_trance,2380
gofogold,2380
gojira,2380
gojiramusic,2380
goldblumism,2380
goodenuff,2380
gooutpdx,2380
goreelaz,2380
goregrind,2380
gorillaz,2380
gorillazcirclejerk,2380
got7,2380
goth,2380
gothboiclique,2380
gottagetagrip,2380
governmentparanoia,2380
governorsball,2380
grahamcoxon,2380
gramatik,2380
gramatiklowtemp,2380
grandcanyon,2380
grant,2380
grant02,2380
grantcardone,2380
grass,2380
grateful_dead,2380
gratefuldead,2380
gre,2380
greatestgen,2380
greets,2380
grehelp,2380
greydonsquare,2380
grime,2380
grimes,2380
grimmforest,2380
grindcore,2380
griz,2380
grouptherapyradio,2380
grrlpowercomic,2380
grunge,2380
grynpyret,2380
gsbroadcast,2380
gta5radios,2380
gu9udan,2380
guildwarsdyejob,2380
guitar,2380
guitaramps,2380
guitarcirclejerk,2380
guitarcringe,2380
guitarlessons,2380
guitarpedals,2380
guitarpedalsjerk,2380
guitarplaying,2380
guitarporn,2380
guitarrepair,2380
guitars,2380
guitartab,2380
gunship,2380
gunsnroses,2380
gurneyhicks,2380
haleyreinhart,2380
halseymusic,2380
hammondorgan,2380
hamster,2380
hamstercare,2380
hamsters,2380
hanklet69,2380
happyhardcore,2380
hardcore,2380
hardcorejerk,2380
harddance,2380
hardhouse,2380
hardstyle,2380
hardvapour,2380
hat_pins,2380
hawkeyes,2380
hdtgm,2380
heavy_metal,2380
heavy_metal_music,2380
heavyvinyl,2380
hedwig,2380
hemingway,2380
henningwehn,2380
hentaichastity,2380
herorats,2380
hewett_17,2380
hexayurt,2380
hhhevents,2380
hhhplugdj,2380
hi5hlight,2380
highendfashion,2380
highfi,2380
highseddit,2380
hilariousthreads,2380
hiphop,2380
hiphopbest,2380
hiphopcanada,2380
hiphopcirclejerk,2380
hiphopedge,2380
hiphopheads,2380
hiphopheadsnorthwest,2380
hiphopimages,2380
hiphopinstrumentals,2380
hiphopproduction,2380
hiphopvinyl,2380
hispanicmusic,2380
holidayhelp,2380
hollywoodundead,2380
holyoke,2380
homemade_weapons,2380
homemovies,2380
homestudios,2380
homeworkedit,2380
honorverse,2380
hoodieallen,2380
hostclublove,2380
hottubtimemachine,2380
hotwheels,2380
house,2380
housemd,2380
houseproduction,2380
howitsmade,2380
howticketswork,2380
howtobecomefamous,2380
hughdancy,2380
hulaween,2380
humanitarian,2380
huskitch,2380
hybridhumans,2380
hyejeong,2380
hyperbattle,2380
iama,2380
iamarequests,2380
iamatalk,2380
iastate,2380
iateacrayon,2380
icm,2380
iconcollective,2380
icymi,2380
idinakimmenzel,2380
idm,2380
ikon,2380
ilstu,2380
im14andthisistrvekvlt,2380
im14andthisiswtf,2380
imaginarydemons,2380
imaginarymonstergirls,2380
imaginedragons,2380
imfact,2380
incubus,2380
independentmusic,2380
indianbands,2380
indiancommies,2380
indiatalk,2380
indie,2380
indie_rock,2380
indieanarch,2380
indiefolk,2380
indieheads,2380
indieheadscirclejerk,2380
industrialmusic,2380
industrialmusicians,2380
infinifactory,2380
infinifactory_roadmap,2380
infinite7,2380
inflames,2380
infpmusic,2380
insideno9,2380
inspectorspacetime,2380
instrumentporn,2380
instruments,2380
intellectualproperty,2380
internationalbadboys,2380
internationalbusiness,2380
internetama,2380
internetimprov,2380
internetmusic,2380
inthestudio,2380
intlaw,2380
intothebadlands,2380
iosmusicproduction,2380
iowacity,2380
iowaforsanders,2380
ipadmusic,2380
iplaw,2380
ipm,2380
ironmaiden,2380
islandviewrtc,2380
isolatedvocals,2380
isthisfrogfractions2,2380
iwanrheon,2380
jackboxgames,2380
jackwhite,2380
jaipaul,2380
jamaicaplain,2380
jambands,2380
jamesbryantology,2380
jamesfranco,2380
jamkordz,2380
jammingwiththings,2380
jamsession2,2380
japaneseasmr,2380
japanesemusic,2380
japanesestreetwear,2380
japaneseunderground,2380
japangigs,2380
jashnetwork,2380
jasonmolina,2380
jazz,2380
jazzaoct,2380
jazzcirclejerk,2380
jazzguitar,2380
jazzhop,2380
jazzinfluence,2380
jazztheory,2380
jazzyhiphop,2380
jb4427,2380
jcole,2380
jdilla,2380
jemholograms,2380
jeopardy,2380
jeremiahharm,2380
jeremyolander,2380
jerseyclub,2380
jethrotull,2380
jgb,2380
jimihendrix,2380
jimmyeatworld,2380
jira,2380
joco,2380
joeperry,2380
joeybadass,2380
john_frusciante,2380
johncena,2380
johncusack,2380
johndiesattheend,2380
johnmayer,2380
johnprine,2380
johnsonforpresident,2380
jonnyiv,2380
jordan_peterson_memes,2380
joshhomme,2380
jpndts,2380
juangabriel,2380
judgewilliamadams,2380
juke,2380
julian_assange,2380
jumpstyle,2380
jumpup,2380
jungle,2380
jurassic5,2380
justiceelectro,2380
kaala,2380
kalbums,2380
kallmann_syndrome,2380
kamasiwashington,2380
kannibalenrecords,2380
kanyefic,2380
kaptainkristian,2380
kaskade,2380
keane,2380
keisha_grey,2380
kenbone4prezz,2380
kendricklamar,2380
kenjeong,2380
kenshi,2380
keys,2380
kfanservice,2380
kgatlw,2380
khiphop,2380
kidcudi,2380
kidrobot,2380
killedyourmom,2380
killthenoise,2380
kimsejeong,2380
kimtaeyeon,2380
kinagrannis,2380
kingkrule,2380
kkl105,2380
kleptologia,2380
kmfdm,2380
knifeparty,2380
koreanmusic,2380
koreanvariety,2380
korg,2380
kpoop,2380
kpop,2380
kpopboys,2380
kpopgfys,2380
kpopladyboners,2380
kpopslumberparty,2380
krautrock,2380
krollshow,2380
kshmr,2380
kvltdadjokes,2380
kyuss,2380
laaa,2380
laboum,2380
ladispute,2380
ladygaga,2380
lakestreetdive,2380
lalaland,2380
lamusicaenargentina,2380
larrystylinson,2380
larsenthompson,2380
laserdisc,2380
lasik,2380
lastfm,2380
laughs,2380
launchpad,2380
laurenlapkus,2380
leakthreads,2380
leangap,2380
learnexcel,2380
learnguitar,2380
learnnavi,2380
leehi,2380
leftyguitarists,2380
legalizeprostitution,2380
legendmaker,2380
legendsofcallasia,2380
lehigh,2380
lenadunham,2380
lenovocirclejerk,2380
lessthanjake,2380
let_make_cake,2380
letlive,2380
letsencrypt,2380
letstalkalbums,2380
letstalkmusic,2380
letstradepedals,2380
letterman,2380
liberace,2380
libresonic,2380
lido,2380
lightninginabottle,2380
lightshows,2380
ligitech,2380
liluglymane,2380
lilyachty,2380
linkinpark,2380
liquiddnb,2380
liquiddnbproduction,2380
liskiller,2380
listeningheads,2380
listentocirclejerk,2380
listentoconcerts,2380
listentomusic,2380
listentothis,2380
listentous,2380
litrpg,2380
livemusic,2380
livemusicphotography,2380
livesmatter,2380
lizziebennet,2380
lmms,2380
lofi,2380
lofihiphop,2380
logic_studio,2380
logicpro,2380
lolhehehe,2380
lollapalooza,2380
lookatmyvolca,2380
loona,2380
lordhuron,2380
losgrowlers,2380
lostgirl,2380
loungegrumps,2380
love,2380
lovetv,2380
lp10,2380
lucidityfest,2380
lush,2380
lute,2380
luther,2380
luthier,2380
lwgcirclejerk,2380
lwjgl,2380
lyleugleman,2380
lyricrit,2380
lyrics,2380
macabreart,2380
macdemarco,2380
macmiller,2380
madbloved,2380
madeon,2380
madlib,2380
magickawizardwars,2380
magictavern,2380
magnabeer,2380
makebabygupsdaybetter,2380
makemeaplaylist,2380
makenoise,2380
makesyoumoist,2380
makina,2380
makinghiphop,2380
makingvaporwave,2380
malayho,2380
malefashion,2380
mamamoo,2380
manning,2380
margotrobbie,2380
marketing_tips,2380
markhamill,2380
marmite,2380
marxist_media,2380
maschine,2380
massiveattack,2380
mastodonband,2380
matchbox,2380
matchboxtwenty,2380
materialshandling,2380
mathcore,2380
mathrock,2380
mathrockshows,2380
mattepainting,2380
matzo,2380
maximumfun,2380
mcatforsale,2380
meatbasedparodies,2380
medfield,2380
medicalscribe,2380
medievalthings,2380
megadeth,2380
mejo449,2380
melodicdeathmetal,2380
melodichardcore,2380
mememetal,2380
mentalasylum,2380
merchantrpg,2380
meridian,2380
metahhcj,2380
metal,2380
metal101,2380
metalcore,2380
metalguitar,2380
metaljerk,2380
metaljerkcopypasta,2380
metalmemes,2380
metalmusic,2380
metalmusicians,2380
metalwallpapers,2380
metalwear,2380
metametaljerk,2380
metareddit,2380
metavaporwave,2380
methodism,2380
metroidvania,2380
metrosong,2380
mewithoutyou,2380
mfdoom,2380
mgmt,2380
miamivice,2380
michaelisacunt,2380
michio_kaku,2380
midi,2380
mightyboosh,2380
migos,2380
mikepatton,2380
mildlyincredibly,2380
mildlyinterestingmc,2380
milliondollarflip,2380
minimal,2380
minimaldnb,2380
minnesotahiphop,2380
minuette,2380
mirandakerr,2380
misfitstv,2380
mishacollins,2380
mixclub,2380
mixers,2380
mixes,2380
mixingmastering,2380
mlmscams,2380
mobiledj,2380
moby,2380
moderat,2380
modern_family,2380
modernbaseball,2380
modernrockmusic,2380
modestmouse,2380
modular,2380
moeperiod,2380
momoland,2380
mondo,2380
monstax,2380
monstercat,2380
monstercatcringe,2380
monstercatflairtest,2380
monstercatmafia,2380
monstercatscamwatch,2380
monstercatworld,2380
monstercatworld200,2380
monsterroller,2380
monthlycomposition,2380
moombahton,2380
moshbrorights,2380
motorhead,2380
movementdemf,2380
movie,2380
moviedicks,2380
mrbungle,2380
mrjkpop,2380
mrselfridge,2380
mrshow,2380
mu4ch,2380
muppets,2380
muse,2380
music,2380
music_survivor,2380
musicalsharing,2380
musicaltheatre,2380
musicbywomen,2380
musiccognition,2380
musiccritique,2380
musiced,2380
musicelectronics,2380
musicfestivals,2380
musicforconcentration,2380
musicguides,2380
musiciananecdotes,2380
musicians,2380
musicindustry,2380
musicinthemaking,2380
musicmakingprompts,2380
musicmods,2380
musicnews,2380
musicof2015,2380
musicofmemphis,2380
musicology,2380
musicproduction,2380
musicprogramming,2380
musicsuggestions,2380
musicthataregood,2380
musictheory,2380
musicthieves,2380
musicvideos,2380
musiquefrancaise,2380
mutemath,2380
muxmool,2380
mvdeca,2380
mwmconspiracy,2380
mybloodyvalentine,2380
mychemicalromance,2380
mydancefloor,2380
mydrunkkitchen,2380
myec,2380
myfavoritemusic,2380
mymorningjacket,2380
mymusic,2380
mysteryland,2380
namethatsong,2380
nannystate,2380
nasajokes,2380
navyblazer,2380
nct,2380
nctsm,2380
nearlyfreebies,2380
nederlands,2380
needsid,2380
needvocals,2380
negotiation_advice,2380
neilgaiman,2380
neoliberalconspiracy,2380
neology,2380
nerdcore,2380
nerdist,2380
nerdist_fans,2380
nerdpokerpodcast,2380
nether,2380
neurofunk,2380
neuroproducers,2380
neuroscience,2380
new_message_from_god,2380
new_tattoos,2380
newbridge,2380
newcoldwar,2380
newgrass,2380
newportfolkfestival,2380
newproducers,2380
news_etc,2380
newwave,2380
nhsocialclub,2380
nicolaswindingrefn,2380
nightlyshow,2380
nightwish,2380
nimassive,2380
nin,2380
nincirclejerk,2380
ninemuses,2380
ninety9lives,2380
nirvana,2380
nirvanacovers,2380
nmguns,2380
nodj,2380
nofx,2380
noisecomps,2380
noisemusic,2380
noiserock,2380
nolamusic,2380
nonverbalcomm,2380
normanreedus,2380
novorossiya,2380
npr,2380
nprstories,2380
nsfw_blueblood,2380
nudisco,2380
nuedd,2380
nujabes,2380
numberwang,2380
numetal,2380
nycbars,2380
oboards,2380
oboe,2380
obscureguitars,2380
ocarina,2380
occultrock,2380
oceangrunge,2380
oceansize,2380
octobersveryown,2380
ofarevolution,2380
officialwutang,2380
offset,2380
offworld,2380
offworldtrading,2380
ofmontreal,2380
ofwgkta,2380
og_pastagate,2380
ohstreetwear,2380
oimusic,2380
oingoboingo,2380
ok_,2380
okeechobeemusicfest,2380
okillydokilly,2380
okkervilriver,2380
oldiesmusic,2380
oldmaps,2380
oldschoolcoolmusic,2380
oldschooldeath,2380
oldskoolrave,2380
oldtimemusic,2380
oliverezforpresident,2380
onedirection,2380
onetruegaben,2380
op1users,2380
opengl,2380
opera,2380
operabrowser,2380
operaextensions,2380
operationphoenix,2380
opeth,2380
ophthalmology,2380
oppai_gif,2380
optometry,2380
orangeisthenewblack,2380
orangemonkeyeagle,2380
orchestra,2380
organ,2380
organ_eyes,2380
ormolycka,2380
osamusato,2380
oswego,2380
otherspacerpg,2380
ournameisfun,2380
outkast,2380
outsidelands,2380
overwerk,2380
owlboy,2380
owsla,2380
oxnard,2380
pablo,2380
palaceclothing,2380
palewave,2380
panelshow,2380
panicatthedisco,2380
panoramafest,2380
pantera,2380
pantheonrotf,2380
pantsu,2380
paradiso,2380
paradisofestival,2380
paramore,2380
parentingfails,2380
parkwaydrive,2380
partydown,2380
passionpit,2380
patchgame,2380
patrickrowberry,2380
patriotsmusic,2380
paulftompkins,2380
pavement,2380
payitforward,2380
peacecorps,2380
pearljam,2380
pedalboards,2380
pedalcircuits,2380
pedals,2380
pemberleydigital,2380
pembertonfestival,2380
pendulum,2380
pennandteller,2380
peopleyouadmirearebad,2380
percussionists,2380
peripheryband,2380
peteholmes,2380
phanart,2380
pheelthebern,2380
phish,2380
phishtix,2380
phoenixdawn,2380
phoenixupvotes,2380
photohouserit,2380
phxmusic,2380
piano,2380
pianoelitists,2380
pinkyandthebrain,2380
pinz,2380
pitchforkfest,2380
pitchforkmusicfest,2380
pixelsorting,2380
placeatlas,2380
placecurators,2380
placeqr,2380
plaid,2380
plasticsurgerybeauty,2380
playdauntless,2380
playingguitar,2380
playlikejohnmayer,2380
playmymusic,2380
plays,2380
playwriting,2380
pleaselikeme,2380
plussize,2380
pm_your__problems,2380
pocketoperators,2380
poetry_critics,2380
poi,2380
pointe,2380
pointless,2380
politiciansinaction,2380
polkadotstingray,2380
polyphasic,2380
pond,2380
pop_punk,2380
popmusic,2380
poppunkers,2380
poppunkjerk,2380
porcupinetree,2380
pornstar,2380
portalmaps,2380
porterrobinson,2380
portlandia,2380
postgore,2380
posthardcore,2380
postpunk,2380
postrock,2380
powerbi,2380
powermetal,2380
powermetaljerk,2380
precisionag,2380
premed,2380
prepharmacy,2380
presidentaldebate,2380
presquevu,2380
pretendgrownups,2380
prettylights,2380
primus,2380
produce101,2380
productiondesign,2380
productionlounge,2380
proghouse,2380
progmetal,2380
progmetaljerk,2380
progmo,2380
progressivehouse,2380
progrock,2380
progrockmusic,2380
progstep,2380
project86,2380
promotemymusic,2380
proofster,2380
prophetsofrage,2380
protest_the_hero,2380
protools,2380
proximity,2380
prozzak,2380
psotw,2380
psybient,2380
psybreaks,2380
psychedelicbookclub,2380
psychedelicrock,2380
psychiatry,2380
psychopathology,2380
psychopharmacology,2380
psytrance,2380
ptero,2380
publicradio,2380
punchdrunksports,2380
punk,2380
punkcirclejerk,2380
punkgirls,2380
punkrecords,2380
punkvinyl,2380
puppyhammer,2380
purplemusic,2380
qotsa,2380
qu33n,2380
queen,2380
quiteinteresting,2380
r100,2380
radforduniversity,2380
radicalface,2380
radio,2380
radiohead,2380
radioheadaudio,2380
radioheadfanfic,2380
radioheadflanfiction,2380
radioheadmusicians,2380
radionerd,2380
radiotopia,2380
raggajungle,2380
rammstein,2380
random_acts_of_etsy,2380
randomactsofmusic,2380
randomactsofvinyl,2380
rangerland,2380
rap,2380
rapbattle,2380
rapbattles,2380
rapid7,2380
raptured,2380
rara1818,2380
ratatat,2380
ratm,2380
ravenskill,2380
readingfestival,2380
readthesidebar,2380
realbuddhists,2380
realdubstep,2380
realhiphop,2380
reallyadvancedprod,2380
realmusicfeedback,2380
realmusicmasterrace,2380
realniggah,2380
realproghouse,2380
reaper,2380
reasoners,2380
reasonproduction,2380
rebeccaloops,2380
rebelgalaxy,2380
rebelution,2380
recorder,2380
recordstore,2380
recycledwater,2380
reddaroo,2380
reddiquips,2380
redditalternatives,2380
redditbetsdelivered,2380
redditguides,2380
redditmortuary,2380
redditormademusic,2380
redhotchilipeppers,2380
redlands,2380
reggae,2380
reggiewatts,2380
reginaspektor,2380
regularfeatures,2380
relientk,2380
remix,2380
remixbattles,2380
remodrive,2380
remotesensing,2380
renfaire,2380
reno911,2380
repostemblem,2380
republicofmoderation,2380
republicofmusic,2380
rescoring,2380
retails,2380
retardedmods,2380
retrogamingfans,2380
retrogamingmusic,2380
retromusic,2380
reviewsofanything,2380
rewardposted,2380
rhcp,2380
rhcpcirclejerk,2380
rhymesayers,2380
rhythmicnoise,2380
rich_gang,2380
richardarmitage,2380
richardayoade,2380
richarddawkins,2380
richiehawtin,2380
rickandmorty_c137,2380
rifftrax,2380
rightshark,2380
rikilindhome,2380
riorancho,2380
ripquorthon,2380
riseagainst,2380
rivalscrews,2380
rivermonsters,2380
riversidepl,2380
rnbheads,2380
robbierotten,2380
robotcombatart,2380
robotwars,2380
robowars,2380
rock,2380
rockband,2380
rocknroll,2380
rocksmith,2380
rocksmith_jp,2380
roman_catholics,2380
ronnie_pickering,2380
ronpaulmeme,2380
rookieblue,2380
rosmt,2380
rotary,2380
royksopp,2380
rproomfbb,2380
rrehobos,2380
ru,2380
rubblebucket,2380
rumer,2380
runningman,2380
runningmusic,2380
runthejewels,2380
ryanadams,2380
ryleywalker,2380
sadboys,2380
sammelmappe,2380
samplehunters,2380
samplesforall,2380
samrambles,2380
samsheffer,2380
samuraichamploo,2380
sandyalexg,2380
sarabareilles,2380
sark,2380
sasquatch,2380
savagesband,2380
savedstuffs,2380
savemoneycrew,2380
sax,2380
saxophone,2380
saxophonics,2380
sayanything,2380
scamp,2380
schooliscrap,2380
scipolicy,2380
scottishmusic,2380
scottishpeopletwitter,2380
screaming,2380
screamo,2380
seananners,2380
seanpawd,2380
seattlerockband,2380
secularstudentsofvcu,2380
selfemployed,2380
sellercirclestage,2380
serum,2380
seshollowaterboyzz,2380
sevenlions,2380
seventeen,2380
sf9,2380
shakeygraves,2380
shakira,2380
shallowhouse,2380
shantae,2380
shardsonline,2380
shareyourmusic,2380
sharpe,2380
sheetmusicexchange,2380
sheetz,2380
shelterfilm,2380
shinedown,2380
shinee,2380
shitfaggotssay,2380
shitramsaysays,2380
shitriowasays,2380
shittierpostemblem,2380
shitty_watercolour,2380
shittychurning,2380
shittyfacetune,2380
shittyhistory,2380
shittykposts,2380
shittyms,2380
shittypoetry,2380
shoegaze,2380
short_films,2380
shorthorror,2380
shpongle,2380
shroudoftheavatar,2380
sicklecell,2380
silentbob,2380
silentnetwork,2380
silversunpickups,2380
simivalley,2380
sincitysaintslv,2380
singers,2380
singing,2380
sinndoggconspiracy,2380
sizerecords,2380
ska,2380
sketchcomedy,2380
skinhead,2380
skrillex,2380
skrillfiles,2380
skulls,2380
skylounge,2380
slaughterhouse,2380
sleepwave,2380
slipknot,2380
slomusic,2380
sludge,2380
smartgiving,2380
smashingpumpkins,2380
smiteodyssey,2380
smtown,2380
snapbacks,2380
snapprefs,2380
snapzuinvites,2380
snarkypuppy,2380
snowblowers,2380
snsd,2380
soakedinbleach,2380
socalbeerscene,2380
socialpsych,2380
softrock,2380
solforge,2380
solitary,2380
sometal,2380
songstems,2380
songwriters,2380
songwriterscircle,2380
soul,2380
soulwax,2380
sound,2380
soundcloud,2380
sounddesign,2380
soundgarden,2380
soundsvintage,2380
soundtrackforspace,2380
soundtracks,2380
soup,2380
southdakotaforsanders,2380
southlandtv,2380
spacebass,2380
spafford,2380
sparkleparty,2380
spasticmoose,2380
spcommunity,2380
speedcore,2380
spica,2380
spinalmuscularatrophy,2380
spinnincringe,2380
spittaandretti,2380
splintercell,2380
spookbox,2380
spoontheband,2380
srywrongsub,2380
ssmf,2380
ssx,2380
standup,2380
standupcomedy,2380
standupshorts,2380
standupslots,2380
standupworkshop,2380
stanleydonwood,2380
starfighterinc,2380
starwarstattoo,2380
stealthgames,2380
stephenmalkmus,2380
stevenlahuff,2380
stevenwilson,2380
stonermetal,2380
stonerrock,2380
strabismus,2380
streamingnow,2380
streamus,2380
streetlightmanifesto,2380
streetwear,2380
streetwearcirclejerk,2380
streetwearcirclejerks,2380
streetweardiscussion,2380
streetwearjerk,2380
streetwearstartup,2380
streisand,2380
stringcheeseincident,2380
strobecirclejerk,2380
strymon,2380
sts9,2380
studymusic,2380
subcultures,2380
subgenreid,2380
subredditalbums,2380
subredditharmony,2380
subsarehashbrowns,2380
subsonic,2380
succubae,2380
sufjan,2380
sufjanstevens,2380
suicidepreventionres,2380
sunglasses,2380
superawesomequest,2380
superawesomerpg,2380
superfurryanimals,2380
supershibe,2380
suponkonttori,2380
supreme,2380
supremeclothing,2380
supremeshitposts,2380
surfrock,2380
surrealmusic,2380
susmusic,2380
sustainable,2380
suwannee,2380
swancore,2380
swans,2380
swearnet,2380
swervedriver,2380
swingmusic,2380
switchfoot,2380
symphonicmetal,2380
synesthesia,2380
synth,2380
synthcirclejerk,2380
synthdesign,2380
synthdiy,2380
synthesizers,2380
synthrecipes,2380
synths4sale,2380
synthwaveproducers,2380
sytycd,2380
tableau,2380
tabs,2380
tacosalad,2380
tacotracker,2380
talesfromthetrve,2380
tameimpala,2380
tameimpalacirclejerk,2380
tarastrong,2380
tattoos,2380
taylordavis,2380
taylorswift,2380
taylorswiftslegs,2380
tch_tlk,2380
teachingresources,2380
teamaozora,2380
teamsesh,2380
techn9ne,2380
technicaldeathmetal,2380
techno,2380
technoproduction,2380
ted,2380
tedtalks,2380
tedx,2380
teekaytank,2380
teenagemusicmakers,2380
teenmfa,2380
teganandsara,2380
telecaster,2380
telseccompolicy,2380
test567765,2380
testguildpleaseignore,2380
textsdotcom,2380
the1975,2380
the_chainsmokers,2380
theantlers,2380
theartofswearing,2380
theatre,2380
thebandmourn,2380
thebeachboys,2380
thechrisgethardshow,2380
thedearhunter,2380
thedevilwearsprada,2380
theencounter,2380
theeohsees,2380
theepc,2380
thefalltv,2380
thefence,2380
thefilmvault,2380
thefrankocean,2380
thefrontbottoms,2380
thegalleriapenthouse,2380
thehalocline,2380
thejerkies,2380
thejewishdaymongo,2380
thelawrencearms,2380
thelibrarians,2380
thelinklibrary,2380
themagneticzeros,2380
themeadows,2380
themissing,2380
themmachine,2380
themonsterkittens,2380
thenational,2380
thenerdist,2380
theoffspring,2380
theorwells,2380
theoverload,2380
thepapinis,2380
thequestion,2380
therevolutionaries,2380
theroom,2380
theshins,2380
thesmiths,2380
thesmithstreetband,2380
thestrokes,2380
theused,2380
thevinylexchange,2380
theweeknd,2380
theworld2,2380
theydidntdothemath,2380
thingsthatblowup,2380
thirdparty,2380
thisisntposthardcore,2380
thisisourmusic,2380
thomaspynchon,2380
thomyorke,2380
thornwatch,2380
thousandoaks,2380
thrashmetal,2380
threemanduo,2380
thrice,2380
thugnotes,2380
timferriss,2380
tinyhouse,2380
tipofmytongue,2380
tipper,2380
todaywealllearned,2380
toddmargaret,2380
tomhiddleston,2380
tomorrowland,2380
tomska,2380
toobamps,2380
toolband,2380
tooljerk,2380
topbb,2380
topreddit,2380
tori_black,2380
torontofood,2380
torrentlinks,2380
torylane,2380
tourettes,2380
touringmusicians,2380
traders,2380
trainspotting2,2380
traktorpro,2380
trance,2380
trancecirclejerk,2380
transalute,2380
transcribe,2380
transparency,2380
trap,2380
trapmuzik,2380
trapmuzikcirclejerk,2380
trapproduction,2380
travelerstv,2380
travis_fimmel,2380
travisscott,2380
treemusic,2380
treesmusic,2380
treggered,2380
triggered,2380
triphop,2380
triplej,2380
triplejunearthed,2380
trivium,2380
trollmath,2380
trollxforum,2380
troutism,2380
truecrimediscourse,2380
truevinyl,2380
truewalkingdead,2380
truewhite,2380
trumpmusic,2380
truthinpolitics,2380
trvekvltanarchists,2380
trvemindfvck,2380
tumblratrest,2380
tummy,2380
turntableporn,2380
turntablists,2380
tvxq,2380
twerkmusic,2380
twice,2380
twiddle,2380
twinpeaks,2380
tycho,2380
uiowa,2380
ukbands,2380
ukbass,2380
ukdrugsdebate,2380
ukf,2380
ukfunky,2380
ukhardcore,2380
ukhiphopheads,2380
ukretrogaming,2380
ukulele,2380
ukulelecirclejerk,2380
umf,2380
umphreys,2380
unbreakable,2380
under10k,2380
undergroundchicago,2380
underthedog,2380
underworldascendant,2380
unemployed,2380
unexpectedatla,2380
unexpectedpilkington,2380
unfundedopportunities,2380
unidanianuniversalist,2380
unisonleague,2380
unrealtv,2380
uplifting,2380
upsstore,2380
userhistory,2380
usfreepress,2380
utalkinu2tome,2380
utarlington,2380
utdallas,2380
utopiafox,2380
uxbridge,2380
v8superdoge,2380
vagante,2380
vamo,2380
vampireweekend,2380
vanessahudgens,2380
vanguard,2380
vaporethics,2380
vaporfiction,2380
vapormeme,2380
vaportrap,2380
vaporwave,2380
vaporwavecassettes,2380
vaporwavedreams,2380
veganchat,2380
veganmentor,2380
veilofmaya,2380
ventchat,2380
ventchatarchive,2380
ventura,2380
venturacounty,2380
vertexfestival,2380
vfx_cgi_3d,2380
videogamemetal,2380
vidoes,2380
vincestaples,2380
vinilistas,2380
vintage,2380
vintagefashion,2380
vintageobscura,2380
vintagesynths,2380
vinyl,2380
vinylcollectors,2380
vinylcore,2380
vinyldeals,2380
vinylgore,2380
vinylheads,2380
vinyljerk,2380
vinylreleases,2380
virtualdj,2380
visualkei,2380
vixx,2380
vocalists,2380
voiceacting,2380
voiceover,2380
volcas,2380
voltron,2380
volunteer,2380
volunteerliveteam,2380
vrmasterrace,2380
vsaucemusic,2380
vsti,2380
vstplugins,2380
vulfpeck,2380
vxsociety,2380
wafflehouse,2380
waifu,2380
waitwait,2380
wakaliwood,2380
warhol,2380
warpaintwarpaint,2380
warpedtour,2380
wasalujaco,2380
watchmaker,2380
waterlooiowa,2380
watershipdown,2380
wavepool,2380
waveracer,2380
wavves,2380
wayforward,2380
wayhome,2380
waypointvice,2380
wearegta,2380
wearescientists,2380
wearestars,2380
wearethemusicmakers,2380
wecollective,2380
weezer,2380
werkstatt,2380
whatthefestival,2380
wheelchairjimmy,2380
whiteatheistman,2380
whitelabels,2380
whitewater,2380
whitewatercirclejerk,2380
whitewatervideos,2380
whoarepinkandblue,2380
wicked,2380
widowers,2380
wikitribune,2380
wildanimalsuffering,2380
wimhof,2380
wimhofmethod,2380
wingsband,2380
witchhouse,2380
wizardwars,2380
wkuk,2380
woahtube,2380
woahtunes,2380
wolfcop,2380
wololo,2380
wolves,2380
womensstreetwear,2380
wondergirls,2380
woodshed,2380
wornout,2380
worshipguitar,2380
woxy,2380
written4reddit,2380
wronggenre,2380
wtf_amazon,2380
wutang,2380
wuub,2380
wwu,2380
x80,2380
xaamyissatan,2380
xjapan,2380
xplicitradio,2380
xtc,2380
xtrill,2380
xxxtentacion,2380
yeasayer,2380
yee,2380
yeisbae,2380
yelawolf,2380
yellowcardrock,2380
yester,2380
yunaria,2380
zago,2380
zappa,2380
zgn_meme_gallery,2380
zhu,2380
zkonketsuji,2380
zomboy,2380
meta_feminism,2381
boatswagen,2382
downingtown,2383
jojoscirclejerk,2384
carsgw,2385
biouno,2386
awfultheories,2387
shitjamessays,2388
hgtv_verse,2389
thumpers,2390
alienexchange,2391
mturkgate,2392
teenagecoders,2393
teenprojects,2393
greenwisconsin,2394
wisconsinforsanders,2394
worf,2395
fatpeopleappreciation,2396
murdertrials,2397
edgeofthemists,2398
illustrator,2399
learndesign,2399
phoneverification,2400
dungeonrealms,2401
radiation_network,2401
litedoge,2402
basketballoffseason15,2403
hella,2404
grizspiracy,2405
didibreakreddit,2406
educationdisruption,2407
ronniebquotes,2408
magictrade,2409
exileguild,2410
twinx,2411
freedom,2412
seangares,2413
anorexiahowto,2414
anorexic,2414
sosandthetiny,2415
flickscirclejerk,2416
hpthecat,2417
princessdaisy,2417
animeplot,2418
nsfwanimegifs,2419
hailvictoria,2420
3669,2421
kiannadior,2421
tialing,2421
thosesnewsguys,2422
poopyjoe,2423
lolcustom,2424
bodybeast,2425
nobodygivesashit,2426
unheardof,2427
futurist_entrepreneur,2428
jack2671,2429
er6t3e,2430
applycoldwatertoburn,2431
book_club,2432
getaether,2433
cardboardtopc,2434
lifeinkorea,2435
galiomains,2436
welikeshooting,2437
srsanime,2438
douchebrag,2439
illegaltorrentlinks,2440
climbingporn,2441
etrianodyssey,2442
notthewire,2443
armymoviereviews,2444
thewastes,2445
360playdate,2446
forzaflg,2446
whydude,2447
motoxcirclejerk,2448
tmfas,2449
poniesbeingjerks,2450
qgis,2451
biochemistry2,2452
risus,2453
riotgrrrl,2454
womenrock,2454
lucyrose,2455
bestof_ss,2456
mcstaff,2457
playsuburbia,2458
puzzle,2459
stroke,2460
plazapozoblanco,2461
bluechitchat,2462
podstuck,2462
annefrankdiary,2463
dip4btc,2464
buildapcproxy,2465
theydidtherationality,2466
althistorysim,2467
themapgame,2467
truechristianmeta,2468
beggingforgold,2469
onepiece_hentai,2470
boycottgoogle,2471
mindandbrain,2472
bayareagraffiti,2473
bigpharmagame,2474
luckystale,2475
highlandersupremacy,2476
dirtybombconfigs,2477
chamberman,2478
magicquartercouncil,2479
spacenewstoday,2480
transjobs,2481
vinylmation,2482
shanecarruth,2483
exchanginglanguages,2484
ortingwa,2485
mattsolo,2486
srt3masterrace,2487
thoseeyes,2488
sayitlikeagoodgirl,2489
ifaf,2490
musictosleepto,2491
battleblocktheater,2492
commongroundmovement,2493
stormcloudsgathering,2493
beachsoccer,2494
charitygamble,2494
gayhentai,2495
yaoi4all,2495
greatdanedogs,2496
modelnzec,2497
academicwriting,2498
schoolsucks,2498
okdemocrats,2499
celebricats,2500
forecastle,2501
kimiraikkonen,2502
lucknow,2503
hardfestival,2504
roughcollies,2505
nautclassic,2506
justmanospherethings,2507
aucklandbaconeaters,2508
ambientassistedliving,2509
hmw,2510
dota2til,2511
allcore,2512
mastersofsex,2513
talesofushealthcare,2514
classicgamedesign,2515
joicei,2516
artbell,2517
artbellmitd,2517
retrogear,2518
oyvey,2519
podemosleganes,2520
cartridgecollecting,2521
tsbd,2522
cuckservatism,2523
trolldepression,2524
upvotedbecausegarth,2525
isisgonewild,2526
playwithlsa,2527
upvotebecauseboobs,2528
edgy_squad,2529
tunnelsnakes,2530
modeleastdistrict,2531
modelnorthdistrict,2531
modelsouthdistrict,2531
modelwestdistrict,2531
mpos,2531
modelcentraldistrict,2532
clippersdrunkhof,2533
modelsgonemild,2534
momsbox,2535
osrstranscripts,2536
arkham,2537
doalerphobic,2538
joebidenbot,2539
superchargers,2540
studentdiscounts,2541
pinniped,2542
fcbuffalo,2543
boulderbitching,2544
druid_hs,2545
gravityfallsantijokes,2546
buenosairesbici,2547
vettech,2548
beeporn,2549
lampworking,2550
coversongoveroriginal,2551
personalfinanceuk,2552
celebrityfeet,2553
tsugumi,2554
thatrockforpresident,2555
pushka,2556
games4bitcoins,2557
nerdcubedfaces,2558
coderlife,2559
coozinwrites,2560
flyovers,2561
markham,2562
terriblepolitics,2563
whatisgrammar,2563
ladybonersgonemild,2564
sarahtops,2565
askfastfoodemployees,2566
altprog,2567
thinspocommunity,2568
fnafyoutubers,2569
poor,2570
dccomicslegends,2571
dccomicslegendsgame,2572
relocating,2573
thepeoplestribune,2574
vabeach,2575
sucirclejerk,2576
edi,2577
hyjal,2578
ps4planetside2vs,2579
r4rva,2580
nsrarchive_jp,2581
kappa2,2582
revengeporn,2583
lacroixlife,2584
serina,2585
redstonecommunity,2586
marthmains,2587
cfbtrashtalk,2588
twobrotherscoc,2589
tarotpractice,2590
engineteststands,2591
wethotamericansummer,2592
lildicky,2593
rpgtrade,2594
betteroffted,2595
electbernie,2596
phoenixr4r,2597
btloseit,2598
esoxbox,2599
saxhleelstronghold,2599
sneapsnop,2600
againstthecurrent,2601
chrissycostanza,2601
nomoresobstories,2602
wariomains,2603
6037thworldproblems,2604
hogskoleprovet,2605
playarklfg,2606
trueweekendgunnit,2607
colbertnation,2608
originalerror,2609
modelusgovdebate,2610
thebusroofincident,2611
armada,2612
londonlook,2613
jazzadvice,2614
twtshmwmilliuaesm,2615
atlhousing,2616
fuck_off,2617
senjougahara,2618
pear,2619
scrotalrecall,2620
cattledecapitation,2621
angermekana0,2622
helloproject,2622
codeprojects,2623
bannedfromfunny,2624
muselk,2625
americanproblems,2626
falloutshelterandroid,2627
interrail,2628
bloodstone,2629
shittymetalmemes,2630
meapafanclub,2631
cfbrecruiting,2632
suddenattack,2633
leannadecker,2634
playboy_albums,2634
sabrina_nichole,2634
cmhocembassy,2635
modelembassydistrict,2635
ffaindia,2636
kos,2637
exgf,2638
randomactsofchinese,2639
airline,2640
lufthansa,2640
ainsleyharriott,2641
jamieoliver,2641
gamingchallenges,2642
actually,2643
balanceofpower,2644
scwbop,2645
urbangardening,2646
ctvapers,2647
rugbyleaguelive,2648
arsclan,2649
memeweavers,2650
legostarwars,2651
125,2652
neopia,2653
downwithpop,2654
wheredidthetowersgo,2655
plazacoslada,2656
podemosalcala,2656
anormaldayinjapan,2657
afterlifeempire,2658
majesticbuffaloes,2659
devotedgirl,2660
alphabetcirclejerk,2661
whydidyoustoprunning,2662
fcum,2663
stockportcounty,2663
starmadeships,2664
adodenhaag,2665
pcmasterraceshitposts,2666
truetitrc,2667
berniesandersislife,2668
unzip,2669
shittyasknfl,2670
spiritscience,2671
elitedangerousdrama,2672
portsmouthfc,2673
quickpromotions,2674
conjecturevlog,2675
potatocult,2675
thinkfact,2675
timms5000,2676
floridatrail,2677
ocala,2678
nri,2679
lehootgeneration,2680
feralfur,2681
satisfyingasfuck,2682
sonicdc,2683
texashistoryporn,2684
ties,2685
repeatthealamo,2686
flowerhuaquotes,2687
jhquotes,2687
michaeljordan23,2688
benin,2689
fivenightsatchelsea,2690
televisionratings,2691
1337wiki,2692
gunnitrust,2693
booobies,2694
bitcoin_news,2695
zealio,2696
easton,2697
shivermetimurids,2698
imaginaryfashion,2699
a3scripts,2700
amazonreviews,2701
theemospeeds666,2702
entshop,2703
wherearetheynow,2704
my_mixtape,2705
flexboneoffense,2706
tallinn,2707
removechilipepper,2708
twincitiesfpv,2709
dropship,2710
computationalecon,2711
punichair,2712
warelephant,2713
symbiosisgathering,2714
nurselizzy,2715
fireuk,2716
brn,2717
rooting,2718
comedyheads,2719
withbobanddavid,2719
editorial_jp,2720
zackburton91,2721
blunttalk,2722
adultempirepowers,2723
empirepowers,2723
ep_circlejerk,2723
funnycatsmemes,2724
redditaeon,2725
pes16,2726
diamondhoemasterrace,2727
echo,2728
avirusnamedtom,2729
wepes,2730
lakezurichil,2731
tubatholicism,2731
books_uk,2732
plantsandcircuits,2733
casiogaming,2734
projectsparkgame,2735
freegamesonandroid,2736
gameblogs,2736
shittyshittyhub,2737
shittyshittyshittyhub,2737
botswana,2738
evenworsewithcontext,2739
splatoongeartrade,2740
studentloanjustice,2741
moderatorcooperative,2742
african_history,2743
gamingjerk,2744
abdada,2745
futureworldproblems,2746
pheynesplayingfield,2747
20asc,2748
leecannon_fans,2749
easementporn,2750
bargain,2751
bargains2,2751
drawncarfaces,2752
msltp,2753
shinmegaten,2754
fancydinosaurs,2755
explainitlikeim5,2756
umw,2757
goblin_ffxiv,2758
twibnation,2759
nickewing,2760
bitdefender,2761
deezer,2761
dirtyandclean,2762
smartwatch2,2763
mildlyannoyedcats,2764
berlinbicycling,2765
badmonkey0001,2766
narcikarma,2766
pineconefritters,2767
ladyfappington,2768
gamediscussion,2769
americansineurope,2770
asdfsda,2771
modmailmoments,2772
paladinhs,2773
imnotverysmart,2774
didgallowfrontpage,2775
allblacksvslospumas,2776
mayweathervsalvarez,2776
rogersimon10,2777
corporatism,2778
okkupert,2779
oraora,2780
galapagos,2781
nintendouk,2782
motorcyclehate,2783
liftingwithleonidas,2784
purplephoenix,2784
stlouisdiscgolf,2785
onetrueuiharu,2786
newarkohio,2787
tuebingen,2788
lomquestguild,2789
theabraxasmarket,2790
avaail,2791
totallynotlizards,2792
donotjoin,2793
headfonics,2794
headphonereviews,2795
timothypizza,2796
smokers,2797
rangereport,2798
ubbulls,2799
esportpsychology,2800
restagged,2801
creditcard,2802
gonegonegonegonetron2,2803
collegehumor,2804
mtgfanfiction,2805
sennheiser,2806
ateraan,2807
gemhomeworld,2808
wownewbieraids,2809
narou,2810
reslife,2811
all_lives_matter,2812
redditstarwarsrpg,2813
hanszimmer,2814
maujornalismo,2815
libredesign,2816
librestudio,2817
eiolelehti,2818
shittieranimalfacts,2819
remixes,2820
omniconservative,2821
slique,2822
schrocat,2823
abraxasmarketplace,2824
detroitlionsffl,2825
scientists,2826
stereotypes,2826
ec754,2827
crypto7899,2828
transmlp,2829
evehicles,2830
4d2,2831
retiredmeatspin,2832
fuckyeahsofuckable,2833
theneedledrop,2834
mhoirdailbar,2835
worldbar,2835
raots,2836
westofloathing,2837
flitwick,2838
ethdapps,2839
nflgossip,2840
bombs,2841
runner,2841
takanai,2841
everspacegame,2842
relationshits,2843
servers,2844
notbarcelona,2845
project87,2846
psychicfriendfredbear,2846
theblacktapes,2847
bikeslc,2848
filthyrobot,2849
readthis,2850
bitcoin_unmoderated,2851
nzgonewild,2852
sky,2852
kamelot,2853
kaztest,2854
carsandgirls,2855
ladyontheroad,2855
adventuresofkevin,2856
puredata,2857
historicalmus,2858
hmusmidatlantic,2858
hmusnewengland,2858
pretentiouscringe,2859
westerosrpcommunity,2860
melbournephotography,2861
immigrationreform,2862
racism_immigration,2862
brycewagner,2863
kangaroopics,2864
lebreadgeneration,2865
pyonhoang,2866
shittyartbattles,2867
gottasketchemall,2868
mariomakerhelp,2869
horsecritique,2870
travelhacking,2871
neuromorphiccomputing,2872
thai,2873
epicmounts,2874
car_,2875
medieval,2876
nsfwsports,2877
bahiablanca,2878
treehome,2879
dublincalifornia,2880
narwhalreader,2881
codemasters,2882
f1game,2882
virtualwdcpc,2882
modelmotorsports,2883
icenianbc,2884
theyexplainedthemath,2885
grassrootsletters,2886
volapuk,2887
onepiecerpg,2888
risingspiritpirates,2888
ourperpetualexemption,2889
hdsoccer,2890
dunglish,2891
appsbyreddit,2892
trymyandroidapp,2892
listnerds,2893
listnerdstest,2894
dan_links,2895
aberdeenfc,2896
cocredditmisfits,2897
zonaents,2898
travelhacks,2899
allwomen,2900
bigbigtrain,2901
stockcarextreme,2902
sanantoniomusic,2903
firstaid,2904
sja,2904
logorequests,2905
parkslope,2906
spokanejobs,2907
allnews,2908
shittysocialscience,2909
veganbookclub,2910
analogkit,2911
choppa790,2912
ironthronerp,2913
itrpcommunity,2913
beautydeals,2914
poll,2915
briganti,2916
realchristian,2917
cumhaters,2918
facialfun,2918
playmesozoica,2919
letterboxes,2920
reactorincremental,2921
celebritiesx,2922
nsfwr,2922
nude_beach,2922
bellyshirts,2923
dndui,2924
talesfromrimworld,2925
poryscourt,2926
alanrickman,2927
constitution,2928
bloodbowl2,2929
minionlove,2930
lgbtyranny,2931
douchebagsofreddit,2932
againstmarihuanaabuse,2933
bernieham,2934
shirtify,2935
diygifts,2936
oregontrees,2937
platingporn,2938
fitdrawngirls,2939
fitgirlshentai,2939
fingerpickers,2940
johnfahey,2940
comoros,2941
dandeacon,2942
arkaddicts,2943
birdvscamel,2944
jontronanarchyanarchy,2944
chicagobears,2945
manualfifa,2946
rmmrcirclejerk,2947
atlafanfiction,2948
frugalchicago,2949
iebeer,2950
thedivinecomedy,2951
skincarescience,2952
brakeforcake,2953
docventures,2954
yoyhammertrade,2955
basiclifeskills,2956
persona_gaming,2957
highschoolfootball,2958
kcroyalscirclejerk,2959
drmariomains,2960
ktymee,2961
mathcirclejerk,2962
gunvendors,2963
noxworldorder,2964
drugsarebeautiful,2965
scream_queens_fox,2966
madoka,2967
memoryforge,2968
thememoryforge,2968
realcatholicmen,2969
firehazard,2970
oldernoots,2971
justak,2972
livingofftheland,2973
funyy,2974
bannedfromsbbh,2975
baileyrayne,2976
shitjpurdysays,2977
angrygrandpa,2978
justkiddingfilms,2979
tidfu,2980
lovelivefanart,2981
58manjawsgonewild,2982
hapaporn,2982
carparts,2983
birddogs,2984
gundogs,2984
amateurcollegegirls,2985
legalcollegegirls,2985
lewdgestures,2985
haloshowerthoughts,2986
scoreboardporn,2987
fountain,2988
starslatecodex,2989
fortytwo,2990
towelday,2990
superpanicfrenzy,2991
othertimesitsth5,2992
pokemontdefense,2993
ptd2,2993
texasforclinton,2994
thissubexists,2995
derekcarr,2996
csgoweaponbalancemod,2997
massdropbot,2998
coccrystalhaze,2999
tplh3,3000
girlsintanktops,3001
searchengines,3002
psychologicalhorror,3003
thenightmarefactory,3004
jerkdiamondtalk,3005
chilloutmusic,3006
macarons,3007
chesterton,3008
fighton,3009
syrianews,3010
kiaquality,3011
audiotool,3012
checkmytrack,3012
askdrugnerds,3013
winoprotips,3014
songs,3015
multibeta,3016
subreddit1,3016
subreddit2,3016
onlybornmales,3017
totalshitposting,3017
overboredgaming,3018
evelynlin,3019
metalgearshitpost,3020
greejal,3021
foodcutinhalf,3022
mildlydevastating,3023
rosemasterrace,3024
upvotedbecausedress,3025
webaccess,3026
subredditsimulator_ss,3027
cumonglasses,3028
tree_irl,3028
yayamateurs,3028
thebaws,3029
airport,3030
reddit_narrated,3031
missouri4sanders,3032
theinbetweeners,3033
jerkitoff,3034
realbeauties,3034
buick,3035
chapel,3036
circumcision,3037
circumcisionisgood,3037
circumcisions,3037
phimosis,3037
gaybrostoriesgw,3038
petersburgva,3039
vatricities,3039
chikara,3040
outdoorswithjeff,3041
listofponies,3042
askdrummers,3043
militaryraging,3044
nsfwmomoftheyear,3045
devotedcirclejerk,3046
visioncontrol,3047
indiapolicy,3048
thothappened,3049
statoil,3050
civoverlife,3051
artificiallife,3052
memphistigers,3053
moonknight,3054
klonoa,3055
fct,3056
rblcasual,3057
redditbattleleaguetwo,3057
bostonfood,3058
aroceania,3059
whiteheathen,3060
shitspaciessay,3061
nflcheer,3062
didyouknowgaming,3063
redditoffline,3064
explainusingcunthairs,3065
badgrammar,3066
rochestergaragesale,3067
welcometodoomsday,3068
ironyornot,3069
scandinavian,3070
predictit,3071
guyeatinginreverse,3072
counterstrikego,3073
mansta8,3074
scjwithscotsman,3074
zoo_wee_mama,3074
carpmuzik,3075
littlecaprice,3075
snkplaymore,3076
darksynth,3077
kcroyalshangout,3078
whydidhedothemath,3079
bidenforpresident,3080
letsmakeasubreddit,3081
askcooking,3082
hwl,3083
wwegame,3084
casseroles,3085
lawson_h,3086
shopping_discount,3087
upvotedbecausehunk,3088
vegasr4r,3089
hurricanepatricia,3090
askmeanything,3091
stopkillingus,3092
theamericantaliban,3092
altwp,3093
saudiprince,3094
talesfromthelaw,3094
shitagainstgamergate,3095
rhinowrites,3096
edis,3097
newcovenanttheology,3098
storyanalysis,3099
geteffective,3100
subwoofer,3101
opinionsaboutnothing,3102
nintendads,3103
austinevents,3104
nocwatch,3105
filmpreservation,3106
badamtuss,3107
rbnmusic,3108
langley,3109
solo_girls,3110
ethankun,3111
regames,3112
civicenia,3113
eslar,3113
thewordsofxacktar,3114
nirvanafanclub,3115
ymata,3116
6banter,3117
physicsbanter,3117
shittagprosays,3118
badaccounting,3119
scbt,3120
sinnersandsaints,3121
thekingsoftamriel,3121
4g63,3122
dsm,3122
sydneybuyandsell,3123
soflabeer,3124
blondebush,3125
rugsonly,3126
notsafefornature,3127
vulva,3127
ponyfeet,3128
rule34feet,3129
caden,3130
leftyguns,3131
fantasticfanart,3132
three,3133
threeuk,3133
gratitude,3134
infinity,3135
gingerpuss,3136
rugbyrefs,3137
geometrydashcringe,3138
mobiusuibom,3139
guinea,3140
spookyoldnews,3141
mau5head,3142
whosampled,3143
mots,3144
marvelff,3145
ptsdreligion,3146
metashowerthoughts,3147
obscuremusic,3148
nocontect,3149
inkandkrill,3150
simplify3d,3151
lfs,3152
linuxfromscratch,3152
controlfind69,3153
windowsphonejp,3154
lisp_ja,3155
sicp_ja,3156
enoughdonaldspam,3157
caravvendors,3158
fireteamhalo,3159
unionhouse,3160
youtubepoop,3161
incandescentmr,3162
cabaret_club_ja,3163
tifubiwrt,3164
maxheadroom,3165
911truthwiki,3166
bndota2,3167
bngaming,3167
altmoms,3168
indivisible,3169
nflba,3170
europemetameta,3171
groundzerogaming,3172
pcpartpickerbuilds,3173
pcpartpickers,3173
wildcanids,3174
natchitoches,3175
nsula,3175
louisvuitton,3176
alternateperspective,3177
dreamworld,3178
whitewaterworld,3178
thatlookslikeapenis,3179
ilovegallowboob,3180
hearthstone_ja,3181
rate_me_nsfw,3182
politicaportuguesa,3183
democratdebates,3184
beamrobotics,3185
eugreen,3186
moosepunching,3187
bboybattles,3188
creighton,3189
topmindsofvoat,3190
estatus,3191
mumbomumbomumbo,3191
darkwebmarkets,3192
deepwebmarketslinks,3192
kgl9268,3193
twodicks,3194
teawrights,3195
imgurtegration,3196
syriancivilwar_saa,3197
noselfawareness,3198
reetahan,3199
seongwoonmoon,3199
nable,3200
greenshot,3201
politicalpartypowers,3202
vanderpumprules,3203
hoopsnation,3204
coldwarstories,3205
arizonawildcats,3206
email_marketing_tips,3207
kunst,3208
jetmetsarchive,3209
whatwhatinthesub,3210
facesofthewastes,3211
reversepov,3212
veggiefriendly,3213
lbp3,3214
littlebigplanet3,3214
reviewpapers,3215
nokoin,3216
anxietyhelp,3217
bumbleshirtswasright,3218
21dotco,3219
pogs,3220
vertigomasterrace,3221
batmanbeyond,3222
bikinibeauties,3223
hiroyuki,3224
prisonpenpals,3225
cutetgirls,3226
britpolitics,3227
ineedaname,3228
archspire,3229
nolan,3230
credit_cards,3231
stopidentitytheft,3232
cardsagainstundertale,3233
diversitycritical,3234
corrent,3235
betauprising,3236
imaginarybestof,3237
imaginaryvessels,3237
mastmaking,3238
quasicatholicism,3238
redditmafiacoc,3239
renaissancesmp,3240
upchuckedreddit,3240
orangutans,3241
bandanadogs,3242
randomactsoftrollx,3243
annaroserecipes,3244
openmpt,3245
collapsepredictions,3246
rustnode,3247
rustyrefuge,3247
onetruekongou,3248
braveknights,3249
castleclash,3249
cosmik,3249
fallout_cc,3249
grafterscc,3249
nobiliscc,3249
pdu,3249
thenefarious,3249
wayport,3249
emoticons,3250
unicode,3250
droptoprocket,3251
readyuplive,3252
bowserjrmains,3253
redblacks,3254
braindance,3255
lukevibert,3255
retape,3255
rocketleaguecoaching,3256
auctions_tf2,3257
jstrydor,3258
whichggepisode,3259
pawnshops,3260
somepersontestspace,3261
waterintowhiskey,3262
acdrama,3263
sharedactown,3263
themonstermanual,3264
candida,3265
leakyfatigue,3265
hulahoopsgonewild,3266
imaginarydisney,3267
imaginarykanto,3268
nerdcubedservers,3269
solvingendlessnothing,3270
thereisnoowl,3271
smalldicks,3272
shitplfanssay,3273
libertariangreece,3274
brasilia,3275
musicdeals,3276
windowsstore,3277
allracistjokes,3278
mcrib,3279
skeletal,3280
gatedtulpas,3281
shitwrongthread,3282
savage,3283
chevelles,3284
allmaddenmobile,3285
r4rplus,3286
elderscrollspowers,3287
nirnpowers,3287
theseareouralbums,3288
bestops,3289
discussionposts,3290
kyrgyzstan,3291
charlieswildadventure,3292
bigboss,3293
cbrbrpaaartyyy,3294
redditrangers,3295
atlantasilverbacks,3296
howtowtf,3297
sandwiches,3298
karthusmains,3299
taiwanrocs,3300
shinjimin,3301
danieljohnston,3302
twitterswrites,3303
travelnightmares,3304
mtgo_trade,3305
vassal40k,3306
testcryptocookie,3307
ganymedegate,3308
newssokuf,3309
humblebeginnings,3310
saunathoughts,3311
fnafdrama,3312
lakewoodranch,3313
therecanbeonlyhun,3314
rabbijokes,3315
nflplayoffscenarios,3316
lolcommunity,3317
justfriendthings,3318
amaburi,3319
therapydogs,3320
skatergirls,3321
boinked,3322
whiteknightchronicles,3323
whataboutanowl,3324
gameboyadvance,3325
suomihajosi,3326
seminoleheights,3327
tretton37,3328
jerktalkoblong,3329
jerktalkrectangle,3329
badbad,3330
awwforsanders,3331
devotedexchange,3332
consumethemango,3333
secretsantagripes,3334
cf4cf,3335
max,3336
owclimbing,3337
challenger,3338
jaggedalliance,3339
tiagonewild,3340
onetrueamerica,3341
gymfails,3342
isawstarwars,3343
minecraftpe,3344
publicflashing,3345
agda,3346
dannyphantom,3347
infinitejukebox,3347
realmserver,3348
therealmonline,3348
vg_hero_ideas,3349
brawlminus,3350
eatwraps,3351
quesadillas,3351
antivaxxers,3352
nosleepaudio,3353
subterfuge,3354
corruptionmustfall,3355
bestofpublicdomain,3356
public_domain,3356
publicdomainposts,3356
beatermasterrace,3357
nexttonorthcutt,3358
stupidlogic,3359
reversedrescuegifs,3360
russiangridcoin,3361
martin_irl,3362
chucktesta,3363
ironthronemechanics,3364
personaltpugh,3364
psychogobstopper,3364
minimaluminiumstage,3365
reddit_themes,3365
structurag,3365
narnia,3366
momskillingchildren,3367
mgtowmusic,3368
bitcoinone,3369
2000adcomic,3370
shittyplotsummaries,3371
askmanagement,3372
sixsigma,3372
hiddenconspiracy,3373
galaxygutsforprez,3374
eudown,3375
destinyepics,3376
destinyjournals,3376
bkkbtc,3377
pcc,3378
cantalouping,3379
teamearth,3380
dakotaskye,3381
patriotscirclejerk,3382
georginaholguin,3383
technicallycorrect,3384
imaginarywords,3385
creationkit,3386
ribcage,3387
moviesexplainedbadly,3388
segmenttp,3389
bakubakuworldproblems,3390
malmoxworldproblems,3390
cahbot,3391
ukulelecss,3392
splattim,3393
forceawakensspoilers,3394
starwarstfa,3395
moriarl,3396
darklols,3397
baths,3398
websecurity,3399
lgg24,3400
modelsealand,3401
getcancer,3402
besterosfederation,3403
2garmy,3404
aatroxmains,3404
adamlukas,3404
adc,3404
afez,3404
ahrilol,3404
ahrimains,3404
ahritime,3404
akalimains,3404
alfred,3404
alhenalol,3404
amster2,3404
amumumains,3404
aniviamains,3404
aplatypuss,3404
aquadragon,3404
aram,3404
arestbc,3404
asksf,3404
aurelion_sol_mains,3404
azirbugs,3404
azirmains,3404
balori,3404
bardmains,3404
bayarea,3404
bayareacirclejerk,3404
bayareaents,3404
bayareawater,3404
bestofboth,3404
bestofbronze,3404
bigfatlpjiji,3404
bingrewards,3404
blitzcrankmains,3404
blitzmains,3404
braummains,3404
bronze5advice,3404
caitlynmains,3404
californiaforsanders,3404
californiaindian,3404
camillemains,3404
cassiopeiamains,3404
championmains,3404
chogathmains,3404
circloljerk,3404
clearlovestrophycase,3404
clg,3404
cloud9,3404
coastlife,3404
coastside,3404
comparativemythology,3404
corkimains,3404
crestfallserver,3404
criticalhitlive,3404
csulb_esports,3404
curseordie,3404
cypresstributepics,3404
dalaranwow,3404
dankofmemes,3404
dariusmains,3404
dianamains,3404
dimsum,3404
dirtysionmains,3404
dominatedominion,3404
dota2pubstomps,3404
dotavods,3404
doublelift,3404
doubleliftstrophycase,3404
doublelifttrophycase,3404
draven,3404
drmundomains,3404
duyui,3404
eastbay,3404
echofox,3404
ekkomains,3404
elisemains,3404
elysiumwow,3404
embergg,3404
emeryville,3404
esportsaustralia,3404
esportsbr,3404
evelynnlol,3404
evelynnmains,3404
everythingriven,3404
ezrealmains,3404
fanart,3404
fantasylcs,3404
fantasylolmobile,3404
fieldofjusticeporn,3404
fioramains,3404
fizzmains,3404
flyquest,3404
fnatic,3404
foxist,3404
fremont,3404
fuckazubu,3404
futuristicgaming,3404
fwgd,3404
g2esports,3404
gachimuchi,3404
gakuragaming,3404
gambitgaming,3404
gamingmarket,3404
gangplankmains,3404
garenmains,3404
gbay,3404
generaldiscussiongd,3404
gglol,3404
ggriot,3404
gnarmains,3404
godmoist,3404
grammarbad,3404
grassrootsselectca,3404
gravesmain,3404
gromp,3404
h2kgaming,3404
halfmoonbay,3404
hearthstonevods,3404
hecarimmains,3404
hellfiretbc,3404
hellscreamwow,3404
hextechleague,3404
hommlol,3404
housingforsf,3404
huzzygames,3404
ieforsanders,3404
illaoi,3404
immortals,3404
immortals_gg,3404
ireliamains,3404
itsdraven,3404
ivernmains,3404
janna,3404
jannamains,3404
jaycemains,3404
jhinmains,3404
jkkoverd,3404
jungle_mains,3404
justokgamers,3404
kadenlnelson,3404
kalistamains,3404
karmamains,3404
kassadinmains,3404
katarinamains,3404
kaylemains,3404
kazragore,3404
kennenmains,3404
khazixmains,3404
kikeroni,3404
kindred,3404
kledmains,3404
koreanadvice,3404
koreanparenting,3404
kronos2wow,3404
kronosauction,3404
kronoswow,3404
kylegannok,3404
lakecountyca,3404
lakemerritt,3404
league_of_legends,3404
league_of_legends_,3404
league_of_legends__,3404
leagueclubs,3404
leagueconnect,3404
leaguefactionbattles,3404
leaguefactions,3404
leagueleaks,3404
leaguemontages,3404
leagueofappreciation,3404
leagueofbadideas,3404
leagueofchaos,3404
leagueofdata,3404
leagueoffailures,3404
leagueoffun,3404
leagueofjinx,3404
leagueofjokes,3404
leagueoflegends,3404
leagueoflegendsmeta,3404
leagueoflegendsnews,3404
leagueoflegendsuk,3404
leagueofmeta,3404
leagueoframmus,3404
leagueofreworks,3404
leagueofvideos,3404
learnhalo,3404
leblancmains,3404
leesinmains,3404
legacyaddons,3404
leonamains,3404
leoreddit,3404
lilypichu,3404
lol_cris,3404
lolaccounttrading,3404
lolapodcast,3404
lolbuilds,3404
lolcj,3404
lolcollegiateprogram,3404
lolconspiracylol,3404
loldads,3404
loldominion,3404
loldyrus,3404
lolents,3404
loleventvods,3404
lolfanart,3404
lolfightclub,3404
lolforthepeople,3404
loloce,3404
loloffmeta,3404
lolqc,3404
lolscrims,3404
lolskinconcepts,3404
lolstreams,3404
lolsumo,3404
loltwistedtreeline,3404
lolviewingparty,3404
loreofleague,3404
losangelesforsanders,3404
losleaguers,3404
lostpet,3404
luccacomics,3404
lucianmains,3404
lulumains,3404
lux,3404
luxclubs,3404
lytesmites,3404
mabiconomy,3404
mabinogi,3404
mactang,3404
makingzerosense,3404
malzaharmains,3404
maokaimains,3404
maplestory,3404
marchforsciencesf,3404
marin,3404
mariusisteingott,3404
marksmanmains,3404
masteryimains,3404
mechmoondwags,3404
mileycyrus,3404
misfits,3404
missfortunemains,3404
momsspaghetti,3404
moneyboy,3404
mordekaisermains,3404
morganamains,3404
mountainview,3404
myrsloltips,3404
namechain,3404
namimains,3404
napa,3404
nasusmains,3404
nautilusmains,3404
ncsuteamalpha,3404
ngaus,3404
nidaleemains,3404
nintendude,3404
nocturnemains,3404
norcal,3404
nottheesex,3404
nunumains,3404
oakland,3404
oaklandnews,3404
oaklandsandlot,3404
ocforsanders,3404
ogn,3404
omggaming,3404
organicboys,3404
oriannamains,3404
origen,3404
overwatched,3404
pacifica,3404
pantheonmains,3404
pbe,3404
peeeps,3404
phobos118,3404
phoenix1,3404
phreakpuns,3404
pillarpointharbor,3404
piltovergaming,3404
poppymains,3404
postmates,3404
postmatescouriers,3404
potatotm,3404
premade5,3404
princetonbythesea,3404
qtken,3404
quinnmains,3404
rakanmains,3404
rammuscirclejerk,3404
rammusmains,3404
raresense,3404
realestatenewsgeek,3404
realrivenmains,3404
realsonamains,3404
realtwitchmains,3404
redditandchill,3404
redditbalanceteam,3404
redditscania,3404
renegades,3404
renektonmains,3404
rengarmains,3404
rhombussandbox,3404
riotconspiracy,3404
riothorrorstories,3404
risenesports,3404
rivenmains,3404
robertxlee,3404
rossboomsocks,3404
rumblemains,3404
ryzemains,3404
s4ndr4m0nt0k,3404
sacramentoforbernie,3404
sandboxgate,3404
sandiegoforsanders,3404
sbs,3404
scarrapics,3404
sebastopol,3404
sejuanimains,3404
sfbayarea,3404
sfbayhousing,3404
sfevents,3404
shacomains,3404
shen,3404
shittytattoos,3404
showerargument,3404
shyvanamains,3404
singedmains,3404
singlechampchallenge,3404
sjokz,3404
skgaming,3404
sneezingpandas,3404
sonamains,3404
soraka,3404
sorakamains,3404
southsanfrancisco,3404
stromgarde,3404
summonerschool,3404
summonersupport,3404
summonerwitchhunt,3404
sunnyvale,3404
supahotcrew,3404
supportlol,3404
swaganigans,3404
swagbucks,3404
swainmains,3404
syndramains,3404
taipeiassassins,3404
taliyahmains,3404
talonmains,3404
taricmains,3404
tdk,3404
team_liquid,3404
teamarenaonline,3404
teamclg,3404
teamhalla,3404
teamlmq,3404
teamlol,3404
teamredditteams,3404
teemo_mains,3404
teemotalk,3404
tforcenetwork,3404
thesecretweapon,3404
theydidthechemistry,3404
thezteam,3404
threshmains,3404
titansofmavericks,3404
top_mains,3404
totp,3404
trackpadgaming,3404
trailerdrake,3404
trick2g,3404
tristanamains,3404
trundlemains,3404
tryndameremains,3404
twistedfatemains,3404
twitchmains,3404
u_leagueoflegends,3404
ucsc,3404
udyrmains,3404
unicornsoflove,3404
unioncity,3404
unionsforsanders,3404
universityoflegends,3404
urgotmains,3404
vanillawowservers,3404
varusmains,3404
vaynemains,3404
veigarmains,3404
velkoz,3404
velkozmains,3404
vengeancewow,3404
vgda,3404
viktormains,3404
vladimirmains,3404
vodsbeta,3404
vodsprivate,3404
wediditreddit,3404
whereispastrytime,3404
winterfox,3404
worldofnorthcraft,3404
wotlk,3404
wowservers,3404
wukong,3404
wukongmains,3404
xayahmains,3404
xerathmains,3404
yasuomains,3404
yimo,3404
yorickmains,3404
zedmains,3404
zengmlol,3404
zileanmains,3404
zyramains,3404
closeupstuff,3405
sanjosebarracuda,3406
tbpcore,3407
trpcore,3407
conshohocken,3408
overusedjokes,3409
celebcannibalfetish,3410
maryelizabethwinstead,3410
hondaafricatwin,3411
bestofairbornemint,3412
prephysicianassistant,3412
thetimeisherethetime,3413
tethysrepublic,3414
dogsmirin,3415
anvilporn,3416
antiislam,3417
salaliitto,3418
thenines,3419
fidlar,3420
prairies,3421
photoclass_2016,3422
wrongnumber,3423
hockeyexdraft16,3424
comcasttales,3425
louisville2,3426
ddfundrama,3427
shastra,3428
enterthehaggis,3429
jubileeriots,3430
oehsplace,3431
berkman,3432
anno2070,3433
productsourcing,3434
yellowpencil,3435
villarrealcf,3436
moviecirclejerk,3437
askacobbler,3438
gwcosplay,3439
neilsucks,3440
whatsinmycupboard,3441
newsox,3442
nazca_lines,3443
thenewworlddisorder,3443
fapy,3444
softsynths,3445
synthexploration,3446
calculusstudygroup,3447
spivak,3447
colonization,3448
ridentcraft,3449
harvestporn,3450
bigtitsvideos,3451
aquadesigninnovations,3452
ecoqube,3452
feedbackforfriends,3453
human_rights,3454
castrecordings,3455
sondheim,3456
duksoc,3457
amoralcollection,3458
breakdance,3459
breakdancing,3460
mhocrocketleague,3461
asshaberdasher,3462
grassrootsmidwest,3463
johnnycash,3464
forgotaboutdre,3465
telecomjobs,3466
nfsrides,3467
amifat,3468
fatpeople,3468
connieforpresident,3469
guns3,3470
swimmer,3471
virginiavaping,3472
mmalatest,3473
northernvirginia,3474
cryptofaucets,3475
getfreebitcoins,3475
fsx,3476
animegraphy,3477
theonefoster,3478
nyc_politics,3479
gameofthronesascent,3480
gotascent,3480
texaspolitics,3481
fdebijl,3482
playingaround,3483
undertalefanmadestuff,3484
cloudwebhosting,3485
piercetheveil,3486
neatwallpapers,3487
gamepr,3488
martianfarming,3489
catharticsite,3490
days,3491
soapoperas,3491
polandaccounting,3492
ebaytreasures,3493
jobsquad,3494
codechallenges,3495
unnecessarycomments,3496
foxinnovationlab,3497
katherynwinnick,3498
deportivo,3499
thecontras,3500
antitrashpandawatch,3501
youngstown,3502
bgohio,3503
thelab_ms,3504
countywexford,3505
nuim,3506
trek,3507
pixelstarships,3508
creepypastas,3509
aaronc14,3510
practicewriting,3511
eihlhockey,3512
manchesterstorm,3512
radonthetyrant,3513
clashadvice,3514
learndjango,3515
legodnd,3516
denverents,3517
googlephotos,3518
theymoscoin,3519
contagion,3520
cuterobot,3521
clopcomics,3522
buckeyes,3523
bitcoin_core_dev,3524
vajb,3525
bitcoineconomists,3526
microcomputing,3527
lowered,3528
digitallabor,3529
freeposting,3529
imaginarydieselpunk,3530
dragonsdogmods,3531
accountingcloud,3532
hkm,3533
prevas,3534
shannara,3535
shannaratv,3535
tabthissong,3536
intensebdsm,3537
sadism,3538
dmsguild,3539
azuritereaction,3540
g2agoldminede,3541
officialg2agoldmine,3542
sachoushed,3543
moviestreamingsites,3544
doodlerequests,3545
zeharem,3546
talesfromthemuseum,3547
fnafcreations,3548
bakugan,3549
substealers,3550
pulsatiletinnitus,3551
pyrex_love,3552
liftingmotivation,3553
jpegadmirersclub,3554
babysteps,3555
chowder,3556
femp,3557
dumbassholesofreddit,3558
histoire,3559
artreddits,3560
gamergirls,3561
bcfilmmakers,3562
modelm,3563
meefef,3564
8bitmusic,3565
ancaplounge,3566
reallybadideas,3567
knightsofinfinitejest,3568
pjcorley,3568
amonamarth,3569
true_teenagers,3570
xiuathia,3571
surfacegames,3572
cocos2d,3573
cocos2dx,3573
haligonients,3574
msbeer,3575
soundslikemusic,3576
flowersofhappiness,3577
dylansprouse,3578
jewishanarchism,3579
aseangp,3580
afcannarbor,3581
mainstreethooligans,3581
montessori,3582
lokithepunishr,3583
kcguns,3584
moguns,3584
echopark,3585
textfriends,3586
textingbuddies,3586
billmaher,3587
boostlife,3588
gaymarriage,3589
p0nyl0af,3590
welfareeconomics,3591
jargon,3592
sonjahaze,3593
questionwithnoanswer,3594
herbalmedicine,3595
knightonline,3596
steamko,3596
sociopathrevenge,3597
europeanwatchwatch,3598
readmystory,3599
warfarmersxx,3600
gophergala2016,3601
niagarafalls,3602
gta5money,3603
gta_5_hack_online,3603
gtaoheists,3603
thegalaxianproject,3604
arshitposts,3605
blockstream,3606
70smusic,3607
televisionthemesongs,3607
sexualinjustice,3608
baggerjerk,3609
justtjthings,3610
lindy_booth,3611
hackers4hire,3612
konsol,3612
tncc,3613
justbeetfarmthings,3614
journeyps3,3615
baldopie,3616
newagemusic,3617
staffordgeneral,3618
jetprivilege,3619
samsweetmilk,3620
thehardblocklife,3621
pianoimproman,3622
conlangfamilyproject,3623
bsave,3624
hillarylies,3625
anvil,3626
geele,3627
bmg,3628
shitrworldnewssays,3629
consortiumidgi,3630
thefinebrothers,3631
panties4sale,3632
mutcoinsforsale,3633
christdec25,3634
virginaustralia,3635
greensburg,3636
naturopathy,3637
vbac,3638
phatpeoplehate,3639
okoboji,3640
siouxcity,3641
decorah,3642
molestedinthewomb,3643
phoenix_ffxiv,3644
edmpire,3645
pitofmemes,3646
namebranjokes,3647
mcfanfics,3648
mcfanoranges,3648
webcamvr,3649
widm,3650
beckleyonreddit,3651
firearmgiveaways,3652
maoist,3653
reacttm,3654
squarefootgardening,3655
globalgeneric,3656
ck2multi,3657
biomebundle,3658
cigarettesmokerhate,3659
militaryhallofshame,3660
vapourdepot,3661
gigirivera,3662
melanierios,3662
numerical,3663
bulkdeals,3664
finegaelireland,3665
nppajobs,3666
nursepractitioner,3666
modelopusdei,3667
nendoroid,3668
actionbronson,3669
putnamdraws,3669
competitivews,3670
appers,3671
cenova,3672
entpdemocracy,3673
haloservers,3674
gnusocial,3675
afk_rotterdam,3676
cardfightonline,3677
cardfightvanguard,3677
qoutes,3678
poorlifechoices,3679
redpillfatherhood,3680
stephenhawkingjokes,3681
teamresolution,3682
slutsofsnapchat,3683
musicianfinder,3684
awkwardturtlesnetwork,3685
mssql,3686
gunnnife,3687
thedesert,3688
preech,3689
thickloads,3690
freeonaudible,3691
nomopolitics,3692
kickback,3693
alteryx,3694
operationbarbarossa,3695
crazypeople,3696
pubtimbers,3697
test0324,3698
test2060,3698
awslumberyard,3699
lumberyardengine,3700
tundletar,3701
hentaibondage,3702
rule34bondage,3702
mockredpillinvesting,3703
redpillinvesting,3704
introtomicro,3705
msp430,3705
slimegirlerotica,3706
slimegirls,3706
civexleaks,3707
thevampirediaries,3708
mkxmobile,3709
eldraeverse,3710
cracking_scene,3711
nycparents,3712
varien,3713
true_h1z1,3714
idol4s,3715
20psi,3716
amazonlumberyard,3717
lumberyard,3717
gta_irl,3718
justsomerandomstuff,3719
gta5onlinemoneyglitch,3720
hoonigans,3721
thesublimerone,3722
coloradomammoth,3723
saskatchewanrush,3723
dbbteam,3724
dungeonbossreddit,3724
shbteam,3724
soulhuntersgame,3724
ruhaskell,3725
whatisthisfish,3726
caadvice,3727
yet_another_nomic,3728
wearenotamuse,3729
galatasaraycirclejerk,3730
toulousefc,3730
shadowofthecolossus,3731
teamico,3732
thelastguardian,3732
rvs,3733
videosthatendtoosoon,3734
magicwithzuby,3735
boobiesgonewild,3736
andrewfeeds,3737
catswithballs,3737
shrewsbury,3738
downblouse,3739
bubsy3d,3740
ainbowsucks,3741
talesfromdrexlor,3742
sakisaki,3743
firefoxaddons,3744
traditionalism_forum,3745
72scale,3746
hamaism,3747
trampoline,3748
gonewilduf,3749
solitd,3750
melbournesocialclub,3751
alternatehistorywwii,3752
pythonforexcel,3753
citation_needed,3754
gatsby,3755
subtle,3756
christianquestions,3757
xb1mods,3758
xboxmodding,3758
talesofwolfgang,3759
pawilds,3760
gantoise,3761
cseventvods,3762
soundporn,3763
mobiledjtips,3764
gravityfallstheory,3765
neverbepunkover,3766
surprisewordprompts,3767
consumerism,3768
zika_pt,3769
wredditors,3770
acdc,3771
acdcfans,3771
deepfunk,3772
speedos,3773
whovianents,3774
thistypeofpicture,3775
vimeo,3776
lightningporn,3777
biologygifs,3778
snapsterpiece,3779
fifthworldemoticons,3780
engineeringmemes,3781
thebestphoto,3782
religioustheory,3783
losjaguares,3784
superrugby,3784
bossmonster,3785
clickpocket,3786
evergreenstate,3787
sia,3788
wanderoveryonder,3789
dialecticalreviews,3790
avengersacademy,3791
avengersacademymarvel,3791
marvelavengersacademy,3791
creedlifeprotips,3792
coloradopolitics,3793
zika_fr,3794
venomousreptiles,3795
infinitewinter,3796
aud_devoted,3797
heatfantasybasketball,3798
notanimemaru,3799
myfinalnightmare,3800
scheidecker1,3801
galaxys6updated,3802
weeaboocringe,3803
formative,3804
aitr,3805
sophialeone,3806
dogcausedfatalities,3807
dogrelatedsafety,3807
cavemanproblems,3808
romanticon,3809
getgems,3810
medievil,3811
noveltypccases,3812
davidrogers,3813
losangelos,3813
fragmentedgame,3814
italianfood,3815
redwoodser,3816
boycottchina,3817
incurved,3818
towerofgodrp,3819
enjoyableshitposts,3820
cigarscanada,3821
rightqueer,3822
dota2fashion,3823
007,3824
daniel_craig,3824
badresumes,3825
hotpockets,3826
gotuckyourbelt,3827
tornadobait,3828
counter_culture_labs,3829
auntydonna,3830
vfd,3831
vegketogains,3832
overseerproject,3833
onepunch,3834
newport,3835
f4m,3836
single,3836
thinkingsideways,3837
lolvladimirmains,3838
workoutable,3839
facebankforbernie,3840
roganmcflubbin,3841
cidcity,3842
modelnestate,3843
cardsagainstremnant,3844
lunaticrave2,3845
sandersrefugees,3846
pumpitup,3847
amherst,3848
pioneervalley,3849
motorcyclescirclejerk,3850
real_motorcycles,3850
bookshelf,3851
highqualityreloads,3852
tihguild,3853
secrettestingbackup,3854
sutallite,3855
asiatrp,3856
stridepiano,3857
uotampa,3858
subohmtanks,3859
ukuleletabs,3860
whittier,3861
worstguild,3862
memenomics,3863
shitgunnerssay,3864
ffxivmarket,3865
scottishindependence,3866
yesscotland,3866
menonunstableladders,3867
promotions,3868
lusatia,3869
exmocirclejerk,3870
blackmill,3871
garindan,3872
starcitizenar,3873
hiphopmusicnews,3874
songworld,3874
confidentgirls,3875
shinz_stories,3876
portlandjobs,3877
pro_choice,3878
bfbbunused,3879
modthecrapoutofbfbb,3879
toppkommentatorene,3880
devtechstudios,3881
diytips,3882
homedecorate,3882
rpgprograms,3883
seunghwanoh,3884
urshowtv,3885
pornforme,3886
innocenceproject,3887
cbroriginalcontent,3888
elitenl,3889
gondola,3890
artemisfowl,3891
mmastreams,3892
futurechill,3893
de_news,3894
whatisacceptable,3894
subredditdramato4th,3895
aromatherapy,3896
panera,3897
onetrueasuna,3898
valleymodders,3899
avsinstallers,3900
justnashmanthings,3901
rationalemagazine,3902
jadastevens,3903
mcteams,3904
biochem12,3905
startrekstuff,3906
roomba,3907
sharpexplanations,3908
catzingano,3909
noreallyididnt,3910
ncls,3911
longislandjobs,3912
corewar,3913
healthyself,3914
gggggggg,3915
howdoalltheseexist,3915
designaid,3916
exteriordesign,3916
bbstayinalive,3917
pinocchio,3918
intothewoods,3919
krieg,3920
nijmegen,3921
lmu,3922
gardenwild,3923
boycottwwe,3924
maplerates,3925
sugardating,3926
recife,3927
lasercleaningporn,3928
cammersfault,3929
jontron3,3930
tronjon,3930
notjontron,3931
celts,3932
converse,3933
candlecove,3934
rearcock,3935
shitpostfreejontron,3936
birminghamal,3937
underjon,3938
jauntron,3939
nightshade,3939
fuuka,3940
transcest,3941
wrestlingmattershere,3942
woz,3943
chara,3944
debunked,3945
onlyinkenya,3946
yeehaw,3947
wallpaperswidescreen,3948
jonspiracies,3949
petinsurancereviews,3950
usefulstuff,3950
division,3951
jontronhat,3952
maymaymachine,3952
refit,3953
fantasyfifaleague,3954
de_writingprompts,3955
kats_sexstories,3955
mushroom_hunting,3956
mmprestiges,3957
murdermystery2,3958
marchmadness,3959
ncaabballstreams,3959
modelsis,3960
heynongman,3961
desolationmod,3962
gleamgiveaways,3963
avitus,3964
teamwatercress,3965
sherdog,3966
compactcraft,3967
theculling,3968
bbcmicro,3969
trondertale,3970
undertron,3970
artblogs,3971
iupui,3972
xanth,3973
tantra,3974
theshillexperiment,3975
snapchat_archive,3976
flamenco,3977
flamenco_guitar,3978
flyingshitpost,3979
mlem,3980
oof,3981
nicki_minaj,3982
accidentalbuddhism,3983
moleskine,3984
tsexual,3985
evememes,3986
emc2,3987
echi,3988
starvsjontron,3988
warnzz,3988
mlg,3989
kim_mahjongwrites,3990
victoriaroyals,3991
askdad,3992
spordnb,3993
515654561114,3994
solving_515654561114,3994
christanity2,3995
rawdenimcirclejerk,3996
johngoodmanexists,3997
storyofseasons,3998
koodo,3999
isu_gdc,4000
burners_at,4001
falloutbots,4002
worldforsanders,4003
csgomoviemaking,4004
videogameediting,4004
benfrick,4005
hindulivesmatter,4006
20iv,4007
psbattlenewspaper,4008
unityroyale,4009
clion,4010
lostinwriting,4011
startclassaction,4012
empowerment,4013
payza,4013
kritik,4014
reprapclassifieds,4015
elronnd,4016
egttr,4017
5ivenightsatfreddys,4018
hairties,4019
pokeleaks,4020
shodo,4021
shufa,4021
pokkenbraixenmains,4022
f1statistics,4023
voitures,4024
amazonechodot,4025
mija,4026
deadmanmode,4027
nonfiction,4028
flir,4029
thermal,4030
roleplayingsubreddit,4031
crotchpots,4032
legalizepokefloats,4033
oscilloscope,4034
rigol,4035
lolclubs,4036
redtube,4037
realburgers,4038
cei,4039
cumeatinginstruction,4039
nsfw_throwaway_1,4040
conspiritards,4041
2kssub,4042
332e313431353932,4042
5544159c,4042
59s,4042
6969696969,4042
72strands,4042
abandoneers,4042
acidmusicppgbitches,4042
ads,4042
aegis_imperial,4042
allhailthebutton,4042
americandad,4042
amethystcove,4042
amnflmeblofalaar,4042
anana,4042
andrewtopia,4042
andy,4042
antibutton,4042
antichurchofthebutton,4042
antipressants,4042
april30th2015,4042
april30th2016,4042
aprilknights,4042
ashen_assembly,4042
assassinsofthebutton,4042
badbuttonscience,4042
bamboozling,4042
bardtards,4042
battalionassignment,4042
ben_pedt,4042
beyondandeveryoneelse,4042
blankness,4042
boogoons,4042
boxchange,4042
brainfuck,4042
bravemoggieisland,4042
bringbackthebutton,4042
bruski,4042
button,4042
buttonaftermath,4042
buttonarena,4042
buttonconspiracy,4042
buttonnews,4042
buttonrehab,4042
buttonreunion,4042
buttontheory,4042
buttonthoughts,4042
caldera2016,4042
cckufi,4042
cestknights,4042
chaoslegion,4042
chartreusealliance,4042
cheesislife,4042
chillgrillalliance,4042
choochoomotherfuckers,4042
chroma,4042
chroma_olympics,4042
chromaball,4042
chromacoin,4042
chromagamers,4042
chromaleague,4042
chromalore,4042
chromamarket,4042
chromanauts,4042
chromanauts_eternal,4042
chromanewsnetwork,4042
chromarelaxation,4042
chromehenge,4042
churchofrobin,4042
churchofthebutton,4042
churchofthepretzel,4042
chutes,4042
councilofkarma,4042
ctrlc,4042
czteiqbaete_evimdaf,4042
dancing,4042
dehydratingjokes,4042
destructionist,4042
disapproval,4042
doctatorship,4042
duelingcorner,4042
earlsofwhite,4042
electricfaceman,4042
emerald_council,4042
emerald_heights,4042
encyclopediabuttonica,4042
farg,4042
fbimomstacos,4042
fcarracecontrol,4042
felicityfarm,4042
fieldofkarmicglory,4042
findinghekatestation,4042
fitosmdo1_,4042
followersoftheshade,4042
fortiris,4042
funnyphilosophy,4042
gaysalsacornorgy,4042
gedtor_rs,4042
goldguard,4042
goodmorningperiwinkle,4042
gospelofthebutton,4042
grayhipsters,4042
greataurantiaco,4042
groverepublic,4042
gulf,4042
hishouse,4042
holy0,4042
holybutton,4042
holyorderofprimes,4042
hoos,4042
hourless,4042
ivanchat,4042
jodadaeiilrtvirorbti,4042
joinapple,4042
joinoctopus,4042
joinrhino,4042
joinrobin,4042
joinweasel,4042
karmancer,4042
keratoconus,4042
knightsofthebutton,4042
ko_tlootouunen_btgis,4042
kyanitecove,4042
kyleandpatrick,4042
l_rufus_californicus,4042
maafzualma,4042
magentaalliance,4042
maymayzone,4042
metropolisdaja,4042
micubit,4042
midnightmarsh,4042
mifusmunjobeza,4042
mrmath,4042
newcerulean,4042
nipplebutt,4042
nocoloreds,4042
nonpresser,4042
nonpressers,4042
nordwalder,4042
nosleepsleuths,4042
notap,4042
notmoldyyet,4042
novumpersarum,4042
obscureknowledge,4042
ocpapathcore,4042
okcc,4042
olbaitritoht13pteaoc,4042
oradf,4042
oraistedearg,4042
orange13,4042
orangelondo,4042
orangered,4042
orangeredacademy,4042
orangeredtrollforce,4042
orangerevolution,4042
originalmooseknuckles,4042
orpwfantasy,4042
paf,4042
panpeople,4042
pasto_range,4042
pathinogec,4042
patientpressers,4042
periwinkle,4042
periwinkle_clan,4042
periwinklegaming,4042
periwinklenewschannel,4042
pervinca,4042
picklesquad,4042
piyogrhyt,4042
potatorobin,4042
praiselucas,4042
praisethe7,4042
predictions,4042
pstknights,4042
purplelounge,4042
purplepushers,4042
purplerepenters,4042
quittingistempurpedic,4042
raiderspinnacle,4042
rbci,4042
redrobins,4042
reformedholy0,4042
religonofgrow,4042
republicofbezold,4042
robingang,4042
robinhelpshs,4042
robinsagainsticarus,4042
robinsrememberkiwi,4042
robinsyrup,4042
robinsyrups,4042
robintracking,4042
robinunity,4042
rogerthealien,4042
roninattheedgeoftime,4042
roomoftherose,4042
rrspenis,4042
sabldiri,4042
sapphiredistrict,4042
schaporierviheaklsst,4042
scotf150,4042
shittyedits,4042
shutupyouguys,4042
sieoskwlstic08ny,4042
slackluster,4042
snooland,4042
sokukuneli,4042
sokukunelits,4042
solving_a858,4042
solving_fullemptiness,4042
spronyz,4042
stayandwin,4042
stayed,4042
storytellerbob,4042
sunguardians,4042
taptitans,4042
team60s,4042
team60sgov,4042
team60sreb,4042
team60ssecretreb,4042
tentorahogo,4042
teraayaasamaosfofaut,4042
textualstatic,4042
the59s,4042
theachilles,4042
thealibibar,4042
thebluetherhood,4042
thebutton,4042
thebutton2016,4042
thebuttonart,4042
thebuttondiscussion,4042
thebuttondrama,4042
thebuttongrove,4042
thebuttonhistorians,4042
thebuttonisalie,4042
thebuttonminecraft,4042
thebuttontheories,4042
thebuttonthread,4042
thebuttonwhiteknights,4042
thechurchofthe100,4042
theearlypressers,4042
thegreybetrayed,4042
thegreyhopeful,4042
thegreywardens,4042
thegrow,4042
thehitchhikers,4042
theknightsofthebutton,4042
theoriginal33,4042
theredguard,4042
theshadowguard,4042
theunitedcolors,4042
thewhitewatchers,4042
threewordstory,4042
tocobaga,4042
tofa,4042
ttip,4042
unitedcolors,4042
upto,4042
vapenationofgegaro,4042
vermillionunion,4042
violethand,4042
viperspeak,4042
we_are_tree,4042
weaselwarriors,4042
whatever_you_want,4042
yestap,4042
zamaroco,4042
evenwithcontacts,4043
advancedcustomfields,4044
prowordpress,4045
arcanists,4046
chinatownwars,4047
10yearsagotoday,4048
cryptorealism,4049
dirtybird,4050
tech_house,4050
chairpost,4051
liberalmuslim,4052
my_anguilla,4053
untitled,4053
beatingrobin,4054
enclaverobin,4054
thescienceofrobin,4055
joinrobinegg,4056
theeggmindofdoggo,4057
mylegi,4058
wickedhotchicks,4059
pubuchthevalui,4060
stlosurus,4060
japjamyorelea,4061
mildlyretarded,4062
vivalameaowism,4063
gibberishgrowfanatics,4064
constanttiles,4065
marvelfanfiction,4066
lordtheivan,4067
ufr,4067
vkg,4067
remember,4068
robingroupa,4068
teambuttstuff,4069
xiiibuttstostuff,4069
fichvaah,4070
paulhatersunited,4071
growpaganda,4072
user__,4073
hboshare,4074
breedablepokemon,4075
houndour,4075
arbiter329,4076
ebwb,4076
everyothermonth,4077
joindikdik,4078
ipswichuk,4079
wumagunyen_pythgleps,4079
ygs,4080
tomscott,4081
kufikumu,4082
theoryofrobin,4083
klatter,4084
orderoftheperfectname,4085
robingroupc,4085
orderofstay,4086
qohey,4086
wetbabes,4087
omegaprincessclub,4088
footballhighlight,4089
realmadrid_barcelona,4089
ivkumaaseaernnlaeg3t,4090
peaman,4091
keorefthomoroeapemay,4092
sheboygan,4093
brokenpie,4094
crchpuchkehart,4095
robingroups,4096
robinpartners,4096
unitedrobinofreddit,4097
mywarmflamespot,4098
warm,4098
truecrypt,4099
veracrypt,4100
cone,4101
adwophmrsean,4102
sloos,4102
sathcoecshuttsethial,4103
shanix,4104
mistake,4105
yeezustalks,4106
dosxxlatinas,4107
latinabeauties,4107
nsfw_gifsound,4108
futret,4109
gtagivers,4110
certamen,4111
njcl,4111
christopherhitchens_,4112
democracyspring,4113
cobol,4114
musicstudents,4115
recordingmusicians,4115
moonbbq,4116
bss,4117
gayforeugeo,4118
develovers,4119
nadameditation,4120
micplacement,4121
micporn,4121
robinchat2245,4122
jontronshitposts,4123
swoodyreactiomgifs,4124
pretty,4125
lolvalve,4126
piffthemagicdragon,4127
ladderdiplomacy,4128
tudorhistory,4129
rpgdrama,4130
portlandevents,4131
scarra,4132
amarequest,4133
bitmex,4134
kerbalstuntprogram,4135
exponentialguides,4136
prforsanders,4137
bountysnipers,4138
britchesbecrazy,4138
chao_et_ordo,4138
crewbacca,4138
dedicationswgoh,4138
elitecasual,4138
frozenincarbonite,4138
iluminaprimu,4138
jabbascantina,4138
lordskunk_swgoh,4138
lukewarmtauntauns,4138
mandaloriansoftexas,4138
maxrebosband,4138
mbguild,4138
middleorder,4138
moncalamariplatter,4138
morningstarswgoh,4138
oobeydoobadoobyswgoh,4138
pancakeclan,4138
pggoh,4138
rogue1reborn,4138
starwarkers,4138
stnh,4138
swgalaxyofheroes,4138
swgoh_guilds,4138
swgoh_insidious,4138
swgohfullcleared,4138
swgohsot,4138
cxd,4139
mssingno,4139
teencrossdressing,4140
tsgonewild,4140
parrot_script,4141
pluhf,4142
hetydrprcahem,4143
quadcopters,4144
enoughjohnsonspam,4145
acindependence,4146
assassinorder,4147
dogcopter,4148
freemason,4149
spacejam,4150
guestpost,4151
guestpostblogs,4151
quickercss,4152
swglegends,4153
jimlangeforcongress,4154
spheres,4155
blackbird_007,4156
loyola,4157
frostburg,4158
thecitymod,4159
trumpcolorado,4160
beardieinfo,4161
climbingvids,4162
boltaction,4163
pptranslators,4164
lesgyepflrgnds,4165
fiveguys,4166
offshorefishing,4167
divinityoriginalsin2,4168
ripboinsandtrustkill,4168
iftacirclejerk,4169
commercialcutrequests,4170
wpdtalk,4171
teamladybug,4172
butts,4173
courseherofiles,4174
courseherohelp,4174
1001crew,4175
trumpsshitlist,4176
cnnpolitics,4177
fantasyisland,4178
outdoorbondage,4178
reddtube,4178
noyourenot,4179
cmiall,4180
cumeverytime,4181
measurements,4182
vrporno,4183
currency,4184
clemusic,4185
strikewitches,4186
kiznaiver,4187
nontheisticpaganism,4188
thedivisiontc,4189
stopai,4190
redditrecollection,4191
softwareabominations,4192
fiddlesticksmains,4193
lolchampconcepts,4193
attleboro,4194
randomactsofbidets,4195
theborklands,4196
legalcorn,4197
bestoftwitter,4198
psispellcompendium,4199
ahoge,4200
khuxheroesofthevoid,4201
theneutralplanet,4202
vesterbro,4203
billandted,4204
johnwick,4204
grassrootspolicy,4205
lolshorts,4206
elvis,4207
elvispresley,4207
twitchcreative,4208
caseclickers,4209
clickingcases,4209
askfemmethoughts,4210
leicester_tigers,4211
tiiq,4212
playtbc,4213
eliza_cs,4214
skypeshows,4214
trumpminnesota,4215
fasaa,4216
jimjefferies,4216
echheugh,4217
goddamnanything,4217
nojontext,4217
trending,4218
kumamiko,4219
adarkroom,4220
longform,4221
fullpagescreenshots,4222
walkercountyal,4223
kumoon,4224
yiffstories,4225
yifftales,4225
goldlittlefinger,4226
darksoulsiiibuilds,4227
dndpodcast,4228
geeklyinc,4228
sayer,4228
boredandworking,4229
hotcs,4229
topsecretrecipes,4230
politifactcheck,4231
scarletmoon,4232
intersex,4233
transsexual,4233
boardgamerecommender,4234
romance,4235
leagueboosting,4236
leaguecoaching,4236
ausnzaoe2,4237
rediculous,4238
canadiancoins,4239
modafast,4240
aislynisdead,4241
doodlesofwesteros,4241
nofaplgbtq,4242
metawatch,4243
metawatchcommunity,4243
testslideforreddit,4244
appleswap,4245
haifuri,4246
catsack,4247
towerunite,4247
privateblockchain,4248
penisexpansion,4249
storiesbykarsten,4250
eeg,4251
openbci,4251
bigfuckingrocks,4252
funnynotfunny,4253
strugglerap,4254
istolethejontroncss,4255
bloghaus,4256
contentthief,4257
kerning,4258
vaxei,4259
formulaaww,4260
earlypka,4261
antimatterindustries,4262
habscirclejerk,4263
simplerocketssasa,4264
cumonin,4265
gftjcreampie,4265
corset_cult,4266
piercedcock,4266
piercednsfw,4266
princealbertpiercings,4266
immobile,4267
canskincare,4268
yarnporn,4269
redpillworkplace,4270
yellowpill,4271
insultingerdogan,4272
prisonhooch,4273
tfab_bookclub,4274
elasticsearch,4275
kibana,4275
logstash,4275
teamsprog,4276
stlcjcj,4277
waneefestival,4278
codiw,4279
infinite_warfare,4279
terpdat,4280
modestmonday,4281
runforit,4282
redditch,4283
chameleonsfaq,4284
undateablelive,4285
betterthanhillary,4286
mcafee2016,4286
borderlessinternet,4287
netflixbyproxy,4287
netflixvpn,4287
seaford,4288
wolcen,4289
wolcenlordsofmayhem,4289
treeofsaviortrading,4290
ethsightings,4291
airwatchmdm,4292
meleefam,4293
thefourkingscasino,4294
foundmybandname,4295
acesup,4296
trinitron,4297
night_core,4298
nightc0re,4299
derelictgames,4300
rlhoops,4301
angelolsen,4302
carseathr,4302
pokkenblazikenmains,4303
longsnappers,4304
fnafbmmo,4305
fnafbonlinemmo,4305
pockettrains,4306
pockettrainstrades,4306
filthyfrankrule34,4307
papafranku,4307
wikiwhat,4308
123help,4309
g3masterrace,4310
lorgon111,4311
mattandkim,4312
adultflashgames,4313
simulism,4314
bruceposts,4315
autismus,4316
smallblog,4317
rockbusterrambles,4318
hugeass,4319
minecraftvr,4320
olemisscheats,4321
askzombies,4322
themittanidotcom,4323
buddaz,4324
pharmacynews,4324
metalnews,4325
redditeconomics,4326
holycherriesbatcave,4327
sensor,4328
bitcoinearn,4329
revshare,4329
funny_pics_videos,4330
wtwbaadamicthb,4331
sexplayfun,4332
ponk,4333
bannedfromcoolsteve11,4334
cottonpanties,4335
weirdfetish,4335
opwasright,4336
justifymycrime,4337
3000gt,4338
no_conspiracy,4339
bawd,4340
fucknegi,4341
shitleftcomssay,4342
camus,4343
ebayselleradvice,4344
b2bsales,4345
bustynats,4346
bloodandhoney,4347
ridersoficarus,4348
walkingacrossamerica,4349
needaspot,4350
praiseyogg,4351
yoggsaron,4351
adultflicks,4352
adultsadhd,4352
bestadultclips,4352
bestadultmovies,4352
onandoff,4352
topadulttubes,4353
bestadultvideos,4354
naaa,4355
drpg,4356
wizardry,4356
ironduck721,4357
mynintendotrades,4357
alinali,4358
thoughtslikecheese,4359
mobile_porn,4360
mobileporno,4360
airbrush,4361
musicbreakdown,4362
safety,4363
safetyprofessionals,4363
stevesnacks,4364
graysharbor,4365
oceanshores,4365
suiseki,4366
tranceproduction,4367
openwaterswimming,4368
lifeisbeautifullv,4369
bellathorne,4370
bellathorne18,4371
vanillaservers,4372
ventolin,4373
ventolinhfa,4374
strandedinparadise,4375
adamsinclair,4376
davisaurus,4376
softies,4377
unexpectedbuddhism,4378
titusenkantettrekant,4379
morbidmathematics,4380
warwickmains,4381
cheggrequests,4382
courseheromarket,4382
antireligious,4383
carolinaabril,4384
ginagerson,4384
gatecoin,4385
rocket_league,4386
choking,4387
fifa15newseason,4388
hogwartsghosts,4389
hogwartswerewolves,4389
rabbitunionlocal313,4389
tourneyofhogwarts,4389
comiket,4390
eegras,4391
gaminggiveaways,4392
notcronica,4393
silphroadmtnwest,4394
mrs_gault,4395
parenthesisbot,4396
adventureswithdogs,4397
forkids,4398
sirisucks,4399
techwriting,4400
709music,4401
maxv,4402
saveontravel,4403
flycheap,4404
airfaredeals,4405
googleapps,4406
censorshiptimeline,4407
scwretards,4408
badmarketing,4409
deku_irl,4410
jayrulo,4411
shadowchargen,4412
trogchargen,4412
omgpop,4413
omgx2,4413
mekorama,4414
freegaming,4415
sleektheme,4416
canadashoppingdeals,4417
dapsca,4417
sfv_karin,4418
pokemongen,4419
requestanypokemon,4419
halsey,4420
tvtrailers,4421
rage_,4422
bainbridgeisland,4423
kitsap,4423
poulsbo,4423
jeanmicheljarre,4424
gerd,4425
fivenightsatfreddy,4426
porn_palace,4427
keepcalmgameon,4428
terry2016,4429
deathhousemovie,4430
lyrikistliebe,4431
ooarbrb2,4432
jontron2point0,4433
theholybroble,4434
mzinchaleft,4435
peterframptonmemes,4435
materialcomicviewer,4436
bloodformercy,4437
mountainbikes,4438
mtbrider,4438
writingforbitcoin,4439
faultyfloorboard,4440
foolmethreetimes,4440
verticalhunger,4440
elfsworld,4441
theskateboardkid,4441
theswoodclub,4441
idbuythat,4442
diogenesclub,4443
atalkingkat,4444
bafomdad,4444
gonegonegonegonetron,4444
jontronantijokes,4444
swoodvsbombad,4444
the_jonald,4444
modafinilandme,4445
fffxxx,4446
karissakane,4446
fuckchris,4447
collectivism,4448
bejeweled,4449
puyopop,4450
wowgoldmaking,4451
damn_dao,4452
microdao,4453
picodaos,4453
me_irl_irl,4454
gtagunsafety,4455
imperialguild,4456
playrustgroups,4457
animaniacs,4458
imaginarycolorscapes,4459
imaginarywildlands,4459
12monkeys,4460
watchpetsdie,4461
anesthesiology,4462
pharmacyresidency,4463
anotherdenier,4464
twitchpoker,4465
geotech,4466
churchofonion,4467
dota2pk,4468
windowsrants,4469
bitcoin_greece,4470
onetruemayor,4471
villagermains,4471
laundryfiles,4472
thelaundryfiles,4472
imzy,4473
delmarvaveterans,4474
insidemytruck,4475
wwe_draft,4476
reallywackytictacs,4477
etherpunk,4478
laaztecsfc,4479
upslsoccer,4480
magnabritain1,4481
1453wasaninsidejob,4482
antisrscirclejerk,4483
freelancewritingjobs,4484
social_marketing,4485
musicmarketing,4486
ccgaming,4487
teambastionpotg,4487
girlsfistingguys,4488
scarypms,4489
korfball,4490
defectivekitkatbars,4491
noparagraphs,4492
cereal,4493
canandiansinusa,4494
startup_ideas,4495
manman,4496
makeup101,4497
makeup_artists,4497
anniefuchsia,4498
twitchanniefuchsia,4499
norml_uk,4500
timelords,4501
concordiaofthesnows,4502
praisenubbcakes,4503
yoko34,4504
gamingart,4505
graphtheory,4506
snarks,4506
topology,4506
adumplaze,4507
ticats,4508
voynich,4509
wcpw,4510
2pm,4511
wearemodsanarchy,4512
jockopodcast,4513
euro2016,4514
hebhob,4515
fieldarchaeologists,4516
fessliebrigade,4517
alprspotter,4518
demon,4519
infectiousdisease,4520
mbd,4520
zika,4520
zika_es,4520
malepantyselling,4521
underwear,4521
literarynonsense,4522
crafting,4523
stitchy,4523
wolframgonewrong,4524
wholefoods,4525
webspasm,4526
peakclan,4527
eurasianfederation,4528
badnecromancy,4529
cmvlikeiama,4529
necromancy,4529
cancercritical,4530
retrogamingunboxing,4531
ropebondage,4532
ropetutorials,4532
tmobiletuesdays,4533
chaturbatez,4534
findgirlsforsex,4534
webcamsexlive,4534
0x10c,4535
orangutangifs,4536
christianhelp,4537
localdating,4538
online_dating_advice,4538
whosonline,4538
sextalesusa,4539
shittymarvelstudios,4540
fatwsgyhate,4541
license_plates,4542
licenseplates,4542
vehicles,4542
texasatheists,4543
imcongratulating,4544
nsfwpics,4545
atldiscgolf,4546
shittynootropics,4547
thefirstswordofhype,4548
celebrity,4549
openoffice,4550
ageofconanuc,4551
exanima,4552
monkees,4553
themonkees,4553
medicalcoding,4554
fuckrusher,4555
thecampingrusher,4556
gaychub,4557
shittyintros,4558
sanpedrocactus,4559
pfuetzkronemussgehen,4560
abcj,4561
girlsuncovered,4562
girlswithheadtowels,4562
swforcecollection,4563
etastorm,4564
bw_season_3,4565
progressivenetwork,4566
mirrorsedgecatalyst,4567
thebestoflegaladvice,4568
commentorchallenge,4569
flounces,4570
stupidstuffandthings,4571
f4consolemods,4572
germanyusa,4573
justnomlm,4574
whitepeopletitles,4575
remotecontrol,4576
lowes,4577
transformationrp,4578
fgaa,4579
magentodevelopment,4580
magentooptimization,4581
nba2k16,4582
buruieni,4583
randomcapitalization,4584
exponentialismus,4585
singularitarianismus,4586
youtubedrama,4587
stocktonca,4588
gayniggerfaggot,4589
political_bullshit,4590
csula,4591
omnipotencerants,4592
japanwomensvolleyball,4593
quarantine,4594
advaitavedanta,4595
guitarbass_ja,4596
localnatives,4597
deutschecomics,4598
enoughfakeoutrage,4599
mcaccounts,4600
penumbraphantasm,4601
vikingsgonewild,4602
jenniferconnelly,4603
hoi_hoi,4604
sourcesurf,4605
lingula,4606
sambahsa,4606
lewrongcodgeneration,4607
weneedachilles,4608
diamond,4609
askanescort,4610
kimsohye,4611
pubertygrowth,4612
lund,4613
unexpectedhitler,4614
guildball,4615
dpadfm,4616
greatlakes,4617
lakeerie,4617
deathmetalorg,4618
realmetal,4619
catsinboxes,4620
thecattrapisworking,4620
modderslink,4621
veniceunleashed,4621
observationsfromdads,4622
oscarsoasis,4622
rawpetfood,4623
ytpmv,4624
titaneum,4625
alisonbriereposts,4626
zimbra,4627
flexradiosystems,4628
vacraftbeer,4629
cyberpunktalk,4630
vanillabagelrl,4631
anklepanties,4632
augustames,4633
identity_theft,4634
sockpuppetry,4635
morristowntn,4636
systemmastery,4637
motorizedbicycles,4638
infoswiat,4639
conspiraception,4640
scexit,4641
scotstay,4641
scoxit,4641
wynonnaearp,4642
play_of_the_game,4643
playofthegame,4643
thekrungle,4644
discoveredspecies,4645
taobao,4646
burninglibrary,4647
buildawatch,4648
ourcorneroftheweb,4649
politicsdebate,4650
boombrusher,4651
rowingcirclejerk,4652
worldnews_extra,4653
hqhentai,4654
gotlinks,4655
tvstreams,4655
canthearyoubot2,4656
teamblaze,4657
randomstatements,4658
statement_maker,4658
unexpectedrl,4659
pantsfactory,4660
planetside1,4661
uncensorednewssucks,4662
okgamers,4663
voteflux,4664
cool_pics,4665
oakdice,4666
buckcountygardens,4667
greattrees,4668
lptcirclejerk,4669
battlesofdiepio,4670
imambaksh,4671
gameart,4672
grantmorrison,4673
igildedklobstah,4674
meguns,4675
happybirthdaynorse,4676
stsimonsisland,4677
solving_66617,4678
testingcenteral,4678
momwasright,4679
dreamgames,4680
makemygame,4680
systemshockgame,4681
newtuberscollab,4682
newtubersdotorg,4682
millennials,4683
imgurcirclebroke,4684
cruxcup,4685
backstrom,4686
larryfisherman,4687
nightmareserver,4688
dicksfightingdicks,4689
tampaapartments,4690
ishouldbuyaboat,4691
vintageradios,4692
joethecrossroadsdemon,4693
zchxz,4693
motivationvideos,4694
triggeredlittlekids,4695
poecss,4696
sibiriouscontenders,4697
pcgames,4698
badmodsupportgroup,4699
bittersweetmusic,4700
civrail,4701
dril,4702
bubbles,4703
poutine,4704
actress,4705
linkedincirclejerk,4706
clashroyaletourneys,4707
svu,4708
trinityu,4709
morkov,4710
lxqt,4711
unexpecteddoors,4712
boulderseoservices,4713
burgertash,4713
readytoworkboulder,4713
politicalrevolutionmn,4714
cat,4715
kitten,4715
dentists,4716
modelchina,4717
tempestmarine,4718
gabriellapaltrova,4719
verucajames,4719
nog8s,4720
reflexfrp,4721
pokemongocolorado,4722
canwc,4723
srdmythos,4724
evs,4725
npcvoices,4726
warclicks,4727
shitjamesbluntsays,4728
vendingmachines,4729
habitica,4730
habitrpg,4730
gethealthguide,4731
theamazingfacts,4731
abbeycx,4732
nsfwtop,4733
ucsbteamvalor,4734
pokemonutley,4735
terminal,4736
cementmixercosplay,4737
star1,4738
punsarecool,4739
fathersrights,4740
pokemongo_soflo,4741
thejoyofcreation,4742
cazalsunglasses,4743
pokemongomo,4744
tomball,4745
pokemongonewfoundland,4746
titlegorehalloffame,4747
mouseaccel,4748
pokeventurers,4749
favstuffonthenet,4750
pokemongomiami,4751
the_clinton,4752
privateinternet,4753
pokemongogreensboro,4754
pokemongogso,4755
herorealms,4756
nebraskamystics,4757
vloggers,4758
necropolis,4759
fscomeau,4760
pokemongoky,4761
pokemongolouisville,4761
dakeyraswriting,4762
narutofanfiction,4762
exconvicts,4763
prisonministry,4763
fads68,4764
cheapwebhosting,4765
webhostingoffers,4765
daigod,4766
yovannaventura,4767
lagredelinker,4768
simon,4769
pokemongori,4770
pkgobaltimore,4771
bestofmemes,4772
step1,4773
non24,4774
lxc,4775
gamepalace,4776
teamvalor,4777
utahsongwriters,4778
animalcruelty,4779
coquille,4779
fortis07,4780
undouche,4781
civnomads,4782
sportsbrain,4783
redpillbooks,4784
pokemongoluxembourg,4785
imaginarymerfolk,4786
royaletournaments,4787
feelsbadman,4788
angrybees,4789
ccquest,4790
corydoras,4791
pokemongostl,4792
terriblechillarymemes,4793
clarle,4794
dataspike,4795
alprazolam,4796
leagueofbread,4797
greiswichs,4798
trueleft,4799
piemationspienation,4800
vehkzmemes,4801
frankiero,4802
xofrnk,4802
pokemongojapan,4803
enf,4804
girlsbeingstripped,4804
covalencecast,4805
elfhentai,4806
paizuri,4806
mgo3teams,4807
comboporn,4808
celebrityjomaterial,4809
joempiretributes,4809
gaawarzone,4810
lgelectronics,4811
weirdhomes,4812
programmingrants,4813
russiatoday,4814
sexlivesofearthlings,4815
billstatue,4816
olathe,4817
makerotc,4818
alternatehistorymaps,4819
boundlessvapes,4820
jeepcj,4821
ban_the_donald,4822
reallemonade,4823
wentworthtv,4824
bud__central,4825
canintoeurope,4826
gamedevjobs,4827
shitrimworldsays,4828
ebay_deals,4829
antimonsanto,4830
gta5glitchesxyz,4831
fatherjohnmisty,4832
bigspicy,4833
throwawaystorytime,4834
powercleanqueen,4835
nmsacls,4836
deme,4837
modeveryonebutwarnzz,4838
coupons3x,4839
ddf_network,4839
tapekvlt,4840
hawkmasterpro,4841
tge_donald,4842
looking4gamers,4843
sleepnowmythrowaway,4844
trumpsterfire,4845
csrts,4846
drugtests,4847
universalstudios,4848
volcanobay,4848
crowdfunding_us,4849
fundmycampaign,4849
demonicsmileyface,4850
khuxcomplaints,4851
beach,4852
rules,4853
clintonfoundation,4854
pokemongobrasil,4855
deviantsroyale,4856
viscera,4857
montrealgo,4858
kappadelta,4859
pokemongoar,4860
redditcasuals,4861
hecticity,4862
ccie,4863
maude_garrett,4864
troutfarm,4865
patrat,4866
aegis,4867
rokkosrangers,4867
pokemongo_berlin,4868
105waterballoon,4869
alljontronsubreddits,4869
atalkingcat,4869
dramtron,4869
echthiesm,4869
goldflairbegging,4869
heilnokel,4869
jantran,4869
johntron,4869
jon_tron,4869
jontronexperiencetalk,4869
jontronfakecopy,4869
jontronjerk,4869
jontronsuboftheday,4869
puntron,4869
puntrun,4869
rockington,4869
sailors,4869
snaps_in_two,4869
superjonbros,4869
timothybrentswood,4869
timothybrentwood,4869
unechspectedjontron,4869
unexpectedjontron,4869
warnzzzbrokepromise,4869
gaybreeding,4870
nopullingout,4870
taybeard,4871
pukwudgie,4872
twipsy,4873
freeclam,4874
steinturner4president,4875
politicalrevolutionmo,4876
wweraw,4877
ck2gotchallenges,4878
worldpeace,4879
peachfestival,4880
peachmusicfest,4880
queal,4881
rborussiadortshitpost,4882
proaudio,4883
cheatingdeath,4884
kpopsundry,4885
maknaeofthemonth,4885
hatepokemongo,4886
brandnewcongress,4887
goodkings,4888
totallynotanad,4889
beatmakers,4890
ctr_honeypot,4891
hillaryforpresident,4891
asianarmpits,4892
ahwupdate,4893
alternatehistorywiki,4893
lemonmasterrace,4894
limemasterrace,4894
rpdrfantasyseason,4895
welovevaping,4896
fiero,4897
breakingbadcirclejerk,4898
hardware_ja,4899
funnyandintelligent,4900
boocredux,4901
lawlzformod,4901
minnieforprison,4901
facebookitalia,4902
petitefashionadvice,4903
xxs,4903
politicalrevolutiondc,4904
fantasybookers,4905
heelsvsfaces,4905
dinodares99,4906
lezcirclejerk,4907
effortbroke,4908
crappytablets,4909
llvm,4910
rosebush,4911
instasync,4912
unsw,4913
makerfaire,4914
pokemongoedmonton,4915
oandd,4916
jasperdefensesquad,4917
demonhunterwow,4918
ghauris,4919
intellectualdadjokes,4920
france_apolitique,4921
bestkorea,4922
emblems,4922
hadom,4923
askreddit_eerie,4924
nomansskythegamepc,4925
bbredditinfinity,4926
uspm,4927
member,4928
viveforsale,4929
greendaycovers,4930
filmbiz,4931
cbbuk18,4932
chloekhan,4932
chen,4933
notorious_nine,4934
team_cascade,4934
sfdeltas,4935
clintonpasta,4936
lnm,4937
kryptahniuo,4938
grid_ops,4939
playstv,4940
gming,4941
divisionem,4942
twitchstreams,4943
moundofvenus,4944
pokemongoexploits,4945
teaminstinctph,4946
shavedunshaved,4947
haircareexchange,4948
antoniasanz,4949
mariaryabushkina,4949
postmarxism,4950
politicalrevolutionde,4951
imaginarycaves,4952
concertband,4953
orchestralpercussion,4954
leowives,4955
butthurtamericans,4956
dumbledickthe9th,4957
sexuality,4958
futuu,4959
abigailratchford,4960
furporn,4960
ideasplease,4961
wardensofoblivion,4962
sfv_juri,4963
soulseek,4964
wumbotarian,4965
modelclickbait,4966
ninto55,4967
pokemongoireland,4968
gbuttn,4969
brutalthegame,4970
lenovomasterrace,4971
gearledge,4972
ghost_irl,4973
ttdhasadramafetish,4974
nabs,4975
beautifuldata,4976
edramanews,4977
secondtier,4978
freepbx,4979
theblackharvest,4980
mixedscript,4981
hogwartsinfirmary,4982
nsfw_sets,4983
sexygirlsinjeans,4983
pixelpeddlers,4984
pickupmaterial,4985
pickuptorrents,4985
chucknorrisfacts,4986
fireemblemfanart,4987
paledaze,4988
butchlesbians,4989
owshitposterclub,4990
pokemongosell,4991
childrenfnaf,4992
childrenmeta,4992
daniellefanclub,4992
miniature_gaming,4993
ottawaphotography,4994
nomanssky_fanart,4995
vinylpro,4996
indianstartups,4997
the_christian,4998
consultancy,4999
consultants,4999
mostposted,5000
testsubreddita,5001
cneistat,5002
imaginarymasseffect,5003
chattanoogacareers,5004
juul,5005
the_donald_vs_reason,5006
furrykikpals,5007
hareuhal,5008
positivetrends,5009
emulator,5010
emulators,5010
subreddithub,5011
moonero,5012
civcraftleaks,5013
asoiafcirclejerkjerk,5014
frted,5015
indigoignited,5016
talesfromthetowyard,5017
brandonmb,5018
windowspeasantry,5019
chromeosusers,5020
writeatelenovela,5021
flairyourpostbot,5022
akdongmusician,5023
mxc,5024
8bitbourbon,5025
paleoanthropology,5026
liz_vicious,5027
paragontheorycrafting,5028
schopenhauer,5029
shitindianssayonline,5030
mhocprogress,5031
uwhvz,5032
bonissalty,5033
hallucinogen,5034
sf5sucks,5035
bikinibubbling,5036
brittanyfurlan,5036
greenlivesmatter,5037
waldorf,5038
gamemusiccomposition,5039
ichigosmusic,5040
malaysianpf,5041
wrestlewiththesteen,5042
topmind_amas_debates,5043
onionrings,5044
improvised_weapons,5045
randycunningham,5046
coloredcoins,5047
coloredcoinsorg,5047
unexpecteddevito,5048
debunkshowerthoughts,5049
blazingodyssey,5050
bureode,5050
vr_mishaps,5051
kowloon,5052
allainthebrids,5053
phpsec,5054
backpackingpictures,5055
mockumentaries,5056
invesddit,5057
hereinmycar,5058
mcterraingen,5059
suicidecirclejerk,5060
ipswich,5061
stoprobotabuse,5062
weirdwikihow,5063
tulpaanthology,5064
djiphantom3,5065
besthall,5066
dp_porn,5067
skinny_girls_porn,5067
virginialibertarians,5068
cheatingpics,5069
hugenaturals,5069
pickone,5069
isthisanarg,5070
sparadoxica,5071
isleofmanphotos,5072
itcosinedinaflash,5073
gold_panda,5074
mcmodfinder,5075
mircy_killings,5076
frikis,5077
tvadicto,5077
arbynthechief,5078
joncjg,5079
oceanstreams,5080
unitalecringe,5081
politicalrevolutional,5082
spaceghost,5083
ultimatedetective,5084
felching,5085
freeuseincest,5085
twogallants,5086
adventism,5087
freeuber,5088
ubercodes,5088
thewintertakesitall,5089
atx_hater,5090
redditgamethreads,5091
concinnity,5092
backyardcoasters,5093
clickhole,5094
vitapiracyhelp,5095
bitcoinwhores,5096
pillowforts,5097
alpoko,5098
basingstoke,5099
guildgrumps,5100
dudereflexes,5101
writingexcuses,5102
needlepoint,5103
suconfessions,5104
like_usa,5105
politicalmemes,5105
vitamind,5106
visavietnamonlines,5107
vulcan,5108
skinnypuppy,5109
pokemongoreno,5110
project_strider,5111
strider_2014,5111
the_gowdy,5112
classywomen,5113
lucyliu,5113
veryfastdoggos,5114
funnypix,5115
copstv,5116
copstvshow,5116
gpsmonsterscouter,5117
shamanking,5117
linkeroo,5118
pirate,5119
focusrite,5120
guildwars2esp,5121
jaidenanimations,5122
booksprout,5123
romanceauthors,5123
veeman,5124
ponyfree,5125
shortcss,5125
clubsantos,5126
wows_ja,5127
islamicreminders,5128
stupidfritz,5129
trumpcringe,5130
paralyzed,5131
reddit10000,5132
nupmajority,5133
shitkerboghasays,5133
reversalhub,5134
kissofdeath,5135
silphroadsouthwest,5136
silphroadtx,5136
saintpoitiersbourg,5137
hireforgigs,5138
writing_jobs,5138
weightweenies,5139
producer,5140
mateogemez,5141
milliebobbybrown,5142
comedic_movie_reviews,5143
tswiftnsfw,5144
antipsychlibrary,5145
stfuparents,5146
ridonculousdrama,5147
surpriseddogs,5148
wheredidthedoggo,5149
donationrequest,5150
deepintoreddit,5151
inter,5152
megabassman,5153
lesbian_porn,5154
lesbiangspot,5154
analporn,5155
femalesfansofanalsex,5155
redvox,5156
hentai_porn,5157
tubetoons,5157
piratescsg,5158
free_interracial_porn,5159
interracialtube,5159
sybianmaker,5160
venus2000maker,5160
edgarallanpoe,5161
cb500x,5162
wilco,5163
skintightcotton,5164
believable,5165
campfirewhiskey,5166
cheesymusic,5167
fuckmusic,5167
unexpectedpandaporn,5168
datingdata,5169
gayabuseporn,5170
gaystrugglefuck,5170
mclars,5171
motioncitysoundtrack,5171
1fsc,5172
247game,5172
2trux,5172
3dporncraft,5172
4ltrwrdkaty,5172
50_50_sfw,5172
50centporn,5172
60fpsgayporn,5172
89porn,5172
90scartoons,5172
abbeybrooks,5172
abbeycxxx,5172
abbywinters,5172
abellaanderson,5172
abelladanger,5172
aberoth,5172
abuseher,5172
aclife,5172
adamanddrdrewshow,5172
adultbedwetting,5172
adultbuys,5172
adultgifs,5172
adultstash,5172
afrodisiac,5172
after_the_shot,5172
afwcomics,5172
afwmemes,5172
agedbeauty,5172
ahegao,5172
ai_shinozaki,5172
aidrafox_xxx,5172
airboobs,5172
ajapplegate,5172
alabaster,5172
alexatomas,5172
alexisburnett,5172
alexistexas,5172
alfahbetz,5172
alia_janine,5172
aliceeve,5172
alicia_vikander,5172
alienisolation,5172
alisonbrie,5172
alisonsinner,5172
allirae,5172
allisonparker,5172
allkindsofporn,5172
allofthebutts,5172
alpinepass,5172
altgonewild,5172
amandaknox,5172
amateur,5172
amateur__porn,5172
amateur_anal,5172
amateur_asians,5172
amateur_bbws,5172
amateur_ebonys,5172
amateur_milfs,5172
amateur_porn_utopia,5172
amateur_shemales,5172
amateur_threesomes,5172
amateurarchive,5172
amateurarchives,5172
amateurcumsluts,5172
amateurlesbians,5172
amateurporn,5172
amateurs_asian,5172
amateurshowingoff,5172
amateurthreesome,5172
amateurwifes,5172
amature_porn,5172
amiamiley,5172
amscrisasta,5172
anal,5172
anal_gifs,5172
anal_pornstars,5172
analfaces,5172
analfisting,5172
analgw,5172
analinsertions,5172
analorgasms,5172
analpiledriver,5172
analpractice,5172
androgynoushotties,5172
angelawhite,5172
angievaronalegal,5172
anistonnicole,5172
anjelica_ebbi,5172
anna_faith,5172
annakendrick,5172
annamolli,5172
annoyedtobenude,5172
aphroditespanties,5172
arianagrande,5172
artref,5172
asaakira,5172
asd,5172
asdf_nsfw,5172
asian_bondage,5172
asianamericanporn,5172
asianbush,5172
asiancumsluts,5172
asianhotties,5172
asiannipples,5172
asiannsfw,5172
asianporn,5172
asiansgonewild,5172
ass,5172
ass_to_ass,5172
assexpansion,5172
assgasms,5172
asshole,5172
assholebehindthong,5172
assinthong,5172
asslick,5172
asstastic,5172
audiocandy,5172
audiosexual,5172
austriahungary,5172
autofellatio,5172
autogynephiles,5172
avaaddams,5172
avocadosgonewild,5172
avrillavigne,5172
b00b3d,5172
baileybrooke,5172
barelylegalteens,5172
bbcpersonals,5172
bbcsluts,5172
bborg2_viewers,5172
bbw,5172
bbwgw,5172
bdsm,5172
bdsmama,5172
bdsmbooks,5172
bdsmdiy,5172
bdsmerotica,5172
bdsmgw,5172
bdsmlgbtq,5172
bdsmpersonals,5172
bdsmstories,5172
bdsmstreak,5172
bdsmtalk,5172
bdsmtasks,5172
bdsmvideo,5172
beading,5172
beauteenz,5172
beautiful,5172
beautifuldickclub,5172
beautifulnudegirls,5172
beautifultitsandass,5172
bedtimestories,5172
beef_flaps,5172
beforeandafteredit,5172
bellydance,5172
benedictcumberbatch,5172
bestofcollege,5172
bestofgirlfriends,5172
bestpornonreddit,5172
bestriding,5172
beth_lily,5172
betterinboots,5172
bhmgonewild,5172
bicuckold,5172
bigareolas,5172
bigasses,5172
bigboobsgonewild,5172
bigboobsgw,5172
biggerthanyouthought,5172
bigonewild,5172
bigonewildstories,5172
bigtitsmallnip,5172
bigtitssmalltits,5172
bikinibridge,5172
bikinis,5172
bimbofication,5172
birdpics,5172
birdsofprey,5172
bisexy,5172
bizarresex,5172
blackdick,5172
blackisbetter,5172
blacktears,5172
blakebortles,5172
blondeass,5172
blow_up_dolls,5172
blowbang,5172
blowjobgifs,5172
blowjobsandwich,5172
blowjobselfies,5172
blue_balls,5172
bodycontrol,5172
bodyperfection,5172
bodyshots,5172
boggeyy,5172
boltedonasians,5172
boltedonmaxed,5172
boltedontits,5172
boltontits,5172
bondage,5172
bondage_porn,5172
bondagesex,5172
boners,5172
bonersinpublic,5172
boobbounce,5172
boobgifs,5172
boobies,5172
boobs,5172
booty,5172
bootyforeat,5172
bootyfrombelow,5172
borednignored,5172
bothell,5172
bottomless_vixens,5172
bounceout,5172
boyshort,5172
boyshorts,5172
braless,5172
brandilove,5172
brasgonewild,5172
brasov,5172
bratislava,5172
brazzers,5172
brazzers_network,5172
breastexpansion,5172
breastof,5172
breastsubever,5172
breeding,5172
brighton,5172
bros4bros,5172
broslikeus,5172
brownbubbas,5172
brownpill,5172
brunette,5172
brutalism,5172
bubblebutts,5172
bulges,5172
bullcaptions,5172
burning_stockings,5172
burstingout,5172
bustychick,5172
bustypetite,5172
butterflywings,5172
buttholeadvice,5172
buttplug,5172
buttsex,5172
cacareadedimineata,5172
cadencelux,5172
cagedandfucked,5172
camsluts,5172
camwhores,5172
camwithkitten,5172
canadiangreenparty,5172
candidasshole,5172
cannibalfetish,5172
captionstories,5172
carmellarose,5172
carmenfox,5172
carter_cruise,5172
cassidybanks,5172
cassidyklein,5172
cat_girls,5172
catfish,5172
catie_0,5172
celeb_redheads,5172
celebcumsluts,5172
celebeatingfantasy,5172
celebfakes,5172
celebleaks,5172
celebnudes,5172
celebrityarmpits,5172
celebritybutts,5172
celebritylegs,5172
celebritypokies,5172
celebs,5172
celebsbr,5172
celebshoulders,5172
cfnf,5172
cfnm,5172
changingrooms,5172
charlottedrury,5172
chasers,5172
chastity,5172
chastitylife,5172
chastitytraining,5172
chastitywiki,5172
cheatingsluts,5172
cheatingwives,5172
cheekyasian,5172
cheekybottoms,5172
chesthairporn,5172
chickflixxx,5172
chickswearingchucks,5172
chloegracemoretz,5172
christycanyonpornstar,5172
chubby,5172
chuntl,5172
cinnamonmermaids,5172
classysexy,5172
cleavage,5172
clothedlegsakimbo,5172
clubgoon,5172
cluj,5172
cmnf,5172
coatswithoutshirts,5172
cock,5172
cockhero,5172
cocklady,5172
cocktributes,5172
collared,5172
collegensfw,5172
colombianas,5172
comertonline,5172
contortionists,5172
coolingyourgenitals,5172
cornporn,5172
cornudos,5172
corruptionhentai,5172
corsets,5172
cosplaybutts,5172
cosplaying,5172
courteneycox,5172
covers,5172
craigslist,5172
craiovagroup,5172
creaming,5172
creampie,5172
creampiegangbangs,5172
creampies,5172
crouch,5172
cubsgonewild,5172
cuckold,5172
cuckoldcaptions,5172
cuckoldcommunity,5172
cuckoldpersonals,5172
cuckoldsexstories,5172
cuckoldstories,5172
cuckoldunderneath,5172
cuckoldxxx,5172
cuckqueancommunity,5172
cultoftaytay,5172
cum,5172
cumagain,5172
cumbtwntits,5172
cumcoveredfucking,5172
cumfetish,5172
cumfromanal,5172
cumintheair,5172
cumontongue,5172
cumpilation,5172
cumshots,5172
cumsluts,5172
cumswallowing,5172
cumtributeme,5172
cumtributes,5172
cumwalk,5172
curvy,5172
curvychicks,5172
cuteface,5172
cutegirlgifs,5172
cuteguybutts,5172
cutemodeslutmode,5172
cutepanties,5172
cyberdom,5172
daisyridley,5172
dakotafanning,5172
damngoodinterracial,5172
daniellederek,5172
daniellesharp,5172
daresgonewild,5172
darkangels,5172
darkdesiresplayroom,5172
datbuttfromthefront,5172
datgap,5172
ddworld,5172
deepthroat,5172
demilovato,5172
demilovatothighs,5172
desiboners,5172
desimilfsgw,5172
desinsfw,5172
desperation,5172
dickonface,5172
dicks,5172
dinihtm,5172
dirty_dorm_slut,5172
dirtykikpals,5172
dirtyr4r,5172
dirtysmall,5172
dirtysnapchat,5172
dirtywritingprompts,5172
distension,5172
doggos,5172
doppelbangher,5172
dopplebangher,5172
doublebuns,5172
doublepenetration,5172
doubleteamed,5172
downiewithafwcomics,5172
downwithafwcomics,5172
dpsex,5172
drawmensfw,5172
drdrew,5172
dreamfuck,5172
dreamjobs,5172
dsls,5172
dumppron,5172
dyingtobefat,5172
dyke,5172
dykesgonemild,5172
easterneuropeangirls,5172
editingreddit,5172
edmonds,5172
edrrit,5172
eliza_dushku,5172
ellacatliff,5172
elle_alexandra,5172
ellealexandra,5172
ellefanning,5172
elskefryst2,5172
emiliaclarke,5172
emilybloom,5172
emilygrey,5172
emma_roberts,5172
emmastone,5172
emmawatson,5172
engineeringinheels,5172
engorgedveinybreasts,5172
enjinight,5172
epicbattlemaaaage,5172
ericspicks,5172
eroticliterature,5172
everett,5172
everypenisenvy,5172
exmormon_nsfw,5172
expansivewriters,5172
expeditionredditorgs,5172
extramile,5172
exxxtras,5172
facedownassup,5172
faces,5172
facesandassholes,5172
facesitting,5172
fakefbaccounts,5172
fapdeciders,5172
fapfactory,5172
fapmann,5172
fartingwomen,5172
favporn,5172
feelthemup,5172
feet,5172
feet_nsfw,5172
feetish,5172
feetpics,5172
feetup,5172
feliciaday,5172
felicity_jones,5172
femaleasiananal,5172
femalechastity,5172
femaleorgasmdenial,5172
femalepov,5172
femboys,5172
femdom,5172
femdom_gifs,5172
femdomcommunity,5172
femdomgonewild,5172
feminineboys,5172
fetish,5172
fetishes,5172
fetishverified,5172
ffmvids,5172
ffnbps,5172
ffsocks,5172
filtrante,5172
find_my_porn,5172
findlingerie,5172
findmyporn,5172
findom,5172
findthatpornstar,5172
firecrotch,5172
fistfuck,5172
fit2phat,5172
fitgirls,5172
fitmilf,5172
fitwomengifs,5172
fivefapsatfreddys,5172
flawedboltons,5172
flexigirls,5172
footfetish,5172
footfetishworld,5172
forcedorgasms,5172
foreskin,5172
foreskinsuperiority,5172
foreveralonedating,5172
foxydi,5172
freelancewriters,5172
freeuse,5172
freeusefonm,5172
fretton,5172
from_behind,5172
frozen34,5172
frprn,5172
fuckeduptits,5172
fucklicking,5172
full_hd_porn,5172
fullbackpanties,5172
fullbodyshots,5172
fulloffantasies,5172
fungeon317,5172
funnyciashit,5172
funpiece,5172
fuzzypeeks,5172
gabriellafarias,5172
gagged,5172
galgadot,5172
gangbang,5172
ganguro,5172
ganjamami,5172
gape,5172
gapeshot,5172
garterbelts,5172
gaybears,5172
gaybrosgonemild,5172
gaybrosgonewild,5172
gaychubs,5172
gaycumsluts,5172
gayforpay,5172
gaygifs,5172
gaygiles,5172
gayholdthemoan,5172
gaykink,5172
gaymersgonemild,5172
gaymersgonewild,5172
gaymusic,5172
gaynsfw,5172
gayporn,5172
gaypornhunters,5172
gayr4r,5172
gaysexconfessions,5172
gaystoriesgonewild,5172
gaythong,5172
gbr4r,5172
genderotica,5172
gentle_femdom,5172
georgiajones,5172
gettingherselfoff,5172
ghannelius,5172
ghostnipples,5172
giantdildos,5172
giantess,5172
gifsbabes,5172
gifsgonewild,5172
gifshot,5172
ginger,5172
girls,5172
girlsbeingmean,5172
girlschool,5172
girlscontrolled,5172
girlsdoingstuffnaked,5172
girlsdoporn,5172
girlsdoporngifs,5172
girlsfinishingthejob,5172
girlsgonebitcoin,5172
girlshumpinggirls,5172
girlsindrag,5172
girlsinleggings,5172
girlsinpantyhose,5172
girlsinschooluniforms,5172
girlsinyogapants,5172
girlskissing,5172
girlsreaching,5172
girlswatchingporn,5172
girlswearingvs,5172
girlswhoswallow,5172
girlswithabs,5172
girlswithbodypaint,5172
girlswithfreckles,5172
glamcore,5172
gloriav,5172
goddessamira,5172
gonemild,5172
goneorgasm,5172
gonewild,5172
gonewild18,5172
gonewild_shaking,5172
gonewildaudio,5172
gonewildaudiogay,5172
gonewildbloopers,5172
gonewildcd,5172
gonewildchubby,5172
gonewildcolor,5172
gonewildcurvy,5172
gonewildfemale,5172
gonewildhairy,5172
gonewildphotographers,5172
gonewildplus,5172
gonewildplussize,5172
gonewildsmiles,5172
gonewildstories,5172
gonewildtrees,5172
gonewildtube,5172
graphtreon,5172
greekgodx,5172
grilledlife,5172
grisaia,5172
grool,5172
grooltasting,5172
gruecum,5172
gutmensch,5172
guysfrombehind,5172
gwabackstage,5172
gwascriptguild,5172
gwbooks,5172
gwcouples,5172
gwcumsluts,5172
gwnerdy,5172
gwpublic,5172
haileesteinfeld,5172
hairypussy,5172
hallofthebanditlords,5172
haltandcatchfire,5172
handjobs,5172
handpickedporn,5172
handsoffsnakey,5172
hangnmeat,5172
hankshouseofillrepute,5172
happycuckold,5172
happyembarrassedgirls,5172
happygaps,5172
happygirls,5172
happygoth5433,5172
hardcoreglamourporn,5172
hardcorensfw,5172
harleyrey,5172
havoc_bot,5172
haydenpanettiere,5172
hctmummies,5172
heathervandeven,5172
hecumshecums,5172
heels,5172
helixstudios,5172
helmet,5172
hentai,5172
hentai_gif,5172
hentaibeast,5172
hentaisource,5172
hentaivids,5172
hentiny,5172
heteroflexible,5172
hiddenstrapon,5172
highheelbabes,5172
highheels,5172
highheelsnsfw,5172
highheeltgirls,5172
highmileageholes,5172
highresnsfw,5172
hilary_duff,5172
hitlersdick,5172
hitomi_tanaka,5172
hitomitanaka,5172
holdthemoan,5172
holewreckers,5172
hollymichaels,5172
homegrowntits,5172
homemadexxx,5172
hoodniggas,5172
hopeshelikesit,5172
hose,5172
hotchickswithtattoos,5172
hotgaystoners,5172
hotgirls,5172
hotgirluglyguy,5172
hotguyswithglasses,5172
hotguyswithtattoos,5172
hothusband,5172
hotpast,5172
hotwife,5172
hotwifeasia,5172
hotwifecaption,5172
hotwifelifestyle,5172
hotwiferequests,5172
hotwifetexts,5172
hubposts,5172
hucow,5172
hugeboobs,5172
hugeboobshardcore,5172
hugeboobsjav,5172
hugedicktinychick,5172
hugedildos,5172
hugetitssoftcore,5172
humiliation,5172
humiliationgw,5172
hypnogonewild,5172
i_came,5172
icoveredasong,5172
ifoundthe12yearold,5172
ijoth,5172
ijoth2,5172
ijoth3,5172
ijoth4,5172
ijoth5,5172
ijustwatched,5172
imagesofromania,5172
imgur_all,5172
imgurtroll,5172
incerdoink,5172
incest_gifs,5172
incesterotica,5172
incestgifs,5172
incestporn,5172
incestvideos,5172
incognitomode7,5172
indianbabes,5172
indiancelebs,5172
indianfetish,5172
indiangirls,5172
indianporn,5172
indiansgonewild,5172
indianteens,5172
inegentlemanboners,5172
innie,5172
insertions,5172
inspirationalmuses,5172
intactporn,5172
interpretentious,5172
inthenameofkittens,5172
irlgirls,5172
istorie,5172
itsmissmaddy,5172
itsxart,5172
iwanttofuckher,5172
iwanttosuckcock,5172
janicegriffith,5172
japaneseporn,5172
japaneseporn2,5172
japanesepussy,5172
japanpornstars,5172
jav,5172
javdownloadcenter,5172
jaydencole,5172
jeffrewbob,5172
jekajekaj,5172
jennajross,5172
jennasativa,5172
jenniferlawrence,5172
jerkingencouragement,5172
jerkinghimontoher,5172
jerkinginstruction,5172
jerkofftocelebs,5172
jessicaalba,5172
jessicabiel,5172
jessierogers,5172
jessy_nikea,5172
jewdank,5172
jigglefuck,5172
jillianjanson,5172
jilling,5172
jizzedtothis,5172
jobuds,5172
jockstraps,5172
joeyking,5172
joi,5172
joi_requests,5172
joicompetition,5172
joip,5172
jojosexy,5172
jonluca,5172
juiceebar,5172
juicyasians,5172
justcametothat,5172
justfitnessgirls,5172
justoneboob,5172
justtolisten,5172
jynxmaze,5172
kagw,5172
kaka79,5172
kardashian,5172
karengillan,5172
karma_acceptance,5172
katebeckinsale,5172
katemara,5172
kateupton,5172
katrina_sunrise,5172
katyperry,5172
katyperrysprivates,5172
kaydenkross,5172
kellerbier,5172
kennedyleigh,5172
kenzliee,5172
keyholdercaptions,5172
kimmygranger,5172
kimpossibleporn,5172
kindfemdom,5172
kinksters_gone_wild,5172
kinkyporn,5172
kissmyasteroid,5172
knightsofgonewild,5172
kpopfap,5172
krystalboyd,5172
kuwtk,5172
kylieminogue,5172
labiagw,5172
lacepanties,5172
lactation,5172
ladiesinleather,5172
ladieswhogolf,5172
ladybonersgw,5172
ladychronica,5172
ladyslut,5172
laineybae,5172
lanarhoades,5172
laracroftnsfw,5172
lastmomentcreampie,5172
latinamilfs,5172
latinas,5172
latinasgw,5172
leannecrow,5172
leeloogonewild,5172
leggingsgonewild,5172
legs,5172
leotards,5172
lesbdsm,5172
lesbians,5172
lesdom,5172
lexeesmith,5172
lexibloom,5172
lifeisabeach,5172
lightsalot,5172
lilianna_kruk,5172
lilithlust,5172
lillythesexstudent,5172
lilylove,5172
lincoln_automotive,5172
lindsey_pelas,5172
lineups,5172
lingerie,5172
lingerieaddiction,5172
lingeriexcum,5172
lipsthatgrip,5172
literally_shaking,5172
literotica,5172
littlebecci,5172
littlemix,5172
lolgaymers,5172
loltyler1,5172
londonr4r,5172
lookingupatboobs,5172
louboutins,5172
loudlemons,5172
lovegaymale,5172
loveline,5172
lovelylilith,5172
luciecline,5172
lucy_vixen,5172
lucydoll,5172
lunavixenss,5172
lv426,5172
lynnwoodwa,5172
mackenziefoy,5172
mackenzierosman,5172
maddie_ziegler,5172
maddieziegler,5172
made_me_cum,5172
madeforsin,5172
madison_ivy,5172
madisonivy,5172
maebh17,5172
magpies,5172
maisiewilliams,5172
make_me_wet,5172
makemychoice,5172
makeupfetish,5172
makingoff,5172
malearmpits,5172
maledomempire,5172
malefetishitems,5172
malena_morgan,5172
malenamorgan,5172
maleunderwear,5172
mamacurly,5172
mambajamba826,5172
mandingo,5172
manele,5172
mangonewild,5172
manyboobs,5172
maria_ozawa,5172
marieclaire,5172
mariemccray,5172
marshamay,5172
massageporn,5172
masserect,5172
massivecock,5172
masterofanal,5172
masturbation,5172
mattisfriginadorable,5172
matureasian,5172
mefetishism,5172
meganrain,5172
meghanmarkle,5172
megturney,5172
melisamendiny,5172
melissadebling,5172
memoriepatton,5172
men_in_panties,5172
mengw,5172
meninpanties,5172
meninuniform,5172
menmoaning,5172
menshighjinx,5172
menwithtoys,5172
mfavs,5172
mia_khalifa,5172
microbikini,5172
miela,5172
milf,5172
militarygonewild,5172
milovana,5172
minesalargeone,5172
mintgreenundies,5172
miran,5172
mirandacosgrove,5172
misandryfetish,5172
mishacross_,5172
missbratperversions,5172
missevannaxo,5172
missglitchy,5172
mississippir4r,5172
mistress,5172
mistressporn,5172
mistresst,5172
mitoa3f4,5172
mngonewild,5172
models,5172
moldova,5172
moles,5172
monster_cocks,5172
moretz,5172
morphs,5172
moviesongorillavid,5172
mpose,5172
mrktm,5172
mrlionmissbunny,5172
mrmoseby,5172
ms13mr44,5172
mummificationbondage,5172
musicvideo,5172
my_dirty_hobby,5172
myfavspics,5172
mygirlfund,5172
mygotoporn,5172
myinfinitestupidity,5172
mynjoy87,5172
myporn920,5172
mypornvideos,5172
mysissyass,5172
mysterystroker,5172
mysticalproductions,5172
myult1mateischarging,5172
nailfetish,5172
nakedcelebs,5172
nakedpizzadelivery,5172
nakedyoga,5172
namechecksout,5172
namethatpornstar,5172
nancy_a,5172
naruto_hentai,5172
nataliadyer,5172
natalialobbo,5172
nataliastarr,5172
natalielust,5172
neon_ray,5172
nettielee,5172
neverdoubtreddit,5172
nextdoorasians,5172
nicoleaniston,5172
niggerpornnsfw,5172
nipples,5172
nipslip,5172
nj_swingers,5172
nofakereddit,5172
nonmonogamy,5172
nonpunchablefaces,5172
nopan,5172
notbots,5172
novafet,5172
novelrecordings,5172
nribabes,5172
nsfw,5172
nsfw2,5172
nsfw2048,5172
nsfw_college_ass,5172
nsfw_dick_and_cock,5172
nsfw_eyes,5172
nsfw_gif,5172
nsfw_gifs,5172
nsfw_html5,5172
nsfw_indians,5172
nsfw_japan,5172
nsfw_korea,5172
nsfw_realgirlfriends,5172
nsfw_ridesharing,5172
nsfw_selfie,5172
nsfw_snapchat,5172
nsfw_teenbabemilf,5172
nsfw_tributes,5172
nsfw_tumblr,5172
nsfw_videos,5172
nsfw_wrestling_divas,5172
nsfwacct10,5172
nsfwasmr,5172
nsfwbarista,5172
nsfwchoicespornideas,5172
nsfwcollection,5172
nsfwcomments,5172
nsfwcyoa,5172
nsfwgif,5172
nsfwgifey,5172
nsfwgiff,5172
nsfwhailcorporate,5172
nsfwhardcore,5172
nsfwiama,5172
nsfwnocontext,5172
nsfwoutfits,5172
nsfwscience,5172
nsfwshoops,5172
nsfwskype,5172
nsfwvideos,5172
nsfwxpost,5172
nubilefilms,5172
nyr4r,5172
o_faces,5172
objects,5172
oblivious_pokies,5172
odalisques,5172
ohior4r,5172
oldschool_runescape,5172
oldschoolcoolnsfw,5172
ollietoys,5172
omgbeckylookathiscock,5172
onedickmanychicks,5172
onlinesurvivor,5172
onlygoodporn,5172
onlyhotmilfs,5172
onlythehottestgirls,5172
onoff,5172
onoffcollages,5172
ontariogonewild,5172
openingpussy,5172
opsproudmom,5172
orgasmcontrol,5172
orgasmiccontractions,5172
orgasms,5172
orient,5172
ortodoxie,5172
outercourse,5172
overheardsex,5172
oversharing,5172
overwatch_porn,5172
painal,5172
paki_girls,5172
palegirls,5172
palevids,5172
panties,5172
pantiesandstockings,5172
pantyfetish,5172
pantyhose,5172
pantyhosedgirls,5172
pantyobsession,5172
passionx,5172
patreon,5172
patreonmeta,5172
patriciacaprice,5172
paulbrooks,5172
pawg,5172
peachfuzz,5172
pee,5172
peegonewildaudio,5172
pegging,5172
pegging_unkinked,5172
peggingcaptions,5172
penis,5172
penisenvy,5172
pennybarber,5172
pennydreadful,5172
pennyforyourtautbod,5172
perfectlyround,5172
permanentchastity,5172
peta_jensen,5172
petitegonewild,5172
petplay,5172
photoplunder,5172
photopro,5172
photoshoplupte,5172
photoshoppedgirls,5172
pigtails,5172
pilloryporn,5172
pillowtalkaudio,5172
pinup,5172
pitesti,5172
playboy,5172
pleasewatchme,5172
plugged,5172
plusboobs,5172
pokeporn,5172
pokies,5172
polishnsfw,5172
politica,5172
polyamoryr4r,5172
polyfamilies,5172
ponycore,5172
ponygirl,5172
poopybutts,5172
poppyoncrack,5172
porn,5172
porn_and_hentai,5172
porn_gifs,5172
porn_plots,5172
porn_videos,5172
pornbattles,5172
porncomix,5172
porncompilation,5172
porndebarry,5172
pornhd,5172
pornhub,5172
pornid,5172
porninfifteenseconds,5172
pornmasterrace,5172
pornmusicvids,5172
pornornorn,5172
pornstarrating,5172
pornstars,5172
pornvids,5172
postorgasm,5172
povpornvids,5172
precum,5172
predator,5172
preggo,5172
preggoporn,5172
prettyaltgirls,5172
prettygirls,5172
prettylapkitty,5172
primeassteens,5172
princessamiaudios,5172
prnarchive,5172
proed,5172
profanitypeak,5172
prostateplay,5172
publicboys,5172
puffies,5172
pulsatingcumshots,5172
pupplay,5172
pushherhead,5172
pussy,5172
pussybukkake,5172
pussyjobs,5172
pussymound,5172
qazpos,5172
queef,5172
quiver,5172
r444d444,5172
r4nonmonogamy,5172
r4r,5172
r4rasian,5172
r4rmontreal,5172
r4rseattle,5172
r4rtoronto,5172
r4rwi,5172
raceplay,5172
rachelcook,5172
radiopimp,5172
randomactsofpegging,5172
randomactsofvibes,5172
randomgirls,5172
randompornvideos,5172
randomsexiness,5172
ranium,5172
ranked_girls,5172
rape_roleplay,5172
ratemycock,5172
ravergirls,5172
realasians,5172
realgirls,5172
realgirlsinuniform,5172
realitydicks,5172
realjenniferlawrence,5172
realjilling,5172
reallifecam,5172
rearpussy,5172
rebeltaxi,5172
recenzii,5172
reckful,5172
recordings,5172
redbb,5172
reddit_boobs_check,5172
redditorcum,5172
redheadgifs,5172
redheads,5172
reluctance,5172
rememberthegenderwars,5172
remylacroix,5172
reportthedomains,5172
reportthespammersnsfw,5172
reversebullshit,5172
rideshare,5172
rihanna,5172
rileyreid,5172
ritapeach,5172
roadhead,5172
roaww,5172
robyte,5172
rocalorifer,5172
rocirclejerk,5172
rockthehousemd,5172
rocringe,5172
rodacia1300,5172
rofoto,5172
rogonewild,5172
rohaha,5172
rohosbetakeys,5172
rojokes,5172
rolistentothis,5172
romania,5172
romania_ss,5172
romaniacs,5172
romanialibera,5172
romaniaporn,5172
rorep,5172
rosie_jones,5172
ruinedorgasms,5172
rule34,5172
rule34lol,5172
rule34requests,5172
russiangirls,5172
rusyn,5172
rwbyrp,5172
ryannewman,5172
saggy,5172
samanthabarks,5172
samantharone,5172
sarahsnyder,5172
sareensfw,5172
sarinavalentina,5172
sashafoxx,5172
sashagrey,5172
sashatheamazon,5172
satx4satx,5172
saucefornsfwads,5172
sauceforscience,5172
savinmyporn,5172
scale10crazy,5172
scally,5172
scarlettjohansson,5172
scarlettleithold,5172
schoolgirlsgonewild,5172
scrandle,5172
sea_girls,5172
seattleunmoderated,5172
seebeee,5172
seethroughleggings,5172
selenagomez,5172
selfiesinthenude,5172
septumchicks,5172
serendipitous5nail,5172
sex_games,5172
sexclusiveselling,5172
sexinfrontofothers,5172
sexonmolly,5172
sexsells,5172
sexsideways,5172
sexstories,5172
sextoyscollection,5172
sexy,5172
sexy_ed,5172
sexy_funny_videos,5172
sexyballerinas,5172
sexybutnotporn,5172
sexyfrex,5172
sexymomma32,5172
sexynails,5172
sexystories,5172
sexytgirls,5172
sexywomanoftheday,5172
shamelesslyunshaven,5172
shanediesel,5172
shavingbeforeandafter,5172
shefuckshim,5172
shelikesitrough,5172
shemale_gifs,5172
shemale_vids,5172
shemales,5172
shemaleselffacials,5172
shibari,5172
shinyporn,5172
shinysluts,5172
shitafwcomicssays,5172
shitgonewildsays,5172
shittierfetishes,5172
shittymspaint,5172
shittyphotoshop,5172
shittyragecomics,5172
sidsubs,5172
sillydrawingscontest,5172
simps,5172
sir_fapsalot,5172
sissies,5172
sissy,5172
sissy_humiliation,5172
sissy_personals,5172
sissyerotica,5172
sissyextremism,5172
sissyfeed,5172
sissyhypno,5172
sissyinspiration,5172
sissykik,5172
sissyology,5172
sissyperfection,5172
sissypersonals,5172
sivak,5172
sizediff,5172
sizequeens,5172
skinnyanal,5172
skolestart,5172
slaveleia,5172
slavka_solnechnaya,5172
slightlypregnant,5172
slovakia,5172
slutty_alice,5172
sluttyconfessions,5172
sluttystrangers,5172
slutwife,5172
smallbreastsr4r,5172
smalldickhumiliation,5172
smalldickporn,5172
smallpenishumiliation,5172
snapchat,5172
snapchat_nudes,5172
snapchat_sluts,5172
snapchatgeofilters,5172
snapchatgw,5172
snapsells,5172
snatchchat,5172
socalr4r,5172
sodomy,5172
softcoregifs,5172
softwife,5172
sofuckable,5172
solarluxxx,5172
sometimesafantasy19,5172
sophiedee,5172
sophiemudd,5172
sophieturner,5172
sorryiamachampion,5172
sourcepornmaker,5172
spacejade,5172
spanking,5172
spankingfiction,5172
spanktai,5172
sph,5172
spicyporn,5172
spinners,5172
spnati,5172
spreadem,5172
spreading,5172
squirting,5172
squirting_gifs,5172
ssbbw,5172
stacked,5172
standingout,5172
standit,5172
stanga,5172
stargazingstarlet,5172
starletfeet,5172
starletgifs,5172
starlets,5172
startedfromacomment,5172
starwarsnsfw,5172
stealthvibes,5172
stellacox,5172
stephaniemichelle,5172
stevenuniversensfw,5172
stockings,5172
stolen,5172
stoyaxxx,5172
str8guysfrombehind,5172
straightgirlsplaying,5172
straponlesbians,5172
streamium,5172
stretchedtobursting,5172
stripgames,5172
strippersonthejob,5172
strugglefucking,5172
struggleporn,5172
stuffers,5172
stuffimsavingforlater,5172
stupidslutsclub,5172
submissivemen,5172
subreddit_of_the_day,5172
subredditama,5172
subsanctuary,5172
suchislifeinmoscow,5172
suckherbftofuckher,5172
suckingtogether,5172
suctiondildos,5172
sugarbaby,5172
suicidegirls,5172
sunnybunzcamgirl,5172
superbooties,5172
superdeepthroat,5172
surfinggirls,5172
survivorsimulator,5172
suspendedfortwoweeks,5172
swingcommunity,5172
swingers,5172
swingersgw,5172
swingersr4r,5172
swinging,5172
t2tilal,5172
tachanka,5172
tailplug,5172
talesfromyourstripper,5172
tayloralesia,5172
tbloppornposter,5172
teaganpresley,5172
teammilk,5172
teamwhitegirls,5172
tearcutrip,5172
teaseanddenial,5172
teensnmore_nsfw,5172
teflcirclejerk,5172
tempus_fugit,5172
tentai,5172
tetonas,5172
tgirls,5172
tgirlsurprise,5172
thapt,5172
thecoolidgeeffect,5172
thedarksecret,5172
theduckpile,5172
thefetishguy,5172
thefourthwall,5172
thegenius,5172
thegoldenhook,5172
thegoldstandard,5172
thegumdroparchives,5172
thejt0wn1,5172
thekindofnsfwilike,5172
thelovelylacycheeky,5172
thelovelynadia,5172
themegaman4,5172
theothernight,5172
thereddfoxx,5172
theredfox,5172
thesabrinabanks,5172
thesmalldickclub,5172
thesubspacecadets,5172
thetransphobiasquad,5172
theunderbun,5172
theveronicas,5172
thickdick,5172
thicklogic,5172
thighs,5172
thinclothing,5172
thingsivefappedto9,5172
thirdwavefeminism,5172
threesome,5172
threesomes,5172
throwaycurves,5172
tiasweets,5172
tickling,5172
tigerrbenson,5172
tight_shorts,5172
tightdresses,5172
tightywhities,5172
timestop,5172
timisoara,5172
tinydick,5172
tinyfairybabe,5172
tinytits,5172
tipofmypenis,5172
tits,5172
titshansen,5172
tittiescollection,5172
tittiesfrombelow,5172
tittydrop,5172
tittyfuck,5172
toecurl,5172
tomandnatescirklejerk,5172
toobig,5172
top10pornos_weekly,5172
top_tier_asses,5172
topdownthong,5172
topless,5172
toplessinjeans,5172
topofarmer,5172
topsandbottoms,5172
toptwitchfails,5172
totallystraight,5172
trailcam,5172
tramadol,5172
transex,5172
transfeet,5172
translucent_porn,5172
transporn,5172
trapquest,5172
traps,5172
trashyporn,5172
treecomics,5172
treesgonewild,5172
tributeme,5172
trim,5172
trlgnsfwstash123,5172
trollit,5172
trueannasophiarobb,5172
truebigdickstories,5172
truefmk,5172
trueliliannakruk,5172
truesph,5172
truthordareme,5172
tweety,5172
twinksselfies,5172
twohanders,5172
uhdnsfw,5172
uncutporn,5172
undelete_rebooted,5172
undeletegonewild,5172
underarms,5172
underbun,5172
undertail,5172
underwaterbabes,5172
underweargw,5172
undies,5172
unexpectedstarwars,5172
unidangonewild,5172
uniqueindividual,5172
unrealtits,5172
upandcumming,5172
uphisbutt,5172
upskirt,5172
vagina,5172
valeriekayporn,5172
vancouverr4r,5172
veronica1993,5172
veronicaradke,5172
viktor,5172
volleyballgirls,5172
wageslavememes,5172
wanknspank,5172
warmwifing,5172
watersports,5172
weddingringsshowing,5172
wedgesnsfw,5172
wendyfiore,5172
wetandmessy,5172
wetsounds,5172
weworshipcocks,5172
whaletail,5172
whatever_girl,5172
whatsgoodly,5172
whenitgoesin,5172
whipitout,5172
whiskey_bent,5172
whiskeysweet,5172
whitneywisconsinsub,5172
whootyhub,5172
whosaidthat,5172
whosthatpornstar,5172
whynotasource,5172
wickedsub,5172
wifeporn,5172
wifesharing,5172
wildchicks,5172
wimods,5172
wincest,5172
wisdomofreddit,5172
witcher_nsfw,5172
wmybag,5172
womenlookingdown,5172
womenofcolor,5172
womenofcolour,5172
womenofwrestling,5172
workgonewild,5172
workoutgonewild,5172
worsewithcontext,5172
wouldyoufuckmywife,5172
wph,5172
writerjim,5172
wtsstadamit,5172
xchangepill,5172
xray,5172
xray_gifs,5172
xsmallgirls,5172
xsome,5172
xxvideos,5172
xxxcaptions,5172
xxxcouples,5172
xxxgirls_vids_amateur,5172
xxxmen,5172
yogapants,5172
youtubefakes,5172
youtubetitties,5172
yukijin,5172
yummieformytummie,5172
yummyass,5172
zaqcde,5172
zxnsfw,5172
zxzfanclub,5172
gonorthwestern,5173
iphone_7,5174
wisurr,5175
modelmonowi,5176
db2_,5177
setyourgoals,5178
heelsandass,5179
punkshots,5180
cetacea,5181
orcas,5181
fabriksny,5182
carparttrader,5183
bellyexpansion,5184
holdmyscalpel,5185
madlass,5186
iamsurroundedbyidiots,5187
fifa17,5188
gothic3,5189
worldofgothic,5189
torturechamber,5190
totalworldfemdom,5190
lupus,5191
rpdrgonewild,5192
fmn,5193
sexymalecelebs,5193
pawnstars,5194
kkongen,5195
breedingdittos,5196
dittogiveaway,5196
unexpectedgatsby,5197
characterbuilding,5198
smalltitsbukkake,5199
truebukkake,5199
beourguest,5200
shittyprimitivetech,5201
grahamhancock,5202
starwarscommander,5203
swcommander,5204
sfxlibraries,5205
bostonseddit,5206
razorcandi,5207
nitmarism,5208
biblicalphrasing,5209
hiddenfactorydefaults,5210
wowdangerzone,5211
chroniclove,5212
titanfallstory,5213
shiteducatorssay,5214
dragonvale,5215
dragonvaleworld,5216
luckyrevenge,5217
enc,5218
rpgstuck_a1,5219
strategist14,5219
tribetwelve,5220
faceit,5221
hockeywriters,5222
insurmountablelogic,5222
breastbondage,5223
webtorrent,5224
yourfantheories,5225
amateuroral,5226
straightprecum,5226
boring,5227
rvabikes,5228
rmnp,5229
serviceindustry,5230
rustychains,5231
gods,5232
mind_of_a_mad_man,5233
matthewmob_csstesting,5234
onourlist,5235
unexpectedwolverine,5236
undertaletheory,5237
escapechristianity,5238
livehappy,5238
crete,5239
policescanner,5240
paas,5241
musicforsex,5242
ntevesash,5243
tptourneys,5244
overwatchrms,5245
sarracenia,5246
civiwc,5247
enbro,5248
missiontomars,5249
mantyhose,5250
calpolypomona,5251
cppcis,5251
phnompenh,5252
grumpamon,5253
mrinstitute,5254
hamlet,5255
highcritters,5256
resisttyranny,5257
fiorentina,5258
redditspecialolympics,5259
ballchimedes,5260
crypto_general,5261
bestprogrammingbooks,5262
functionalscala,5262
logic_301,5263
savesthedayeu,5264
realestatephotography,5265
mtgpuzzlequest,5266
skyshroom,5266
biwife,5267
gunnitsafespace,5268
animalgifs,5269
suckitreposts,5270
hindustan,5271
lucinamains,5272
haikusleep,5273
soundcloud_ja,5274
shaungyang,5275
mcountrysidealliance,5276
evolveskateboards,5277
willokuno,5278
thueringen,5279
weimar,5280
raiderscove,5281
rocketfriend,5282
baseballoffseason2017,5283
japanesecars,5284
unexpectedsoad,5285
teachinginkorea,5286
lesotho,5287
tiniestredditoftheday,5287
unexpectedhammering,5288
jomon,5289
calipygian,5290
teamwatermelon,5291
expandolicious,5292
preggohentai,5292
thirdworldlpt,5293
biffyclyro,5294
ridakiyaommi,5295
mlm,5296
pyramidschemes,5296
imperialruler,5297
civ5randomgame,5298
drpepper,5299
redditclanshistory,5300
loglang,5301
jdorama,5302
bestofpcmr,5303
tragedyandhope,5304
fire_hazards,5305
mutt,5306
bioniclememes,5307
bestpresidenttrump,5308
yorkcycling,5309
earningonline,5310
easymoneyearning,5310
easymoneyonline,5310
howtoearnmoremoney,5310
mygift,5310
onlineincome,5310
trumplicans,5311
sex_toys,5312
sexualhealth,5312
conotocaurius,5313
wallstreetdd,5314
circle,5315
jerk,5315
odooerp,5316
openerp,5316
albusnoxluna,5317
stitics,5318
mold,5319
wheels,5320
nba2kteamup,5321
chickswithchokers,5322
bsavage,5323
cloudcollective,5323
enough_sanders_spam_,5324
teamluciddream,5325
eggburgerhelper,5326
empyrion,5327
empyriongame,5328
polishdiaspora,5329
amateurwives,5330
webex,5331
erinashford,5332
kanyeleaks,5333
coade,5334
kenb,5335
wallstreetbetsjerk,5336
croatcroatcroat,5337
paddlewisconsin,5338
wisconsinpaddles,5338
whitelightninghq,5339
brofresco,5340
thetrotskyists,5341
cumcausescum,5342
gaycumshots,5343
igtmsft,5344
harrisonity,5345
skyrimbuilds,5346
thedonald_bestof,5347
youtuberscsgo,5348
doglegaladvice,5349
stolendogbeds,5349
userexperiencedesign,5350
zinrockin,5351
politicalrevolutionmd,5352
carreviews,5353
ripofftipoff,5353
seatle,5354
bloggers,5355
fashionblogging,5355
worldwidefashionblogs,5355
stringquartet,5356
joesomar,5357
savedbythebell,5357
ytp,5357
bedroomselfies,5358
mirrorselfie,5358
julianlovesmusic,5359
shittf2says,5360
umarrii,5361
panzerwaltz,5362
pokemongompls,5363
shitpostbound,5364
gawnwild,5365
theydidthemetoothanks,5366
backseatgarden,5367
modeldixiedaily,5368
mecfs,5369
abletonproductions,5370
unsigned_artists,5370
rethinkers,5371
hailbitcore,5372
turboswagengaged,5373
homemadebdsm,5374
thelastleg,5375
anti_conspiracy,5376
blockchainanalysis,5377
lichen,5378
lichenophile,5378
southcoast,5379
bloomu,5380
millersville,5380
occupyaustin,5381
jokinghazard,5382
horrorpunk,5383
themisfits,5384
madmaxcars,5385
madmaxcraigslist,5385
theydidthematt,5386
nepenthes,5387
shenzhenio,5388
shenzhenio_roadmap,5388
antoniasainz,5389
realracing,5390
realracing3,5391
alistar,5392
alistarmains,5393
amateuroc,5394
stairsinthewoods,5395
nms_botany,5396
bondagegifs,5397
bondagejunkies,5397
osmium,5398
videoart,5399
ps4_pro,5400
unclephilwasmyfather,5401
haliketo,5402
pdxgroms,5403
skinnybusty,5404
upset,5404
seo_methods,5405
ensure,5406
kantig,5407
poo,5408
megagames,5409
imagesofscotland,5410
redditzuluroyale,5411
ourcoolshit,5412
disco_biscuits,5413
lettucefunk,5414
livetronica,5414
botlivesmatter,5415
karateke,5416
swimsuitsex,5417
cubase,5418
vertixclans,5419
vertixonline,5420
nuuvem_broken,5421
24811812513198111524,5422
imessage,5423
scientificresearch,5424
bindersfullofwomen,5425
theview,5426
dallas_cowboys,5427
gs500,5428
mattparker,5429
parkersquares,5430
jimmyjohns,5431
myrssfeeds,5431
sistersofchrist,5432
idlenomore,5433
spufpoweredcirclejerk,5434
mrrobotarghelp,5435
pointsprizes,5436
psncodegenerator2015,5436
psncodegratuit,5436
psncodenow,5436
thealternativemedia,5437
solarcity,5438
freelancewriting,5439
onlinewriting,5439
acceptablepandering,5440
nina_agdal,5441
ninaagdal,5441
compassion,5442
emotions,5442
sfx,5443
modellvmedia,5444
unexpectedscoobydoo,5445
gmolol,5446
woonatics,5446
kiptijek,5447
kiptok,5447
cod4remastered,5448
notsnails,5449
imagesoforegon,5450
imagesofchina,5451
ectoplaza,5452
lightbringerseries,5453
pcp,5454
fucknick,5455
saucyedwinfanclub,5456
keymission,5457
imls,5458
indiamodelpress,5458
infinite_air,5459
infiniteair,5459
genesisfoods,5460
wordpress_beginners,5461
wordpress_help,5461
randomapostrophe,5462
warthundermemes,5463
dc_comics,5464
free_houston,5465
solarshields,5466
learndangeroustalents,5467
shfiguarts,5468
wtf_china,5469
teamblackhole,5470
celebritystockings,5471
geekboners,5471
tfew,5472
smallytchannels,5473
anerchism,5474
forzacarporn,5475
china_zh,5476
politics_zh,5477
asscache,5478
girlsfartduringanal,5478
puffitup,5479
jameskii,5480
hillary_clinton,5481
grapyourwallet,5482
kingsclancr,5483
mattnjax,5484
beatingthesystem,5485
wisconsinman,5486
imagesofwyoming,5487
humantrafficking,5488
aircraftporn,5489
crtournaments,5490
hl7,5491
6b6t,5492
northcarolinapolitics,5493
taxationistheft,5494
gsi,5495
poelfg,5496
newwhitehaven,5497
smashbrosswitch,5498
nameofthedoctor,5499
clevelandcirclejerk,5500
mmw,5501
fnafchatandrp,5502
guidetomatchedbetting,5503
unelection2020,5504
doormonster,5505
desirepaths,5506
pecomo,5507
tulsi2020,5508
circlelog,5509
debatemonarchy,5510
fo4mods,5511
aiml,5512
machinelearners,5512
dogequestserver,5513
streamentry,5514
weedporn,5515
arielwinter,5516
earrumblersassemble,5517
katarinamainsoce,5518
grails,5519
groovy,5519
hyperspin,5520
ufclink,5521
ufclivestreamz,5522
nottimandericpics,5523
unexpectedjerma,5523
mens_health,5524
cryofr0zen,5525
sciencexpolitics,5526
mtvscream,5527
nayavanguard,5528
titanbrawl,5529
titanbrawlers,5529
thetravellingbull,5530
oldschoolcelebs,5531
karpkrew,5532
magikarpusedflylol,5532
kyliejenner,5533
rss_arstechnica,5534
jack,5535
monarquia,5536
oceangifs,5537
solitude,5538
huwsstuff,5539
anthony,5540
free_assange,5541
thetachi,5542
unbelievablepodcast,5543
bradford,5544
chinafinance,5545
filmmarket,5545
basedgod,5546
batmanminiaturegame,5547
zinrockintwitch,5548
vinesaucevidyas,5549
thisisthetruth,5550
heartbreak,5551
notapc,5552
get_rekt_kid,5553
ethereum_live,5554
oldphotosinreallife,5555
expectedhogwarts,5556
dashbot,5557
member_berries,5558
jazzfusion,5559
pepsigrizzlies,5560
rocket_league_trading,5561
maschinenkrieger,5562
catskills,5563
jibo,5564
mute,5565
rumble_mains,5566
rumblehome,5566
quantumjournal,5567
knightmodels,5568
marvelminigame,5568
celebjobuds,5569
celebritywankmaterial,5569
scottvlasicisgay,5570
laserworking,5571
yishun,5572
chromatography,5573
consumerreports,5574
funwithfundies,5575
festivalplaza,5576
nsfwmixed,5577
pp2,5577
musicvideosonyoutube,5578
wurmonline,5579
consequentialism,5580
themooglepost,5581
entraideinformatique,5582
odubasketball,5583
haircuts,5584
unexpectedoldgregg,5585
publix,5586
capecodents,5587
thanksspez,5588
evanbeckett,5589
raiddatarecovery,5590
utulsa,5591
deepanalabyss,5592
panopticon,5593
yztesting,5594
agameofark,5595
kateincarnate,5596
blackfridays,5597
bangkokpostauto,5598
makeupeducation,5599
montserratdiying,5599
absolutistneoreaction,5600
5050,5601
stratisplatform,5602
crossarkhub,5603
gajasdoinsta,5604
instababe,5604
electronic_harassment,5605
electronicstalking,5605
groupstalking,5605
microwavedindividuals,5605
perps,5605
targetingtechniques,5605
librecapitalism,5606
truewikileaks,5607
kingofqueens,5608
darksiders,5609
teamemp,5610
bootlego,5611
lepin,5611
askvegans,5612
pasok,5613
thee_donald,5614
gunbuyback,5615
westworld_hosts,5616
the_uncensored_donald,5617
at18,5618
jetblue,5619
grassroots,5620
iamveryverysmart,5621
3percent,5622
hedidthepaint,5623
the_mattis,5624
adinfinitumguild,5625
realestatefinance,5626
ethercourt,5627
sd_for_jillstein,5628
thatsapenis,5629
funsizedasian,5630
onefingerselfie,5630
coldcase,5631
makemutgreatagain,5632
patriceoneal,5633
bodegahomebrew,5634
triforcepodcast,5635
sirenspanties,5636
adultreview,5637
milf_mature_xxx,5637
milf_porn,5637
milfvideos,5637
redhead_porn,5637
redheadass,5637
redheadvids,5637
milfcumsluts,5638
outdoor,5639
realjokeinthecomments,5640
brandmains,5641
watchvaynedie,5642
weldingjobs,5643
pflag,5644
taranaki,5645
viralvideo,5645
gifsthatendjustright,5646
imagesofmexico,5647
fatherhood,5648
radicalparenting,5648
mindfuck,5649
12ozmouse,5650
aseprite,5651
wegivegold,5652
sanibel,5653
gearvr_porn,5654
trumpirl,5655
enoughx2commiespamx2,5656
monroemi,5657
adrianachechik,5658
angelsmalls,5658
mrrogersneighborhood,5659
vallinmaximum,5660
literaltitles,5661
civilwar,5662
animeopeningandending,5663
animescholar,5663
bpl,5664
digitalrightstrust,5665
pushback,5665
surveillanceuk,5665
oddworld,5666
getdumb,5667
modafinshop,5668
schoolbathrooms,5669
surprisegangster,5670
therealjokecomments,5671
unusualsentences,5672
amplifi,5673
jncip,5674
volkstaat,5675
shadowadept,5676
surfpsych,5676
depressedrobots,5677
cricketrolls,5678
rwbynsfw,5679
rwbysmut,5679
taboocaptions,5680
justarmpithairthings,5681
redstatereds,5682
southernsocialists,5682
stickyfingers,5683
thingsinamber,5684
warface,5685
werewolveswithingame,5686
generalsio,5687
googledidthemath,5688
ripcoil,5689
watchtonedie,5690
doogieads,5691
puppydogcenter,5691
feedly,5692
wallybear,5693
neunews,5694
darknetcrypto,5695
vetrainarmy2b2t,5696
justmakemyshitflyaf,5697
franglais,5698
jpgs,5699
chrispratt,5700
importantvideos,5701
enoughideology,5702
unexpectedicarus,5703
starwarsbutthurt,5704
donttouchthat,5705
le_gem,5706
gapinc,5707
oldnavy,5707
buyersagentmelbourne,5708
thebestideas,5709
fakenews_,5710
biohacked,5711
kaylan824,5712
fitnesspantyplaymate,5713
dumpstersluts,5714
arrabellgwa,5715
poetryreading,5715
mock_reddit,5716
antvenom,5717
patientdogs,5718
peacetea,5719
random_shit,5719
nclegislature,5720
catapult_memes,5721
cossacks,5722
cossacks3,5722
urbantees,5723
starwarsgifs,5724
casualpropaganda,5725
sexblogs,5726
sexworkerblogs,5727
games_zh,5728
strategygames_zh,5728
hutrep,5729
nhl17hut,5729
community_dialogue,5730
mscc,5731
notsubredditoftheday,5732
bwfshitposts,5733
againsteverysubreddit,5734
redhead,5735
cummybot,5736
retrogamers,5737
facefuck,5738
throatfucking,5738
ketoendurance,5739
zengmfootball,5740
socialism2,5741
montreal_vapers,5742
webpack,5743
rurounikenshin,5744
aerialporn,5745
meandromeda,5746
sendgrid,5747
200yearsago,5748
penangfreeschool,5748
unexpectedsimpsons,5749
podcastned,5750
diy_ejuice_advanced,5751
livingbackgrounds,5752
nv_for_jillstein,5753
enghentai,5754
hentaimanga,5754
wa_for_jillstein,5755
headphonemods,5756
shittylimos,5757
catsdoingscience,5758
thisshowstinks,5759
momreviews,5760
graphis,5761
odroid_c2,5762
flagflagstaff,5763
mslgame,5764
sarahlawrence,5765
trueskidmore,5766
freealbums,5767
filmfestivals,5768
weeklyguitarist,5769
k5blazer,5770
porncomics,5771
roccat,5772
luca_twitter_repost,5773
gamersrevenge,5774
modelfrpress,5775
modelmonde,5775
wewliveactiondoug,5776
altism,5777
sore_liberal_loosers,5778
civilization6,5779
freshtits,5780
rokubestof,5781
feedbackoknotizie,5782
nelsonsex,5783
butterflyandmothfacts,5784
abridged,5785
abridgedanime,5785
usaa,5786
kinmosa,5787
waytoosoon,5788
takeaction,5789
freet0,5790
bestofvrporn,5791
kafuka,5792
tidntl,5793
dkmu,5794
accidentalarthistory,5795
magnetissimo,5796
opiateepidemic,5797
iksotw,5798
dnmindia,5799
ykwd,5800
nashvillerescue,5801
stickykitty,5802
starwarsdadjokes,5803
persona3,5804
40hz,5805
findnasoagirlfriend,5806
darthjarjarfanfiction,5807
kalorn,5807
shouldbeaheadline,5808
azunyan,5809
jaimebrienne,5810
lfcmatchday,5811
traveledfarwestward,5812
adorablyunsanitary,5813
indianconspiracies,5814
downtidestories,5815
howcanigetmyexback,5816
iwantmyexback,5816
guardianauto,5817
seattlebeer,5818
scots,5819
fractalgifs,5820
thatwasthejoke,5821
trash,5822
truetrash,5822
retrostarlets,5823
sugaku,5824
fuck2017too,5825
shitwredditsays,5826
canadiansammy,5827
datass,5827
nsfw_girlfriend_pics,5827
industrialhygiene,5828
banislam,5829
sanctuary7dtd,5830
ellingua,5831
ellinguadiscussion,5831
exilemodservers,5832
9p2020,5833
plan9,5833
counters,5834
ffbe,5835
thekommanderkronicles,5836
chrishedges,5837
thecutestidol,5838
alteraeon,5839
modelnbc,5840
insanecameramen,5841
fightme,5842
coldshowerthoughts,5843
cryptowatch,5844
totallynotmimikyus,5845
supplychain,5846
theperfectwife,5847
honeycrispmasterrace,5848
unexpectedrs,5849
mutilator,5850
cemeterypreservation,5851
stlraspberrypi,5852
religion_of_kek,5853
seagate,5854
neworder,5855
neworderband,5855
unexpectedabba,5856
dodgykebaab,5857
bigmoneysalvia,5858
commentiquette,5858
etikawnetwork,5859
etikaworldnetwork,5859
normaldayinrussia,5860
imagesofspain,5861
lolgit,5862
alexandriadeberry,5863
etssucks,5864
generalsam,5865
tdbest,5866
dykesgonewild,5867
best_tattoos,5868
aacirclejerk2,5869
humanproblems,5870
eulaw,5871
prohvacr,5872
elishacuthbert,5873
victoriajustice,5874
playstationuk,5875
irishpersonalfinance,5876
4acodmt,5877
rarepupperrecipes,5878
milwaukeeadmirals,5879
act,5880
satactbot,5880
cubepentagon,5881
restaurantsthatmeme,5882
ding_irl,5883
mildlycthulhu,5884
esteban_santiago,5885
mapleleafmedia,5886
inq28,5887
pantiestotheside,5888
popass,5888
imminentmillionaires,5889
saltydogsgifs,5890
needlefelting,5891
redditmakespokemon,5892
merchantsofmidnight,5893
mtfselfietrain,5894
lilyc,5895
confusedboner,5896
nsbm,5897
beervideos,5898
christinamilian,5899
kearney,5900
bokeh,5901
ceramicpapez,5902
mechkeysca,5903
kundtjanst,5904
asexualmen,5905
australiangovtfails,5906
thepubtest,5906
redcamera,5907
handinpanties,5908
jilling_under_panties,5908
kalilinuxhacking,5909
identitymmo,5910
identitymmorpg,5911
stemrequest,5912
tanlines,5913
vegaspg,5913
inthebum,5914
team_phoenix,5915
sheets,5916
hakomari,5917
mmathread,5918
dc_for_jillstein,5919
waterprotector,5920
puertovallarta,5921
atlantaeats,5922
atlantafood,5922
ppc,5923
sem,5924
strawhatrpg,5925
suntemplepirates,5925
motor_bicycle_living,5926
aceraspirelaptops,5927
asusrepublicofgamers,5928
startup_blogs,5929
infantry,5930
sidepussy,5931
modernfashionporn,5932
nailart,5932
beginningprogramming,5933
vhdl,5933
mykolaiv,5934
ashleyalban,5935
crazyforswayze,5936
80s_movies,5937
specialagentutah,5937
astroneercommunity,5938
notanitalianflag,5939
mosaicbot,5940
ruins_jp,5941
bestdealever,5942
serbianfilm,5943
prepost,5944
bepsi,5945
chef_opscode,5946
websphere,5946
me_atm,5947
420_girls,5948
hotganjagirls,5948
automaticmemes,5949
anothersideoflife,5950
aws_certified_experts,5950
aws_cloud,5950
blog_graveyard,5950
bloggerseoexperts,5950
freeblog,5950
programming_blogs,5950
qadabra,5950
realbeermoney,5950
socialmediaresearch,5950
writingblogs,5950
sophiknight,5951
thehottestbabes,5951
assholegonewild,5952
kissableassholes,5952
azzizzisadventures,5953
feederism,5953
btooom,5954
ibogaine,5955
forwardsfromredacted,5956
secretspaces,5957
krishnaconsciousness,5958
new_york_city,5959
tetz,5960
liesaboutsubreddits,5961
rotherham,5962
endlessfrontier,5963
turkeyendlessfrontier,5963
rangerover,5964
pizzagatememes,5965
utorai,5966
zuckforpresident,5967
rice,5968
nerdsrus,5969
ahmedangel,5970
sonicyouth,5971
nodumbquestions,5972
writing_buddies,5973
mensshoes,5974
elitegrom,5975
amazonfba,5976
misfitsgg,5977
watchexchangefeedback,5978
xfusionknights,5979
switch_hype,5980
thegoodplace,5981
pmv,5982
liveforspeed,5983
paladinslore,5984
mp5,5985
reasonablefantasy,5986
atxurbanists,5987
cowardicejerk,5988
irongrad,5989
mapswithouttasmania,5990
abdlpersonals,5991
whataboutism,5992
the_bansh,5993
hocnet,5994
incentivizedmesh,5994
starwarsrp,5995
swrpmeta,5995
pnwfestivals,5996
miltonkeynes,5997
dashuncensored,5998
mademesad,5999
nsfw_kik,5999
insoumis,6000
melenchon,6000
bannedfromsocialism,6001
oceanramsey,6002
multidimensionality,6003
myschizophreniaisreal,6003
newsokurmailopener,6004
audiosocialism,6005
realpoliticalintrigue,6006
uncensor_conspiracy,6006
eurorack,6007
foamrolling,6008
itchio,6009
thegreatamazonpurge,6010
motivational_quotes,6011
tradingquotes,6011
actuallyorwellian,6012
ask_privacy,6013
characterrantjerk,6014
toothpastememes,6015
chevres,6016
succubusporn,6017
boneslation,6018
reactclinks,6019
femranarchy,6020
roughromanmemes,6021
repostcops,6022
gaywatersports,6023
filmicpro,6024
cognize,6025
surging,6025
futaleufu,6026
bestdeal,6027
bestsellingtshirts,6027
aviationhistory,6028
spursfanfiction,6029
forty7chromosomes,6030
redsports,6031
morganhultgren,6032
supeapp,6033
ratqueens,6034
askanime,6035
artificialneurons,6036
kintore,6037
ubuntuproblems,6038
btfoposts,6039
the_wins,6039
constructedlanguages,6040
bap,6041
thefirstlaw,6042
cwflash,6043
thebestof,6044
hungerlock,6045
4k_porn,6046
lgurt,6047
urt,6047
benswann,6048
competeleague,6049
competeleague5v7,6049
tattletail,6050
tattletailcirclejerk,6050
solidsnakes,6051
wilsonsschool,6052
okrs,6053
okrsoftware,6053
rloop,6054
starting_youtubers,6055
videoseo,6055
trumpdraws,6056
echochamber,6057
miketolbert,6058
nms_bases,6059
fiio,6060
scrapinghub,6061
scrapingtheweb,6061
bestofcortwade,6062
superheroes,6063
edsrecipestore,6064
bdconspiracy,6065
terroristseverywhere,6066
incestcreampies,6067
theydidthegrammar,6068
youdontneedthefirst,6069
t1d,6070
ubercart,6071
allymcbeal,6072
momokun_mariahmallad,6073
patreongirls,6073
drunkknitting,6074
luke_c,6075
exxxchange,6076
skypensfw,6077
magisk,6078
kuleuven,6079
leuven,6079
femslib,6080
estateplanning,6081
supersmashbrosmalay,6082
plagiarizeme,6083
turnitintobatman,6084
dunningkreddit,6085
imagesofwales,6086
albertanews,6087
unconventionalmakeup,6088
academicreadwrite,6089
thesis,6089
stippling,6090
modelsouthernsenate,6091
almostwholesomememes,6092
atelier,6093
rpcs3,6093
roastmystartup,6094
redshiftrenderer,6095
firstglobalcredit,6096
shittrees,6097
soul_iq,6098
schismworldwide,6099
mildlyinfuriatingfix,6100
arkserverlist,6101
xplornet,6102
slavery,6103
the_naked_and_famous,6104
untiedkingdom,6105
2017scape,6106
northlaketahoe,6107
unexpectednutshack,6108
layer7,6109
modsoup,6109
spermiepasta,6110
the_klaver,6110
oralcreampie,6111
30daylife,6112
militaryworkouts,6112
talesfromfastfood,6113
prophecy,6114
davisca,6115
ttcafterloss,6116
auburncalifornia,6117
makeupaddictioncanada,6118
atlantahox,6119
beardscirclejerk,6120
commercial_aviation,6121
institute,6122
salesforcedeveloper,6122
mechwarrior,6123
mechwarrior3,6123
designerinbloom,6124
cfp,6125
financialadvisortips,6125
album_of_the_week,6126
the_schaeuble,6127
nosleep_gonewild,6128
regretsexstories,6129
londonpics,6130
twiztid,6131
selfmusic,6132
japaneseuncensored,6133
sloppyseconds,6133
forhonoremblems,6134
furryvisualnovels,6135
morenatsugame,6135
klaus_ul,6136
modeldrudgereport,6137
modelnypost,6137
aaron,6138
kindmoviecritic,6139
jonossoff,6140
georgewbush,6141
presidentialhistory,6142
workoutgirls,6143
ecojustice,6144
amt,6145
shitislamophilessay,6146
smallgroups,6147
ymir,6148
researchreview,6149
minot,6150
khorne,6151
blenheim,6152
efilism,6153
mainlander,6153
markdice,6154
bestofmtcj,6155
drawn_horsecock,6156
horsecockfuta,6156
lostpetsraleigh,6157
lostpetsseattle,6158
lyftpromocoders,6159
lyftpromotioncodes,6159
ridesharepromocodes,6159
worththescroll,6160
amazondealsus,6161
verycheap,6161
iwantoneofthose,6162
starspawnslocker,6163
standingcats,6164
influencepsychology,6165
endhumantrafficking,6166
mlrugby,6167
real_sex_stories,6168
thedustin,6169
donaldisfuckinglit,6170
macalester,6171
mn_for_jillstein,6172
legos,6173
trainerroad,6174
memorandum,6175
fuckclowns,6176
real_incest_stories,6177
millenials,6178
neoscientism,6179
itt,6180
cgsc,6181
dirtykikgroups,6182
kikgroups,6182
oddwonks,6183
clipstudio,6184
mangastudio,6184
trumpgate,6185
garfield,6186
underratedmovies,6186
demonsplan,6187
evangelical,6188
dancingbear,6189
tipofmypenis2,6189
concatenative,6190
kittenlang,6190
hairmetal,6191
motleycrue,6191
gutmicrobiome,6192
keskustelu,6193
htconem8,6194
genypeptalk,6195
wheelanddeal,6196
doublechinwatch,6197
fat_donald,6197
utrecht,6198
news_just_for_you,6199
pizza_gate_reports,6199
felidae,6200
nogagreflex,6201
newmarvelrp,6202
xmenrp,6202
controller,6203
tonkamemes,6204
blueandyellow,6205
obliviousidiots,6206
crps,6207
ndpbc,6208
pangolin,6209
collapsesupport,6210
chocolatechipwp,6211
coincollecting,6212
annunakigame,6213
impressionsgames,6214
rescuetheright,6215
yerbamate,6216
powerpoint,6217
taptaprevenge,6218
hungaryforpower,6219
mtpl,6220
historyfans,6221
mandalorian,6222
daddydom,6223
ddlg,6223
kik,6223
togattamimi,6224
catinthehatmemes,6225
shitty_house_mods,6226
gamingplays,6227
julianos,6228
accidentaltrebuchet,6229
whatisthisworth,6230
shadybeaver,6231
314action,6232
sousecoute,6233
spiderrights,6234
bennyfits,6235
motorcycledeals,6236
tittyfights,6237
flippa,6238
investinginwebsites,6239
aroundus,6240
zerophone,6241
afdwatch,6242
moescape,6243
details,6244
quickbooks,6244
afrofuturism,6245
hauntology,6245
democracysimulator,6246
reddits,6247
anarcho_shutthefuckup,6248
numerai,6249
timesplitters,6250
tumblr_nsfw_gifs,6251
ncaa14onlinedynasty,6252
dannyelfman,6253
shittyadventurers,6254
modelf2,6255
dubtrackocularrp,6256
ffsdawg,6256
bloguelinux,6257
lapidary,6258
cubingmemes,6259
sarajay,6260
ethinsider,6261
illegal,6262
memetrades,6263
hniuf,6264
ainsleyeveryday,6265
ainsleyeveryday2,6265
socomsource,6266
pornrabid,6267
sierranicole,6267
supertotal,6268
greatpodcasts,6269
siue,6270
accidentallycommunist,6271
tourneyninja,6272
adsense,6273
fuckshawn,6274
truckerslobs,6275
wtfbooks,6276
pbs,6277
isometricdnd,6278
wholesomefitness,6279
moritomogakuenscandal,6280
brothertiger,6281
startingstrength,6282
strengthtraining,6283
rapaport,6284
memorydefrag,6285
anllelasagra,6286
sacodeltoroffleague,6287
lexx,6288
bron,6289
tunnelbana,6289
hotones,6290
onetrueelma,6291
stopthepun,6292
mathlads,6293
bareknucklecagefight,6294
herosystem,6295
unexpectedlylebowski,6296
twicegreatskysquids,6297
backwardsbb,6298
competitionzero,6298
tdhungergames,6298
tdidolisland,6298
tdinteractive,6298
tdrankdown,6298
tdresistance,6298
tdrhub,6298
thedarkestdrama,6298
totaldrama,6298
totaldramabigbrother,6298
totaldramacaptions,6298
totaldramamansion,6298
totaldramamusic,6298
totaldramaparty,6298
totaldramaroleplay,6298
totaldramaroleplay2,6298
totaldramathegameshow,6298
totaldramatimetravel,6298
totaldramauniverse,6298
totaldramawerewolf,6298
mmadadjokes,6299
alfranken2020,6300
thesnakereport,6301
kleingarten,6302
the_count_olaf,6303
hxh_oc,6304
guelphgamers,6305
orsa,6305
argenpool,6306
ubccsss,6307
bathtimegw,6308
subredditchallengegw,6308
karliekloss,6309
redlingerie,6309
sagathegame,6310
luegenpresse,6311
bestjokeev,6312
shitty_fixingmovies,6313
spacephysics,6314
virtualphotography,6315
wholesomeouija,6316
jdm2017,6317
universeishere,6318
handsomedevl,6319
shittyparagon,6320
imagesofgeorgia,6321
tightsandtightclothes,6322
totaldramatheroleplay,6323
glockmod,6324
artmaniacsblog,6325
casting_couch,6326
dresses,6327
girls_dresses,6327
subcobra,6328
subrosa,6328
cardwars,6329
cardwarstcg,6329
xcessive_ent,6330
combatarms,6331
notepad,6332
gravesmains,6333
nccourage,6334
truespotify,6335
maogame,6336
maogamemeta,6336
hongkongmusic,6337
praisebob,6338
pewdiepoe,6339
entpmusic,6340
aba,6341
grandmaspantry,6342
asiaironically,6343
chicago_meetup,6344
gifcest,6345
esctournament,6346
zork,6347
shittydataisbeautiful,6348
oldschoolph,6349
me_irl_gaming,6350
imc_irl,6351
carhelp,6352
cashinginwithtjmiller,6353
avegant,6354
kodivpn,6355
cowwapse,6356
promogaming,6357
fiasco,6358
dogoy,6359
teenswithlessmemes,6359
switchcollecting,6360
thumbing,6361
bgccjdiscussion,6362
cancerous,6363
athleticomince,6364
lawr11,6365
clustertruck,6366
gotland,6367
wearenumberone,6368
starvingartist,6369
starvingartists,6369
theydidthemeth,6370
funkyhuawei,6371
mate9,6371
ringdoorbell,6372
peta,6373
towerporn,6374
insecuritea,6375
trappist1,6376
wholesomeoverwatch,6377
gloveandboots,6378
hqgstudios,6378
the_sturgeon,6379
modelplanes,6380
scalemodels,6380
animationthrowdown,6381
thehairbearbunch,6381
getready2rumble,6382
firefoxos,6383
fx0,6383
dfw_scala_enthusiasts,6384
legendsmemes,6385
legalteensxxx,6386
dogswithjobs,6387
bigchiefmason,6388
ratemysong,6389
roborecall,6390
beograd,6391
easterneurope,6391
koper,6391
ljubljana,6391
maribor,6391
sevnica,6391
sloveniapics,6391
slovenija,6391
the_melania,6391
amber_rose,6392
therareones,6392
brownladies,6393
loggingsurfing,6394
kia,6395
whatisit,6395
metagamingcirclejerk,6396
monzo,6397
prematurecelebrations,6398
whitetgirls,6399
domybest,6400
kefir,6401
mediacriticism,6402
paradoxpoke,6403
phantomforcespooposts,6403
lsc,6404
otmemes,6405
gallowboob_is_a_cunt,6406
zerofucksgiven,6407
blacksmiths,6408
savage_memes,6409
too_savage,6409
wholesomenrl,6410
bazett,6411
au5_,6412
dogecoinfah,6413
mysubredditizaru,6414
retrovxjunkies,6415
the_iowa,6416
demohoi4,6417
demohoi4legislature,6418
traderfeedback,6419
apathy,6420
loltylerone,6421
rule34pinups,6422
no_fap,6423
sexhookups,6423
pentesting,6424
luna,6425
princessluna,6425
fruitninja,6426
machete,6426
bitcoinlightning,6427
alliterasie,6428
ecobis,6428
takotuesday,6429
psoverwatch,6430
screwattack,6431
fansofriverdale,6432
riverdale,6432
australianflagchange,6433
appletrigger,6434
her1stbbc,6435
mildlybutthole,6436
shittysunsets,6437
che_pujara,6438
porn_star_suggestions,6439
pornpedia,6439
bethstern,6440
mildlyhitler,6441
amateurvideos,6442
lostmedia,6443
bigdickgirl,6444
ladyboys,6444
mtgstorm,6445
steinbeck,6446
fatpassdenied,6447
megturney2,6448
roosterteethstarlets,6448
periscopes,6449
abductions,6450
alienabduction,6451
iamverycountry,6452
strings,6453
suspension,6453
wrongreddit,6453
nsfw_games,6454
thegamecave,6454
techtales,6455
atheistgods,6456
win10_ui,6457
captioncontest,6458
trumptruck,6458
femdommatriarchy,6459
yorkisland,6459
linuxhelp,6460
parrotsecurity,6460
thejp_,6461
colors,6462
toohottobetrashy,6463
wornoutoldbikerchicks,6463
ucr,6464
ucriv,6465
praise_cfcgtyk,6466
femmit,6467
culinaryhistory,6468
simulationtheory,6469
planescape,6470
diecastcollectors,6471
abetterinternet,6472
dashmemes,6473
evalovia,6474
hamcasters,6475
aquariummemes,6476
kingdomsponge,6477
animelegs,6478
nscollectors,6479
dailypornvideos,6480
keishagrey,6480
pouts,6481
vigne,6481
intrexa,6482
dagandred,6483
whitewashing,6484
digitalreviewed,6485
optionnavigator,6485
reclaimingcivics,6486
scorpions,6487
clathrategun,6488
realtimestrategy_zh,6489
averageretardredditor,6490
gitlab,6491
fakeandgay,6492
kennethmejia,6493
redpillcirclejerk,6494
hentaicaptions,6495
russialago,6496
itparade,6497
ottoman,6498
catsvideos,6499
mazda6,6500
t_hip,6501
eaglerock,6502
feilding,6503
marton,6503
mildlyirritating,6504
hpanerf,6505
circlebroke420,6506
surprisepodracing,6507
nsfwoddlysatisfying,6508
threetimesfaster,6509
acornarchimedes,6510
cocacolacollectors,6511
thesubsampler,6512
mtvchallenge,6513
mtvstranded,6513
vapenaysh,6514
wholesomecommiememes,6515
tgirl_self_suck,6516
thefamilytrap,6516
onstagegw,6517
pizzagateawareness,6518
spideypool,6519
cloudatlas,6520
wingsuiting,6521
colconxpx,6522
comandarr,6523
lidarr,6523
radarr,6523
rmcmeanstreak,6524
surffishing,6525
the_donald_texas,6526
unexpectedben10,6527
teamkenny,6528
fifthreich,6529
aftertheendrpg,6530
redplace,6531
rainbows,6532
totaldramahorror,6533
imfinehaha,6534
theashesofanempire,6535
truehooptv,6536
electriclongboards,6537
traitortownroblox,6538
antibrony,6539
redditusernames,6540
usernames,6540
satania,6541
houndstooth,6542
sloensko,6543
celebritytributes,6544
placemeta,6545
boldandbrash,6546
copixelate,6547
placecanada,6548
purplelattice,6549
hoodr,6550
bwoah,6551
blackdickswhitechicks,6552
blonde,6552
tau,6553
markyjoe,6554
reversecowgirl,6555
epublica,6556
thecubeplace,6556
discord_bots,6557
discordservers,6557
avoarmy,6558
furby,6559
csr2fanbase,6560
csrracing2,6561
spacexcasual,6562
b1yomwbiho,6563
lowlevelkarma,6564
716place,6565
originalsix_place,6565
blacktrans,6566
edditworldcongress,6567
actualcringeanarchy,6568
funkyideas,6569
politicalcomics,6570
laputa,6571
trump_jokes,6572
phcirclejerk,6573
starryknights,6574
rainyshitting,6575
hellkorea,6576
placewaldo,6577
aboutcatsstandingup,6578
demonoid,6579
demonoidp2p,6579
smftampa2017,6580
sunsetmusicfestival,6580
lickingdick,6581
kindnesschain,6582
christients,6583
nwmi,6584
deeeepioartworks,6585
bobross,6586
flightless,6587
veganita,6588
groupofnudegirls,6589
porngames,6590
elementalcombat,6591
aipom,6592
whatilistento,6593
girlfriendsfeet,6594
letterpress,6595
batproject,6596
earnbitcoin,6597
lifepuppertips,6598
bolingbrook,6599
jessicanigri2,6600
sexyvelma,6600
siegeacademy,6601
realrepublicans,6602
mumfordandsons,6603
shittyfacebookmemes,6604
altright_online,6605
whatisthiscar,6606
haleyryder,6607
hot_women_gifs,6608
weaverdice,6609
accidentalportals,6610
yammilitary,6611
yasa,6611
ufc210,6612
ufc210corand,6612
eromangasensei,6613
sportsanalytics,6614
volleyballnerds,6615
secret_world_legends,6616
secretworldlegends,6617
letstalktrump,6618
starseeds,6619
anarchistpodcasts,6620
leftcoast,6620
atmosphericdnb,6621
aviaryfilms,6622
fivenightsatsuccys,6623
grimoireofzero,6624
shi,6625
unitedbeatsdoctors,6626
eclectic_playlists,6627
obamalies,6628
medical_students,6629
faq,6630
legomarvelsuperheroes,6631
ilustrado,6632
artgallery,6633
paintings,6634
usa_irl,6635
unexpectedscp,6636
laceychabert,6637
radicalfitness,6638
the_bogdanoff,6639
aaero,6640
switchfgc,6641
autoclassic,6642
chevroletchevelle,6642
wdtbg,6643
wheredidthebodygo,6643
trognet,6644
maturebeauty,6645
hongkongstrong,6646
innsbruck,6647
andrewbird,6648
amazingteens,6649
cumonbraces,6650
behindthelpt,6651
redpillnonmonogamy,6652
clarababylegs,6653
turt_irl,6654
turtlesbeingvessels,6654
asmrbackups,6655
tamilmovies,6656
apphookupios,6657
remitano,6658
tumblrtheme,6659
thenamelesspussy,6660
tabletopgames,6661
expectedlysatisfying,6662
naturerecording,6663
belikebro,6664
mmaww,6665
sexymma,6665
gaston_parodies,6666
tefl_esl_scams,6667
toefl_in_china,6668
f13thfranchise,6669
facultyofhorror,6670
easternaesthetics,6671
incestpregnancy,6672
ancient4chan,6673
deschutes,6674
rangeraragorn,6675
gamersrva,6676
cantunsee,6677
phonesarebad,6678
dorianmancers,6679
talesfromadultstores,6680
undertalefakeads,6681
chinascamcentral,6682
generals,6683
nightowls,6684
marinesalvage,6685
cryptonomics,6686
pixelcanvas,6687
getracker,6688
beyondgoodandevil,6689
ourworldofpixels,6690
legacyrealms,6691
giabeast,6692
2cbreathe,6693
shinobicctv,6694
zm2,6694
zoneminder,6694
zoneminder2,6694
kings_raid,6695
kingsraid_en,6695
pubg,6696
xsplit,6697
xsplitofficial,6697
womenofmarvel,6698
ciscouc,6699
accidentalnatureart,6700
megagamer,6701
riseofagon,6702
laptopgaming,6703
foolcraft,6704
espionage,6705
saltstack,6706
needsmorejpeg,6707
goog,6708
christinepellegrino,6709
rvc,6710
landroverphotos,6711
093game,6712
puresteeze,6713
steezymusic,6714
hudsoncounty,6715
northbergen,6715
internet_security,6716
couples,6717
relationshipproblems,6718
awoo,6719
thewestrecords,6720
cloning,6721
cables,6722
minecraft_mods,6723
misleadingcaptions,6724
payday_2,6725
goetiagame,6726
particl,6727
particltrader,6727
godfound,6728
battlenet,6729
memejam,6730
wyattpoopypants,6731
inhabit,6732
blacknewworldorder,6733
blackworldorder,6733
hotcheese,6734
corgibebop,6735
doghate,6735
pony_irl,6736
the_macron,6737
smiterants,6738
pcmrbots,6739
billnyesucks,6740
brianeno,6741
whenthepennydrops,6742
batteryanalysis,6743
futureislands,6744
pcsdp,6745
fuckgary,6746
screensaver,6747
screensavers,6747
nlpinmedia,6748
bbas,6749
nasdanq,6750
thelastkingdom,6751
gudjokes,6752
sciencenerds,6753
james,6754
liam,6754
tokkiefeesboek,6755
snacking,6756
rollingloudfestival,6757
cemupiracy,6758
catsthegame,6759
pennydreadfulmtg,6760
mrvalor,6761
drachen,6762
ashes_of_creation,6763
ashesofcreation,6763
pmdcommunityprojects,6764
spiritualism,6765
suwanee,6766
wls,6767
gendertransformation,6768
commodities,6769
foilpeels,6770
unexpectedonewordeach,6771
pornvideosfree,6772
tiny4k_porn,6772
chefknifeswap,6773
modelbrookings,6774
stolenidentity,6775
merlinbbc,6776
watchtrumpettescry,6777
daddyskittens,6778
stufftosendtokristen,6779
clamclient,6780
cutco,6781
pendragon,6782
livepolicechases,6783
wanhaoi3,6784
thecivilservice,6785
6a6k,6786
6a6kslavery,6786
sqlite,6787
modernbug,6788
sailboats,6789
oddeye,6790
jacetherantman,6791
seriousvr,6792
virtualclassroom,6792
dankmemesfromsite19,6793
noshitouija,6794
ouija_irl,6794
